npm 12.0.2 / Node 26 pack compatibility	UNKNOWN STEP	﻿2026-10-05T00:39:38.3771022Z Current runner version: '2.337.0'
npm 12.0.2 / Node 26 pack compatibility	UNKNOWN STEP	2026-10-05T00:39:38.3791674Z ##[group]Runner Image Provisioner
npm 12.0.2 / Node 26 pack compatibility	UNKNOWN STEP	2026-10-05T00:39:38.3792413Z Hosted Compute Agent
npm 12.0.2 / Node 26 pack compatibility	UNKNOWN STEP	2026-10-05T00:39:38.3792907Z Version: 20260901.588
npm 12.0.2 / Node 26 pack compatibility	UNKNOWN STEP	2026-10-05T00:39:38.3793413Z Commit: f88ec8081b781fac6c440065ac7ff9e710ce3d0b
npm 12.0.2 / Node 26 pack compatibility	UNKNOWN STEP	2026-10-05T00:39:38.3794104Z Build Date: 2026-09-01T19:56:44Z
npm 12.0.2 / Node 26 pack compatibility	UNKNOWN STEP	2026-10-05T00:39:38.3794696Z Worker ID: {7b3e54a8-f426-43ef-bf32-53c0e0404abf}
npm 12.0.2 / Node 26 pack compatibility	UNKNOWN STEP	2026-10-05T00:39:38.3795344Z Azure Region: northcentralus
npm 12.0.2 / Node 26 pack compatibility	UNKNOWN STEP	2026-10-05T00:39:38.3795855Z ##[endgroup]
npm 12.0.2 / Node 26 pack compatibility	UNKNOWN STEP	2026-10-05T00:39:38.3797257Z ##[group]Operating System
npm 12.0.2 / Node 26 pack compatibility	UNKNOWN STEP	2026-10-05T00:39:38.3797871Z Ubuntu
npm 12.0.2 / Node 26 pack compatibility	UNKNOWN STEP	2026-10-05T00:39:38.3798332Z 24.04.5
npm 12.0.2 / Node 26 pack compatibility	UNKNOWN STEP	2026-10-05T00:39:38.3798791Z LTS
npm 12.0.2 / Node 26 pack compatibility	UNKNOWN STEP	2026-10-05T00:39:38.3799235Z ##[endgroup]
npm 12.0.2 / Node 26 pack compatibility	UNKNOWN STEP	2026-10-05T00:39:38.3799713Z ##[group]Runner Image
npm 12.0.2 / Node 26 pack compatibility	UNKNOWN STEP	2026-10-05T00:39:38.3800299Z Image: ubuntu-24.04
npm 12.0.2 / Node 26 pack compatibility	UNKNOWN STEP	2026-10-05T00:39:38.3800797Z Version: 20260927.320.1
npm 12.0.2 / Node 26 pack compatibility	UNKNOWN STEP	2026-10-05T00:39:38.3801874Z Included Software: https://github.com/actions/runner-images/blob/ubuntu24/20260927.320/images/ubuntu/Ubuntu2404-Readme.md
npm 12.0.2 / Node 26 pack compatibility	UNKNOWN STEP	2026-10-05T00:39:38.3803091Z Image Release: https://github.com/actions/runner-images/releases/tag/ubuntu24%2F20260927.320
npm 12.0.2 / Node 26 pack compatibility	UNKNOWN STEP	2026-10-05T00:39:38.3803962Z ##[endgroup]
npm 12.0.2 / Node 26 pack compatibility	UNKNOWN STEP	2026-10-05T00:39:38.3804868Z ##[group]GITHUB_TOKEN Permissions
npm 12.0.2 / Node 26 pack compatibility	UNKNOWN STEP	2026-10-05T00:39:38.3806871Z Contents: read
npm 12.0.2 / Node 26 pack compatibility	UNKNOWN STEP	2026-10-05T00:39:38.3807368Z Metadata: read
npm 12.0.2 / Node 26 pack compatibility	UNKNOWN STEP	2026-10-05T00:39:38.3807913Z ##[endgroup]
npm 12.0.2 / Node 26 pack compatibility	UNKNOWN STEP	2026-10-05T00:39:38.3809898Z Secret source: Actions
npm 12.0.2 / Node 26 pack compatibility	UNKNOWN STEP	2026-10-05T00:39:38.3810785Z Cache mode: write
npm 12.0.2 / Node 26 pack compatibility	UNKNOWN STEP	2026-10-05T00:39:38.3811553Z Prepare workflow directory
npm 12.0.2 / Node 26 pack compatibility	UNKNOWN STEP	2026-10-05T00:39:38.4231831Z Prepare all required actions
npm 12.0.2 / Node 26 pack compatibility	UNKNOWN STEP	2026-10-05T00:39:38.4271250Z Getting action download info
npm 12.0.2 / Node 26 pack compatibility	UNKNOWN STEP	2026-10-05T00:39:38.6511912Z Download action repository 'actions/checkout@v5' (SHA:fbc6f3992d24b796d5a048ff273f7fcc4a7b6c09)
npm 12.0.2 / Node 26 pack compatibility	UNKNOWN STEP	2026-10-05T00:39:38.7573468Z Download action repository 'actions/setup-node@v5' (SHA:a0853c24544627f65ddf259abe73b1d18a591444)
npm 12.0.2 / Node 26 pack compatibility	UNKNOWN STEP	2026-10-05T00:39:39.0197911Z Complete job name: npm 12.0.2 / Node 26 pack compatibility
npm 12.0.2 / Node 26 pack compatibility	UNKNOWN STEP	2026-10-05T00:39:39.0748112Z ##[group]Run actions/checkout@v5
npm 12.0.2 / Node 26 pack compatibility	UNKNOWN STEP	2026-10-05T00:39:39.0748779Z with:
npm 12.0.2 / Node 26 pack compatibility	UNKNOWN STEP	2026-10-05T00:39:39.0749149Z   repository: kburson/ai-task-manager
npm 12.0.2 / Node 26 pack compatibility	UNKNOWN STEP	2026-10-05T00:39:39.0752482Z   token: ***
npm 12.0.2 / Node 26 pack compatibility	UNKNOWN STEP	2026-10-05T00:39:39.0752825Z   ssh-strict: true
npm 12.0.2 / Node 26 pack compatibility	UNKNOWN STEP	2026-10-05T00:39:39.0753173Z   ssh-user: git
npm 12.0.2 / Node 26 pack compatibility	UNKNOWN STEP	2026-10-05T00:39:39.0753531Z   persist-credentials: true
npm 12.0.2 / Node 26 pack compatibility	UNKNOWN STEP	2026-10-05T00:39:39.0753911Z   clean: true
npm 12.0.2 / Node 26 pack compatibility	UNKNOWN STEP	2026-10-05T00:39:39.0754269Z   sparse-checkout-cone-mode: true
npm 12.0.2 / Node 26 pack compatibility	UNKNOWN STEP	2026-10-05T00:39:39.0754679Z   fetch-depth: 1
npm 12.0.2 / Node 26 pack compatibility	UNKNOWN STEP	2026-10-05T00:39:39.0755015Z   fetch-tags: false
npm 12.0.2 / Node 26 pack compatibility	UNKNOWN STEP	2026-10-05T00:39:39.0755364Z   show-progress: true
npm 12.0.2 / Node 26 pack compatibility	UNKNOWN STEP	2026-10-05T00:39:39.0755718Z   lfs: false
npm 12.0.2 / Node 26 pack compatibility	UNKNOWN STEP	2026-10-05T00:39:39.0756230Z   submodules: false
npm 12.0.2 / Node 26 pack compatibility	UNKNOWN STEP	2026-10-05T00:39:39.0756590Z   set-safe-directory: true
npm 12.0.2 / Node 26 pack compatibility	UNKNOWN STEP	2026-10-05T00:39:39.0756999Z   allow-unsafe-pr-checkout: false
npm 12.0.2 / Node 26 pack compatibility	UNKNOWN STEP	2026-10-05T00:39:39.0757557Z env:
npm 12.0.2 / Node 26 pack compatibility	UNKNOWN STEP	2026-10-05T00:39:39.0757962Z   AITM_SOURCE_HEAD: 112988f8e68b59ac3080e775ad97c5507f263eb8
npm 12.0.2 / Node 26 pack compatibility	UNKNOWN STEP	2026-10-05T00:39:39.0758469Z   GIT_AUTHOR_NAME: kendrick burson
npm 12.0.2 / Node 26 pack compatibility	UNKNOWN STEP	2026-10-05T00:39:39.0758932Z   GIT_AUTHOR_EMAIL: kpburson@pm.me
npm 12.0.2 / Node 26 pack compatibility	UNKNOWN STEP	2026-10-05T00:39:39.0759369Z   GIT_COMMITTER_NAME: kendrick burson
npm 12.0.2 / Node 26 pack compatibility	UNKNOWN STEP	2026-10-05T00:39:39.0759804Z   GIT_COMMITTER_EMAIL: kpburson@pm.me
npm 12.0.2 / Node 26 pack compatibility	UNKNOWN STEP	2026-10-05T00:39:39.0760216Z ##[endgroup]
npm 12.0.2 / Node 26 pack compatibility	UNKNOWN STEP	2026-10-05T00:39:39.1568305Z Syncing repository: kburson/ai-task-manager
npm 12.0.2 / Node 26 pack compatibility	UNKNOWN STEP	2026-10-05T00:39:39.1569955Z ##[group]Getting Git version info
npm 12.0.2 / Node 26 pack compatibility	UNKNOWN STEP	2026-10-05T00:39:39.1570585Z Working directory is '/home/runner/work/ai-task-manager/ai-task-manager'
npm 12.0.2 / Node 26 pack compatibility	UNKNOWN STEP	2026-10-05T00:39:39.1571440Z [command]/usr/bin/git version
npm 12.0.2 / Node 26 pack compatibility	UNKNOWN STEP	2026-10-05T00:39:39.1624007Z git version 2.55.0
npm 12.0.2 / Node 26 pack compatibility	UNKNOWN STEP	2026-10-05T00:39:39.1641212Z ##[endgroup]
npm 12.0.2 / Node 26 pack compatibility	UNKNOWN STEP	2026-10-05T00:39:39.1654890Z Temporarily overriding HOME='/home/runner/work/_temp/9befba5c-20a3-44ec-ab25-ba0d65207ae8' before making global git config changes
npm 12.0.2 / Node 26 pack compatibility	UNKNOWN STEP	2026-10-05T00:39:39.1656865Z Adding repository directory to the temporary git global config as a safe directory
npm 12.0.2 / Node 26 pack compatibility	UNKNOWN STEP	2026-10-05T00:39:39.1660490Z [command]/usr/bin/git config --global --add safe.directory /home/runner/work/ai-task-manager/ai-task-manager
npm 12.0.2 / Node 26 pack compatibility	UNKNOWN STEP	2026-10-05T00:39:39.1714980Z Deleting the contents of '/home/runner/work/ai-task-manager/ai-task-manager'
npm 12.0.2 / Node 26 pack compatibility	UNKNOWN STEP	2026-10-05T00:39:39.1719808Z ##[group]Initializing the repository
npm 12.0.2 / Node 26 pack compatibility	UNKNOWN STEP	2026-10-05T00:39:39.1724059Z [command]/usr/bin/git init /home/runner/work/ai-task-manager/ai-task-manager
npm 12.0.2 / Node 26 pack compatibility	UNKNOWN STEP	2026-10-05T00:39:39.1800431Z hint: Using 'master' as the name for the initial branch. This default branch name
npm 12.0.2 / Node 26 pack compatibility	UNKNOWN STEP	2026-10-05T00:39:39.1801913Z hint: will change to "main" in Git 3.0. To configure the initial branch name
npm 12.0.2 / Node 26 pack compatibility	UNKNOWN STEP	2026-10-05T00:39:39.1803228Z hint: to use in all of your new repositories, which will suppress this warning,
npm 12.0.2 / Node 26 pack compatibility	UNKNOWN STEP	2026-10-05T00:39:39.1804165Z hint: call:
npm 12.0.2 / Node 26 pack compatibility	UNKNOWN STEP	2026-10-05T00:39:39.1804848Z hint:
npm 12.0.2 / Node 26 pack compatibility	UNKNOWN STEP	2026-10-05T00:39:39.1805411Z hint: 	git config --global init.defaultBranch <name>
npm 12.0.2 / Node 26 pack compatibility	UNKNOWN STEP	2026-10-05T00:39:39.1806194Z hint:
npm 12.0.2 / Node 26 pack compatibility	UNKNOWN STEP	2026-10-05T00:39:39.1806834Z hint: Names commonly chosen instead of 'master' are 'main', 'trunk' and
npm 12.0.2 / Node 26 pack compatibility	UNKNOWN STEP	2026-10-05T00:39:39.1807684Z hint: 'development'. The just-created branch can be renamed via this command:
npm 12.0.2 / Node 26 pack compatibility	UNKNOWN STEP	2026-10-05T00:39:39.1808421Z hint:
npm 12.0.2 / Node 26 pack compatibility	UNKNOWN STEP	2026-10-05T00:39:39.1808881Z hint: 	git branch -m <name>
npm 12.0.2 / Node 26 pack compatibility	UNKNOWN STEP	2026-10-05T00:39:39.1809385Z hint:
npm 12.0.2 / Node 26 pack compatibility	UNKNOWN STEP	2026-10-05T00:39:39.1810105Z hint: Disable this message with "git config set advice.defaultBranchName false"
npm 12.0.2 / Node 26 pack compatibility	UNKNOWN STEP	2026-10-05T00:39:39.1811269Z Initialized empty Git repository in /home/runner/work/ai-task-manager/ai-task-manager/.git/
npm 12.0.2 / Node 26 pack compatibility	UNKNOWN STEP	2026-10-05T00:39:39.1813084Z [command]/usr/bin/git remote add origin https://github.com/kburson/ai-task-manager
npm 12.0.2 / Node 26 pack compatibility	UNKNOWN STEP	2026-10-05T00:39:39.1853709Z ##[endgroup]
npm 12.0.2 / Node 26 pack compatibility	UNKNOWN STEP	2026-10-05T00:39:39.1854612Z ##[group]Disabling automatic garbage collection
npm 12.0.2 / Node 26 pack compatibility	UNKNOWN STEP	2026-10-05T00:39:39.1856926Z [command]/usr/bin/git config --local gc.auto 0
npm 12.0.2 / Node 26 pack compatibility	UNKNOWN STEP	2026-10-05T00:39:39.1889694Z ##[endgroup]
npm 12.0.2 / Node 26 pack compatibility	UNKNOWN STEP	2026-10-05T00:39:39.1890623Z ##[group]Setting up auth
npm 12.0.2 / Node 26 pack compatibility	UNKNOWN STEP	2026-10-05T00:39:39.1895765Z [command]/usr/bin/git config --local --name-only --get-regexp core\.sshCommand
npm 12.0.2 / Node 26 pack compatibility	UNKNOWN STEP	2026-10-05T00:39:39.1922826Z [command]/usr/bin/git submodule foreach --recursive sh -c "git config --local --name-only --get-regexp 'core\.sshCommand' && git config --local --unset-all 'core.sshCommand' || :"
npm 12.0.2 / Node 26 pack compatibility	UNKNOWN STEP	2026-10-05T00:39:39.2218551Z [command]/usr/bin/git config --local --name-only --get-regexp http\.https\:\/\/github\.com\/\.extraheader
npm 12.0.2 / Node 26 pack compatibility	UNKNOWN STEP	2026-10-05T00:39:39.2250255Z [command]/usr/bin/git submodule foreach --recursive sh -c "git config --local --name-only --get-regexp 'http\.https\:\/\/github\.com\/\.extraheader' && git config --local --unset-all 'http.https://github.com/.extraheader' || :"
npm 12.0.2 / Node 26 pack compatibility	UNKNOWN STEP	2026-10-05T00:39:39.2455873Z [command]/usr/bin/git config --local --name-only --get-regexp ^includeIf\.gitdir:
npm 12.0.2 / Node 26 pack compatibility	UNKNOWN STEP	2026-10-05T00:39:39.2487588Z [command]/usr/bin/git submodule foreach --recursive git config --local --show-origin --name-only --get-regexp remote.origin.url
npm 12.0.2 / Node 26 pack compatibility	UNKNOWN STEP	2026-10-05T00:39:39.2678505Z [command]/usr/bin/git config --local http.https://github.com/.extraheader AUTHORIZATION: basic ***
npm 12.0.2 / Node 26 pack compatibility	UNKNOWN STEP	2026-10-05T00:39:39.2715321Z ##[endgroup]
npm 12.0.2 / Node 26 pack compatibility	UNKNOWN STEP	2026-10-05T00:39:39.2716100Z ##[group]Fetching the repository
npm 12.0.2 / Node 26 pack compatibility	UNKNOWN STEP	2026-10-05T00:39:39.2722857Z [command]/usr/bin/git -c protocol.version=2 fetch --no-tags --prune --no-recurse-submodules --depth=1 origin +f1770de1711c11a99d59fac064b43cc7ab17cc6c:refs/remotes/pull/1886/merge
npm 12.0.2 / Node 26 pack compatibility	UNKNOWN STEP	2026-10-05T00:39:40.8042926Z From https://github.com/kburson/ai-task-manager
npm 12.0.2 / Node 26 pack compatibility	UNKNOWN STEP	2026-10-05T00:39:40.8044498Z  * [new ref]         f1770de1711c11a99d59fac064b43cc7ab17cc6c -> pull/1886/merge
npm 12.0.2 / Node 26 pack compatibility	UNKNOWN STEP	2026-10-05T00:39:40.8049388Z ##[endgroup]
npm 12.0.2 / Node 26 pack compatibility	UNKNOWN STEP	2026-10-05T00:39:40.8050440Z ##[group]Determining the checkout info
npm 12.0.2 / Node 26 pack compatibility	UNKNOWN STEP	2026-10-05T00:39:40.8051526Z ##[endgroup]
npm 12.0.2 / Node 26 pack compatibility	UNKNOWN STEP	2026-10-05T00:39:40.8053132Z [command]/usr/bin/git sparse-checkout disable
npm 12.0.2 / Node 26 pack compatibility	UNKNOWN STEP	2026-10-05T00:39:40.8099199Z [command]/usr/bin/git config --local --unset-all extensions.worktreeConfig
npm 12.0.2 / Node 26 pack compatibility	UNKNOWN STEP	2026-10-05T00:39:40.8128136Z ##[group]Checking out the ref
npm 12.0.2 / Node 26 pack compatibility	UNKNOWN STEP	2026-10-05T00:39:40.8130447Z [command]/usr/bin/git checkout --progress --force refs/remotes/pull/1886/merge
npm 12.0.2 / Node 26 pack compatibility	UNKNOWN STEP	2026-10-05T00:39:41.0527546Z Note: switching to 'refs/remotes/pull/1886/merge'.
npm 12.0.2 / Node 26 pack compatibility	UNKNOWN STEP	2026-10-05T00:39:41.0528368Z 
npm 12.0.2 / Node 26 pack compatibility	UNKNOWN STEP	2026-10-05T00:39:41.0528606Z You are in 'detached HEAD' state. You can look around, make experimental
npm 12.0.2 / Node 26 pack compatibility	UNKNOWN STEP	2026-10-05T00:39:41.0529128Z changes and commit them, and you can discard any commits you make in this
npm 12.0.2 / Node 26 pack compatibility	UNKNOWN STEP	2026-10-05T00:39:41.0529843Z state without impacting any branches by switching back to a branch.
npm 12.0.2 / Node 26 pack compatibility	UNKNOWN STEP	2026-10-05T00:39:41.0530395Z 
npm 12.0.2 / Node 26 pack compatibility	UNKNOWN STEP	2026-10-05T00:39:41.0530920Z If you want to create a new branch to retain commits you create, you may
npm 12.0.2 / Node 26 pack compatibility	UNKNOWN STEP	2026-10-05T00:39:41.0531540Z do so (now or later) by using -c with the switch command. Example:
npm 12.0.2 / Node 26 pack compatibility	UNKNOWN STEP	2026-10-05T00:39:41.0531806Z 
npm 12.0.2 / Node 26 pack compatibility	UNKNOWN STEP	2026-10-05T00:39:41.0531925Z   git switch -c <new-branch-name>
npm 12.0.2 / Node 26 pack compatibility	UNKNOWN STEP	2026-10-05T00:39:41.0532088Z 
npm 12.0.2 / Node 26 pack compatibility	UNKNOWN STEP	2026-10-05T00:39:41.0532206Z Or undo this operation with:
npm 12.0.2 / Node 26 pack compatibility	UNKNOWN STEP	2026-10-05T00:39:41.0532358Z 
npm 12.0.2 / Node 26 pack compatibility	UNKNOWN STEP	2026-10-05T00:39:41.0532458Z   git switch -
npm 12.0.2 / Node 26 pack compatibility	UNKNOWN STEP	2026-10-05T00:39:41.0532605Z 
npm 12.0.2 / Node 26 pack compatibility	UNKNOWN STEP	2026-10-05T00:39:41.0532829Z Turn off this advice by setting config variable advice.detachedHead to false
npm 12.0.2 / Node 26 pack compatibility	UNKNOWN STEP	2026-10-05T00:39:41.0533085Z 
npm 12.0.2 / Node 26 pack compatibility	UNKNOWN STEP	2026-10-05T00:39:41.0533374Z HEAD is now at f1770de Merge 112988f8e68b59ac3080e775ad97c5507f263eb8 into 24f8b2ab322a59a4caed027f93170ea699e5478f
npm 12.0.2 / Node 26 pack compatibility	UNKNOWN STEP	2026-10-05T00:39:41.0540346Z ##[endgroup]
npm 12.0.2 / Node 26 pack compatibility	UNKNOWN STEP	2026-10-05T00:39:41.0580695Z [command]/usr/bin/git log -1 --format=%H
npm 12.0.2 / Node 26 pack compatibility	UNKNOWN STEP	2026-10-05T00:39:41.0604183Z f1770de1711c11a99d59fac064b43cc7ab17cc6c
npm 12.0.2 / Node 26 pack compatibility	UNKNOWN STEP	2026-10-05T00:39:41.0894962Z ##[group]Run actions/setup-node@v5
npm 12.0.2 / Node 26 pack compatibility	UNKNOWN STEP	2026-10-05T00:39:41.0895411Z with:
npm 12.0.2 / Node 26 pack compatibility	UNKNOWN STEP	2026-10-05T00:39:41.0895702Z   node-version: 26
npm 12.0.2 / Node 26 pack compatibility	UNKNOWN STEP	2026-10-05T00:39:41.0896162Z   cache: npm
npm 12.0.2 / Node 26 pack compatibility	UNKNOWN STEP	2026-10-05T00:39:41.0896453Z   always-auth: false
npm 12.0.2 / Node 26 pack compatibility	UNKNOWN STEP	2026-10-05T00:39:41.0896768Z   check-latest: false
npm 12.0.2 / Node 26 pack compatibility	UNKNOWN STEP	2026-10-05T00:39:41.0901015Z   token: ***
npm 12.0.2 / Node 26 pack compatibility	UNKNOWN STEP	2026-10-05T00:39:41.0901424Z   package-manager-cache: true
npm 12.0.2 / Node 26 pack compatibility	UNKNOWN STEP	2026-10-05T00:39:41.0901763Z env:
npm 12.0.2 / Node 26 pack compatibility	UNKNOWN STEP	2026-10-05T00:39:41.0902117Z   AITM_SOURCE_HEAD: 112988f8e68b59ac3080e775ad97c5507f263eb8
npm 12.0.2 / Node 26 pack compatibility	UNKNOWN STEP	2026-10-05T00:39:41.0902490Z   GIT_AUTHOR_NAME: kendrick burson
npm 12.0.2 / Node 26 pack compatibility	UNKNOWN STEP	2026-10-05T00:39:41.0902735Z   GIT_AUTHOR_EMAIL: kpburson@pm.me
npm 12.0.2 / Node 26 pack compatibility	UNKNOWN STEP	2026-10-05T00:39:41.0902981Z   GIT_COMMITTER_NAME: kendrick burson
npm 12.0.2 / Node 26 pack compatibility	UNKNOWN STEP	2026-10-05T00:39:41.0903242Z   GIT_COMMITTER_EMAIL: kpburson@pm.me
npm 12.0.2 / Node 26 pack compatibility	UNKNOWN STEP	2026-10-05T00:39:41.0903480Z ##[endgroup]
npm 12.0.2 / Node 26 pack compatibility	UNKNOWN STEP	2026-10-05T00:39:41.2086767Z Attempting to download 26...
npm 12.0.2 / Node 26 pack compatibility	UNKNOWN STEP	2026-10-05T00:39:41.2170794Z (node:2137) [DEP0040] DeprecationWarning: The `punycode` module is deprecated. Please use a userland alternative instead.
npm 12.0.2 / Node 26 pack compatibility	UNKNOWN STEP	2026-10-05T00:39:41.2171567Z (Use `node --trace-deprecation ...` to show where the warning was created)
npm 12.0.2 / Node 26 pack compatibility	UNKNOWN STEP	2026-10-05T00:39:41.8471366Z Acquiring 26.10.0 - x64 from https://github.com/actions/node-versions/releases/download/26.10.0-35737674515/node-26.10.0-linux-x64.tar.gz
npm 12.0.2 / Node 26 pack compatibility	UNKNOWN STEP	2026-10-05T00:39:42.2165540Z Extracting ...
npm 12.0.2 / Node 26 pack compatibility	UNKNOWN STEP	2026-10-05T00:39:42.2257982Z [command]/usr/bin/tar xz --strip 1 --warning=no-unknown-keyword --overwrite -C /home/runner/work/_temp/1e4a3c17-ac0c-4563-9f6a-1da5a15120e1 -f /home/runner/work/_temp/107745ff-907b-4c7f-9b37-dab9babf3a2a
npm 12.0.2 / Node 26 pack compatibility	UNKNOWN STEP	2026-10-05T00:39:43.3804034Z Adding to the cache ...
npm 12.0.2 / Node 26 pack compatibility	UNKNOWN STEP	2026-10-05T00:39:45.5808783Z ##[group]Environment details
npm 12.0.2 / Node 26 pack compatibility	UNKNOWN STEP	2026-10-05T00:39:45.7548405Z node: v26.10.0
npm 12.0.2 / Node 26 pack compatibility	UNKNOWN STEP	2026-10-05T00:39:45.7548745Z npm: 11.19.1
npm 12.0.2 / Node 26 pack compatibility	UNKNOWN STEP	2026-10-05T00:39:45.7549488Z yarn: 1.22.22
npm 12.0.2 / Node 26 pack compatibility	UNKNOWN STEP	2026-10-05T00:39:45.7550013Z ##[endgroup]
npm 12.0.2 / Node 26 pack compatibility	UNKNOWN STEP	2026-10-05T00:39:45.7565577Z [command]/opt/hostedtoolcache/node/26.10.0/x64/bin/npm config get cache
npm 12.0.2 / Node 26 pack compatibility	UNKNOWN STEP	2026-10-05T00:39:45.8340713Z /home/runner/.npm
npm 12.0.2 / Node 26 pack compatibility	UNKNOWN STEP	2026-10-05T00:39:45.9549198Z Cache hit for: node-cache-Linux-x64-npm-cc486ca1b1418d5126392d04f46db0de0a3accc61a7c1efe42448bcc19b5f0c0
npm 12.0.2 / Node 26 pack compatibility	UNKNOWN STEP	2026-10-05T00:39:45.9635900Z (node:2137) [DEP0169] DeprecationWarning: `url.parse()` behavior is not standardized and prone to errors that have security implications. Use the WHATWG URL API instead. CVEs are not issued for `url.parse()` vulnerabilities.
npm 12.0.2 / Node 26 pack compatibility	UNKNOWN STEP	2026-10-05T00:39:46.5475270Z Received 33767279 of 33767279 (100.0%), 66.0 MBs/sec
npm 12.0.2 / Node 26 pack compatibility	UNKNOWN STEP	2026-10-05T00:39:46.5475874Z Cache Size: ~32 MB (33767279 B)
npm 12.0.2 / Node 26 pack compatibility	UNKNOWN STEP	2026-10-05T00:39:46.5499957Z [command]/usr/bin/tar -xf /home/runner/work/_temp/754051dd-11a7-4555-9bf9-1282cd7800be/cache.tzst -P -C /home/runner/work/ai-task-manager/ai-task-manager --use-compress-program unzstd
npm 12.0.2 / Node 26 pack compatibility	UNKNOWN STEP	2026-10-05T00:39:46.6671628Z Cache restored successfully
npm 12.0.2 / Node 26 pack compatibility	UNKNOWN STEP	2026-10-05T00:39:46.6692638Z Cache restored from key: node-cache-Linux-x64-npm-cc486ca1b1418d5126392d04f46db0de0a3accc61a7c1efe42448bcc19b5f0c0
npm 12.0.2 / Node 26 pack compatibility	UNKNOWN STEP	2026-10-05T00:39:46.6856135Z ##[group]Run npm install --global "npm@12.0.2"
npm 12.0.2 / Node 26 pack compatibility	UNKNOWN STEP	2026-10-05T00:39:46.6856746Z ^[[36;1mnpm install --global "npm@12.0.2"^[[0m
npm 12.0.2 / Node 26 pack compatibility	UNKNOWN STEP	2026-10-05T00:39:46.7062343Z shell: /usr/bin/bash -e {0}
npm 12.0.2 / Node 26 pack compatibility	UNKNOWN STEP	2026-10-05T00:39:46.7062584Z env:
npm 12.0.2 / Node 26 pack compatibility	UNKNOWN STEP	2026-10-05T00:39:46.7062828Z   AITM_SOURCE_HEAD: 112988f8e68b59ac3080e775ad97c5507f263eb8
npm 12.0.2 / Node 26 pack compatibility	UNKNOWN STEP	2026-10-05T00:39:46.7063109Z   GIT_AUTHOR_NAME: kendrick burson
npm 12.0.2 / Node 26 pack compatibility	UNKNOWN STEP	2026-10-05T00:39:46.7063333Z   GIT_AUTHOR_EMAIL: kpburson@pm.me
npm 12.0.2 / Node 26 pack compatibility	UNKNOWN STEP	2026-10-05T00:39:46.7063572Z   GIT_COMMITTER_NAME: kendrick burson
npm 12.0.2 / Node 26 pack compatibility	UNKNOWN STEP	2026-10-05T00:39:46.7063814Z   GIT_COMMITTER_EMAIL: kpburson@pm.me
npm 12.0.2 / Node 26 pack compatibility	UNKNOWN STEP	2026-10-05T00:39:46.7064035Z ##[endgroup]
npm 12.0.2 / Node 26 pack compatibility	UNKNOWN STEP	2026-10-05T00:39:48.2073894Z 
npm 12.0.2 / Node 26 pack compatibility	UNKNOWN STEP	2026-10-05T00:39:48.2080156Z removed 8 packages, and changed 76 packages in 1s
npm 12.0.2 / Node 26 pack compatibility	UNKNOWN STEP	2026-10-05T00:39:48.2080630Z 
npm 12.0.2 / Node 26 pack compatibility	UNKNOWN STEP	2026-10-05T00:39:48.2080873Z 15 packages are looking for funding
npm 12.0.2 / Node 26 pack compatibility	UNKNOWN STEP	2026-10-05T00:39:48.2081174Z   run `npm fund` for details
npm 12.0.2 / Node 26 pack compatibility	UNKNOWN STEP	2026-10-05T00:39:48.2452964Z ##[group]Run test "$(npm --version)" = "12.0.2"
npm 12.0.2 / Node 26 pack compatibility	UNKNOWN STEP	2026-10-05T00:39:48.2453280Z ^[[36;1mtest "$(npm --version)" = "12.0.2"^[[0m
npm 12.0.2 / Node 26 pack compatibility	UNKNOWN STEP	2026-10-05T00:39:48.2514941Z shell: /usr/bin/bash -e {0}
npm 12.0.2 / Node 26 pack compatibility	UNKNOWN STEP	2026-10-05T00:39:48.2515175Z env:
npm 12.0.2 / Node 26 pack compatibility	UNKNOWN STEP	2026-10-05T00:39:48.2515399Z   AITM_SOURCE_HEAD: 112988f8e68b59ac3080e775ad97c5507f263eb8
npm 12.0.2 / Node 26 pack compatibility	UNKNOWN STEP	2026-10-05T00:39:48.2515713Z   GIT_AUTHOR_NAME: kendrick burson
npm 12.0.2 / Node 26 pack compatibility	UNKNOWN STEP	2026-10-05T00:39:48.2515942Z   GIT_AUTHOR_EMAIL: kpburson@pm.me
npm 12.0.2 / Node 26 pack compatibility	UNKNOWN STEP	2026-10-05T00:39:48.2516310Z   GIT_COMMITTER_NAME: kendrick burson
npm 12.0.2 / Node 26 pack compatibility	UNKNOWN STEP	2026-10-05T00:39:48.2516527Z   GIT_COMMITTER_EMAIL: kpburson@pm.me
npm 12.0.2 / Node 26 pack compatibility	UNKNOWN STEP	2026-10-05T00:39:48.2516739Z ##[endgroup]
npm 12.0.2 / Node 26 pack compatibility	UNKNOWN STEP	2026-10-05T00:39:48.3288376Z ##[group]Run npm ci
npm 12.0.2 / Node 26 pack compatibility	UNKNOWN STEP	2026-10-05T00:39:48.3288626Z ^[[36;1mnpm ci^[[0m
npm 12.0.2 / Node 26 pack compatibility	UNKNOWN STEP	2026-10-05T00:39:48.3347546Z shell: /usr/bin/bash -e {0}
npm 12.0.2 / Node 26 pack compatibility	UNKNOWN STEP	2026-10-05T00:39:48.3347783Z env:
npm 12.0.2 / Node 26 pack compatibility	UNKNOWN STEP	2026-10-05T00:39:48.3348020Z   AITM_SOURCE_HEAD: 112988f8e68b59ac3080e775ad97c5507f263eb8
npm 12.0.2 / Node 26 pack compatibility	UNKNOWN STEP	2026-10-05T00:39:48.3348301Z   GIT_AUTHOR_NAME: kendrick burson
npm 12.0.2 / Node 26 pack compatibility	UNKNOWN STEP	2026-10-05T00:39:48.3348522Z   GIT_AUTHOR_EMAIL: kpburson@pm.me
npm 12.0.2 / Node 26 pack compatibility	UNKNOWN STEP	2026-10-05T00:39:48.3348739Z   GIT_COMMITTER_NAME: kendrick burson
npm 12.0.2 / Node 26 pack compatibility	UNKNOWN STEP	2026-10-05T00:39:48.3348970Z   GIT_COMMITTER_EMAIL: kpburson@pm.me
npm 12.0.2 / Node 26 pack compatibility	UNKNOWN STEP	2026-10-05T00:39:48.3349200Z ##[endgroup]
npm 12.0.2 / Node 26 pack compatibility	UNKNOWN STEP	2026-10-05T00:39:50.2080103Z 
npm 12.0.2 / Node 26 pack compatibility	UNKNOWN STEP	2026-10-05T00:39:50.2080866Z added 319 packages, and audited 320 packages in 2s
npm 12.0.2 / Node 26 pack compatibility	UNKNOWN STEP	2026-10-05T00:39:50.2081293Z 
npm 12.0.2 / Node 26 pack compatibility	UNKNOWN STEP	2026-10-05T00:39:50.2081630Z 102 packages are looking for funding
npm 12.0.2 / Node 26 pack compatibility	UNKNOWN STEP	2026-10-05T00:39:50.2082082Z   run `npm fund` for details
npm 12.0.2 / Node 26 pack compatibility	UNKNOWN STEP	2026-10-05T00:39:50.2106626Z 
npm 12.0.2 / Node 26 pack compatibility	UNKNOWN STEP	2026-10-05T00:39:50.2107119Z 5 high severity vulnerabilities
npm 12.0.2 / Node 26 pack compatibility	UNKNOWN STEP	2026-10-05T00:39:50.2107369Z 
npm 12.0.2 / Node 26 pack compatibility	UNKNOWN STEP	2026-10-05T00:39:50.2107820Z To address all issues (including breaking changes), run:
npm 12.0.2 / Node 26 pack compatibility	UNKNOWN STEP	2026-10-05T00:39:50.2108279Z   npm audit fix --force
npm 12.0.2 / Node 26 pack compatibility	UNKNOWN STEP	2026-10-05T00:39:50.2108451Z 
npm 12.0.2 / Node 26 pack compatibility	UNKNOWN STEP	2026-10-05T00:39:50.2108598Z Run `npm audit` for details.
npm 12.0.2 / Node 26 pack compatibility	UNKNOWN STEP	2026-10-05T00:39:50.2114990Z npm warn install-scripts 1 package had install scripts blocked because they are not covered by allowScripts:
npm 12.0.2 / Node 26 pack compatibility	UNKNOWN STEP	2026-10-05T00:39:50.2116335Z npm warn install-scripts   puppeteer@25.11.0 (postinstall: node install.mjs)
npm 12.0.2 / Node 26 pack compatibility	UNKNOWN STEP	2026-10-05T00:39:50.2117069Z npm warn install-scripts
npm 12.0.2 / Node 26 pack compatibility	UNKNOWN STEP	2026-10-05T00:39:50.2118079Z npm warn install-scripts Run `npm install-scripts ls` to review, or `npm install-scripts approve <pkg>` to allow.
npm 12.0.2 / Node 26 pack compatibility	UNKNOWN STEP	2026-10-05T00:39:50.2393154Z ##[group]Run node --test scripts/tests/unit/task-tracker/core/npm-pack-report.test.mjs scripts/tests/unit/task-tracker/core/package-boundary.test.mjs scripts/tests/unit/task-tracker/core/memory-seed-packaged.test.mjs scripts/tests/unit/task-tracker/core/scope-pack.test.mjs scripts/tests/integration/meta/package-test-corpus.test.mjs scripts/tests/slow/task-tracker/core/packaged-doctor-consumer.test.mjs scripts/tests/slow/task-tracker/core/packaged-tail-profile-consumer.test.mjs
npm 12.0.2 / Node 26 pack compatibility	UNKNOWN STEP	2026-10-05T00:39:50.2396286Z ^[[36;1mnode --test scripts/tests/unit/task-tracker/core/npm-pack-report.test.mjs scripts/tests/unit/task-tracker/core/package-boundary.test.mjs scripts/tests/unit/task-tracker/core/memory-seed-packaged.test.mjs scripts/tests/unit/task-tracker/core/scope-pack.test.mjs scripts/tests/integration/meta/package-test-corpus.test.mjs scripts/tests/slow/task-tracker/core/packaged-doctor-consumer.test.mjs scripts/tests/slow/task-tracker/core/packaged-tail-profile-consumer.test.mjs^[[0m
npm 12.0.2 / Node 26 pack compatibility	UNKNOWN STEP	2026-10-05T00:39:50.2453264Z shell: /usr/bin/bash -e {0}
npm 12.0.2 / Node 26 pack compatibility	UNKNOWN STEP	2026-10-05T00:39:50.2453479Z env:
npm 12.0.2 / Node 26 pack compatibility	UNKNOWN STEP	2026-10-05T00:39:50.2453701Z   AITM_SOURCE_HEAD: 112988f8e68b59ac3080e775ad97c5507f263eb8
npm 12.0.2 / Node 26 pack compatibility	UNKNOWN STEP	2026-10-05T00:39:50.2453974Z   GIT_AUTHOR_NAME: kendrick burson
npm 12.0.2 / Node 26 pack compatibility	UNKNOWN STEP	2026-10-05T00:39:50.2454197Z   GIT_AUTHOR_EMAIL: kpburson@pm.me
npm 12.0.2 / Node 26 pack compatibility	UNKNOWN STEP	2026-10-05T00:39:50.2454416Z   GIT_COMMITTER_NAME: kendrick burson
npm 12.0.2 / Node 26 pack compatibility	UNKNOWN STEP	2026-10-05T00:39:50.2454637Z   GIT_COMMITTER_EMAIL: kpburson@pm.me
npm 12.0.2 / Node 26 pack compatibility	UNKNOWN STEP	2026-10-05T00:39:50.2454846Z ##[endgroup]
npm 12.0.2 / Node 26 pack compatibility	UNKNOWN STEP	2026-10-05T00:40:03.0244263Z ✔ package files explicitly exclude the canonical test support root (4.531101ms)
npm 12.0.2 / Node 26 pack compatibility	UNKNOWN STEP	2026-10-05T00:40:03.0246663Z ✔ npm pack excludes the test corpus while retaining required runtime files and assets (12686.855486ms)
npm 12.0.2 / Node 26 pack compatibility	UNKNOWN STEP	2026-10-05T00:40:05.6529500Z ✔ packed consumer verifies committed bootstrap after npm ci and reports drift read-only (15296.162129ms)
npm 12.0.2 / Node 26 pack compatibility	UNKNOWN STEP	2026-10-05T00:40:05.6627118Z ✔ packed consumer can select and execute effect-scoped move tails (12607.448246ms)
npm 12.0.2 / Node 26 pack compatibility	UNKNOWN STEP	2026-10-05T00:40:14.0377660Z ✔ package.json files[] ships docs/ai-memory but excludes archive/ (4.310853ms)
npm 12.0.2 / Node 26 pack compatibility	UNKNOWN STEP	2026-10-05T00:40:14.0404178Z ✔ npm pack tarball contains the seed index + durable facts, no archive (11028.043813ms)
npm 12.0.2 / Node 26 pack compatibility	UNKNOWN STEP	2026-10-05T00:40:14.0448144Z ✔ normalizes the observed npm 11 single-package array report (4.815207ms)
npm 12.0.2 / Node 26 pack compatibility	UNKNOWN STEP	2026-10-05T00:40:14.0448875Z ✔ normalizes the observed npm 12 package-keyed report (0.182052ms)
npm 12.0.2 / Node 26 pack compatibility	UNKNOWN STEP	2026-10-05T00:40:14.0450288Z ✔ requires callers to bind the expected package identity (0.392288ms)
npm 12.0.2 / Node 26 pack compatibility	UNKNOWN STEP	2026-10-05T00:40:14.0450775Z ✔ rejects malformed JSON and unsupported outer values (0.302863ms)
npm 12.0.2 / Node 26 pack compatibility	UNKNOWN STEP	2026-10-05T00:40:14.0451174Z ✔ rejects zero or multiple reports (0.372548ms)
npm 12.0.2 / Node 26 pack compatibility	UNKNOWN STEP	2026-10-05T00:40:14.0451630Z ✔ rejects an unexpected npm 12 package key or inner report identity (0.249403ms)
npm 12.0.2 / Node 26 pack compatibility	UNKNOWN STEP	2026-10-05T00:40:14.0452413Z ✔ requires a files array and optionally a non-empty filename (0.278227ms)
npm 12.0.2 / Node 26 pack compatibility	UNKNOWN STEP	2026-10-05T00:40:14.0453243Z ✔ all pack consumers import the shared normalizer (0.902261ms)
npm 12.0.2 / Node 26 pack compatibility	UNKNOWN STEP	2026-10-05T00:40:14.0464106Z ✔ package-boundary: no test files are packed (10893.803563ms)
npm 12.0.2 / Node 26 pack compatibility	UNKNOWN STEP	2026-10-05T00:40:14.0465056Z ✔ package-boundary: excluded directories do not reappear (0.268242ms)
npm 12.0.2 / Node 26 pack compatibility	UNKNOWN STEP	2026-10-05T00:40:14.0465940Z ✔ package-boundary: ships the exact docs/introduction/ set (0.350615ms)
npm 12.0.2 / Node 26 pack compatibility	UNKNOWN STEP	2026-10-05T00:40:14.0467066Z ✔ package-boundary: shipped README has no dead docs/introduction link (0.321972ms)
npm 12.0.2 / Node 26 pack compatibility	UNKNOWN STEP	2026-10-05T00:40:14.0467981Z ✖ package-boundary: total entry count stays under the ceiling (0.716442ms)
npm 12.0.2 / Node 26 pack compatibility	UNKNOWN STEP	2026-10-05T00:40:14.0468932Z ✔ package-boundary: development-only context calibration is not shipped (0.492627ms)
npm 12.0.2 / Node 26 pack compatibility	UNKNOWN STEP	2026-10-05T00:40:14.0469871Z ✔ package-boundary: runtime entry points are still shipped (0.204727ms)
npm 12.0.2 / Node 26 pack compatibility	UNKNOWN STEP	2026-10-05T00:40:14.0470903Z ✔ package-boundary: production parser and guidance release guard are declared (0.469542ms)
npm 12.0.2 / Node 26 pack compatibility	UNKNOWN STEP	2026-10-05T00:40:14.0472019Z ✔ package-boundary: tag and explicit release CI retain the B2 consumer gate (0.387109ms)
npm 12.0.2 / Node 26 pack compatibility	UNKNOWN STEP	2026-10-05T00:40:14.0473047Z ✔ npm pack --dry-run resolves the scoped @kburson/ai-task-manager name (6817.731293ms)
npm 12.0.2 / Node 26 pack compatibility	UNKNOWN STEP	2026-10-05T00:40:14.0474212Z ℹ tests 24
npm 12.0.2 / Node 26 pack compatibility	UNKNOWN STEP	2026-10-05T00:40:14.0474579Z ℹ suites 0
npm 12.0.2 / Node 26 pack compatibility	UNKNOWN STEP	2026-10-05T00:40:14.0474882Z ℹ pass 23
npm 12.0.2 / Node 26 pack compatibility	UNKNOWN STEP	2026-10-05T00:40:14.0475285Z ℹ fail 1
npm 12.0.2 / Node 26 pack compatibility	UNKNOWN STEP	2026-10-05T00:40:14.0475578Z ℹ cancelled 0
npm 12.0.2 / Node 26 pack compatibility	UNKNOWN STEP	2026-10-05T00:40:14.0477414Z ℹ skipped 0
npm 12.0.2 / Node 26 pack compatibility	UNKNOWN STEP	2026-10-05T00:40:14.0477717Z ℹ todo 0
npm 12.0.2 / Node 26 pack compatibility	UNKNOWN STEP	2026-10-05T00:40:14.0478038Z ℹ duration_ms 23770.895693
npm 12.0.2 / Node 26 pack compatibility	UNKNOWN STEP	2026-10-05T00:40:14.0478297Z 
npm 12.0.2 / Node 26 pack compatibility	UNKNOWN STEP	2026-10-05T00:40:14.0486862Z ✖ failing tests:
npm 12.0.2 / Node 26 pack compatibility	UNKNOWN STEP	2026-10-05T00:40:14.0487046Z 
npm 12.0.2 / Node 26 pack compatibility	UNKNOWN STEP	2026-10-05T00:40:14.0487469Z test at scripts/tests/unit/task-tracker/core/package-boundary.test.mjs:219:1
npm 12.0.2 / Node 26 pack compatibility	UNKNOWN STEP	2026-10-05T00:40:14.0488059Z ✖ package-boundary: total entry count stays under the ceiling (0.716442ms)
npm 12.0.2 / Node 26 pack compatibility	UNKNOWN STEP	2026-10-05T00:40:14.0488827Z   AssertionError [ERR_ASSERTION]: packed entry count 895 exceeds ceiling 893; the package surface grew — confirm intentional and raise the ceiling, or prune.
npm 12.0.2 / Node 26 pack compatibility	UNKNOWN STEP	2026-10-05T00:40:14.0489745Z       at TestContext.<anonymous> (file:///home/runner/work/ai-task-manager/ai-task-manager/scripts/tests/unit/task-tracker/core/package-boundary.test.mjs:391:10)
npm 12.0.2 / Node 26 pack compatibility	UNKNOWN STEP	2026-10-05T00:40:14.0490599Z       at Test.runInAsyncScope (node:async_hooks:226:14)
npm 12.0.2 / Node 26 pack compatibility	UNKNOWN STEP	2026-10-05T00:40:14.0490926Z       at Test.run (node:internal/test_runner/test:1402:25)
npm 12.0.2 / Node 26 pack compatibility	UNKNOWN STEP	2026-10-05T00:40:14.0491320Z       at Test.processPendingSubtests (node:internal/test_runner/test:974:18)
npm 12.0.2 / Node 26 pack compatibility	UNKNOWN STEP	2026-10-05T00:40:14.0491751Z       at Test.postRun (node:internal/test_runner/test:1542:19)
npm 12.0.2 / Node 26 pack compatibility	UNKNOWN STEP	2026-10-05T00:40:14.0492092Z       at Test.run (node:internal/test_runner/test:1467:12)
npm 12.0.2 / Node 26 pack compatibility	UNKNOWN STEP	2026-10-05T00:40:14.0492509Z       at async Test.processPendingSubtests (node:internal/test_runner/test:974:7) {
npm 12.0.2 / Node 26 pack compatibility	UNKNOWN STEP	2026-10-05T00:40:14.0493004Z     generatedMessage: false,
npm 12.0.2 / Node 26 pack compatibility	UNKNOWN STEP	2026-10-05T00:40:14.0493389Z     code: 'ERR_ASSERTION',
npm 12.0.2 / Node 26 pack compatibility	UNKNOWN STEP	2026-10-05T00:40:14.0493739Z     actual: false,
npm 12.0.2 / Node 26 pack compatibility	UNKNOWN STEP	2026-10-05T00:40:14.0494065Z     expected: true,
npm 12.0.2 / Node 26 pack compatibility	UNKNOWN STEP	2026-10-05T00:40:14.0494418Z     operator: '==',
npm 12.0.2 / Node 26 pack compatibility	UNKNOWN STEP	2026-10-05T00:40:14.0494750Z     diff: 'simple'
npm 12.0.2 / Node 26 pack compatibility	UNKNOWN STEP	2026-10-05T00:40:14.0495045Z   }
npm 12.0.2 / Node 26 pack compatibility	UNKNOWN STEP	2026-10-05T00:40:14.0529041Z ##[error]Process completed with exit code 1.
npm 12.0.2 / Node 26 pack compatibility	UNKNOWN STEP	2026-10-05T00:40:14.0659141Z Post job cleanup.
npm 12.0.2 / Node 26 pack compatibility	UNKNOWN STEP	2026-10-05T00:40:14.1387874Z [command]/usr/bin/git version
npm 12.0.2 / Node 26 pack compatibility	UNKNOWN STEP	2026-10-05T00:40:14.1418969Z git version 2.55.0
npm 12.0.2 / Node 26 pack compatibility	UNKNOWN STEP	2026-10-05T00:40:14.1449560Z Temporarily overriding HOME='/home/runner/work/_temp/90dad4bb-515d-42ed-94d1-69708dc3e4cc' before making global git config changes
npm 12.0.2 / Node 26 pack compatibility	UNKNOWN STEP	2026-10-05T00:40:14.1450945Z Adding repository directory to the temporary git global config as a safe directory
npm 12.0.2 / Node 26 pack compatibility	UNKNOWN STEP	2026-10-05T00:40:14.1454841Z [command]/usr/bin/git config --global --add safe.directory /home/runner/work/ai-task-manager/ai-task-manager
npm 12.0.2 / Node 26 pack compatibility	UNKNOWN STEP	2026-10-05T00:40:14.1879145Z [command]/usr/bin/git config --local --name-only --get-regexp core\.sshCommand
npm 12.0.2 / Node 26 pack compatibility	UNKNOWN STEP	2026-10-05T00:40:14.1914951Z [command]/usr/bin/git submodule foreach --recursive sh -c "git config --local --name-only --get-regexp 'core\.sshCommand' && git config --local --unset-all 'core.sshCommand' || :"
npm 12.0.2 / Node 26 pack compatibility	UNKNOWN STEP	2026-10-05T00:40:14.2161741Z [command]/usr/bin/git config --local --name-only --get-regexp http\.https\:\/\/github\.com\/\.extraheader
npm 12.0.2 / Node 26 pack compatibility	UNKNOWN STEP	2026-10-05T00:40:14.2348159Z http.https://github.com/.extraheader
npm 12.0.2 / Node 26 pack compatibility	UNKNOWN STEP	2026-10-05T00:40:14.2357102Z [command]/usr/bin/git config --local --unset-all http.https://github.com/.extraheader
npm 12.0.2 / Node 26 pack compatibility	UNKNOWN STEP	2026-10-05T00:40:14.3122703Z [command]/usr/bin/git submodule foreach --recursive sh -c "git config --local --name-only --get-regexp 'http\.https\:\/\/github\.com\/\.extraheader' && git config --local --unset-all 'http.https://github.com/.extraheader' || :"
npm 12.0.2 / Node 26 pack compatibility	UNKNOWN STEP	2026-10-05T00:40:14.3327384Z [command]/usr/bin/git config --local --name-only --get-regexp ^includeIf\.gitdir:
npm 12.0.2 / Node 26 pack compatibility	UNKNOWN STEP	2026-10-05T00:40:14.3358920Z [command]/usr/bin/git submodule foreach --recursive git config --local --show-origin --name-only --get-regexp remote.origin.url
npm 12.0.2 / Node 26 pack compatibility	UNKNOWN STEP	2026-10-05T00:40:14.3727962Z Cleaning up orphan processes
unit group 1/1	UNKNOWN STEP	﻿2026-10-05T00:39:38.4501175Z Current runner version: '2.337.0'
unit group 1/1	UNKNOWN STEP	2026-10-05T00:39:38.4515182Z ##[group]Runner Image Provisioner
unit group 1/1	UNKNOWN STEP	2026-10-05T00:39:38.4515818Z Hosted Compute Agent
unit group 1/1	UNKNOWN STEP	2026-10-05T00:39:38.4516403Z Version: 20260901.588
unit group 1/1	UNKNOWN STEP	2026-10-05T00:39:38.4516866Z Commit: f88ec8081b781fac6c440065ac7ff9e710ce3d0b
unit group 1/1	UNKNOWN STEP	2026-10-05T00:39:38.4517307Z Build Date: 2026-09-01T19:56:44Z
unit group 1/1	UNKNOWN STEP	2026-10-05T00:39:38.4517706Z Worker ID: {00dcb662-9975-4492-9a9f-37e916b32411}
unit group 1/1	UNKNOWN STEP	2026-10-05T00:39:38.4518176Z Azure Region: centralus
unit group 1/1	UNKNOWN STEP	2026-10-05T00:39:38.4518536Z ##[endgroup]
unit group 1/1	UNKNOWN STEP	2026-10-05T00:39:38.4519338Z ##[group]Operating System
unit group 1/1	UNKNOWN STEP	2026-10-05T00:39:38.4519717Z Ubuntu
unit group 1/1	UNKNOWN STEP	2026-10-05T00:39:38.4520051Z 24.04.5
unit group 1/1	UNKNOWN STEP	2026-10-05T00:39:38.4520403Z LTS
unit group 1/1	UNKNOWN STEP	2026-10-05T00:39:38.4520719Z ##[endgroup]
unit group 1/1	UNKNOWN STEP	2026-10-05T00:39:38.4521106Z ##[group]Runner Image
unit group 1/1	UNKNOWN STEP	2026-10-05T00:39:38.4521480Z Image: ubuntu-24.04
unit group 1/1	UNKNOWN STEP	2026-10-05T00:39:38.4521827Z Version: 20260927.320.1
unit group 1/1	UNKNOWN STEP	2026-10-05T00:39:38.4522615Z Included Software: https://github.com/actions/runner-images/blob/ubuntu24/20260927.320/images/ubuntu/Ubuntu2404-Readme.md
unit group 1/1	UNKNOWN STEP	2026-10-05T00:39:38.4523558Z Image Release: https://github.com/actions/runner-images/releases/tag/ubuntu24%2F20260927.320
unit group 1/1	UNKNOWN STEP	2026-10-05T00:39:38.4524141Z ##[endgroup]
unit group 1/1	UNKNOWN STEP	2026-10-05T00:39:38.4524837Z ##[group]GITHUB_TOKEN Permissions
unit group 1/1	UNKNOWN STEP	2026-10-05T00:39:38.4525965Z Contents: read
unit group 1/1	UNKNOWN STEP	2026-10-05T00:39:38.4526503Z Metadata: read
unit group 1/1	UNKNOWN STEP	2026-10-05T00:39:38.4526896Z ##[endgroup]
unit group 1/1	UNKNOWN STEP	2026-10-05T00:39:38.4528135Z Secret source: Actions
unit group 1/1	UNKNOWN STEP	2026-10-05T00:39:38.4528747Z Cache mode: write
unit group 1/1	UNKNOWN STEP	2026-10-05T00:39:38.4529155Z Prepare workflow directory
unit group 1/1	UNKNOWN STEP	2026-10-05T00:39:38.4837144Z Prepare all required actions
unit group 1/1	UNKNOWN STEP	2026-10-05T00:39:38.4867841Z Getting action download info
unit group 1/1	UNKNOWN STEP	2026-10-05T00:39:38.7311049Z Download action repository 'actions/checkout@v5' (SHA:fbc6f3992d24b796d5a048ff273f7fcc4a7b6c09)
unit group 1/1	UNKNOWN STEP	2026-10-05T00:39:38.8180175Z Download action repository 'actions/setup-node@v5' (SHA:a0853c24544627f65ddf259abe73b1d18a591444)
unit group 1/1	UNKNOWN STEP	2026-10-05T00:39:38.9639608Z Download action repository 'actions/upload-artifact@v4' (SHA:ea165f8d65b6e75b540449e92b4886f43607fa02)
unit group 1/1	UNKNOWN STEP	2026-10-05T00:39:39.1890833Z Complete job name: unit group 1/1
unit group 1/1	UNKNOWN STEP	2026-10-05T00:39:39.2315957Z ##[group]Run actions/checkout@v5
unit group 1/1	UNKNOWN STEP	2026-10-05T00:39:39.2316507Z with:
unit group 1/1	UNKNOWN STEP	2026-10-05T00:39:39.2316740Z   fetch-depth: 0
unit group 1/1	UNKNOWN STEP	2026-10-05T00:39:39.2316999Z   repository: kburson/ai-task-manager
unit group 1/1	UNKNOWN STEP	2026-10-05T00:39:39.2319101Z   token: ***
unit group 1/1	UNKNOWN STEP	2026-10-05T00:39:39.2319331Z   ssh-strict: true
unit group 1/1	UNKNOWN STEP	2026-10-05T00:39:39.2319568Z   ssh-user: git
unit group 1/1	UNKNOWN STEP	2026-10-05T00:39:39.2319809Z   persist-credentials: true
unit group 1/1	UNKNOWN STEP	2026-10-05T00:39:39.2320072Z   clean: true
unit group 1/1	UNKNOWN STEP	2026-10-05T00:39:39.2320314Z   sparse-checkout-cone-mode: true
unit group 1/1	UNKNOWN STEP	2026-10-05T00:39:39.2320594Z   fetch-tags: false
unit group 1/1	UNKNOWN STEP	2026-10-05T00:39:39.2320836Z   show-progress: true
unit group 1/1	UNKNOWN STEP	2026-10-05T00:39:39.2321077Z   lfs: false
unit group 1/1	UNKNOWN STEP	2026-10-05T00:39:39.2321302Z   submodules: false
unit group 1/1	UNKNOWN STEP	2026-10-05T00:39:39.2321545Z   set-safe-directory: true
unit group 1/1	UNKNOWN STEP	2026-10-05T00:39:39.2321824Z   allow-unsafe-pr-checkout: false
unit group 1/1	UNKNOWN STEP	2026-10-05T00:39:39.2322165Z env:
unit group 1/1	UNKNOWN STEP	2026-10-05T00:39:39.2322441Z   AITM_SOURCE_HEAD: 112988f8e68b59ac3080e775ad97c5507f263eb8
unit group 1/1	UNKNOWN STEP	2026-10-05T00:39:39.2322799Z   GIT_AUTHOR_NAME: kendrick burson
unit group 1/1	UNKNOWN STEP	2026-10-05T00:39:39.2323127Z   GIT_AUTHOR_EMAIL: kpburson@pm.me
unit group 1/1	UNKNOWN STEP	2026-10-05T00:39:39.2323417Z   GIT_COMMITTER_NAME: kendrick burson
unit group 1/1	UNKNOWN STEP	2026-10-05T00:39:39.2323714Z   GIT_COMMITTER_EMAIL: kpburson@pm.me
unit group 1/1	UNKNOWN STEP	2026-10-05T00:39:39.2323997Z ##[endgroup]
unit group 1/1	UNKNOWN STEP	2026-10-05T00:39:39.2971325Z Syncing repository: kburson/ai-task-manager
unit group 1/1	UNKNOWN STEP	2026-10-05T00:39:39.2972351Z ##[group]Getting Git version info
unit group 1/1	UNKNOWN STEP	2026-10-05T00:39:39.2972762Z Working directory is '/home/runner/work/ai-task-manager/ai-task-manager'
unit group 1/1	UNKNOWN STEP	2026-10-05T00:39:39.2973333Z [command]/usr/bin/git version
unit group 1/1	UNKNOWN STEP	2026-10-05T00:39:39.3018981Z git version 2.55.0
unit group 1/1	UNKNOWN STEP	2026-10-05T00:39:39.3031677Z ##[endgroup]
unit group 1/1	UNKNOWN STEP	2026-10-05T00:39:39.3040578Z Temporarily overriding HOME='/home/runner/work/_temp/d0a921ba-a839-4875-bb33-b5e732a5b98d' before making global git config changes
unit group 1/1	UNKNOWN STEP	2026-10-05T00:39:39.3041750Z Adding repository directory to the temporary git global config as a safe directory
unit group 1/1	UNKNOWN STEP	2026-10-05T00:39:39.3044819Z [command]/usr/bin/git config --global --add safe.directory /home/runner/work/ai-task-manager/ai-task-manager
unit group 1/1	UNKNOWN STEP	2026-10-05T00:39:39.3087418Z Deleting the contents of '/home/runner/work/ai-task-manager/ai-task-manager'
unit group 1/1	UNKNOWN STEP	2026-10-05T00:39:39.3090722Z ##[group]Initializing the repository
unit group 1/1	UNKNOWN STEP	2026-10-05T00:39:39.3093201Z [command]/usr/bin/git init /home/runner/work/ai-task-manager/ai-task-manager
unit group 1/1	UNKNOWN STEP	2026-10-05T00:39:39.3291783Z hint: Using 'master' as the name for the initial branch. This default branch name
unit group 1/1	UNKNOWN STEP	2026-10-05T00:39:39.3293039Z hint: will change to "main" in Git 3.0. To configure the initial branch name
unit group 1/1	UNKNOWN STEP	2026-10-05T00:39:39.3293840Z hint: to use in all of your new repositories, which will suppress this warning,
unit group 1/1	UNKNOWN STEP	2026-10-05T00:39:39.3294466Z hint: call:
unit group 1/1	UNKNOWN STEP	2026-10-05T00:39:39.3294801Z hint:
unit group 1/1	UNKNOWN STEP	2026-10-05T00:39:39.3295255Z hint: 	git config --global init.defaultBranch <name>
unit group 1/1	UNKNOWN STEP	2026-10-05T00:39:39.3295774Z hint:
unit group 1/1	UNKNOWN STEP	2026-10-05T00:39:39.3296375Z hint: Names commonly chosen instead of 'master' are 'main', 'trunk' and
unit group 1/1	UNKNOWN STEP	2026-10-05T00:39:39.3297162Z hint: 'development'. The just-created branch can be renamed via this command:
unit group 1/1	UNKNOWN STEP	2026-10-05T00:39:39.3297859Z hint:
unit group 1/1	UNKNOWN STEP	2026-10-05T00:39:39.3298206Z hint: 	git branch -m <name>
unit group 1/1	UNKNOWN STEP	2026-10-05T00:39:39.3298605Z hint:
unit group 1/1	UNKNOWN STEP	2026-10-05T00:39:39.3299129Z hint: Disable this message with "git config set advice.defaultBranchName false"
unit group 1/1	UNKNOWN STEP	2026-10-05T00:39:39.3304415Z Initialized empty Git repository in /home/runner/work/ai-task-manager/ai-task-manager/.git/
unit group 1/1	UNKNOWN STEP	2026-10-05T00:39:39.3320575Z [command]/usr/bin/git remote add origin https://github.com/kburson/ai-task-manager
unit group 1/1	UNKNOWN STEP	2026-10-05T00:39:39.3359827Z ##[endgroup]
unit group 1/1	UNKNOWN STEP	2026-10-05T00:39:39.3360569Z ##[group]Disabling automatic garbage collection
unit group 1/1	UNKNOWN STEP	2026-10-05T00:39:39.3363503Z [command]/usr/bin/git config --local gc.auto 0
unit group 1/1	UNKNOWN STEP	2026-10-05T00:39:39.3392808Z ##[endgroup]
unit group 1/1	UNKNOWN STEP	2026-10-05T00:39:39.3393457Z ##[group]Setting up auth
unit group 1/1	UNKNOWN STEP	2026-10-05T00:39:39.3399646Z [command]/usr/bin/git config --local --name-only --get-regexp core\.sshCommand
unit group 1/1	UNKNOWN STEP	2026-10-05T00:39:39.3438819Z [command]/usr/bin/git submodule foreach --recursive sh -c "git config --local --name-only --get-regexp 'core\.sshCommand' && git config --local --unset-all 'core.sshCommand' || :"
unit group 1/1	UNKNOWN STEP	2026-10-05T00:39:39.3723234Z [command]/usr/bin/git config --local --name-only --get-regexp http\.https\:\/\/github\.com\/\.extraheader
unit group 1/1	UNKNOWN STEP	2026-10-05T00:39:39.3750220Z [command]/usr/bin/git submodule foreach --recursive sh -c "git config --local --name-only --get-regexp 'http\.https\:\/\/github\.com\/\.extraheader' && git config --local --unset-all 'http.https://github.com/.extraheader' || :"
unit group 1/1	UNKNOWN STEP	2026-10-05T00:39:39.3919669Z [command]/usr/bin/git config --local --name-only --get-regexp ^includeIf\.gitdir:
unit group 1/1	UNKNOWN STEP	2026-10-05T00:39:39.3948041Z [command]/usr/bin/git submodule foreach --recursive git config --local --show-origin --name-only --get-regexp remote.origin.url
unit group 1/1	UNKNOWN STEP	2026-10-05T00:39:39.4119187Z [command]/usr/bin/git config --local http.https://github.com/.extraheader AUTHORIZATION: basic ***
unit group 1/1	UNKNOWN STEP	2026-10-05T00:39:39.4285378Z ##[endgroup]
unit group 1/1	UNKNOWN STEP	2026-10-05T00:39:39.4286572Z ##[group]Fetching the repository
unit group 1/1	UNKNOWN STEP	2026-10-05T00:39:39.4292896Z [command]/usr/bin/git -c protocol.version=2 fetch --prune --no-recurse-submodules origin +refs/heads/*:refs/remotes/origin/* +refs/tags/*:refs/tags/* +f1770de1711c11a99d59fac064b43cc7ab17cc6c:refs/remotes/pull/1886/merge
unit group 1/1	UNKNOWN STEP	2026-10-05T00:39:42.2158556Z From https://github.com/kburson/ai-task-manager
unit group 1/1	UNKNOWN STEP	2026-10-05T00:39:42.2159830Z  * [new branch]        1356-review-receipt-reuse -> origin/1356-review-receipt-reuse
unit group 1/1	UNKNOWN STEP	2026-10-05T00:39:42.2160736Z  * [new branch]        ai-memory               -> origin/ai-memory
unit group 1/1	UNKNOWN STEP	2026-10-05T00:39:42.2161531Z  * [new branch]        aipr-setup              -> origin/aipr-setup
unit group 1/1	UNKNOWN STEP	2026-10-05T00:39:42.2162525Z  * [new branch]        archive/XPR-SPR-SAR-experiment -> origin/archive/XPR-SPR-SAR-experiment
unit group 1/1	UNKNOWN STEP	2026-10-05T00:39:42.2163616Z  * [new branch]        back-set-package-version -> origin/back-set-package-version
unit group 1/1	UNKNOWN STEP	2026-10-05T00:39:42.2164811Z  * [new branch]        chore/db-ignore-and-codex-token-burn-guide -> origin/chore/db-ignore-and-codex-token-burn-guide
unit group 1/1	UNKNOWN STEP	2026-10-05T00:39:42.2166954Z  * [new branch]        claude/1187-heal-departure-at -> origin/claude/1187-heal-departure-at
unit group 1/1	UNKNOWN STEP	2026-10-05T00:39:42.2168500Z  * [new branch]        claude/1562-merge-method-reconcile -> origin/claude/1562-merge-method-reconcile
unit group 1/1	UNKNOWN STEP	2026-10-05T00:39:42.2169719Z  * [new branch]        claude/1755-final-acceptance-ad486a -> origin/claude/1755-final-acceptance-ad486a
unit group 1/1	UNKNOWN STEP	2026-10-05T00:39:42.2171078Z  * [new branch]        claude/aad-yml-config-exploration-6d0cf6 -> origin/claude/aad-yml-config-exploration-6d0cf6
unit group 1/1	UNKNOWN STEP	2026-10-05T00:39:42.2172573Z  * [new branch]        claude/articles-book-publication-6a7dfe -> origin/claude/articles-book-publication-6a7dfe
unit group 1/1	UNKNOWN STEP	2026-10-05T00:39:42.2174018Z  * [new branch]        claude/pull-branch-trunk-origin-c647e3 -> origin/claude/pull-branch-trunk-origin-c647e3
unit group 1/1	UNKNOWN STEP	2026-10-05T00:39:42.2175447Z  * [new branch]        claude/readme-update-current-state-5d1f2c -> origin/claude/readme-update-current-state-5d1f2c
unit group 1/1	UNKNOWN STEP	2026-10-05T00:39:42.2177574Z  * [new branch]        claude/resume-session-837-bf8599 -> origin/claude/resume-session-837-bf8599
unit group 1/1	UNKNOWN STEP	2026-10-05T00:39:42.2178739Z  * [new branch]        claude/task-912-13506a  -> origin/claude/task-912-13506a
unit group 1/1	UNKNOWN STEP	2026-10-05T00:39:42.2179650Z  * [new branch]        claude/task-923-bb70a6  -> origin/claude/task-923-bb70a6
unit group 1/1	UNKNOWN STEP	2026-10-05T00:39:42.2180603Z  * [new branch]        claude/task-935-demote-guard -> origin/claude/task-935-demote-guard
unit group 1/1	UNKNOWN STEP	2026-10-05T00:39:42.2181559Z  * [new branch]        claude/task-978-e174fb  -> origin/claude/task-978-e174fb
unit group 1/1	UNKNOWN STEP	2026-10-05T00:39:42.2182537Z  * [new branch]        claude/task-979-17fbdf  -> origin/claude/task-979-17fbdf
unit group 1/1	UNKNOWN STEP	2026-10-05T00:39:42.2183728Z  * [new branch]        claude/trunk-drift-reverify-3ff5d2 -> origin/claude/trunk-drift-reverify-3ff5d2
unit group 1/1	UNKNOWN STEP	2026-10-05T00:39:42.2184817Z  * [new branch]        cleanup-memory          -> origin/cleanup-memory
unit group 1/1	UNKNOWN STEP	2026-10-05T00:39:42.2185736Z  * [new branch]        codex/1117-state-components -> origin/codex/1117-state-components
unit group 1/1	UNKNOWN STEP	2026-10-05T00:39:42.2187117Z  * [new branch]        codex/1208-weighted-test-pool -> origin/codex/1208-weighted-test-pool
unit group 1/1	UNKNOWN STEP	2026-10-05T00:39:42.2188433Z  * [new branch]        codex/1219-tiered-test-spec -> origin/codex/1219-tiered-test-spec
unit group 1/1	UNKNOWN STEP	2026-10-05T00:39:42.2189473Z  * [new branch]        codex/1254-test-receipt-reuse -> origin/codex/1254-test-receipt-reuse
unit group 1/1	UNKNOWN STEP	2026-10-05T00:39:42.2190525Z  * [new branch]        codex/1260-pull-next-guidance -> origin/codex/1260-pull-next-guidance
unit group 1/1	UNKNOWN STEP	2026-10-05T00:39:42.2191629Z  * [new branch]        codex/1262-reference-mode-repin -> origin/codex/1262-reference-mode-repin
unit group 1/1	UNKNOWN STEP	2026-10-05T00:39:42.2192664Z  * [new branch]        codex/1262-tia-design-plan -> origin/codex/1262-tia-design-plan
unit group 1/1	UNKNOWN STEP	2026-10-05T00:39:42.2193838Z  * [new branch]        codex/1263-test-corpus-registry -> origin/codex/1263-test-corpus-registry
unit group 1/1	UNKNOWN STEP	2026-10-05T00:39:42.2195374Z  * [new branch]        codex/1268-implementation-plan -> origin/codex/1268-implementation-plan
unit group 1/1	UNKNOWN STEP	2026-10-05T00:39:42.2196830Z  * [new branch]        codex/1269-guided-co-review-start-spec -> origin/codex/1269-guided-co-review-start-spec
unit group 1/1	UNKNOWN STEP	2026-10-05T00:39:42.2198057Z  * [new branch]        codex/1272-spec-plan-archive -> origin/codex/1272-spec-plan-archive
unit group 1/1	UNKNOWN STEP	2026-10-05T00:39:42.2199159Z  * [new branch]        codex/1273-active-budget-control -> origin/codex/1273-active-budget-control
unit group 1/1	UNKNOWN STEP	2026-10-05T00:39:42.2200346Z  * [new branch]        codex/1279-post-split-wbs-admission -> origin/codex/1279-post-split-wbs-admission
unit group 1/1	UNKNOWN STEP	2026-10-05T00:39:42.2201611Z  * [new branch]        codex/1281-child-decomposition-scope -> origin/codex/1281-child-decomposition-scope
unit group 1/1	UNKNOWN STEP	2026-10-05T00:39:42.2203227Z  * [new branch]        codex/1284-legacy-epic-branch-resolution -> origin/codex/1284-legacy-epic-branch-resolution
unit group 1/1	UNKNOWN STEP	2026-10-05T00:39:42.2204489Z  * [new branch]        codex/1287-wbs-readiness -> origin/codex/1287-wbs-readiness
unit group 1/1	UNKNOWN STEP	2026-10-05T00:39:42.2205546Z  * [new branch]        codex/1292-co-review-fixture-cost -> origin/codex/1292-co-review-fixture-cost
unit group 1/1	UNKNOWN STEP	2026-10-05T00:39:42.2206785Z  * [new branch]        codex/1293-test-import-wave -> origin/codex/1293-test-import-wave
unit group 1/1	UNKNOWN STEP	2026-10-05T00:39:42.2208181Z  * [new branch]        codex/1294-serial-classification -> origin/codex/1294-serial-classification
unit group 1/1	UNKNOWN STEP	2026-10-05T00:39:42.2209356Z  * [new branch]        codex/1295-github-action-capture -> origin/codex/1295-github-action-capture
unit group 1/1	UNKNOWN STEP	2026-10-05T00:39:42.2210445Z  * [new branch]        codex/1296-packaging-canary -> origin/codex/1296-packaging-canary
unit group 1/1	UNKNOWN STEP	2026-10-05T00:39:42.2211632Z  * [new branch]        codex/1297-release-closed-binding -> origin/codex/1297-release-closed-binding
unit group 1/1	UNKNOWN STEP	2026-10-05T00:39:42.2212721Z  * [new branch]        codex/1304-slow-lane-partition -> origin/codex/1304-slow-lane-partition
unit group 1/1	UNKNOWN STEP	2026-10-05T00:39:42.2213818Z  * [new branch]        codex/1314-co-review-reference-archive -> origin/codex/1314-co-review-reference-archive
unit group 1/1	UNKNOWN STEP	2026-10-05T00:39:42.2214916Z  * [new branch]        codex/1317-docs-only-lane-skip -> origin/codex/1317-docs-only-lane-skip
unit group 1/1	UNKNOWN STEP	2026-10-05T00:39:42.2215865Z  * [new branch]        codex/1319-derived-checkbox -> origin/codex/1319-derived-checkbox
unit group 1/1	UNKNOWN STEP	2026-10-05T00:39:42.2217184Z  * [new branch]        codex/1322-co-review-consistent-snapshot -> origin/codex/1322-co-review-consistent-snapshot
unit group 1/1	UNKNOWN STEP	2026-10-05T00:39:42.2218278Z  * [new branch]        codex/1331-coreview-wave -> origin/codex/1331-coreview-wave
unit group 1/1	UNKNOWN STEP	2026-10-05T00:39:42.2219242Z  * [new branch]        codex/1356-receipt-reuse-hardening -> origin/codex/1356-receipt-reuse-hardening
unit group 1/1	UNKNOWN STEP	2026-10-05T00:39:42.2220358Z  * [new branch]        codex/1359-co-review-session-fixture -> origin/codex/1359-co-review-session-fixture
unit group 1/1	UNKNOWN STEP	2026-10-05T00:39:42.2221388Z  * [new branch]        codex/1365-reviewer-bash-guard -> origin/codex/1365-reviewer-bash-guard
unit group 1/1	UNKNOWN STEP	2026-10-05T00:39:42.2222404Z  * [new branch]        codex/1367-reviewer-handoff-prose -> origin/codex/1367-reviewer-handoff-prose
unit group 1/1	UNKNOWN STEP	2026-10-05T00:39:42.2223495Z  * [new branch]        codex/1369-co-review-claude-handoff -> origin/codex/1369-co-review-claude-handoff
unit group 1/1	UNKNOWN STEP	2026-10-05T00:39:42.2224525Z  * [new branch]        codex/1372-stale-review-grant -> origin/codex/1372-stale-review-grant
unit group 1/1	UNKNOWN STEP	2026-10-05T00:39:42.2225804Z  * [new branch]        codex/1374-co-review-archive-recovery -> origin/codex/1374-co-review-archive-recovery
unit group 1/1	UNKNOWN STEP	2026-10-05T00:39:42.2227279Z  * [new branch]        codex/1381-governed-delivery-convergence-spec -> origin/codex/1381-governed-delivery-convergence-spec
unit group 1/1	UNKNOWN STEP	2026-10-05T00:39:42.2228555Z  * [new branch]        codex/1406-reviewer-full-permissions -> origin/codex/1406-reviewer-full-permissions
unit group 1/1	UNKNOWN STEP	2026-10-05T00:39:42.2229725Z  * [new branch]        codex/1408-offline-gh-reconciliation -> origin/codex/1408-offline-gh-reconciliation
unit group 1/1	UNKNOWN STEP	2026-10-05T00:39:42.2230902Z  * [new branch]        codex/1411-residue-audit-reconciliation -> origin/codex/1411-residue-audit-reconciliation
unit group 1/1	UNKNOWN STEP	2026-10-05T00:39:42.2232023Z  * [new branch]        codex/1412-stale-sandbox-reaper -> origin/codex/1412-stale-sandbox-reaper
unit group 1/1	UNKNOWN STEP	2026-10-05T00:39:42.2233126Z  * [new branch]        codex/1421-resume-review-timer -> origin/codex/1421-resume-review-timer
unit group 1/1	UNKNOWN STEP	2026-10-05T00:39:42.2234189Z  * [new branch]        codex/1442-same-second-timing-repair -> origin/codex/1442-same-second-timing-repair
unit group 1/1	UNKNOWN STEP	2026-10-05T00:39:42.2235258Z  * [new branch]        codex/1464-close-lineage -> origin/codex/1464-close-lineage
unit group 1/1	UNKNOWN STEP	2026-10-05T00:39:42.2236325Z  * [new branch]        codex/1468-delivery-recovery -> origin/codex/1468-delivery-recovery
unit group 1/1	UNKNOWN STEP	2026-10-05T00:39:42.2237271Z  * [new branch]        codex/1470-legacy-attribution -> origin/codex/1470-legacy-attribution
unit group 1/1	UNKNOWN STEP	2026-10-05T00:39:42.2238236Z  * [new branch]        codex/1558-ask-the-script-spec -> origin/codex/1558-ask-the-script-spec
unit group 1/1	UNKNOWN STEP	2026-10-05T00:39:42.2239304Z  * [new branch]        codex/1558-guidance-replacement-plan -> origin/codex/1558-guidance-replacement-plan
unit group 1/1	UNKNOWN STEP	2026-10-05T00:39:42.2240307Z  * [new branch]        codex/1558-guidance-review -> origin/codex/1558-guidance-review
unit group 1/1	UNKNOWN STEP	2026-10-05T00:39:42.2241245Z  * [new branch]        codex/1558-guidance-spec-review -> origin/codex/1558-guidance-spec-review
unit group 1/1	UNKNOWN STEP	2026-10-05T00:39:42.2242246Z  * [new branch]        codex/1558-hydration-wbs-review -> origin/codex/1558-hydration-wbs-review
unit group 1/1	UNKNOWN STEP	2026-10-05T00:39:42.2243471Z  * [new branch]        codex/1558-waived-close-repair -> origin/codex/1558-waived-close-repair
unit group 1/1	UNKNOWN STEP	2026-10-05T00:39:42.2244519Z  * [new branch]        codex/1615-node24-npm-pack-reports -> origin/codex/1615-node24-npm-pack-reports
unit group 1/1	UNKNOWN STEP	2026-10-05T00:39:42.2245689Z  * [new branch]        codex/1618-detect-incompatible-workflows -> origin/codex/1618-detect-incompatible-workflows
unit group 1/1	UNKNOWN STEP	2026-10-05T00:39:42.2247109Z  * [new branch]        codex/1619-receipt-attribution-recovery -> origin/codex/1619-receipt-attribution-recovery
unit group 1/1	UNKNOWN STEP	2026-10-05T00:39:42.2248190Z  * [new branch]        codex/1631-package-boundary -> origin/codex/1631-package-boundary
unit group 1/1	UNKNOWN STEP	2026-10-05T00:39:42.2249177Z  * [new branch]        codex/1683-review-waiver-delivery -> origin/codex/1683-review-waiver-delivery
unit group 1/1	UNKNOWN STEP	2026-10-05T00:39:42.2250135Z  * [new branch]        codex/1685-ci-stacked-pr -> origin/codex/1685-ci-stacked-pr
unit group 1/1	UNKNOWN STEP	2026-10-05T00:39:42.2251107Z  * [new branch]        codex/1690-review-waiver-authority -> origin/codex/1690-review-waiver-authority
unit group 1/1	UNKNOWN STEP	2026-10-05T00:39:42.2252265Z  * [new branch]        codex/1691-lifecycle-authority-research -> origin/codex/1691-lifecycle-authority-research
unit group 1/1	UNKNOWN STEP	2026-10-05T00:39:42.2253459Z  * [new branch]        codex/1692-install-contract-manifest -> origin/codex/1692-install-contract-manifest
unit group 1/1	UNKNOWN STEP	2026-10-05T00:39:42.2254529Z  * [new branch]        codex/1693-doctor-engine-cli -> origin/codex/1693-doctor-engine-cli
unit group 1/1	UNKNOWN STEP	2026-10-05T00:39:42.2255538Z  * [new branch]        codex/1696-full-auto-default -> origin/codex/1696-full-auto-default
unit group 1/1	UNKNOWN STEP	2026-10-05T00:39:42.2256928Z  * [new branch]        codex/1702-workflow-waiver-canonical-instant -> origin/codex/1702-workflow-waiver-canonical-instant
unit group 1/1	UNKNOWN STEP	2026-10-05T00:39:42.2258296Z  * [new branch]        codex/1703-user-story-value-quality -> origin/codex/1703-user-story-value-quality
unit group 1/1	UNKNOWN STEP	2026-10-05T00:39:42.2259705Z  * [new branch]        codex/1706-remove-extracted-review-coupling -> origin/codex/1706-remove-extracted-review-coupling
unit group 1/1	UNKNOWN STEP	2026-10-05T00:39:42.2261728Z  * [new branch]        codex/1716-plan-approval-evidence-repair -> origin/codex/1716-plan-approval-evidence-repair
unit group 1/1	UNKNOWN STEP	2026-10-05T00:39:42.2263228Z  * [new branch]        codex/1719-story-cost-plan -> origin/codex/1719-story-cost-plan
unit group 1/1	UNKNOWN STEP	2026-10-05T00:39:42.2264576Z  * [new branch]        codex/1719-story-cost-spec-review -> origin/codex/1719-story-cost-spec-review
unit group 1/1	UNKNOWN STEP	2026-10-05T00:39:42.2266020Z  * [new branch]        codex/1719-story-intent-amendment -> origin/codex/1719-story-intent-amendment
unit group 1/1	UNKNOWN STEP	2026-10-05T00:39:42.2267628Z  * [new branch]        codex/1720-plan-transition-authority -> origin/codex/1720-plan-transition-authority
unit group 1/1	UNKNOWN STEP	2026-10-05T00:39:42.2268885Z  * [new branch]        codex/1725-mcp-plan-xpr -> origin/codex/1725-mcp-plan-xpr
unit group 1/1	UNKNOWN STEP	2026-10-05T00:39:42.2270041Z  * [new branch]        codex/1764-approval-triad-spec -> origin/codex/1764-approval-triad-spec
unit group 1/1	UNKNOWN STEP	2026-10-05T00:39:42.2271341Z  * [new branch]        codex/1768-review-lifecycle-spec -> origin/codex/1768-review-lifecycle-spec
unit group 1/1	UNKNOWN STEP	2026-10-05T00:39:42.2272747Z  * [new branch]        codex/1779-project-provider-receipts -> origin/codex/1779-project-provider-receipts
unit group 1/1	UNKNOWN STEP	2026-10-05T00:39:42.2274241Z  * [new branch]        codex/1781-actionable-refusal-explain -> origin/codex/1781-actionable-refusal-explain
unit group 1/1	UNKNOWN STEP	2026-10-05T00:39:42.2275605Z  * [new branch]        codex/1782-project-npm-ci-args -> origin/codex/1782-project-npm-ci-args
unit group 1/1	UNKNOWN STEP	2026-10-05T00:39:42.2277133Z  * [new branch]        codex/1783-one-issue-local-trunk-close -> origin/codex/1783-one-issue-local-trunk-close
unit group 1/1	UNKNOWN STEP	2026-10-05T00:39:42.2278575Z  * [new branch]        codex/1787-delivery-waiver-design -> origin/codex/1787-delivery-waiver-design
unit group 1/1	UNKNOWN STEP	2026-10-05T00:39:42.2279797Z  * [new branch]        codex/1806-hook-launcher-spec -> origin/codex/1806-hook-launcher-spec
unit group 1/1	UNKNOWN STEP	2026-10-05T00:39:42.2281039Z  * [new branch]        codex/1809-method-neutral-delivery -> origin/codex/1809-method-neutral-delivery
unit group 1/1	UNKNOWN STEP	2026-10-05T00:39:42.2282294Z  * [new branch]        codex/1818-graphql-usage-plan -> origin/codex/1818-graphql-usage-plan
unit group 1/1	UNKNOWN STEP	2026-10-05T00:39:42.2283513Z  * [new branch]        codex/1830-mutation-guard-context -> origin/codex/1830-mutation-guard-context
unit group 1/1	UNKNOWN STEP	2026-10-05T00:39:42.2285051Z  * [new branch]        codex/1831-codex-skills-read-scope -> origin/codex/1831-codex-skills-read-scope
unit group 1/1	UNKNOWN STEP	2026-10-05T00:39:42.2286389Z  * [new branch]        codex/1838-1839-graphql-usage -> origin/codex/1838-1839-graphql-usage
unit group 1/1	UNKNOWN STEP	2026-10-05T00:39:42.2287384Z  * [new branch]        codex/1841-draft        -> origin/codex/1841-draft
unit group 1/1	UNKNOWN STEP	2026-10-05T00:39:42.2288281Z  * [new branch]        codex/1841-guard-audit  -> origin/codex/1841-guard-audit
unit group 1/1	UNKNOWN STEP	2026-10-05T00:39:42.2289174Z  * [new branch]        codex/1847-draft        -> origin/codex/1847-draft
unit group 1/1	UNKNOWN STEP	2026-10-05T00:39:42.2290199Z  * [new branch]        codex/1848-backlog-design-drafts -> origin/codex/1848-backlog-design-drafts
unit group 1/1	UNKNOWN STEP	2026-10-05T00:39:42.2291295Z  * [new branch]        codex/1857-continuation -> origin/codex/1857-continuation
unit group 1/1	UNKNOWN STEP	2026-10-05T00:39:42.2292512Z  * [new branch]        codex/1859-consolidated-safety-5076a2ab -> origin/codex/1859-consolidated-safety-5076a2ab
unit group 1/1	UNKNOWN STEP	2026-10-05T00:39:42.2293962Z  * [new branch]        codex/1859-delivery-history-d3a92172 -> origin/codex/1859-delivery-history-d3a92172
unit group 1/1	UNKNOWN STEP	2026-10-05T00:39:42.2295235Z  * [new branch]        codex/1882-child-ci-integration -> origin/codex/1882-child-ci-integration
unit group 1/1	UNKNOWN STEP	2026-10-05T00:39:42.2296641Z  * [new branch]        codex/876-centralize-test-corpus -> origin/codex/876-centralize-test-corpus
unit group 1/1	UNKNOWN STEP	2026-10-05T00:39:42.2297861Z  * [new branch]        codex/937-promote-test-parity -> origin/codex/937-promote-test-parity
unit group 1/1	UNKNOWN STEP	2026-10-05T00:39:42.2298961Z  * [new branch]        codex/939-full-auto-merge -> origin/codex/939-full-auto-merge
unit group 1/1	UNKNOWN STEP	2026-10-05T00:39:42.2300057Z  * [new branch]        codex/977-duration-field-labels -> origin/codex/977-duration-field-labels
unit group 1/1	UNKNOWN STEP	2026-10-05T00:39:42.2301254Z  * [new branch]        codex/agentic-diagram-gallery -> origin/codex/agentic-diagram-gallery
unit group 1/1	UNKNOWN STEP	2026-10-05T00:39:42.2302381Z  * [new branch]        codex/ai-peer-review-design -> origin/codex/ai-peer-review-design
unit group 1/1	UNKNOWN STEP	2026-10-05T00:39:42.2303786Z  * [new branch]        codex/aitm-mcp-adapter-architecture -> origin/codex/aitm-mcp-adapter-architecture
unit group 1/1	UNKNOWN STEP	2026-10-05T00:39:42.2305227Z  * [new branch]        codex/archive-1053-pre-github-native-pivot -> origin/codex/archive-1053-pre-github-native-pivot
unit group 1/1	UNKNOWN STEP	2026-10-05T00:39:42.2306894Z  * [new branch]        codex/archive-1054-pre-github-native-pivot -> origin/codex/archive-1054-pre-github-native-pivot
unit group 1/1	UNKNOWN STEP	2026-10-05T00:39:42.2308349Z  * [new branch]        codex/audit-1633-done-delivery-survey -> origin/codex/audit-1633-done-delivery-survey
unit group 1/1	UNKNOWN STEP	2026-10-05T00:39:42.2309736Z  * [new branch]        codex/audit-1635-1624-delivery-recovery -> origin/codex/audit-1635-1624-delivery-recovery
unit group 1/1	UNKNOWN STEP	2026-10-05T00:39:42.2311001Z  * [new branch]        codex/backlog-history-epic -> origin/codex/backlog-history-epic
unit group 1/1	UNKNOWN STEP	2026-10-05T00:39:42.2312156Z  * [new branch]        codex/chore-1512-full-auto-default -> origin/codex/chore-1512-full-auto-default
unit group 1/1	UNKNOWN STEP	2026-10-05T00:39:42.2313415Z  * [new branch]        codex/chore-github-native-records -> origin/codex/chore-github-native-records
unit group 1/1	UNKNOWN STEP	2026-10-05T00:39:42.2314672Z  * [new branch]        codex/chore-latest-dependencies -> origin/codex/chore-latest-dependencies
unit group 1/1	UNKNOWN STEP	2026-10-05T00:39:42.2315775Z  * [new branch]        codex/claude-hook-cleanup -> origin/codex/claude-hook-cleanup
unit group 1/1	UNKNOWN STEP	2026-10-05T00:39:42.2317080Z  * [new branch]        codex/defect-1481-receipt-integrity -> origin/codex/defect-1481-receipt-integrity
unit group 1/1	UNKNOWN STEP	2026-10-05T00:39:42.2318428Z  * [new branch]        codex/defect-1485-merge-back-authority -> origin/codex/defect-1485-merge-back-authority
unit group 1/1	UNKNOWN STEP	2026-10-05T00:39:42.2319782Z  * [new branch]        codex/defect-1488-review-bind-timer -> origin/codex/defect-1488-review-bind-timer
unit group 1/1	UNKNOWN STEP	2026-10-05T00:39:42.2321196Z  * [new branch]        codex/defect-1490-squash-delivery-proof -> origin/codex/defect-1490-squash-delivery-proof
unit group 1/1	UNKNOWN STEP	2026-10-05T00:39:42.2322582Z  * [new branch]        codex/defect-1574-historical-intent -> origin/codex/defect-1574-historical-intent
unit group 1/1	UNKNOWN STEP	2026-10-05T00:39:42.2324084Z  * [new branch]        codex/defect-1583-secondary-squash-recovery -> origin/codex/defect-1583-secondary-squash-recovery
unit group 1/1	UNKNOWN STEP	2026-10-05T00:39:42.2325749Z  * [new branch]        codex/defect-1595-vc-citation -> origin/codex/defect-1595-vc-citation
unit group 1/1	UNKNOWN STEP	2026-10-05T00:39:42.2327254Z  * [new branch]        codex/defect-1597-tombstone-recovery -> origin/codex/defect-1597-tombstone-recovery
unit group 1/1	UNKNOWN STEP	2026-10-05T00:39:42.2328696Z  * [new branch]        codex/defect-1599-test-receipt-ac-tick -> origin/codex/defect-1599-test-receipt-ac-tick
unit group 1/1	UNKNOWN STEP	2026-10-05T00:39:42.2330283Z  * [new branch]        codex/defect-1601-merge-back-child-authority -> origin/codex/defect-1601-merge-back-child-authority
unit group 1/1	UNKNOWN STEP	2026-10-05T00:39:42.2331844Z  * [new branch]        codex/defect-1603-epic-test-deferral -> origin/codex/defect-1603-epic-test-deferral
unit group 1/1	UNKNOWN STEP	2026-10-05T00:39:42.2333299Z  * [new branch]        codex/defect-1632-trunk-delivery-gate -> origin/codex/defect-1632-trunk-delivery-gate
unit group 1/1	UNKNOWN STEP	2026-10-05T00:39:42.2335059Z  * [new branch]        codex/defect-1755-delivery-attribution-exception -> origin/codex/defect-1755-delivery-attribution-exception
unit group 1/1	UNKNOWN STEP	2026-10-05T00:39:42.2337271Z  * [new branch]        codex/defect-1802-close-readiness-trunk-default -> origin/codex/defect-1802-close-readiness-trunk-default
unit group 1/1	UNKNOWN STEP	2026-10-05T00:39:42.2338939Z  * [new branch]        codex/estimation-rubric-spec -> origin/codex/estimation-rubric-spec
unit group 1/1	UNKNOWN STEP	2026-10-05T00:39:42.2340766Z  * [new branch]        codex/feature-1514-externalize-forecast-comparables -> origin/codex/feature-1514-externalize-forecast-comparables
unit group 1/1	UNKNOWN STEP	2026-10-05T00:39:42.2343046Z  * [new branch]        codex/feature-1557-blocked-disposition-dependencies -> origin/codex/feature-1557-blocked-disposition-dependencies
unit group 1/1	UNKNOWN STEP	2026-10-05T00:39:42.2345043Z  * [new branch]        codex/graphql-usage-and-backlog-specs -> origin/codex/graphql-usage-and-backlog-specs
unit group 1/1	UNKNOWN STEP	2026-10-05T00:39:42.2346745Z  * [new branch]        codex/graphql-usage-spike-story -> origin/codex/graphql-usage-spike-story
unit group 1/1	UNKNOWN STEP	2026-10-05T00:39:42.2348270Z  * [new branch]        codex/issue-1486-graph-node-authority -> origin/codex/issue-1486-graph-node-authority
unit group 1/1	UNKNOWN STEP	2026-10-05T00:39:42.2350243Z  * [new branch]        codex/issue-1516-author-finalization-contract -> origin/codex/issue-1516-author-finalization-contract
unit group 1/1	UNKNOWN STEP	2026-10-05T00:39:42.2351937Z  * [new branch]        codex/issue-1573-merge-method-help -> origin/codex/issue-1573-merge-method-help
unit group 1/1	UNKNOWN STEP	2026-10-05T00:39:42.2353474Z  * [new branch]        codex/issue-1579-governed-plan-policy -> origin/codex/issue-1579-governed-plan-policy
unit group 1/1	UNKNOWN STEP	2026-10-05T00:39:42.2355075Z  * [new branch]        codex/issue-1581-reviewer-lint-policy -> origin/codex/issue-1581-reviewer-lint-policy
unit group 1/1	UNKNOWN STEP	2026-10-05T00:39:42.2356931Z  * [new branch]        codex/issue-1591-legacy-index-reconciliation -> origin/codex/issue-1591-legacy-index-reconciliation
unit group 1/1	UNKNOWN STEP	2026-10-05T00:39:42.2358716Z  * [new branch]        codex/issue-1592-remove-co-review-runtime -> origin/codex/issue-1592-remove-co-review-runtime
unit group 1/1	UNKNOWN STEP	2026-10-05T00:39:42.2360351Z  * [new branch]        codex/issue-1609-finalize-cli-result -> origin/codex/issue-1609-finalize-cli-result
unit group 1/1	UNKNOWN STEP	2026-10-05T00:39:42.2361718Z  * [new branch]        codex/node-24-runtime-floor -> origin/codex/node-24-runtime-floor
unit group 1/1	UNKNOWN STEP	2026-10-05T00:39:42.2362958Z  * [new branch]        codex/pages-evidence-diagrams -> origin/codex/pages-evidence-diagrams
unit group 1/1	UNKNOWN STEP	2026-10-05T00:39:42.2364208Z  * [new branch]        codex/parallel-chore-mode -> origin/codex/parallel-chore-mode
unit group 1/1	UNKNOWN STEP	2026-10-05T00:39:42.2365668Z  * [new branch]        codex/stabilization-authority-design -> origin/codex/stabilization-authority-design
unit group 1/1	UNKNOWN STEP	2026-10-05T00:39:42.2367279Z  * [new branch]        codex/uninstall-cleanup -> origin/codex/uninstall-cleanup
unit group 1/1	UNKNOWN STEP	2026-10-05T00:39:42.2368352Z  * [new branch]        delivered-plans         -> origin/delivered-plans
unit group 1/1	UNKNOWN STEP	2026-10-05T00:39:42.2369512Z  * [new branch]        docs/article-series-updates -> origin/docs/article-series-updates
unit group 1/1	UNKNOWN STEP	2026-10-05T00:39:42.2370732Z  * [new branch]        docs/linkedin-articles  -> origin/docs/linkedin-articles
unit group 1/1	UNKNOWN STEP	2026-10-05T00:39:42.2371997Z  * [new branch]        feature/1099-publish-articles -> origin/feature/1099-publish-articles
unit group 1/1	UNKNOWN STEP	2026-10-05T00:39:42.2373623Z  * [new branch]        feature/1101-bibliography-links -> origin/feature/1101-bibliography-links
unit group 1/1	UNKNOWN STEP	2026-10-05T00:39:42.2374990Z  * [new branch]        feature/1102-diagram-drift -> origin/feature/1102-diagram-drift
unit group 1/1	UNKNOWN STEP	2026-10-05T00:39:42.2376539Z  * [new branch]        feature/1158-kind-aware-test-lanes -> origin/feature/1158-kind-aware-test-lanes
unit group 1/1	UNKNOWN STEP	2026-10-05T00:39:42.2378122Z  * [new branch]        feature/1218-verification-plugins -> origin/feature/1218-verification-plugins
unit group 1/1	UNKNOWN STEP	2026-10-05T00:39:42.2379640Z  * [new branch]        feature/1250-declarable-verify -> origin/feature/1250-declarable-verify
unit group 1/1	UNKNOWN STEP	2026-10-05T00:39:42.2380842Z  * [new branch]        feature/1869            -> origin/feature/1869
unit group 1/1	UNKNOWN STEP	2026-10-05T00:39:42.2382069Z  * [new branch]        feature/854-assert-file-excludes -> origin/feature/854-assert-file-excludes
unit group 1/1	UNKNOWN STEP	2026-10-05T00:39:42.2383496Z  * [new branch]        feature/922-sandbox-flake -> origin/feature/922-sandbox-flake
unit group 1/1	UNKNOWN STEP	2026-10-05T00:39:42.2384928Z  * [new branch]        feature/952-testall-lane-migration -> origin/feature/952-testall-lane-migration
unit group 1/1	UNKNOWN STEP	2026-10-05T00:39:42.2386590Z  * [new branch]        feature/964-strict-argv-manifest -> origin/feature/964-strict-argv-manifest
unit group 1/1	UNKNOWN STEP	2026-10-05T00:39:42.2388055Z  * [new branch]        feature/968-movestate-trunkref -> origin/feature/968-movestate-trunkref
unit group 1/1	UNKNOWN STEP	2026-10-05T00:39:42.2389303Z  * [new branch]        feature/child/1006      -> origin/feature/child/1006
unit group 1/1	UNKNOWN STEP	2026-10-05T00:39:42.2390685Z  * [new branch]        feature/child/1006-finalize -> origin/feature/child/1006-finalize
unit group 1/1	UNKNOWN STEP	2026-10-05T00:39:42.2391959Z  * [new branch]        feature/child/1037      -> origin/feature/child/1037
unit group 1/1	UNKNOWN STEP	2026-10-05T00:39:42.2392931Z  * [new branch]        feature/child/1038      -> origin/feature/child/1038
unit group 1/1	UNKNOWN STEP	2026-10-05T00:39:42.2393768Z  * [new branch]        feature/child/1039      -> origin/feature/child/1039
unit group 1/1	UNKNOWN STEP	2026-10-05T00:39:42.2394607Z  * [new branch]        feature/child/1040      -> origin/feature/child/1040
unit group 1/1	UNKNOWN STEP	2026-10-05T00:39:42.2395638Z  * [new branch]        feature/child/1274      -> origin/feature/child/1274
unit group 1/1	UNKNOWN STEP	2026-10-05T00:39:42.2396687Z  * [new branch]        feature/child/1275      -> origin/feature/child/1275
unit group 1/1	UNKNOWN STEP	2026-10-05T00:39:42.2397579Z  * [new branch]        feature/child/1276      -> origin/feature/child/1276
unit group 1/1	UNKNOWN STEP	2026-10-05T00:39:42.2398481Z  * [new branch]        feature/child/1277      -> origin/feature/child/1277
unit group 1/1	UNKNOWN STEP	2026-10-05T00:39:42.2399356Z  * [new branch]        feature/child/1278      -> origin/feature/child/1278
unit group 1/1	UNKNOWN STEP	2026-10-05T00:39:42.2400242Z  * [new branch]        feature/child/1324      -> origin/feature/child/1324
unit group 1/1	UNKNOWN STEP	2026-10-05T00:39:42.2401118Z  * [new branch]        feature/child/1325      -> origin/feature/child/1325
unit group 1/1	UNKNOWN STEP	2026-10-05T00:39:42.2401972Z  * [new branch]        feature/child/1658      -> origin/feature/child/1658
unit group 1/1	UNKNOWN STEP	2026-10-05T00:39:42.2402878Z  * [new branch]        feature/child/1659      -> origin/feature/child/1659
unit group 1/1	UNKNOWN STEP	2026-10-05T00:39:42.2403809Z  * [new branch]        feature/child/1660      -> origin/feature/child/1660
unit group 1/1	UNKNOWN STEP	2026-10-05T00:39:42.2404738Z  * [new branch]        feature/child/1661      -> origin/feature/child/1661
unit group 1/1	UNKNOWN STEP	2026-10-05T00:39:42.2405638Z  * [new branch]        feature/child/1674      -> origin/feature/child/1674
unit group 1/1	UNKNOWN STEP	2026-10-05T00:39:42.2406653Z  * [new branch]        feature/child/1678      -> origin/feature/child/1678
unit group 1/1	UNKNOWN STEP	2026-10-05T00:39:42.2407564Z  * [new branch]        feature/child/1837      -> origin/feature/child/1837
unit group 1/1	UNKNOWN STEP	2026-10-05T00:39:42.2408510Z  * [new branch]        feature/epic/1005       -> origin/feature/epic/1005
unit group 1/1	UNKNOWN STEP	2026-10-05T00:39:42.2409481Z  * [new branch]        feature/epic/1006       -> origin/feature/epic/1006
unit group 1/1	UNKNOWN STEP	2026-10-05T00:39:42.2410459Z  * [new branch]        feature/epic/1048       -> origin/feature/epic/1048
unit group 1/1	UNKNOWN STEP	2026-10-05T00:39:42.2411417Z  * [new branch]        feature/epic/1067       -> origin/feature/epic/1067
unit group 1/1	UNKNOWN STEP	2026-10-05T00:39:42.2412354Z  * [new branch]        feature/epic/1118       -> origin/feature/epic/1118
unit group 1/1	UNKNOWN STEP	2026-10-05T00:39:42.2413280Z  * [new branch]        feature/epic/1122       -> origin/feature/epic/1122
unit group 1/1	UNKNOWN STEP	2026-10-05T00:39:42.2414312Z  * [new branch]        feature/epic/1178       -> origin/feature/epic/1178
unit group 1/1	UNKNOWN STEP	2026-10-05T00:39:42.2415229Z  * [new branch]        feature/epic/1558       -> origin/feature/epic/1558
unit group 1/1	UNKNOWN STEP	2026-10-05T00:39:42.2416289Z  * [new branch]        feature/epic/1624       -> origin/feature/epic/1624
unit group 1/1	UNKNOWN STEP	2026-10-05T00:39:42.2417173Z  * [new branch]        feature/epic/1818       -> origin/feature/epic/1818
unit group 1/1	UNKNOWN STEP	2026-10-05T00:39:42.2418149Z  * [new branch]        feature/epic/1857/parent -> origin/feature/epic/1857/parent
unit group 1/1	UNKNOWN STEP	2026-10-05T00:39:42.2419102Z  * [new branch]        feature/epic/859        -> origin/feature/epic/859
unit group 1/1	UNKNOWN STEP	2026-10-05T00:39:42.2419970Z  * [new branch]        feature/epic/987        -> origin/feature/epic/987
unit group 1/1	UNKNOWN STEP	2026-10-05T00:39:42.2420838Z  * [new branch]        fix-old-hooks           -> origin/fix-old-hooks
unit group 1/1	UNKNOWN STEP	2026-10-05T00:39:42.2421870Z  * [new branch]        fix/1104-timezone-timing-row -> origin/fix/1104-timezone-timing-row
unit group 1/1	UNKNOWN STEP	2026-10-05T00:39:42.2423063Z  * [new branch]        fix/947-closed-child-gate -> origin/fix/947-closed-child-gate
unit group 1/1	UNKNOWN STEP	2026-10-05T00:39:42.2424279Z  * [new branch]        fix/949-ci-shallow-provenance -> origin/fix/949-ci-shallow-provenance
unit group 1/1	UNKNOWN STEP	2026-10-05T00:39:42.2425380Z  * [new branch]        ignore-vscode           -> origin/ignore-vscode
unit group 1/1	UNKNOWN STEP	2026-10-05T00:39:42.2426516Z  * [new branch]        scheduled-archive-trimmer -> origin/scheduled-archive-trimmer
unit group 1/1	UNKNOWN STEP	2026-10-05T00:39:42.2427516Z  * [new branch]        setup-aipr              -> origin/setup-aipr
unit group 1/1	UNKNOWN STEP	2026-10-05T00:39:42.2428325Z  * [new branch]        setup/config            -> origin/setup/config
unit group 1/1	UNKNOWN STEP	2026-10-05T00:39:42.2429287Z  * [new branch]        spec/grok-provider-adapter -> origin/spec/grok-provider-adapter
unit group 1/1	UNKNOWN STEP	2026-10-05T00:39:42.2430346Z  * [new branch]        tarball-management      -> origin/tarball-management
unit group 1/1	UNKNOWN STEP	2026-10-05T00:39:42.2431175Z  * [new branch]        trunk                   -> origin/trunk
unit group 1/1	UNKNOWN STEP	2026-10-05T00:39:42.2431983Z  * [new branch]        update-aipr-setup       -> origin/update-aipr-setup
unit group 1/1	UNKNOWN STEP	2026-10-05T00:39:42.2433237Z  * [new branch]        worktree-agent-a0c46a2ad403e0420 -> origin/worktree-agent-a0c46a2ad403e0420
unit group 1/1	UNKNOWN STEP	2026-10-05T00:39:42.2434607Z  * [new branch]        worktree-agent-a3404f6127ec70d95 -> origin/worktree-agent-a3404f6127ec70d95
unit group 1/1	UNKNOWN STEP	2026-10-05T00:39:42.2435961Z  * [new branch]        worktree-agent-a5f5f4656cd9e586d -> origin/worktree-agent-a5f5f4656cd9e586d
unit group 1/1	UNKNOWN STEP	2026-10-05T00:39:42.2437458Z  * [new branch]        worktree-agent-a6584b7cdfde5a3cb -> origin/worktree-agent-a6584b7cdfde5a3cb
unit group 1/1	UNKNOWN STEP	2026-10-05T00:39:42.2438818Z  * [new branch]        worktree-agent-a9fbb044d83216a08 -> origin/worktree-agent-a9fbb044d83216a08
unit group 1/1	UNKNOWN STEP	2026-10-05T00:39:42.2440166Z  * [new branch]        worktree-agent-abe694a686a870374 -> origin/worktree-agent-abe694a686a870374
unit group 1/1	UNKNOWN STEP	2026-10-05T00:39:42.2441295Z  * [new ref]           f1770de1711c11a99d59fac064b43cc7ab17cc6c -> pull/1886/merge
unit group 1/1	UNKNOWN STEP	2026-10-05T00:39:42.2443020Z ##[endgroup]
unit group 1/1	UNKNOWN STEP	2026-10-05T00:39:42.2443550Z ##[group]Determining the checkout info
unit group 1/1	UNKNOWN STEP	2026-10-05T00:39:42.2444196Z ##[endgroup]
unit group 1/1	UNKNOWN STEP	2026-10-05T00:39:42.2444547Z [command]/usr/bin/git sparse-checkout disable
unit group 1/1	UNKNOWN STEP	2026-10-05T00:39:42.3328768Z [command]/usr/bin/git config --local --unset-all extensions.worktreeConfig
unit group 1/1	UNKNOWN STEP	2026-10-05T00:39:42.4527492Z ##[group]Checking out the ref
unit group 1/1	UNKNOWN STEP	2026-10-05T00:39:42.4528920Z [command]/usr/bin/git checkout --progress --force refs/remotes/pull/1886/merge
unit group 1/1	UNKNOWN STEP	2026-10-05T00:39:42.7016069Z Note: switching to 'refs/remotes/pull/1886/merge'.
unit group 1/1	UNKNOWN STEP	2026-10-05T00:39:42.7016469Z 
unit group 1/1	UNKNOWN STEP	2026-10-05T00:39:42.7016649Z You are in 'detached HEAD' state. You can look around, make experimental
unit group 1/1	UNKNOWN STEP	2026-10-05T00:39:42.7016964Z changes and commit them, and you can discard any commits you make in this
unit group 1/1	UNKNOWN STEP	2026-10-05T00:39:42.7017287Z state without impacting any branches by switching back to a branch.
unit group 1/1	UNKNOWN STEP	2026-10-05T00:39:42.7017460Z 
unit group 1/1	UNKNOWN STEP	2026-10-05T00:39:42.7017604Z If you want to create a new branch to retain commits you create, you may
unit group 1/1	UNKNOWN STEP	2026-10-05T00:39:42.7017900Z do so (now or later) by using -c with the switch command. Example:
unit group 1/1	UNKNOWN STEP	2026-10-05T00:39:42.7018054Z 
unit group 1/1	UNKNOWN STEP	2026-10-05T00:39:42.7018390Z   git switch -c <new-branch-name>
unit group 1/1	UNKNOWN STEP	2026-10-05T00:39:42.7018515Z 
unit group 1/1	UNKNOWN STEP	2026-10-05T00:39:42.7018597Z Or undo this operation with:
unit group 1/1	UNKNOWN STEP	2026-10-05T00:39:42.7018705Z 
unit group 1/1	UNKNOWN STEP	2026-10-05T00:39:42.7018796Z   git switch -
unit group 1/1	UNKNOWN STEP	2026-10-05T00:39:42.7018924Z 
unit group 1/1	UNKNOWN STEP	2026-10-05T00:39:42.7019117Z Turn off this advice by setting config variable advice.detachedHead to false
unit group 1/1	UNKNOWN STEP	2026-10-05T00:39:42.7019303Z 
unit group 1/1	UNKNOWN STEP	2026-10-05T00:39:42.7019534Z HEAD is now at f1770de1 Merge 112988f8e68b59ac3080e775ad97c5507f263eb8 into 24f8b2ab322a59a4caed027f93170ea699e5478f
unit group 1/1	UNKNOWN STEP	2026-10-05T00:39:42.7037007Z ##[endgroup]
unit group 1/1	UNKNOWN STEP	2026-10-05T00:39:42.7077038Z [command]/usr/bin/git log -1 --format=%H
unit group 1/1	UNKNOWN STEP	2026-10-05T00:39:42.7099491Z f1770de1711c11a99d59fac064b43cc7ab17cc6c
unit group 1/1	UNKNOWN STEP	2026-10-05T00:39:42.7333601Z ##[group]Run set -euo pipefail
unit group 1/1	UNKNOWN STEP	2026-10-05T00:39:42.7333990Z ^[[36;1mset -euo pipefail^[[0m
unit group 1/1	UNKNOWN STEP	2026-10-05T00:39:42.7334577Z ^[[36;1msource=$(jq -er '.sourceCommit | select(test("^[0-9a-f]{40}$"))' scripts/tests/fixtures/1857/1866-current/final-capture-manifest.json)^[[0m
unit group 1/1	UNKNOWN STEP	2026-10-05T00:39:42.7334996Z ^[[36;1mif ! git cat-file -e "$source^{commit}" 2>/dev/null; then^[[0m
unit group 1/1	UNKNOWN STEP	2026-10-05T00:39:42.7335234Z ^[[36;1m  git fetch --no-tags origin "$source"^[[0m
unit group 1/1	UNKNOWN STEP	2026-10-05T00:39:42.7335420Z ^[[36;1mfi^[[0m
unit group 1/1	UNKNOWN STEP	2026-10-05T00:39:42.7335575Z ^[[36;1mgit cat-file -e "$source^{commit}"^[[0m
unit group 1/1	UNKNOWN STEP	2026-10-05T00:39:42.8119498Z shell: /usr/bin/bash -e {0}
unit group 1/1	UNKNOWN STEP	2026-10-05T00:39:42.8119703Z env:
unit group 1/1	UNKNOWN STEP	2026-10-05T00:39:42.8119890Z   AITM_SOURCE_HEAD: 112988f8e68b59ac3080e775ad97c5507f263eb8
unit group 1/1	UNKNOWN STEP	2026-10-05T00:39:42.8120112Z   GIT_AUTHOR_NAME: kendrick burson
unit group 1/1	UNKNOWN STEP	2026-10-05T00:39:42.8120295Z   GIT_AUTHOR_EMAIL: kpburson@pm.me
unit group 1/1	UNKNOWN STEP	2026-10-05T00:39:42.8120479Z   GIT_COMMITTER_NAME: kendrick burson
unit group 1/1	UNKNOWN STEP	2026-10-05T00:39:42.8120685Z   GIT_COMMITTER_EMAIL: kpburson@pm.me
unit group 1/1	UNKNOWN STEP	2026-10-05T00:39:42.8120861Z ##[endgroup]
unit group 1/1	UNKNOWN STEP	2026-10-05T00:39:43.0785042Z From https://github.com/kburson/ai-task-manager
unit group 1/1	UNKNOWN STEP	2026-10-05T00:39:43.0785575Z  * branch              e6b3fc3693df16a8baf3b1d9d469159234320a0d -> FETCH_HEAD
unit group 1/1	UNKNOWN STEP	2026-10-05T00:39:43.0847284Z ##[group]Run git fetch --no-tags origin trunk:trunk
unit group 1/1	UNKNOWN STEP	2026-10-05T00:39:43.0847558Z ^[[36;1mgit fetch --no-tags origin trunk:trunk^[[0m
unit group 1/1	UNKNOWN STEP	2026-10-05T00:39:43.0902484Z shell: /usr/bin/bash -e {0}
unit group 1/1	UNKNOWN STEP	2026-10-05T00:39:43.0902656Z env:
unit group 1/1	UNKNOWN STEP	2026-10-05T00:39:43.0902834Z   AITM_SOURCE_HEAD: 112988f8e68b59ac3080e775ad97c5507f263eb8
unit group 1/1	UNKNOWN STEP	2026-10-05T00:39:43.0903057Z   GIT_AUTHOR_NAME: kendrick burson
unit group 1/1	UNKNOWN STEP	2026-10-05T00:39:43.0903239Z   GIT_AUTHOR_EMAIL: kpburson@pm.me
unit group 1/1	UNKNOWN STEP	2026-10-05T00:39:43.0903424Z   GIT_COMMITTER_NAME: kendrick burson
unit group 1/1	UNKNOWN STEP	2026-10-05T00:39:43.0903611Z   GIT_COMMITTER_EMAIL: kpburson@pm.me
unit group 1/1	UNKNOWN STEP	2026-10-05T00:39:43.0903790Z ##[endgroup]
unit group 1/1	UNKNOWN STEP	2026-10-05T00:39:43.3965134Z From https://github.com/kburson/ai-task-manager
unit group 1/1	UNKNOWN STEP	2026-10-05T00:39:43.3965449Z  * [new branch]        trunk      -> trunk
unit group 1/1	UNKNOWN STEP	2026-10-05T00:39:43.4043624Z ##[group]Run actions/setup-node@v5
unit group 1/1	UNKNOWN STEP	2026-10-05T00:39:43.4043772Z with:
unit group 1/1	UNKNOWN STEP	2026-10-05T00:39:43.4043884Z   node-version: 24
unit group 1/1	UNKNOWN STEP	2026-10-05T00:39:43.4043997Z   cache: npm
unit group 1/1	UNKNOWN STEP	2026-10-05T00:39:43.4044107Z   always-auth: false
unit group 1/1	UNKNOWN STEP	2026-10-05T00:39:43.4044228Z   check-latest: false
unit group 1/1	UNKNOWN STEP	2026-10-05T00:39:43.4045622Z   token: ***
unit group 1/1	UNKNOWN STEP	2026-10-05T00:39:43.4045739Z   package-manager-cache: true
unit group 1/1	UNKNOWN STEP	2026-10-05T00:39:43.4045871Z env:
unit group 1/1	UNKNOWN STEP	2026-10-05T00:39:43.4046010Z   AITM_SOURCE_HEAD: 112988f8e68b59ac3080e775ad97c5507f263eb8
unit group 1/1	UNKNOWN STEP	2026-10-05T00:39:43.4046370Z   GIT_AUTHOR_NAME: kendrick burson
unit group 1/1	UNKNOWN STEP	2026-10-05T00:39:43.4046547Z   GIT_AUTHOR_EMAIL: kpburson@pm.me
unit group 1/1	UNKNOWN STEP	2026-10-05T00:39:43.4046689Z   GIT_COMMITTER_NAME: kendrick burson
unit group 1/1	UNKNOWN STEP	2026-10-05T00:39:43.4046834Z   GIT_COMMITTER_EMAIL: kpburson@pm.me
unit group 1/1	UNKNOWN STEP	2026-10-05T00:39:43.4046973Z ##[endgroup]
unit group 1/1	UNKNOWN STEP	2026-10-05T00:39:43.4977446Z Found in cache @ /opt/hostedtoolcache/node/24.21.0/x64
unit group 1/1	UNKNOWN STEP	2026-10-05T00:39:43.4980710Z (node:2104) [DEP0040] DeprecationWarning: The `punycode` module is deprecated. Please use a userland alternative instead.
unit group 1/1	UNKNOWN STEP	2026-10-05T00:39:43.4981311Z (Use `node --trace-deprecation ...` to show where the warning was created)
unit group 1/1	UNKNOWN STEP	2026-10-05T00:39:43.4982477Z ##[group]Environment details
unit group 1/1	UNKNOWN STEP	2026-10-05T00:39:46.1760744Z node: v24.21.0
unit group 1/1	UNKNOWN STEP	2026-10-05T00:39:46.1760999Z npm: 11.19.0
unit group 1/1	UNKNOWN STEP	2026-10-05T00:39:46.1761425Z yarn: 1.22.22
unit group 1/1	UNKNOWN STEP	2026-10-05T00:39:46.1762371Z ##[endgroup]
unit group 1/1	UNKNOWN STEP	2026-10-05T00:39:46.1762777Z [command]/opt/hostedtoolcache/node/24.21.0/x64/bin/npm config get cache
unit group 1/1	UNKNOWN STEP	2026-10-05T00:39:46.4618938Z /home/runner/.npm
unit group 1/1	UNKNOWN STEP	2026-10-05T00:39:46.5962996Z Cache hit for: node-cache-Linux-x64-npm-cc486ca1b1418d5126392d04f46db0de0a3accc61a7c1efe42448bcc19b5f0c0
unit group 1/1	UNKNOWN STEP	2026-10-05T00:39:46.6019541Z (node:2104) [DEP0169] DeprecationWarning: `url.parse()` behavior is not standardized and prone to errors that have security implications. Use the WHATWG URL API instead. CVEs are not issued for `url.parse()` vulnerabilities.
unit group 1/1	UNKNOWN STEP	2026-10-05T00:39:47.3657203Z Received 33767279 of 33767279 (100.0%), 52.7 MBs/sec
unit group 1/1	UNKNOWN STEP	2026-10-05T00:39:47.3657561Z Cache Size: ~32 MB (33767279 B)
unit group 1/1	UNKNOWN STEP	2026-10-05T00:39:47.3674048Z [command]/usr/bin/tar -xf /home/runner/work/_temp/db66702b-6311-4cd7-a795-ee1a0cf01954/cache.tzst -P -C /home/runner/work/ai-task-manager/ai-task-manager --use-compress-program unzstd
unit group 1/1	UNKNOWN STEP	2026-10-05T00:39:47.4765097Z Cache restored successfully
unit group 1/1	UNKNOWN STEP	2026-10-05T00:39:47.4784223Z Cache restored from key: node-cache-Linux-x64-npm-cc486ca1b1418d5126392d04f46db0de0a3accc61a7c1efe42448bcc19b5f0c0
unit group 1/1	UNKNOWN STEP	2026-10-05T00:39:47.4902236Z ##[group]Run npm ci
unit group 1/1	UNKNOWN STEP	2026-10-05T00:39:47.4902375Z ^[[36;1mnpm ci^[[0m
unit group 1/1	UNKNOWN STEP	2026-10-05T00:39:47.5028999Z shell: /usr/bin/bash -e {0}
unit group 1/1	UNKNOWN STEP	2026-10-05T00:39:47.5029153Z env:
unit group 1/1	UNKNOWN STEP	2026-10-05T00:39:47.5029303Z   AITM_SOURCE_HEAD: 112988f8e68b59ac3080e775ad97c5507f263eb8
unit group 1/1	UNKNOWN STEP	2026-10-05T00:39:47.5029495Z   GIT_AUTHOR_NAME: kendrick burson
unit group 1/1	UNKNOWN STEP	2026-10-05T00:39:47.5029647Z   GIT_AUTHOR_EMAIL: kpburson@pm.me
unit group 1/1	UNKNOWN STEP	2026-10-05T00:39:47.5029798Z   GIT_COMMITTER_NAME: kendrick burson
unit group 1/1	UNKNOWN STEP	2026-10-05T00:39:47.5029951Z   GIT_COMMITTER_EMAIL: kpburson@pm.me
unit group 1/1	UNKNOWN STEP	2026-10-05T00:39:47.5030093Z ##[endgroup]
unit group 1/1	UNKNOWN STEP	2026-10-05T00:39:53.9430849Z 
unit group 1/1	UNKNOWN STEP	2026-10-05T00:39:53.9436085Z added 319 packages, and audited 320 packages in 6s
unit group 1/1	UNKNOWN STEP	2026-10-05T00:39:53.9436519Z 
unit group 1/1	UNKNOWN STEP	2026-10-05T00:39:53.9436931Z 102 packages are looking for funding
unit group 1/1	UNKNOWN STEP	2026-10-05T00:39:53.9437304Z   run `npm fund` for details
unit group 1/1	UNKNOWN STEP	2026-10-05T00:39:53.9451221Z 
unit group 1/1	UNKNOWN STEP	2026-10-05T00:39:53.9451369Z 5 high severity vulnerabilities
unit group 1/1	UNKNOWN STEP	2026-10-05T00:39:53.9451495Z 
unit group 1/1	UNKNOWN STEP	2026-10-05T00:39:53.9451750Z To address all issues (including breaking changes), run:
unit group 1/1	UNKNOWN STEP	2026-10-05T00:39:53.9451945Z   npm audit fix --force
unit group 1/1	UNKNOWN STEP	2026-10-05T00:39:53.9452026Z 
unit group 1/1	UNKNOWN STEP	2026-10-05T00:39:53.9452093Z Run `npm audit` for details.
unit group 1/1	UNKNOWN STEP	2026-10-05T00:39:53.9458801Z npm warn install-scripts 1 package has install scripts not yet covered by allowScripts:
unit group 1/1	UNKNOWN STEP	2026-10-05T00:39:53.9459444Z npm warn install-scripts   puppeteer@25.11.0 (postinstall: node install.mjs)
unit group 1/1	UNKNOWN STEP	2026-10-05T00:39:53.9459820Z npm warn install-scripts
unit group 1/1	UNKNOWN STEP	2026-10-05T00:39:53.9460359Z npm warn install-scripts Run `npm install-scripts ls` to review, or `npm install-scripts approve <pkg>` to allow.
unit group 1/1	UNKNOWN STEP	2026-10-05T00:39:53.9939774Z ##[group]Run node --input-type=module <<'NODE'
unit group 1/1	UNKNOWN STEP	2026-10-05T00:39:53.9939997Z ^[[36;1mnode --input-type=module <<'NODE'^[[0m
unit group 1/1	UNKNOWN STEP	2026-10-05T00:39:53.9940165Z ^[[36;1mimport { readFileSync } from 'node:fs';^[[0m
unit group 1/1	UNKNOWN STEP	2026-10-05T00:39:53.9940364Z ^[[36;1mimport { execFileSync } from 'node:child_process';^[[0m
unit group 1/1	UNKNOWN STEP	2026-10-05T00:39:53.9940616Z ^[[36;1mconst lock = JSON.parse(readFileSync('package-lock.json', 'utf8'));^[[0m
unit group 1/1	UNKNOWN STEP	2026-10-05T00:39:53.9940877Z ^[[36;1mfor (const [location, pkg] of Object.entries(lock.packages)) {^[[0m
unit group 1/1	UNKNOWN STEP	2026-10-05T00:39:53.9941108Z ^[[36;1m  if (!location || pkg.dev || pkg.link) continue;^[[0m
unit group 1/1	UNKNOWN STEP	2026-10-05T00:39:53.9941337Z ^[[36;1m  const name = pkg.name ?? location.split('node_modules/').at(-1);^[[0m
unit group 1/1	UNKNOWN STEP	2026-10-05T00:39:53.9941614Z ^[[36;1m  execFileSync('npm', ['cache', 'add', `${name}@${pkg.version}`], { stdio: 'inherit' });^[[0m
unit group 1/1	UNKNOWN STEP	2026-10-05T00:39:53.9941835Z ^[[36;1m}^[[0m
unit group 1/1	UNKNOWN STEP	2026-10-05T00:39:53.9941942Z ^[[36;1mNODE^[[0m
unit group 1/1	UNKNOWN STEP	2026-10-05T00:39:53.9998094Z shell: /usr/bin/bash -e {0}
unit group 1/1	UNKNOWN STEP	2026-10-05T00:39:53.9998263Z env:
unit group 1/1	UNKNOWN STEP	2026-10-05T00:39:53.9998410Z   AITM_SOURCE_HEAD: 112988f8e68b59ac3080e775ad97c5507f263eb8
unit group 1/1	UNKNOWN STEP	2026-10-05T00:39:53.9998597Z   GIT_AUTHOR_NAME: kendrick burson
unit group 1/1	UNKNOWN STEP	2026-10-05T00:39:53.9998742Z   GIT_AUTHOR_EMAIL: kpburson@pm.me
unit group 1/1	UNKNOWN STEP	2026-10-05T00:39:53.9998890Z   GIT_COMMITTER_NAME: kendrick burson
unit group 1/1	UNKNOWN STEP	2026-10-05T00:39:53.9999175Z   GIT_COMMITTER_EMAIL: kpburson@pm.me
unit group 1/1	UNKNOWN STEP	2026-10-05T00:39:53.9999317Z ##[endgroup]
unit group 1/1	UNKNOWN STEP	2026-10-05T00:39:55.9824102Z ##[group]Run npm run format:check
unit group 1/1	UNKNOWN STEP	2026-10-05T00:39:55.9824286Z ^[[36;1mnpm run format:check^[[0m
unit group 1/1	UNKNOWN STEP	2026-10-05T00:39:55.9875310Z shell: /usr/bin/bash -e {0}
unit group 1/1	UNKNOWN STEP	2026-10-05T00:39:55.9875465Z env:
unit group 1/1	UNKNOWN STEP	2026-10-05T00:39:55.9875607Z   AITM_SOURCE_HEAD: 112988f8e68b59ac3080e775ad97c5507f263eb8
unit group 1/1	UNKNOWN STEP	2026-10-05T00:39:55.9875791Z   GIT_AUTHOR_NAME: kendrick burson
unit group 1/1	UNKNOWN STEP	2026-10-05T00:39:55.9875935Z   GIT_AUTHOR_EMAIL: kpburson@pm.me
unit group 1/1	UNKNOWN STEP	2026-10-05T00:39:55.9876077Z   GIT_COMMITTER_NAME: kendrick burson
unit group 1/1	UNKNOWN STEP	2026-10-05T00:39:55.9876383Z   GIT_COMMITTER_EMAIL: kpburson@pm.me
unit group 1/1	UNKNOWN STEP	2026-10-05T00:39:55.9876520Z ##[endgroup]
unit group 1/1	UNKNOWN STEP	2026-10-05T00:39:56.0627455Z 
unit group 1/1	UNKNOWN STEP	2026-10-05T00:39:56.0628114Z > @kburson/ai-task-manager@0.1.0 format:check
unit group 1/1	UNKNOWN STEP	2026-10-05T00:39:56.0628401Z > prettier --check .
unit group 1/1	UNKNOWN STEP	2026-10-05T00:39:56.0628488Z 
unit group 1/1	UNKNOWN STEP	2026-10-05T00:39:56.1229447Z Checking formatting...
unit group 1/1	UNKNOWN STEP	2026-10-05T00:40:16.0249805Z All matched files use Prettier code style!
unit group 1/1	UNKNOWN STEP	2026-10-05T00:40:16.0662676Z ##[group]Run npm run lint
unit group 1/1	UNKNOWN STEP	2026-10-05T00:40:16.0662846Z ^[[36;1mnpm run lint^[[0m
unit group 1/1	UNKNOWN STEP	2026-10-05T00:40:16.0713501Z shell: /usr/bin/bash -e {0}
unit group 1/1	UNKNOWN STEP	2026-10-05T00:40:16.0713639Z env:
unit group 1/1	UNKNOWN STEP	2026-10-05T00:40:16.0713787Z   AITM_SOURCE_HEAD: 112988f8e68b59ac3080e775ad97c5507f263eb8
unit group 1/1	UNKNOWN STEP	2026-10-05T00:40:16.0713979Z   GIT_AUTHOR_NAME: kendrick burson
unit group 1/1	UNKNOWN STEP	2026-10-05T00:40:16.0714128Z   GIT_AUTHOR_EMAIL: kpburson@pm.me
unit group 1/1	UNKNOWN STEP	2026-10-05T00:40:16.0714273Z   GIT_COMMITTER_NAME: kendrick burson
unit group 1/1	UNKNOWN STEP	2026-10-05T00:40:16.0714425Z   GIT_COMMITTER_EMAIL: kpburson@pm.me
unit group 1/1	UNKNOWN STEP	2026-10-05T00:40:16.0714642Z ##[endgroup]
unit group 1/1	UNKNOWN STEP	2026-10-05T00:40:16.1381200Z 
unit group 1/1	UNKNOWN STEP	2026-10-05T00:40:16.1381729Z > @kburson/ai-task-manager@0.1.0 lint
unit group 1/1	UNKNOWN STEP	2026-10-05T00:40:16.1383285Z > npm run lint:js && npm run lint:md && npm run lint:spell && npm run lint:tmp && npm run lint:fleet-sandbox && npm run lint:test-layout && npm run lint:test-entrypoint-imports && npm run lint:story-tags && npm run lint:line-cap && npm run lint:test-reach && npm run lint:doc-anchors && npm run lint:action-refusals && npm run lint:guidance-release
unit group 1/1	UNKNOWN STEP	2026-10-05T00:40:16.1384321Z 
unit group 1/1	UNKNOWN STEP	2026-10-05T00:40:16.2012123Z 
unit group 1/1	UNKNOWN STEP	2026-10-05T00:40:16.2012768Z > @kburson/ai-task-manager@0.1.0 lint:js
unit group 1/1	UNKNOWN STEP	2026-10-05T00:40:16.2013013Z > eslint .
unit group 1/1	UNKNOWN STEP	2026-10-05T00:40:16.2013084Z 
unit group 1/1	UNKNOWN STEP	2026-10-05T00:40:24.5943895Z 
unit group 1/1	UNKNOWN STEP	2026-10-05T00:40:24.5944599Z > @kburson/ai-task-manager@0.1.0 lint:md
unit group 1/1	UNKNOWN STEP	2026-10-05T00:40:24.5944875Z > markdownlint-cli2 "**/*.md"
unit group 1/1	UNKNOWN STEP	2026-10-05T00:40:24.5944974Z 
unit group 1/1	UNKNOWN STEP	2026-10-05T00:40:24.7124493Z markdownlint-cli2 v0.23.3 (markdownlint v0.41.1)
unit group 1/1	UNKNOWN STEP	2026-10-05T00:40:24.7129303Z Finding: **/*.md **/*.md !.tmp/** !.scratch/** !node_modules/** !.git/** !.worktrees/** !.claude/worktrees/** !reports/** !coverage/** !output/** !docs/postmortems/** !docs/ai-memory/** !docs/peer-reviews/** !docs/reviews/1857-expanded/**/review-*-author-response-*.md !docs/reviews/1857-expanded/**/review-*-reviewer-response-*.md !docs/reviews/1857-revised-plan-xpr/**/review-*-author-response-*.md !docs/reviews/1857-revised-plan-xpr/**/review-*-reviewer-response-*.md !docs/reviews/1857-remaining-work-xpr-admitted/**/review-*-author-response-*.md !docs/reviews/1857-remaining-work-xpr-admitted/**/review-*-reviewer-response-*.md !docs/superpowers/reviews/**/*-reviewer-*-review.md !docs/superpowers/reviews/**/*-review-*-author-response-*.md !docs/superpowers/reviews/**/*-review-*-reviewer-response-*.md !docs/superpowers/reviews/**/review-*-author-response-*.md !docs/superpowers/reviews/**/review-*-reviewer-response-*.md !docs/superpowers/reviews/**/*-xpr-author-response-r[0-9]*.md !docs/superpowers/reviews/**/*-xpr-reviewer-response-r[0-9]*.md !docs/superpowers/reviews/1219/**/protocol-runs/** !.ai-task-manager/memory/** !.superpowers/** !docs/superpowers/reviews/aitm-mcp-adapter-architecture/XPR-first/XPR/spec/2026-09-20-2026-09-20-aitm-mcp-adapter-architecture-design-review-bf339e74f46697b4da5d2d19cb3c822e/** !docs/superpowers/reviews/aitm-mcp-adapter-architecture/XPR-first/SPR/spec/2026-09-20-2026-09-20-aitm-mcp-adapter-architecture-design-review-d25ab35478c17f6f87b2b8bc4c67190a/** !.ai-task-manager/runtime/test-fixtures/**
unit group 1/1	UNKNOWN STEP	2026-10-05T00:40:24.7659076Z Linting: 817 files
unit group 1/1	UNKNOWN STEP	2026-10-05T00:40:28.7251523Z Summary: 0 issues in 0 files
unit group 1/1	UNKNOWN STEP	2026-10-05T00:40:28.8188657Z 
unit group 1/1	UNKNOWN STEP	2026-10-05T00:40:28.8189386Z > @kburson/ai-task-manager@0.1.0 lint:spell
unit group 1/1	UNKNOWN STEP	2026-10-05T00:40:28.8189903Z > cspell --no-progress "**/*.{md,mjs,js,json}"
unit group 1/1	UNKNOWN STEP	2026-10-05T00:40:28.8190107Z 
unit group 1/1	UNKNOWN STEP	2026-10-05T00:40:40.0433791Z CSpell: Files checked: 3043, Issues found: 0 in 0 files.
unit group 1/1	UNKNOWN STEP	2026-10-05T00:40:40.1689274Z 
unit group 1/1	UNKNOWN STEP	2026-10-05T00:40:40.1689979Z > @kburson/ai-task-manager@0.1.0 lint:tmp
unit group 1/1	UNKNOWN STEP	2026-10-05T00:40:40.1690307Z > node scripts/maintenance/lint-no-system-tmp.mjs
unit group 1/1	UNKNOWN STEP	2026-10-05T00:40:40.1690446Z 
unit group 1/1	UNKNOWN STEP	2026-10-05T00:40:40.3012840Z lint:tmp — 2049 file(s) clean
unit group 1/1	UNKNOWN STEP	2026-10-05T00:40:40.3669457Z 
unit group 1/1	UNKNOWN STEP	2026-10-05T00:40:40.3670084Z > @kburson/ai-task-manager@0.1.0 lint:fleet-sandbox
unit group 1/1	UNKNOWN STEP	2026-10-05T00:40:40.3670401Z > node scripts/maintenance/lint-fleet-sandbox-isolation.mjs
unit group 1/1	UNKNOWN STEP	2026-10-05T00:40:40.3670542Z 
unit group 1/1	UNKNOWN STEP	2026-10-05T00:40:40.4405596Z lint:fleet-sandbox — 1335 test file(s) clean
unit group 1/1	UNKNOWN STEP	2026-10-05T00:40:40.5093828Z 
unit group 1/1	UNKNOWN STEP	2026-10-05T00:40:40.5094109Z > @kburson/ai-task-manager@0.1.0 lint:test-layout
unit group 1/1	UNKNOWN STEP	2026-10-05T00:40:40.5094364Z > node scripts/tests/tools/audit-test-layout.mjs
unit group 1/1	UNKNOWN STEP	2026-10-05T00:40:40.5094489Z 
unit group 1/1	UNKNOWN STEP	2026-10-05T00:40:40.5368779Z audit-test-layout: all 1242 test files declare a canonical scripts/tests/<unit|integration|slow>/ lane.
unit group 1/1	UNKNOWN STEP	2026-10-05T00:40:40.6023452Z 
unit group 1/1	UNKNOWN STEP	2026-10-05T00:40:40.6024130Z > @kburson/ai-task-manager@0.1.0 lint:test-entrypoint-imports
unit group 1/1	UNKNOWN STEP	2026-10-05T00:40:40.6024484Z > node scripts/tests/tools/audit-test-entrypoint-imports.mjs
unit group 1/1	UNKNOWN STEP	2026-10-05T00:40:40.6024633Z 
unit group 1/1	UNKNOWN STEP	2026-10-05T00:40:41.4077573Z audit-test-entrypoint-imports: no discovered test entrypoint imports among 1242 files.
unit group 1/1	UNKNOWN STEP	2026-10-05T00:40:41.4778523Z 
unit group 1/1	UNKNOWN STEP	2026-10-05T00:40:41.4779457Z > @kburson/ai-task-manager@0.1.0 lint:story-tags
unit group 1/1	UNKNOWN STEP	2026-10-05T00:40:41.4779871Z > node scripts/tests/tools/audit-story-tags.mjs
unit group 1/1	UNKNOWN STEP	2026-10-05T00:40:41.4780045Z 
unit group 1/1	UNKNOWN STEP	2026-10-05T00:40:41.5260445Z audit-story-tags: all 1242 test files carry a @story tag.
unit group 1/1	UNKNOWN STEP	2026-10-05T00:40:41.5890030Z 
unit group 1/1	UNKNOWN STEP	2026-10-05T00:40:41.5890668Z > @kburson/ai-task-manager@0.1.0 lint:line-cap
unit group 1/1	UNKNOWN STEP	2026-10-05T00:40:41.5891106Z > node scripts/tests/tools/audit-line-cap.mjs
unit group 1/1	UNKNOWN STEP	2026-10-05T00:40:41.5891295Z 
unit group 1/1	UNKNOWN STEP	2026-10-05T00:40:41.8005122Z audit-line-cap: all test files within 800-line code-LOC limit
unit group 1/1	UNKNOWN STEP	2026-10-05T00:40:41.8006549Z audit-line-cap: review 403-line feature file above soft 400: scripts/tests/integration/task-tracker/core/templates.test.mjs
unit group 1/1	UNKNOWN STEP	2026-10-05T00:40:41.8007561Z audit-line-cap: review 758-line feature file above soft 400: scripts/tests/integration/task-tracker/delivery-waiver-merge-method.integration.test.mjs
unit group 1/1	UNKNOWN STEP	2026-10-05T00:40:41.8008629Z audit-line-cap: review 508-line feature file above soft 400: scripts/tests/integration/task-tracker/gh/lib/eight-state-flow.test.mjs
unit group 1/1	UNKNOWN STEP	2026-10-05T00:40:41.8012692Z audit-line-cap: review 451-line feature file above soft 400: scripts/tests/integration/task-tracker/lib/absolute-word-markers.test.mjs
unit group 1/1	UNKNOWN STEP	2026-10-05T00:40:41.8013685Z audit-line-cap: review 787-line feature file above soft 400: scripts/tests/integration/task-tracker/lib/action-close.test.mjs
unit group 1/1	UNKNOWN STEP	2026-10-05T00:40:41.8014583Z audit-line-cap: review 798-line feature file above soft 400: scripts/tests/integration/task-tracker/lib/action-deliver.test.mjs
unit group 1/1	UNKNOWN STEP	2026-10-05T00:40:41.8015470Z audit-line-cap: review 787-line feature file above soft 400: scripts/tests/integration/task-tracker/lib/action-evaluator.test.mjs
unit group 1/1	UNKNOWN STEP	2026-10-05T00:40:41.8016527Z audit-line-cap: review 558-line feature file above soft 400: scripts/tests/integration/task-tracker/lib/action-normalization.test.mjs
unit group 1/1	UNKNOWN STEP	2026-10-05T00:40:41.8017435Z audit-line-cap: review 607-line feature file above soft 400: scripts/tests/integration/task-tracker/lib/action-review.test.mjs
unit group 1/1	UNKNOWN STEP	2026-10-05T00:40:41.8018327Z audit-line-cap: review 796-line feature file above soft 400: scripts/tests/integration/task-tracker/lib/action-session-promote.test.mjs
unit group 1/1	UNKNOWN STEP	2026-10-05T00:40:41.8019283Z audit-line-cap: review 567-line feature file above soft 400: scripts/tests/integration/task-tracker/lib/action-test.test.mjs
unit group 1/1	UNKNOWN STEP	2026-10-05T00:40:41.8020520Z audit-line-cap: review 685-line feature file above soft 400: scripts/tests/integration/task-tracker/lib/actor-flush-isolation.test.mjs
unit group 1/1	UNKNOWN STEP	2026-10-05T00:40:41.8021406Z audit-line-cap: review 526-line feature file above soft 400: scripts/tests/integration/task-tracker/lib/delivery-waiver-journal.test.mjs
unit group 1/1	UNKNOWN STEP	2026-10-05T00:40:41.8022282Z audit-line-cap: review 411-line feature file above soft 400: scripts/tests/integration/task-tracker/lib/epic-rank-wave-lock.test.mjs
unit group 1/1	UNKNOWN STEP	2026-10-05T00:40:41.8023159Z audit-line-cap: review 547-line feature file above soft 400: scripts/tests/integration/task-tracker/lib/epic-rank-wave-recovery.test.mjs
unit group 1/1	UNKNOWN STEP	2026-10-05T00:40:41.8024151Z audit-line-cap: review 585-line feature file above soft 400: scripts/tests/integration/task-tracker/lib/estimation/adaptive-estimation-close.integration.test.mjs
unit group 1/1	UNKNOWN STEP	2026-10-05T00:40:41.8025370Z audit-line-cap: review 795-line feature file above soft 400: scripts/tests/integration/task-tracker/lib/estimation/adaptive-estimation.integration.test.mjs
unit group 1/1	UNKNOWN STEP	2026-10-05T00:40:41.8026447Z audit-line-cap: review 418-line feature file above soft 400: scripts/tests/integration/task-tracker/lib/evidence-v2/delivery-flow.test.mjs
unit group 1/1	UNKNOWN STEP	2026-10-05T00:40:41.8027406Z audit-line-cap: review 640-line feature file above soft 400: scripts/tests/integration/task-tracker/lib/github-records-coordinator-replacement.test.mjs
unit group 1/1	UNKNOWN STEP	2026-10-05T00:40:41.8028397Z audit-line-cap: review 410-line feature file above soft 400: scripts/tests/integration/task-tracker/lib/github-records-initialization.test.mjs
unit group 1/1	UNKNOWN STEP	2026-10-05T00:40:41.8029300Z audit-line-cap: review 774-line feature file above soft 400: scripts/tests/integration/task-tracker/lib/guidance-cache-process.test.mjs
unit group 1/1	UNKNOWN STEP	2026-10-05T00:40:41.8030165Z audit-line-cap: review 562-line feature file above soft 400: scripts/tests/integration/task-tracker/lib/install-hooks.test.mjs
unit group 1/1	UNKNOWN STEP	2026-10-05T00:40:41.8030998Z audit-line-cap: review 506-line feature file above soft 400: scripts/tests/integration/task-tracker/lib/issue-body-verifier.test.mjs
unit group 1/1	UNKNOWN STEP	2026-10-05T00:40:41.8032034Z audit-line-cap: review 506-line feature file above soft 400: scripts/tests/integration/task-tracker/lib/reviewed-scope-flow.test.mjs
unit group 1/1	UNKNOWN STEP	2026-10-05T00:40:41.8032993Z audit-line-cap: review 624-line feature file above soft 400: scripts/tests/integration/task-tracker/lib/runtime-migration-transaction.test.mjs
unit group 1/1	UNKNOWN STEP	2026-10-05T00:40:41.8033941Z audit-line-cap: review 436-line feature file above soft 400: scripts/tests/integration/task-tracker/lib/runtime-migration.test.mjs
unit group 1/1	UNKNOWN STEP	2026-10-05T00:40:41.8034853Z audit-line-cap: review 633-line feature file above soft 400: scripts/tests/integration/task-tracker/lib/shelve-transaction.integration.test.mjs
unit group 1/1	UNKNOWN STEP	2026-10-05T00:40:41.8035770Z audit-line-cap: review 560-line feature file above soft 400: scripts/tests/integration/task-tracker/lib/terminal-review-handoff.test.mjs
unit group 1/1	UNKNOWN STEP	2026-10-05T00:40:41.8036900Z audit-line-cap: review 666-line feature file above soft 400: scripts/tests/integration/task-tracker/lib/timing-delivery-provenance.test.mjs
unit group 1/1	UNKNOWN STEP	2026-10-05T00:40:41.8037818Z audit-line-cap: review 437-line feature file above soft 400: scripts/tests/integration/task-tracker/lib/verification-receipt.test.mjs
unit group 1/1	UNKNOWN STEP	2026-10-05T00:40:41.8038692Z audit-line-cap: review 638-line feature file above soft 400: scripts/tests/integration/task-tracker/local-trunk-close.integration.test.mjs
unit group 1/1	UNKNOWN STEP	2026-10-05T00:40:41.8039577Z audit-line-cap: review 663-line feature file above soft 400: scripts/tests/integration/task-tracker/verbs/deliver-close.integration.test.mjs
unit group 1/1	UNKNOWN STEP	2026-10-05T00:40:41.8040547Z audit-line-cap: review 435-line feature file above soft 400: scripts/tests/integration/task-tracker/verbs/delivery-attribution-exception-preflight.test.mjs
unit group 1/1	UNKNOWN STEP	2026-10-05T00:40:41.8041523Z audit-line-cap: review 794-line feature file above soft 400: scripts/tests/integration/task-tracker/verbs/delivery-attribution-exception.test.mjs
unit group 1/1	UNKNOWN STEP	2026-10-05T00:40:41.8042457Z audit-line-cap: review 408-line feature file above soft 400: scripts/tests/integration/task-tracker/verbs/github-record-approval-close-gates.test.mjs
unit group 1/1	UNKNOWN STEP	2026-10-05T00:40:41.8043552Z audit-line-cap: review 546-line feature file above soft 400: scripts/tests/integration/task-tracker/verbs/local-trunk-close-authority.test.mjs
unit group 1/1	UNKNOWN STEP	2026-10-05T00:40:41.8044443Z audit-line-cap: review 730-line feature file above soft 400: scripts/tests/integration/task-tracker/verbs/workflow-exception.test.mjs
unit group 1/1	UNKNOWN STEP	2026-10-05T00:40:41.8045308Z audit-line-cap: review 628-line feature file above soft 400: scripts/tests/integration/task-tracker/verbs/workflow-preflight.test.mjs
unit group 1/1	UNKNOWN STEP	2026-10-05T00:40:41.8046220Z audit-line-cap: review 714-line feature file above soft 400: scripts/tests/slow/task-tracker/core/verify-develop.test.mjs
unit group 1/1	UNKNOWN STEP	2026-10-05T00:40:41.8046991Z audit-line-cap: review 799-line feature file above soft 400: scripts/tests/slow/task-tracker/lib/activity-guard.test.mjs
unit group 1/1	UNKNOWN STEP	2026-10-05T00:40:41.8047786Z audit-line-cap: review 555-line feature file above soft 400: scripts/tests/slow/task-tracker/lib/coverage-hook-handler.test.mjs
unit group 1/1	UNKNOWN STEP	2026-10-05T00:40:41.8048719Z audit-line-cap: review 793-line feature file above soft 400: scripts/tests/slow/task-tracker/lib/review-approval-prompt.test.mjs
unit group 1/1	UNKNOWN STEP	2026-10-05T00:40:41.8049526Z audit-line-cap: review 800-line feature file above soft 400: scripts/tests/slow/task-tracker/verbs/coverage-close.test.mjs
unit group 1/1	UNKNOWN STEP	2026-10-05T00:40:41.8050298Z audit-line-cap: review 710-line feature file above soft 400: scripts/tests/slow/task-tracker/verbs/promote-verb.test.mjs
unit group 1/1	UNKNOWN STEP	2026-10-05T00:40:41.8051004Z audit-line-cap: review 414-line feature file above soft 400: scripts/tests/unit/providers/parity.test.mjs
unit group 1/1	UNKNOWN STEP	2026-10-05T00:40:41.8051557Z audit-line-cap: review 440-line feature file above soft 400: scripts/tests/unit/task-tracker/core/full-auto-close-doctrine.test.mjs
unit group 1/1	UNKNOWN STEP	2026-10-05T00:40:41.8052076Z audit-line-cap: review 542-line feature file above soft 400: scripts/tests/unit/task-tracker/core/gh-timing-comment-actors.test.mjs
unit group 1/1	UNKNOWN STEP	2026-10-05T00:40:41.8052590Z audit-line-cap: review 799-line feature file above soft 400: scripts/tests/unit/task-tracker/lib/action-decision-contract.test.mjs
unit group 1/1	UNKNOWN STEP	2026-10-05T00:40:41.8053305Z audit-line-cap: review 757-line feature file above soft 400: scripts/tests/unit/task-tracker/lib/action-presentation.test.mjs
unit group 1/1	UNKNOWN STEP	2026-10-05T00:40:41.8054156Z audit-line-cap: review 411-line feature file above soft 400: scripts/tests/unit/task-tracker/lib/activity-policy-classify-bash.test.mjs
unit group 1/1	UNKNOWN STEP	2026-10-05T00:40:41.8055077Z audit-line-cap: review 547-line feature file above soft 400: scripts/tests/unit/task-tracker/lib/agent-review/approve-agent-review-complete.test.mjs
unit group 1/1	UNKNOWN STEP	2026-10-05T00:40:41.8056075Z audit-line-cap: review 796-line feature file above soft 400: scripts/tests/unit/task-tracker/lib/agent-review/validators/timing-log-sequence.test.mjs
unit group 1/1	UNKNOWN STEP	2026-10-05T00:40:41.8057112Z audit-line-cap: review 493-line feature file above soft 400: scripts/tests/unit/task-tracker/lib/close-gates-lineage.test.mjs
unit group 1/1	UNKNOWN STEP	2026-10-05T00:40:41.8057898Z audit-line-cap: review 422-line feature file above soft 400: scripts/tests/unit/task-tracker/lib/code-complete-gate.test.mjs
unit group 1/1	UNKNOWN STEP	2026-10-05T00:40:41.8058711Z audit-line-cap: review 420-line feature file above soft 400: scripts/tests/unit/task-tracker/lib/coverage-review.test.mjs
unit group 1/1	UNKNOWN STEP	2026-10-05T00:40:41.8059572Z audit-line-cap: review 529-line feature file above soft 400: scripts/tests/unit/task-tracker/lib/decomposition-plan-exit-gate.test.mjs
unit group 1/1	UNKNOWN STEP	2026-10-05T00:40:41.8060449Z audit-line-cap: review 514-line feature file above soft 400: scripts/tests/unit/task-tracker/lib/decomposition-policy.test.mjs
unit group 1/1	UNKNOWN STEP	2026-10-05T00:40:41.8061334Z audit-line-cap: review 743-line feature file above soft 400: scripts/tests/unit/task-tracker/lib/delivery-incident-reconciliation.test.mjs
unit group 1/1	UNKNOWN STEP	2026-10-05T00:40:41.8062272Z audit-line-cap: review 746-line feature file above soft 400: scripts/tests/unit/task-tracker/lib/delivery-incident-records.test.mjs
unit group 1/1	UNKNOWN STEP	2026-10-05T00:40:41.8063142Z audit-line-cap: review 482-line feature file above soft 400: scripts/tests/unit/task-tracker/lib/delivery-provider-action.test.mjs
unit group 1/1	UNKNOWN STEP	2026-10-05T00:40:41.8063922Z audit-line-cap: review 746-line feature file above soft 400: scripts/tests/unit/task-tracker/lib/delivery-records.test.mjs
unit group 1/1	UNKNOWN STEP	2026-10-05T00:40:41.8064957Z audit-line-cap: review 561-line feature file above soft 400: scripts/tests/unit/task-tracker/lib/delivery-verification-attribution.test.mjs
unit group 1/1	UNKNOWN STEP	2026-10-05T00:40:41.8065875Z audit-line-cap: review 439-line feature file above soft 400: scripts/tests/unit/task-tracker/lib/delivery-waived-receipt.test.mjs
unit group 1/1	UNKNOWN STEP	2026-10-05T00:40:41.8067039Z audit-line-cap: review 644-line feature file above soft 400: scripts/tests/unit/task-tracker/lib/delivery-waiver-close-recovery.test.mjs
unit group 1/1	UNKNOWN STEP	2026-10-05T00:40:41.8067917Z audit-line-cap: review 467-line feature file above soft 400: scripts/tests/unit/task-tracker/lib/delivery-waiver-consumption.test.mjs
unit group 1/1	UNKNOWN STEP	2026-10-05T00:40:41.8068775Z audit-line-cap: review 738-line feature file above soft 400: scripts/tests/unit/task-tracker/lib/delivery-waiver-reverification.test.mjs
unit group 1/1	UNKNOWN STEP	2026-10-05T00:40:41.8069604Z audit-line-cap: review 621-line feature file above soft 400: scripts/tests/unit/task-tracker/lib/epic-r4p-orchestration.test.mjs
unit group 1/1	UNKNOWN STEP	2026-10-05T00:40:41.8070486Z audit-line-cap: review 703-line feature file above soft 400: scripts/tests/unit/task-tracker/lib/epic-rank-wave-source.test.mjs
unit group 1/1	UNKNOWN STEP	2026-10-05T00:40:41.8071009Z audit-line-cap: review 410-line feature file above soft 400: scripts/tests/unit/task-tracker/lib/estimation/outcome-telemetry.test.mjs
unit group 1/1	UNKNOWN STEP	2026-10-05T00:40:41.8071504Z audit-line-cap: review 414-line feature file above soft 400: scripts/tests/unit/task-tracker/lib/estimation/records.test.mjs
unit group 1/1	UNKNOWN STEP	2026-10-05T00:40:41.8072013Z audit-line-cap: review 441-line feature file above soft 400: scripts/tests/unit/task-tracker/lib/false-delivery-close-recovery.test.mjs
unit group 1/1	UNKNOWN STEP	2026-10-05T00:40:41.8072554Z audit-line-cap: review 596-line feature file above soft 400: scripts/tests/unit/task-tracker/lib/github-records/contract-source.test.mjs
unit group 1/1	UNKNOWN STEP	2026-10-05T00:40:41.8073094Z audit-line-cap: review 800-line feature file above soft 400: scripts/tests/unit/task-tracker/lib/github-records/coordination-authority.test.mjs
unit group 1/1	UNKNOWN STEP	2026-10-05T00:40:41.8073642Z audit-line-cap: review 615-line feature file above soft 400: scripts/tests/unit/task-tracker/lib/github-records/delivery-contract.test.mjs
unit group 1/1	UNKNOWN STEP	2026-10-05T00:40:41.8074185Z audit-line-cap: review 679-line feature file above soft 400: scripts/tests/unit/task-tracker/lib/github-records/github-comment-store.test.mjs
unit group 1/1	UNKNOWN STEP	2026-10-05T00:40:41.8074715Z audit-line-cap: review 524-line feature file above soft 400: scripts/tests/unit/task-tracker/lib/github-records/record-envelope.test.mjs
unit group 1/1	UNKNOWN STEP	2026-10-05T00:40:41.8075296Z audit-line-cap: review 786-line feature file above soft 400: scripts/tests/unit/task-tracker/lib/github-records/work-assignment-authority-adversarial.test.mjs
unit group 1/1	UNKNOWN STEP	2026-10-05T00:40:41.8075909Z audit-line-cap: review 784-line feature file above soft 400: scripts/tests/unit/task-tracker/lib/github-records/work-assignment-multi-replacement.test.mjs
unit group 1/1	UNKNOWN STEP	2026-10-05T00:40:41.8076889Z audit-line-cap: review 642-line feature file above soft 400: scripts/tests/unit/task-tracker/lib/github-records/work-assignment-nested-authority.test.mjs
unit group 1/1	UNKNOWN STEP	2026-10-05T00:40:41.8077579Z audit-line-cap: review 771-line feature file above soft 400: scripts/tests/unit/task-tracker/lib/github-records/work-assignment-replacement-capability.test.mjs
unit group 1/1	UNKNOWN STEP	2026-10-05T00:40:41.8078199Z audit-line-cap: review 800-line feature file above soft 400: scripts/tests/unit/task-tracker/lib/github-records/work-assignment-snapshot-boundary.test.mjs
unit group 1/1	UNKNOWN STEP	2026-10-05T00:40:41.8078786Z audit-line-cap: review 796-line feature file above soft 400: scripts/tests/unit/task-tracker/lib/github-records/work-assignment-temporal.test.mjs
unit group 1/1	UNKNOWN STEP	2026-10-05T00:40:41.8079330Z audit-line-cap: review 800-line feature file above soft 400: scripts/tests/unit/task-tracker/lib/github-records/work-assignment.test.mjs
unit group 1/1	UNKNOWN STEP	2026-10-05T00:40:41.8079842Z audit-line-cap: review 690-line feature file above soft 400: scripts/tests/unit/task-tracker/lib/guard-registry-plan-exit.test.mjs
unit group 1/1	UNKNOWN STEP	2026-10-05T00:40:41.8080362Z audit-line-cap: review 455-line feature file above soft 400: scripts/tests/unit/task-tracker/lib/guidance-candidate-measurement.test.mjs
unit group 1/1	UNKNOWN STEP	2026-10-05T00:40:41.8080978Z audit-line-cap: review 710-line feature file above soft 400: scripts/tests/unit/task-tracker/lib/guidance-candidate-oracle.test.mjs
unit group 1/1	UNKNOWN STEP	2026-10-05T00:40:41.8081477Z audit-line-cap: review 461-line feature file above soft 400: scripts/tests/unit/task-tracker/lib/guidance-validator.test.mjs
unit group 1/1	UNKNOWN STEP	2026-10-05T00:40:41.8081948Z audit-line-cap: review 551-line feature file above soft 400: scripts/tests/unit/task-tracker/lib/heal-timing-log.test.mjs
unit group 1/1	UNKNOWN STEP	2026-10-05T00:40:41.8082419Z audit-line-cap: review 660-line feature file above soft 400: scripts/tests/unit/task-tracker/lib/incorporated-close.test.mjs
unit group 1/1	UNKNOWN STEP	2026-10-05T00:40:41.8082877Z audit-line-cap: review 464-line feature file above soft 400: scripts/tests/unit/task-tracker/lib/markers.test.mjs
unit group 1/1	UNKNOWN STEP	2026-10-05T00:40:41.8083355Z audit-line-cap: review 473-line feature file above soft 400: scripts/tests/unit/task-tracker/lib/move-state/move-state-core.test.mjs
unit group 1/1	UNKNOWN STEP	2026-10-05T00:40:41.8083917Z audit-line-cap: review 534-line feature file above soft 400: scripts/tests/unit/task-tracker/lib/preflight-issue.test.mjs
unit group 1/1	UNKNOWN STEP	2026-10-05T00:40:41.8084392Z audit-line-cap: review 796-line feature file above soft 400: scripts/tests/unit/task-tracker/lib/r4p-jit-boundaries.test.mjs
unit group 1/1	UNKNOWN STEP	2026-10-05T00:40:41.8084882Z audit-line-cap: review 520-line feature file above soft 400: scripts/tests/unit/task-tracker/lib/ready-for-plan-migration.test.mjs
unit group 1/1	UNKNOWN STEP	2026-10-05T00:40:41.8085386Z audit-line-cap: review 638-line feature file above soft 400: scripts/tests/unit/task-tracker/lib/reopened-close-recovery.test.mjs
unit group 1/1	UNKNOWN STEP	2026-10-05T00:40:41.8085873Z audit-line-cap: review 401-line feature file above soft 400: scripts/tests/unit/task-tracker/lib/review-receipt-reuse.test.mjs
unit group 1/1	UNKNOWN STEP	2026-10-05T00:40:41.8086499Z audit-line-cap: review 434-line feature file above soft 400: scripts/tests/unit/task-tracker/lib/review-verb-timing-order.test.mjs
unit group 1/1	UNKNOWN STEP	2026-10-05T00:40:41.8087000Z audit-line-cap: review 421-line feature file above soft 400: scripts/tests/unit/task-tracker/lib/reviewed-scope-readiness.test.mjs
unit group 1/1	UNKNOWN STEP	2026-10-05T00:40:41.8087497Z audit-line-cap: review 436-line feature file above soft 400: scripts/tests/unit/task-tracker/lib/reviewed-scope-record.test.mjs
unit group 1/1	UNKNOWN STEP	2026-10-05T00:40:41.8087987Z audit-line-cap: review 786-line feature file above soft 400: scripts/tests/unit/task-tracker/lib/state-action-resume.test.mjs
unit group 1/1	UNKNOWN STEP	2026-10-05T00:40:41.8088472Z audit-line-cap: review 516-line feature file above soft 400: scripts/tests/unit/task-tracker/lib/state-boundary-order.test.mjs
unit group 1/1	UNKNOWN STEP	2026-10-05T00:40:41.8088964Z audit-line-cap: review 498-line feature file above soft 400: scripts/tests/unit/task-tracker/lib/test-verb-receipt-reuse.test.mjs
unit group 1/1	UNKNOWN STEP	2026-10-05T00:40:41.8089451Z audit-line-cap: review 526-line feature file above soft 400: scripts/tests/unit/task-tracker/lib/user-story-quality.test.mjs
unit group 1/1	UNKNOWN STEP	2026-10-05T00:40:41.8089921Z audit-line-cap: review 405-line feature file above soft 400: scripts/tests/unit/task-tracker/lib/verb-preflight.test.mjs
unit group 1/1	UNKNOWN STEP	2026-10-05T00:40:41.8090439Z audit-line-cap: review 479-line feature file above soft 400: scripts/tests/unit/task-tracker/lib/workflow-policy/exception-partitions.test.mjs
unit group 1/1	UNKNOWN STEP	2026-10-05T00:40:41.8090928Z audit-line-cap: review 605-line feature file above soft 400: scripts/tests/unit/task-tracker/merge-back.test.mjs
unit group 1/1	UNKNOWN STEP	2026-10-05T00:40:41.8091400Z audit-line-cap: review 689-line feature file above soft 400: scripts/tests/unit/task-tracker/verbs/close-convergence-wiring.test.mjs
unit group 1/1	UNKNOWN STEP	2026-10-05T00:40:41.8091919Z audit-line-cap: review 703-line feature file above soft 400: scripts/tests/unit/task-tracker/verbs/close-delivered-idempotence.test.mjs
unit group 1/1	UNKNOWN STEP	2026-10-05T00:40:41.8092470Z audit-line-cap: review 788-line feature file above soft 400: scripts/tests/unit/task-tracker/verbs/close-false-delivery-recovery-wiring.test.mjs
unit group 1/1	UNKNOWN STEP	2026-10-05T00:40:41.8092991Z audit-line-cap: review 460-line feature file above soft 400: scripts/tests/unit/task-tracker/verbs/close-incorporated.test.mjs
unit group 1/1	UNKNOWN STEP	2026-10-05T00:40:41.8093508Z audit-line-cap: review 668-line feature file above soft 400: scripts/tests/unit/task-tracker/verbs/close-reopened-recovery-wiring.test.mjs
unit group 1/1	UNKNOWN STEP	2026-10-05T00:40:41.8094013Z audit-line-cap: review 461-line feature file above soft 400: scripts/tests/unit/task-tracker/verbs/coverage-promote.test.mjs
unit group 1/1	UNKNOWN STEP	2026-10-05T00:40:41.8094586Z audit-line-cap: review 764-line feature file above soft 400: scripts/tests/unit/task-tracker/verbs/deliver-default-deps.test.mjs
unit group 1/1	UNKNOWN STEP	2026-10-05T00:40:41.8095054Z audit-line-cap: review 755-line feature file above soft 400: scripts/tests/unit/task-tracker/verbs/deliver.test.mjs
unit group 1/1	UNKNOWN STEP	2026-10-05T00:40:41.8095524Z audit-line-cap: review 401-line feature file above soft 400: scripts/tests/unit/task-tracker/verbs/dod-stamp-state-gate.test.mjs
unit group 1/1	UNKNOWN STEP	2026-10-05T00:40:41.8096011Z audit-line-cap: review 710-line feature file above soft 400: scripts/tests/unit/task-tracker/verbs/plan-approve-core.test.mjs
unit group 1/1	UNKNOWN STEP	2026-10-05T00:40:41.8097841Z audit-line-cap: review 792-line feature file above soft 400: scripts/tests/unit/task-tracker/verbs/plan-approve.test.mjs
unit group 1/1	UNKNOWN STEP	2026-10-05T00:40:41.8098498Z audit-line-cap: review 427-line feature file above soft 400: scripts/tests/unit/task-tracker/verbs/pull-next-verb.test.mjs
unit group 1/1	UNKNOWN STEP	2026-10-05T00:40:41.8099115Z audit-line-cap: review 789-line feature file above soft 400: scripts/tests/unit/task-tracker/verbs/review-state-action.test.mjs
unit group 1/1	UNKNOWN STEP	2026-10-05T00:40:41.8099743Z audit-line-cap: review 584-line feature file above soft 400: scripts/tests/unit/task-tracker/verbs/split-plan.test.mjs
unit group 1/1	UNKNOWN STEP	2026-10-05T00:40:41.8726612Z 
unit group 1/1	UNKNOWN STEP	2026-10-05T00:40:41.8727211Z > @kburson/ai-task-manager@0.1.0 lint:test-reach
unit group 1/1	UNKNOWN STEP	2026-10-05T00:40:41.8727681Z > node scripts/maintenance/lint-test-coverage-reach.mjs
unit group 1/1	UNKNOWN STEP	2026-10-05T00:40:41.8727870Z 
unit group 1/1	UNKNOWN STEP	2026-10-05T00:40:41.9386318Z lint:test-reach — 30 test file(s) exercise no repo source (32 baselined, 0 new):
unit group 1/1	UNKNOWN STEP	2026-10-05T00:40:41.9387134Z   [baseline] scripts/tests/integration/task-tracker/core/status-vocabulary.test.mjs
unit group 1/1	UNKNOWN STEP	2026-10-05T00:40:41.9387745Z   [baseline] scripts/tests/unit/task-tracker/core/adapter-dedup.test.mjs
unit group 1/1	UNKNOWN STEP	2026-10-05T00:40:41.9388366Z   [baseline] scripts/tests/unit/task-tracker/core/adapter-token-floor.test.mjs
unit group 1/1	UNKNOWN STEP	2026-10-05T00:40:41.9389003Z   [baseline] scripts/tests/unit/task-tracker/core/assignee-default-docs-793.test.mjs
unit group 1/1	UNKNOWN STEP	2026-10-05T00:40:41.9401086Z   [baseline] scripts/tests/unit/task-tracker/core/beta-report-templates-497.test.mjs
unit group 1/1	UNKNOWN STEP	2026-10-05T00:40:41.9401790Z   [baseline] scripts/tests/unit/task-tracker/core/ci-actions-node-pins.test.mjs
unit group 1/1	UNKNOWN STEP	2026-10-05T00:40:41.9402484Z   [baseline] scripts/tests/unit/task-tracker/core/ci-memory-parity-index.test.mjs
unit group 1/1	UNKNOWN STEP	2026-10-05T00:40:41.9403137Z   [baseline] scripts/tests/unit/task-tracker/core/codex-support-matrix.test.mjs
unit group 1/1	UNKNOWN STEP	2026-10-05T00:40:41.9403707Z   [baseline] scripts/tests/unit/task-tracker/core/defect-first-doc.test.mjs
unit group 1/1	UNKNOWN STEP	2026-10-05T00:40:41.9404179Z   [baseline] scripts/tests/unit/task-tracker/core/demonstrable-ac-doc.test.mjs
unit group 1/1	UNKNOWN STEP	2026-10-05T00:40:41.9404700Z   [baseline] scripts/tests/unit/task-tracker/core/discuss-label-action-499.test.mjs
unit group 1/1	UNKNOWN STEP	2026-10-05T00:40:41.9405182Z   [baseline] scripts/tests/unit/task-tracker/core/docs-735-attribution.test.mjs
unit group 1/1	UNKNOWN STEP	2026-10-05T00:40:41.9405734Z   [baseline] scripts/tests/unit/task-tracker/core/docs-issue-body-forbiddance.test.mjs
unit group 1/1	UNKNOWN STEP	2026-10-05T00:40:41.9406413Z   [baseline] scripts/tests/unit/task-tracker/core/evidence-marker-guidance.test.mjs
unit group 1/1	UNKNOWN STEP	2026-10-05T00:40:41.9406973Z   [baseline] scripts/tests/unit/task-tracker/core/full-auto-doctrine-doc.test.mjs
unit group 1/1	UNKNOWN STEP	2026-10-05T00:40:41.9407536Z   [baseline] scripts/tests/unit/task-tracker/core/guard-trust-boundary-doc.test.mjs
unit group 1/1	UNKNOWN STEP	2026-10-05T00:40:41.9408102Z   [baseline] scripts/tests/unit/task-tracker/core/lock-primitive-doc.test.mjs
unit group 1/1	UNKNOWN STEP	2026-10-05T00:40:41.9408640Z   [baseline] scripts/tests/unit/task-tracker/core/memory-seed-docs.test.mjs
unit group 1/1	UNKNOWN STEP	2026-10-05T00:40:41.9409238Z   [baseline] scripts/tests/unit/task-tracker/core/pickup-directive-has-checkpoint.test.mjs
unit group 1/1	UNKNOWN STEP	2026-10-05T00:40:41.9409820Z   [baseline] scripts/tests/unit/task-tracker/core/pickup-directive-recovery.test.mjs
unit group 1/1	UNKNOWN STEP	2026-10-05T00:40:41.9410290Z   [baseline] scripts/tests/unit/task-tracker/core/pickup-directive-token-floor.test.mjs
unit group 1/1	UNKNOWN STEP	2026-10-05T00:40:41.9410637Z   [baseline] scripts/tests/unit/task-tracker/core/relicense-manifest.test.mjs
unit group 1/1	UNKNOWN STEP	2026-10-05T00:40:41.9411320Z   [baseline] scripts/tests/unit/task-tracker/core/relicense-no-mit.test.mjs
unit group 1/1	UNKNOWN STEP	2026-10-05T00:40:41.9411626Z   [baseline] scripts/tests/unit/task-tracker/core/scope-rename.test.mjs
unit group 1/1	UNKNOWN STEP	2026-10-05T00:40:41.9411937Z   [baseline] scripts/tests/unit/task-tracker/core/sequence-rules-docs.test.mjs
unit group 1/1	UNKNOWN STEP	2026-10-05T00:40:41.9412228Z   [baseline] scripts/tests/unit/task-tracker/core/session-boot.test.mjs
unit group 1/1	UNKNOWN STEP	2026-10-05T00:40:41.9412531Z   [baseline] scripts/tests/unit/task-tracker/core/session-state-template.test.mjs
unit group 1/1	UNKNOWN STEP	2026-10-05T00:40:41.9412888Z   [baseline] scripts/tests/unit/task-tracker/core/state-walk-ac-stamp-test-carveout.test.mjs
unit group 1/1	UNKNOWN STEP	2026-10-05T00:40:41.9413247Z   [baseline] scripts/tests/unit/task-tracker/core/worker-context-contract.test.mjs
unit group 1/1	UNKNOWN STEP	2026-10-05T00:40:41.9413551Z   [baseline] scripts/tests/unit/task-tracker/coverage-config.test.mjs
unit group 1/1	UNKNOWN STEP	2026-10-05T00:40:41.9414027Z lint:test-reach — 1242 test file(s) scanned, 30 baselined offender(s), 0 new
unit group 1/1	UNKNOWN STEP	2026-10-05T00:40:42.0175727Z 
unit group 1/1	UNKNOWN STEP	2026-10-05T00:40:42.0175996Z > @kburson/ai-task-manager@0.1.0 lint:doc-anchors
unit group 1/1	UNKNOWN STEP	2026-10-05T00:40:42.0176369Z > node scripts/maintenance/lint-doc-anchors.mjs
unit group 1/1	UNKNOWN STEP	2026-10-05T00:40:42.0176492Z 
unit group 1/1	UNKNOWN STEP	2026-10-05T00:40:42.0394070Z lint:doc-anchors — 38 anchor(s) across 3 doc(s) clean
unit group 1/1	UNKNOWN STEP	2026-10-05T00:40:42.1018732Z 
unit group 1/1	UNKNOWN STEP	2026-10-05T00:40:42.1019293Z > @kburson/ai-task-manager@0.1.0 lint:action-refusals
unit group 1/1	UNKNOWN STEP	2026-10-05T00:40:42.1019578Z > node scripts/maintenance/lint-action-refusals.mjs
unit group 1/1	UNKNOWN STEP	2026-10-05T00:40:42.1019708Z 
unit group 1/1	UNKNOWN STEP	2026-10-05T00:40:42.4478387Z lint:action-refusals: 36 registered guards frozen
unit group 1/1	UNKNOWN STEP	2026-10-05T00:40:42.5275420Z 
unit group 1/1	UNKNOWN STEP	2026-10-05T00:40:42.5275856Z > @kburson/ai-task-manager@0.1.0 lint:guidance-release
unit group 1/1	UNKNOWN STEP	2026-10-05T00:40:42.5276370Z > node scripts/maintenance/generate-guidance-release.mjs --check
unit group 1/1	UNKNOWN STEP	2026-10-05T00:40:42.5276558Z 
unit group 1/1	UNKNOWN STEP	2026-10-05T00:40:42.5693834Z guidance release manifest agrees with catalog and parser
unit group 1/1	UNKNOWN STEP	2026-10-05T00:40:42.5850887Z ##[group]Run node scripts/inspect/ai-memory-parity.mjs --mode index
unit group 1/1	UNKNOWN STEP	2026-10-05T00:40:42.5851173Z ^[[36;1mnode scripts/inspect/ai-memory-parity.mjs --mode index^[[0m
unit group 1/1	UNKNOWN STEP	2026-10-05T00:40:42.5903527Z shell: /usr/bin/bash -e {0}
unit group 1/1	UNKNOWN STEP	2026-10-05T00:40:42.5903672Z env:
unit group 1/1	UNKNOWN STEP	2026-10-05T00:40:42.5903892Z   AITM_SOURCE_HEAD: 112988f8e68b59ac3080e775ad97c5507f263eb8
unit group 1/1	UNKNOWN STEP	2026-10-05T00:40:42.5904082Z   GIT_AUTHOR_NAME: kendrick burson
unit group 1/1	UNKNOWN STEP	2026-10-05T00:40:42.5904231Z   GIT_AUTHOR_EMAIL: kpburson@pm.me
unit group 1/1	UNKNOWN STEP	2026-10-05T00:40:42.5904383Z   GIT_COMMITTER_NAME: kendrick burson
unit group 1/1	UNKNOWN STEP	2026-10-05T00:40:42.5904535Z   GIT_COMMITTER_EMAIL: kpburson@pm.me
unit group 1/1	UNKNOWN STEP	2026-10-05T00:40:42.5904681Z ##[endgroup]
unit group 1/1	UNKNOWN STEP	2026-10-05T00:40:42.7418534Z PASS index: MEMORY.md lists 74 file(s); all resolve, all 74 durable files listed.
unit group 1/1	UNKNOWN STEP	2026-10-05T00:40:42.7493843Z ##[group]Run set -euo pipefail
unit group 1/1	UNKNOWN STEP	2026-10-05T00:40:42.7494037Z ^[[36;1mset -euo pipefail^[[0m
unit group 1/1	UNKNOWN STEP	2026-10-05T00:40:42.7494192Z ^[[36;1mfiles=$(git diff --name-only trunk...HEAD)^[[0m
unit group 1/1	UNKNOWN STEP	2026-10-05T00:40:42.7494365Z ^[[36;1mecho "Changed files:"^[[0m
unit group 1/1	UNKNOWN STEP	2026-10-05T00:40:42.7494500Z ^[[36;1mecho "$files"^[[0m
unit group 1/1	UNKNOWN STEP	2026-10-05T00:40:42.7494624Z ^[[36;1mif [ -z "$files" ]; then^[[0m
unit group 1/1	UNKNOWN STEP	2026-10-05T00:40:42.7494794Z ^[[36;1m  echo "docs_only=false" >> "$GITHUB_OUTPUT"^[[0m
unit group 1/1	UNKNOWN STEP	2026-10-05T00:40:42.7494953Z ^[[36;1m  exit 0^[[0m
unit group 1/1	UNKNOWN STEP	2026-10-05T00:40:42.7495069Z ^[[36;1mfi^[[0m
unit group 1/1	UNKNOWN STEP	2026-10-05T00:40:42.7495226Z ^[[36;1mif echo "$files" | grep -Eqv '^(docs/|.+\.md$|\.gitignore$)'; then^[[0m
unit group 1/1	UNKNOWN STEP	2026-10-05T00:40:42.7495436Z ^[[36;1m  echo "docs_only=false" >> "$GITHUB_OUTPUT"^[[0m
unit group 1/1	UNKNOWN STEP	2026-10-05T00:40:42.7495591Z ^[[36;1melse^[[0m
unit group 1/1	UNKNOWN STEP	2026-10-05T00:40:42.7495718Z ^[[36;1m  echo "docs_only=true" >> "$GITHUB_OUTPUT"^[[0m
unit group 1/1	UNKNOWN STEP	2026-10-05T00:40:42.7495865Z ^[[36;1mfi^[[0m
unit group 1/1	UNKNOWN STEP	2026-10-05T00:40:42.7546779Z shell: /usr/bin/bash -e {0}
unit group 1/1	UNKNOWN STEP	2026-10-05T00:40:42.7546919Z env:
unit group 1/1	UNKNOWN STEP	2026-10-05T00:40:42.7547083Z   AITM_SOURCE_HEAD: 112988f8e68b59ac3080e775ad97c5507f263eb8
unit group 1/1	UNKNOWN STEP	2026-10-05T00:40:42.7547266Z   GIT_AUTHOR_NAME: kendrick burson
unit group 1/1	UNKNOWN STEP	2026-10-05T00:40:42.7547408Z   GIT_AUTHOR_EMAIL: kpburson@pm.me
unit group 1/1	UNKNOWN STEP	2026-10-05T00:40:42.7547552Z   GIT_COMMITTER_NAME: kendrick burson
unit group 1/1	UNKNOWN STEP	2026-10-05T00:40:42.7547702Z   GIT_COMMITTER_EMAIL: kpburson@pm.me
unit group 1/1	UNKNOWN STEP	2026-10-05T00:40:42.7548056Z ##[endgroup]
unit group 1/1	UNKNOWN STEP	2026-10-05T00:40:42.7627061Z Changed files:
unit group 1/1	UNKNOWN STEP	2026-10-05T00:40:42.7627300Z docs/guides/workflow.md
unit group 1/1	UNKNOWN STEP	2026-10-05T00:40:42.7627529Z scripts/lib/self-doc.mjs
unit group 1/1	UNKNOWN STEP	2026-10-05T00:40:42.7627801Z scripts/task-tracker/lib/merge-back-cli.mjs
unit group 1/1	UNKNOWN STEP	2026-10-05T00:40:42.7628142Z scripts/task-tracker/lib/merge-back-verification.mjs
unit group 1/1	UNKNOWN STEP	2026-10-05T00:40:42.7628453Z scripts/task-tracker/merge-back.mjs
unit group 1/1	UNKNOWN STEP	2026-10-05T00:40:42.7628759Z scripts/tests/fixtures/1558/admission-surface.json
unit group 1/1	UNKNOWN STEP	2026-10-05T00:40:42.7629117Z scripts/tests/unit/task-tracker/merge-back-cli.test.mjs
unit group 1/1	UNKNOWN STEP	2026-10-05T00:40:42.7629519Z scripts/tests/unit/task-tracker/merge-back-verification.test.mjs
unit group 1/1	UNKNOWN STEP	2026-10-05T00:40:42.7629889Z scripts/tests/unit/task-tracker/merge-back.test.mjs
unit group 1/1	UNKNOWN STEP	2026-10-05T00:40:42.7703174Z ##[group]Run mkdir -p .tmp/aitm
unit group 1/1	UNKNOWN STEP	2026-10-05T00:40:42.7703352Z ^[[36;1mmkdir -p .tmp/aitm^[[0m
unit group 1/1	UNKNOWN STEP	2026-10-05T00:40:42.7703597Z ^[[36;1mnode scripts/maintenance/ci-test-shards.mjs plan "unit" "1" > .tmp/aitm/shard-plan.json^[[0m
unit group 1/1	UNKNOWN STEP	2026-10-05T00:40:42.7748398Z shell: /usr/bin/bash -e {0}
unit group 1/1	UNKNOWN STEP	2026-10-05T00:40:42.7748546Z env:
unit group 1/1	UNKNOWN STEP	2026-10-05T00:40:42.7748688Z   AITM_SOURCE_HEAD: 112988f8e68b59ac3080e775ad97c5507f263eb8
unit group 1/1	UNKNOWN STEP	2026-10-05T00:40:42.7748875Z   GIT_AUTHOR_NAME: kendrick burson
unit group 1/1	UNKNOWN STEP	2026-10-05T00:40:42.7749020Z   GIT_AUTHOR_EMAIL: kpburson@pm.me
unit group 1/1	UNKNOWN STEP	2026-10-05T00:40:42.7749164Z   GIT_COMMITTER_NAME: kendrick burson
unit group 1/1	UNKNOWN STEP	2026-10-05T00:40:42.7749313Z   GIT_COMMITTER_EMAIL: kpburson@pm.me
unit group 1/1	UNKNOWN STEP	2026-10-05T00:40:42.7749451Z ##[endgroup]
unit group 1/1	UNKNOWN STEP	2026-10-05T00:40:42.8205819Z ##[group]Run set +e
unit group 1/1	UNKNOWN STEP	2026-10-05T00:40:42.8205969Z ^[[36;1mset +e^[[0m
unit group 1/1	UNKNOWN STEP	2026-10-05T00:40:42.8206339Z ^[[36;1mnpm run "test:unit" -- --shard "1/1" 2>&1 | tee .tmp/aitm/test-output.log^[[0m
unit group 1/1	UNKNOWN STEP	2026-10-05T00:40:42.8206593Z ^[[36;1mresult=${PIPESTATUS[0]}^[[0m
unit group 1/1	UNKNOWN STEP	2026-10-05T00:40:42.8206765Z ^[[36;1mprintf '%s\n' "$result" > .tmp/aitm/exit-code.txt^[[0m
unit group 1/1	UNKNOWN STEP	2026-10-05T00:40:42.8206933Z ^[[36;1mexit "$result"^[[0m
unit group 1/1	UNKNOWN STEP	2026-10-05T00:40:42.8255348Z shell: /usr/bin/bash -e {0}
unit group 1/1	UNKNOWN STEP	2026-10-05T00:40:42.8255482Z env:
unit group 1/1	UNKNOWN STEP	2026-10-05T00:40:42.8255625Z   AITM_SOURCE_HEAD: 112988f8e68b59ac3080e775ad97c5507f263eb8
unit group 1/1	UNKNOWN STEP	2026-10-05T00:40:42.8255821Z   GIT_AUTHOR_NAME: kendrick burson
unit group 1/1	UNKNOWN STEP	2026-10-05T00:40:42.8255962Z   GIT_AUTHOR_EMAIL: kpburson@pm.me
unit group 1/1	UNKNOWN STEP	2026-10-05T00:40:42.8256102Z   GIT_COMMITTER_NAME: kendrick burson
unit group 1/1	UNKNOWN STEP	2026-10-05T00:40:42.8256384Z   GIT_COMMITTER_EMAIL: kpburson@pm.me
unit group 1/1	UNKNOWN STEP	2026-10-05T00:40:42.8256520Z ##[endgroup]
unit group 1/1	UNKNOWN STEP	2026-10-05T00:40:42.8864326Z 
unit group 1/1	UNKNOWN STEP	2026-10-05T00:40:42.8864695Z > @kburson/ai-task-manager@0.1.0 test:unit
unit group 1/1	UNKNOWN STEP	2026-10-05T00:40:42.8865089Z > node scripts/run-tests.mjs --lane unit --shard 1/1
unit group 1/1	UNKNOWN STEP	2026-10-05T00:40:42.8865227Z 
unit group 1/1	UNKNOWN STEP	2026-10-05T00:40:42.9415110Z ▶ lane=unit (951 files)
unit group 1/1	UNKNOWN STEP	2026-10-05T00:40:42.9415300Z 
unit group 1/1	UNKNOWN STEP	2026-10-05T00:41:39.2323595Z ▶ scripts/tests/unit/gh/create-issue.test.mjs ... ok (144ms)
unit group 1/1	UNKNOWN STEP	2026-10-05T00:41:39.2325115Z ▶ scripts/tests/unit/gh/gh-client-injection.test.mjs ... ok (171ms)
unit group 1/1	UNKNOWN STEP	2026-10-05T00:41:39.2325912Z ▶ scripts/tests/unit/gh/gh-client-leak-sites.test.mjs ... ok (46ms)
unit group 1/1	UNKNOWN STEP	2026-10-05T00:41:39.2326556Z ▶ scripts/tests/unit/gh/gh-fail-closed-guard.test.mjs ... ok (125ms)
unit group 1/1	UNKNOWN STEP	2026-10-05T00:41:39.2327057Z ▶ scripts/tests/unit/gh/stub-gh-helper.test.mjs ... ok (179ms)
unit group 1/1	UNKNOWN STEP	2026-10-05T00:41:39.2327595Z ▶ scripts/tests/unit/guidance/annotation.test.mjs ... ok (139ms)
unit group 1/1	UNKNOWN STEP	2026-10-05T00:41:39.2328125Z ▶ scripts/tests/unit/inspect/delivery-doc-parity.test.mjs ... ok (47ms)
unit group 1/1	UNKNOWN STEP	2026-10-05T00:41:39.2328717Z ▶ scripts/tests/unit/maintenance/audit-trunk-integration.test.mjs ... ok (74ms)
unit group 1/1	UNKNOWN STEP	2026-10-05T00:41:39.2329368Z ▶ scripts/tests/unit/meta/slow-lane-partition-policy.test.mjs ... ok (113ms)
unit group 1/1	UNKNOWN STEP	2026-10-05T00:41:39.2329968Z ▶ scripts/tests/unit/meta/tia-reaches-integration-lane.test.mjs ... ok (486ms)
unit group 1/1	UNKNOWN STEP	2026-10-05T00:41:39.2330523Z ▶ scripts/tests/unit/meta/unit-lane-purity.test.mjs ... FAIL (exit 1)
unit group 1/1	UNKNOWN STEP	2026-10-05T00:41:39.2330999Z ▶ scripts/tests/unit/package/doctor.test.mjs ... ok (156ms)
unit group 1/1	UNKNOWN STEP	2026-10-05T00:41:39.2331483Z ▶ scripts/tests/unit/package/install-content.test.mjs ... ok (55ms)
unit group 1/1	UNKNOWN STEP	2026-10-05T00:41:39.2331989Z ▶ scripts/tests/unit/package/install-contract.test.mjs ... ok (70ms)
unit group 1/1	UNKNOWN STEP	2026-10-05T00:41:39.2332448Z ▶ scripts/tests/unit/package/install-inventory.test.mjs ... ok (74ms)
unit group 1/1	UNKNOWN STEP	2026-10-05T00:41:39.2332999Z ▶ scripts/tests/unit/package/install-manifest-store.test.mjs ... ok (61ms)
unit group 1/1	UNKNOWN STEP	2026-10-05T00:41:39.2333560Z ▶ scripts/tests/unit/package/install-observer.test.mjs ... ok (61ms)
unit group 1/1	UNKNOWN STEP	2026-10-05T00:41:39.2334164Z ▶ scripts/tests/unit/providers/coverage-provider-adapter.test.mjs ... ok (47ms)
unit group 1/1	UNKNOWN STEP	2026-10-05T00:41:39.2338912Z ▶ scripts/tests/unit/providers/parity.test.mjs ... ok (164ms)
unit group 1/1	UNKNOWN STEP	2026-10-05T00:41:39.2339858Z ▶ scripts/tests/unit/providers/registry.test.mjs ... ok (42ms)
unit group 1/1	UNKNOWN STEP	2026-10-05T00:41:39.2340462Z ▶ scripts/tests/unit/providers/skill-version-stamp.test.mjs ... ok (49ms)
unit group 1/1	UNKNOWN STEP	2026-10-05T00:41:39.2341033Z ▶ scripts/tests/unit/reports/daily-activity.test.mjs ... ok (98ms)
unit group 1/1	UNKNOWN STEP	2026-10-05T00:41:39.2341629Z ▶ scripts/tests/unit/reports/generate-value-report-daily.test.mjs ... ok (77ms)
unit group 1/1	UNKNOWN STEP	2026-10-05T00:41:39.2342271Z ▶ scripts/tests/unit/reports/generate-value-report-order.test.mjs ... ok (229ms)
unit group 1/1	UNKNOWN STEP	2026-10-05T00:41:39.2342877Z ▶ scripts/tests/unit/reports/generate-value-report.test.mjs ... ok (55ms)
unit group 1/1	UNKNOWN STEP	2026-10-05T00:41:39.2343490Z ▶ scripts/tests/unit/reports/heal-backlog-attribution.test.mjs ... ok (165ms)
unit group 1/1	UNKNOWN STEP	2026-10-05T00:41:39.2344091Z ▶ scripts/tests/unit/reports/lib/estimation-records.test.mjs ... ok (56ms)
unit group 1/1	UNKNOWN STEP	2026-10-05T00:41:39.2344635Z ▶ scripts/tests/unit/reports/session-field.test.mjs ... ok (37ms)
unit group 1/1	UNKNOWN STEP	2026-10-05T00:41:39.2345476Z ▶ scripts/tests/unit/task-tracker/characterization/orchestrators.test.mjs ... ok (751ms)
unit group 1/1	UNKNOWN STEP	2026-10-05T00:41:39.2346316Z ▶ scripts/tests/unit/task-tracker/check-allow-unverified-ticks.test.mjs ... ok (107ms)
unit group 1/1	UNKNOWN STEP	2026-10-05T00:41:39.2347136Z ▶ scripts/tests/unit/task-tracker/core/activity-policy-extra-globs.test.mjs ... ok (168ms)
unit group 1/1	UNKNOWN STEP	2026-10-05T00:41:39.2347819Z ▶ scripts/tests/unit/task-tracker/core/actor-bind-history.test.mjs ... ok (101ms)
unit group 1/1	UNKNOWN STEP	2026-10-05T00:41:39.2348443Z ▶ scripts/tests/unit/task-tracker/core/actor-word-cursor.test.mjs ... ok (61ms)
unit group 1/1	UNKNOWN STEP	2026-10-05T00:41:39.2349040Z ▶ scripts/tests/unit/task-tracker/core/adapter-dedup.test.mjs ... ok (41ms)
unit group 1/1	UNKNOWN STEP	2026-10-05T00:41:39.2349663Z ▶ scripts/tests/unit/task-tracker/core/adapter-token-floor.test.mjs ... ok (37ms)
unit group 1/1	UNKNOWN STEP	2026-10-05T00:41:39.2350308Z ▶ scripts/tests/unit/task-tracker/core/aitm-ismain-symlink.test.mjs ... ok (163ms)
unit group 1/1	UNKNOWN STEP	2026-10-05T00:41:39.2350964Z ▶ scripts/tests/unit/task-tracker/core/assert-fields-persisted.test.mjs ... ok (26ms)
unit group 1/1	UNKNOWN STEP	2026-10-05T00:41:39.2351650Z ▶ scripts/tests/unit/task-tracker/core/assignee-default-docs-793.test.mjs ... ok (37ms)
unit group 1/1	UNKNOWN STEP	2026-10-05T00:41:39.2352321Z ▶ scripts/tests/unit/task-tracker/core/backfill-disposition.test.mjs ... ok (169ms)
unit group 1/1	UNKNOWN STEP	2026-10-05T00:41:39.2352980Z ▶ scripts/tests/unit/task-tracker/core/backfill-plan-metadata.test.mjs ... ok (131ms)
unit group 1/1	UNKNOWN STEP	2026-10-05T00:41:39.2353636Z ▶ scripts/tests/unit/task-tracker/core/backfill-story-origin.test.mjs ... ok (177ms)
unit group 1/1	UNKNOWN STEP	2026-10-05T00:41:39.2354284Z ▶ scripts/tests/unit/task-tracker/core/backfill-timing-logs.test.mjs ... ok (130ms)
unit group 1/1	UNKNOWN STEP	2026-10-05T00:41:39.2354952Z ▶ scripts/tests/unit/task-tracker/core/backfill-vc-sections-help.test.mjs ... ok (166ms)
unit group 1/1	UNKNOWN STEP	2026-10-05T00:41:39.2355690Z ▶ scripts/tests/unit/task-tracker/core/backfill-vc-sections-strict-argv.test.mjs ... ok (156ms)
unit group 1/1	UNKNOWN STEP	2026-10-05T00:41:39.2356475Z ▶ scripts/tests/unit/task-tracker/core/backfill-vc-sections.test.mjs ... ok (149ms)
unit group 1/1	UNKNOWN STEP	2026-10-05T00:41:39.2357139Z ▶ scripts/tests/unit/task-tracker/core/beta-report-templates-497.test.mjs ... ok (58ms)
unit group 1/1	UNKNOWN STEP	2026-10-05T00:41:39.2357870Z ▶ scripts/tests/unit/task-tracker/core/child-cannot-lead-epic-migration.test.mjs ... ok (32ms)
unit group 1/1	UNKNOWN STEP	2026-10-05T00:41:39.2358534Z ▶ scripts/tests/unit/task-tracker/core/child-process-api.test.mjs ... ok (39ms)
unit group 1/1	UNKNOWN STEP	2026-10-05T00:41:39.2359144Z ▶ scripts/tests/unit/task-tracker/core/ci-745-trunk-ref.test.mjs ... ok (42ms)
unit group 1/1	UNKNOWN STEP	2026-10-05T00:41:39.2359767Z ▶ scripts/tests/unit/task-tracker/core/ci-actions-node-pins.test.mjs ... ok (36ms)
unit group 1/1	UNKNOWN STEP	2026-10-05T00:41:39.2360411Z ▶ scripts/tests/unit/task-tracker/core/ci-memory-parity-index.test.mjs ... ok (40ms)
unit group 1/1	UNKNOWN STEP	2026-10-05T00:41:39.2361029Z ▶ scripts/tests/unit/task-tracker/core/ci-test-shards.test.mjs ... ok (52ms)
unit group 1/1	UNKNOWN STEP	2026-10-05T00:41:39.2361822Z ▶ scripts/tests/unit/task-tracker/core/cli-colorize.test.mjs ... ok (151ms)
unit group 1/1	UNKNOWN STEP	2026-10-05T00:41:39.2362406Z ▶ scripts/tests/unit/task-tracker/core/cli-help-flag.test.mjs ... ok (185ms)
unit group 1/1	UNKNOWN STEP	2026-10-05T00:41:39.2363049Z ▶ scripts/tests/unit/task-tracker/core/close-board-body-agreement.test.mjs ... ok (29ms)
unit group 1/1	UNKNOWN STEP	2026-10-05T00:41:39.2363734Z ▶ scripts/tests/unit/task-tracker/core/close-emission-order.test.mjs ... ok (263ms)
unit group 1/1	UNKNOWN STEP	2026-10-05T00:41:39.2364368Z ▶ scripts/tests/unit/task-tracker/core/close-flush-timing.test.mjs ... ok (31ms)
unit group 1/1	UNKNOWN STEP	2026-10-05T00:41:39.2365024Z ▶ scripts/tests/unit/task-tracker/core/close-gate-marker-robust.test.mjs ... ok (91ms)
unit group 1/1	UNKNOWN STEP	2026-10-05T00:41:39.2365638Z ▶ scripts/tests/unit/task-tracker/core/close-gate.test.mjs ... ok (78ms)
unit group 1/1	UNKNOWN STEP	2026-10-05T00:41:39.2366403Z ▶ scripts/tests/unit/task-tracker/core/codex-support-matrix.test.mjs ... ok (26ms)
unit group 1/1	UNKNOWN STEP	2026-10-05T00:41:39.2367077Z ▶ scripts/tests/unit/task-tracker/core/command-manifest.test.mjs ... ok (230ms)
unit group 1/1	UNKNOWN STEP	2026-10-05T00:41:39.2367728Z ▶ scripts/tests/unit/task-tracker/core/config-full-auto-merge.test.mjs ... ok (116ms)
unit group 1/1	UNKNOWN STEP	2026-10-05T00:41:39.2368434Z ▶ scripts/tests/unit/task-tracker/core/contiguity-guard-migration.test.mjs ... ok (41ms)
unit group 1/1	UNKNOWN STEP	2026-10-05T00:41:39.2369125Z ▶ scripts/tests/unit/task-tracker/core/contiguity-hole-message.test.mjs ... ok (37ms)
unit group 1/1	UNKNOWN STEP	2026-10-05T00:41:39.2369985Z ▶ scripts/tests/unit/task-tracker/core/coverage-backfill-plan-metadata.test.mjs ... ok (144ms)
unit group 1/1	UNKNOWN STEP	2026-10-05T00:41:39.2370741Z ▶ scripts/tests/unit/task-tracker/core/coverage-backfill-timing-logs.test.mjs ... ok (167ms)
unit group 1/1	UNKNOWN STEP	2026-10-05T00:41:39.2371494Z ▶ scripts/tests/unit/task-tracker/core/coverage-backfill-vc-sections.test.mjs ... ok (158ms)
unit group 1/1	UNKNOWN STEP	2026-10-05T00:41:39.2372200Z ▶ scripts/tests/unit/task-tracker/core/coverage-heal-backlog.test.mjs ... ok (167ms)
unit group 1/1	UNKNOWN STEP	2026-10-05T00:41:39.2372907Z ▶ scripts/tests/unit/task-tracker/core/coverage-heal-entry-markers.test.mjs ... ok (187ms)
unit group 1/1	UNKNOWN STEP	2026-10-05T00:41:39.2373645Z ▶ scripts/tests/unit/task-tracker/core/coverage-heal-functional-dod.test.mjs ... ok (140ms)
unit group 1/1	UNKNOWN STEP	2026-10-05T00:41:39.2374416Z ▶ scripts/tests/unit/task-tracker/core/coverage-heal-refine-entry-marker.test.mjs ... ok (186ms)
unit group 1/1	UNKNOWN STEP	2026-10-05T00:41:39.2375168Z ▶ scripts/tests/unit/task-tracker/core/coverage-heal-timing-starts.test.mjs ... ok (127ms)
unit group 1/1	UNKNOWN STEP	2026-10-05T00:41:39.2375918Z ▶ scripts/tests/unit/task-tracker/core/coverage-migrate-fields-encoding.test.mjs ... ok (185ms)
unit group 1/1	UNKNOWN STEP	2026-10-05T00:41:39.2376789Z ▶ scripts/tests/unit/task-tracker/core/coverage-migrate-plan-approved.test.mjs ... ok (147ms)
unit group 1/1	UNKNOWN STEP	2026-10-05T00:41:39.2377537Z ▶ scripts/tests/unit/task-tracker/core/deep-dive-no-direct-gh-edit.test.mjs ... ok (31ms)
unit group 1/1	UNKNOWN STEP	2026-10-05T00:41:39.2378202Z ▶ scripts/tests/unit/task-tracker/core/defect-first-doc.test.mjs ... ok (46ms)
unit group 1/1	UNKNOWN STEP	2026-10-05T00:41:39.2378835Z ▶ scripts/tests/unit/task-tracker/core/demonstrable-ac-doc.test.mjs ... ok (43ms)
unit group 1/1	UNKNOWN STEP	2026-10-05T00:41:39.2379487Z ▶ scripts/tests/unit/task-tracker/core/discuss-banner-wiring.test.mjs ... ok (30ms)
unit group 1/1	UNKNOWN STEP	2026-10-05T00:41:39.2380160Z ▶ scripts/tests/unit/task-tracker/core/discuss-label-action-499.test.mjs ... ok (54ms)
unit group 1/1	UNKNOWN STEP	2026-10-05T00:41:39.2380864Z ▶ scripts/tests/unit/task-tracker/core/disposition-field-contract.test.mjs ... ok (49ms)
unit group 1/1	UNKNOWN STEP	2026-10-05T00:41:39.2381551Z ▶ scripts/tests/unit/task-tracker/core/docs-735-attribution.test.mjs ... ok (39ms)
unit group 1/1	UNKNOWN STEP	2026-10-05T00:41:39.2382235Z ▶ scripts/tests/unit/task-tracker/core/docs-issue-body-forbiddance.test.mjs ... ok (36ms)
unit group 1/1	UNKNOWN STEP	2026-10-05T00:41:39.2382920Z ▶ scripts/tests/unit/task-tracker/core/docs-no-raw-gh-create.test.mjs ... ok (184ms)
unit group 1/1	UNKNOWN STEP	2026-10-05T00:41:39.2383664Z ▶ scripts/tests/unit/task-tracker/core/docs-only-lane-skip-completeness.test.mjs ... ok (168ms)
unit group 1/1	UNKNOWN STEP	2026-10-05T00:41:39.2384349Z ▶ scripts/tests/unit/task-tracker/core/empty-catch-audit.test.mjs ... ok (68ms)
unit group 1/1	UNKNOWN STEP	2026-10-05T00:41:39.2385002Z ▶ scripts/tests/unit/task-tracker/core/evidence-marker-guidance.test.mjs ... ok (33ms)
unit group 1/1	UNKNOWN STEP	2026-10-05T00:41:39.2385666Z ▶ scripts/tests/unit/task-tracker/core/flush-active-anchor.test.mjs ... ok (48ms)
unit group 1/1	UNKNOWN STEP	2026-10-05T00:41:39.2386425Z ▶ scripts/tests/unit/task-tracker/core/full-auto-close-doctrine.test.mjs ... ok (349ms)
unit group 1/1	UNKNOWN STEP	2026-10-05T00:41:39.2387215Z ▶ scripts/tests/unit/task-tracker/core/full-auto-default-doc.test.mjs ... ok (43ms)
unit group 1/1	UNKNOWN STEP	2026-10-05T00:41:39.2387857Z ▶ scripts/tests/unit/task-tracker/core/full-auto-doctrine-doc.test.mjs ... ok (34ms)
unit group 1/1	UNKNOWN STEP	2026-10-05T00:41:39.2388539Z ▶ scripts/tests/unit/task-tracker/core/full-auto-dogfood-config.test.mjs ... ok (41ms)
unit group 1/1	UNKNOWN STEP	2026-10-05T00:41:39.2389235Z ▶ scripts/tests/unit/task-tracker/core/gh-timing-comment-actors.test.mjs ... ok (131ms)
unit group 1/1	UNKNOWN STEP	2026-10-05T00:41:39.2389961Z ▶ scripts/tests/unit/task-tracker/core/gh-timing-comment-backdated-row.test.mjs ... ok (90ms)
unit group 1/1	UNKNOWN STEP	2026-10-05T00:41:39.2390695Z ▶ scripts/tests/unit/task-tracker/core/gh-timing-comment-blank-zero.test.mjs ... ok (94ms)
unit group 1/1	UNKNOWN STEP	2026-10-05T00:41:39.2391466Z ▶ scripts/tests/unit/task-tracker/core/gh-timing-comment-duplicate-start.test.mjs ... ok (88ms)
unit group 1/1	UNKNOWN STEP	2026-10-05T00:41:39.2392425Z ▶ scripts/tests/unit/task-tracker/core/gh-timing-comment-full-column.test.mjs ... ok (93ms)
unit group 1/1	UNKNOWN STEP	2026-10-05T00:41:39.2393254Z ▶ scripts/tests/unit/task-tracker/core/gh-timing-comment-issue-number.test.mjs ... ok (131ms)
unit group 1/1	UNKNOWN STEP	2026-10-05T00:41:39.2394099Z ▶ scripts/tests/unit/task-tracker/core/gh-timing-comment.test.mjs ... ok (89ms)
unit group 1/1	UNKNOWN STEP	2026-10-05T00:41:39.2394877Z ▶ scripts/tests/unit/task-tracker/core/governed-plan-policy.test.mjs ... ok (52ms)
unit group 1/1	UNKNOWN STEP	2026-10-05T00:41:39.2410252Z ▶ scripts/tests/unit/task-tracker/core/guard-comment-truth.test.mjs ... ok (34ms)
unit group 1/1	UNKNOWN STEP	2026-10-05T00:41:39.2410895Z ▶ scripts/tests/unit/task-tracker/core/guard-registry.test.mjs ... ok (65ms)
unit group 1/1	UNKNOWN STEP	2026-10-05T00:41:39.2411532Z ▶ scripts/tests/unit/task-tracker/core/guard-stdin-portability.test.mjs ... ok (41ms)
unit group 1/1	UNKNOWN STEP	2026-10-05T00:41:39.2412207Z ▶ scripts/tests/unit/task-tracker/core/guard-trust-boundary-doc.test.mjs ... ok (40ms)
unit group 1/1	UNKNOWN STEP	2026-10-05T00:41:39.2412847Z ▶ scripts/tests/unit/task-tracker/core/guard-unbypassable.test.mjs ... ok (25ms)
unit group 1/1	UNKNOWN STEP	2026-10-05T00:41:39.2413478Z ▶ scripts/tests/unit/task-tracker/core/handle-migrate-result.test.mjs ... ok (194ms)
unit group 1/1	UNKNOWN STEP	2026-10-05T00:41:39.2414112Z ▶ scripts/tests/unit/task-tracker/core/heal-backlog-core.test.mjs ... ok (171ms)
unit group 1/1	UNKNOWN STEP	2026-10-05T00:41:39.2414789Z ▶ scripts/tests/unit/task-tracker/core/heal-backlog-entry-marker.test.mjs ... ok (128ms)
unit group 1/1	UNKNOWN STEP	2026-10-05T00:41:39.2415454Z ▶ scripts/tests/unit/task-tracker/core/heal-backlog-fields.test.mjs ... ok (140ms)
unit group 1/1	UNKNOWN STEP	2026-10-05T00:41:39.2416241Z ▶ scripts/tests/unit/task-tracker/core/heal-backlog-schema-drift.test.mjs ... ok (171ms)
unit group 1/1	UNKNOWN STEP	2026-10-05T00:41:39.2416975Z ▶ scripts/tests/unit/task-tracker/core/heal-entry-markers-backlog-fallback.test.mjs ... ok (161ms)
unit group 1/1	UNKNOWN STEP	2026-10-05T00:41:39.2417727Z ▶ scripts/tests/unit/task-tracker/core/heal-entry-markers-monotonize.test.mjs ... ok (160ms)
unit group 1/1	UNKNOWN STEP	2026-10-05T00:41:39.2418461Z ▶ scripts/tests/unit/task-tracker/core/heal-entry-markers-visit-aware.test.mjs ... ok (158ms)
unit group 1/1	UNKNOWN STEP	2026-10-05T00:41:39.2419251Z ▶ scripts/tests/unit/task-tracker/core/heal-entry-markers-zero-marker-backlog.test.mjs ... ok (157ms)
unit group 1/1	UNKNOWN STEP	2026-10-05T00:41:39.2419956Z ▶ scripts/tests/unit/task-tracker/core/heal-functional-dod.test.mjs ... ok (167ms)
unit group 1/1	UNKNOWN STEP	2026-10-05T00:41:39.2420614Z ▶ scripts/tests/unit/task-tracker/core/heal-refine-entry-marker.test.mjs ... ok (135ms)
unit group 1/1	UNKNOWN STEP	2026-10-05T00:41:39.2421294Z ▶ scripts/tests/unit/task-tracker/core/heal-timing-log-command.test.mjs ... ok (163ms)
unit group 1/1	UNKNOWN STEP	2026-10-05T00:41:39.2421993Z ▶ scripts/tests/unit/task-tracker/core/heal-timing-starts-command.test.mjs ... ok (131ms)
unit group 1/1	UNKNOWN STEP	2026-10-05T00:41:39.2422643Z ▶ scripts/tests/unit/task-tracker/core/issue-field-db.test.mjs ... ok (24ms)
unit group 1/1	UNKNOWN STEP	2026-10-05T00:41:39.2423250Z ▶ scripts/tests/unit/task-tracker/core/lane-split-seed.test.mjs ... ok (163ms)
unit group 1/1	UNKNOWN STEP	2026-10-05T00:41:39.2423863Z ▶ scripts/tests/unit/task-tracker/core/lifecycle-integration.test.mjs ... ok (83ms)
unit group 1/1	UNKNOWN STEP	2026-10-05T00:41:39.2424493Z ▶ scripts/tests/unit/task-tracker/core/lock-primitive-doc.test.mjs ... ok (30ms)
unit group 1/1	UNKNOWN STEP	2026-10-05T00:41:39.2425166Z ▶ scripts/tests/unit/task-tracker/core/log-issue-time-paired-slugs.test.mjs ... ok (85ms)
unit group 1/1	UNKNOWN STEP	2026-10-05T00:41:39.2425815Z ▶ scripts/tests/unit/task-tracker/core/measure-context.test.mjs ... ok (955ms)
unit group 1/1	UNKNOWN STEP	2026-10-05T00:41:39.2427643Z ▶ scripts/tests/unit/task-tracker/core/memory-seed-docs.test.mjs ... ok (34ms)
unit group 1/1	UNKNOWN STEP	2026-10-05T00:41:39.2428264Z ▶ scripts/tests/unit/task-tracker/core/memory-seed-packaged.test.mjs ... ok (1.1s)
unit group 1/1	UNKNOWN STEP	2026-10-05T00:41:39.2428916Z ▶ scripts/tests/unit/task-tracker/core/migrate-fields-encoding.test.mjs ... ok (145ms)
unit group 1/1	UNKNOWN STEP	2026-10-05T00:41:39.2429588Z ▶ scripts/tests/unit/task-tracker/core/migrate-plan-approved.test.mjs ... ok (135ms)
unit group 1/1	UNKNOWN STEP	2026-10-05T00:41:39.2430277Z ▶ scripts/tests/unit/task-tracker/core/move-state-assigned.test.mjs ... ok (101ms)
unit group 1/1	UNKNOWN STEP	2026-10-05T00:41:39.2430917Z ▶ scripts/tests/unit/task-tracker/core/move-state-force-flag.test.mjs ... ok (40ms)
unit group 1/1	UNKNOWN STEP	2026-10-05T00:41:39.2431572Z ▶ scripts/tests/unit/task-tracker/core/move-state-no-main-shim.test.mjs ... ok (39ms)
unit group 1/1	UNKNOWN STEP	2026-10-05T00:41:39.2432274Z ▶ scripts/tests/unit/task-tracker/core/move-state-structured-result.test.mjs ... ok (172ms)
unit group 1/1	UNKNOWN STEP	2026-10-05T00:41:39.2433041Z ▶ scripts/tests/unit/task-tracker/core/mutate-issue-body-scripts-help-audit.test.mjs ... ok (148ms)
unit group 1/1	UNKNOWN STEP	2026-10-05T00:41:39.2433774Z ▶ scripts/tests/unit/task-tracker/core/no-legacy-timing-access.test.mjs ... ok (71ms)
unit group 1/1	UNKNOWN STEP	2026-10-05T00:41:39.2434433Z ▶ scripts/tests/unit/task-tracker/core/no-mutation-guarantee.test.mjs ... ok (31ms)
unit group 1/1	UNKNOWN STEP	2026-10-05T00:41:39.2435064Z ▶ scripts/tests/unit/task-tracker/core/node-runtime-policy.test.mjs ... ok (51ms)
unit group 1/1	UNKNOWN STEP	2026-10-05T00:41:39.2435812Z ▶ scripts/tests/unit/task-tracker/core/npm-pack-report.test.mjs ... ok (47ms)
unit group 1/1	UNKNOWN STEP	2026-10-05T00:41:39.2436533Z ▶ scripts/tests/unit/task-tracker/core/operational-jit-audit.test.mjs ... ok (46ms)
unit group 1/1	UNKNOWN STEP	2026-10-05T00:41:39.2437223Z ▶ scripts/tests/unit/task-tracker/core/orphan-finalize-chrono-order.test.mjs ... ok (90ms)
unit group 1/1	UNKNOWN STEP	2026-10-05T00:41:39.2437893Z ▶ scripts/tests/unit/task-tracker/core/package-boundary.test.mjs ... FAIL (exit 1)
unit group 1/1	UNKNOWN STEP	2026-10-05T00:41:39.2438548Z ▶ scripts/tests/unit/task-tracker/core/parse-timing-rows-legacy.test.mjs ... ok (83ms)
unit group 1/1	UNKNOWN STEP	2026-10-05T00:41:39.2439195Z ▶ scripts/tests/unit/task-tracker/core/pause-resume-reason.test.mjs ... ok (94ms)
unit group 1/1	UNKNOWN STEP	2026-10-05T00:41:39.2439826Z ▶ scripts/tests/unit/task-tracker/core/pause-row-duration.test.mjs ... ok (97ms)
unit group 1/1	UNKNOWN STEP	2026-10-05T00:41:39.2440425Z ▶ scripts/tests/unit/task-tracker/core/phase-events-doc.test.mjs ... ok (40ms)
unit group 1/1	UNKNOWN STEP	2026-10-05T00:41:39.2441017Z ▶ scripts/tests/unit/task-tracker/core/phase-events.test.mjs ... ok (184ms)
unit group 1/1	UNKNOWN STEP	2026-10-05T00:41:39.2441704Z ▶ scripts/tests/unit/task-tracker/core/pickup-directive-has-checkpoint.test.mjs ... ok (24ms)
unit group 1/1	UNKNOWN STEP	2026-10-05T00:41:39.2442417Z ▶ scripts/tests/unit/task-tracker/core/pickup-directive-recovery.test.mjs ... ok (34ms)
unit group 1/1	UNKNOWN STEP	2026-10-05T00:41:39.2443116Z ▶ scripts/tests/unit/task-tracker/core/pickup-directive-token-floor.test.mjs ... ok (41ms)
unit group 1/1	UNKNOWN STEP	2026-10-05T00:41:39.2443761Z ▶ scripts/tests/unit/task-tracker/core/quality-config.test.mjs ... ok (45ms)
unit group 1/1	UNKNOWN STEP	2026-10-05T00:41:39.2444399Z ▶ scripts/tests/unit/task-tracker/core/read-timing-comment-body.test.mjs ... ok (70ms)
unit group 1/1	UNKNOWN STEP	2026-10-05T00:41:39.2445122Z ▶ scripts/tests/unit/task-tracker/core/recovery-gap-dependency-structure.test.mjs ... ok (43ms)
unit group 1/1	UNKNOWN STEP	2026-10-05T00:41:39.2445915Z ▶ scripts/tests/unit/task-tracker/core/refine-exit-complete-marker-migration.test.mjs ... ok (44ms)
unit group 1/1	UNKNOWN STEP	2026-10-05T00:41:39.2446745Z ▶ scripts/tests/unit/task-tracker/core/regression-pause-compact.test.mjs ... ok (78ms)
unit group 1/1	UNKNOWN STEP	2026-10-05T00:41:39.2447395Z ▶ scripts/tests/unit/task-tracker/core/relicense-manifest.test.mjs ... ok (34ms)
unit group 1/1	UNKNOWN STEP	2026-10-05T00:41:39.2448024Z ▶ scripts/tests/unit/task-tracker/core/relicense-no-mit.test.mjs ... ok (47ms)
unit group 1/1	UNKNOWN STEP	2026-10-05T00:41:39.2448641Z ▶ scripts/tests/unit/task-tracker/core/residue-audit-scope.test.mjs ... ok (40ms)
unit group 1/1	UNKNOWN STEP	2026-10-05T00:41:39.2449306Z ▶ scripts/tests/unit/task-tracker/core/review-delta-source-lock.test.mjs ... ok (25ms)
unit group 1/1	UNKNOWN STEP	2026-10-05T00:41:39.2450015Z ▶ scripts/tests/unit/task-tracker/core/review-failure-block-structure.test.mjs ... ok (39ms)
unit group 1/1	UNKNOWN STEP	2026-10-05T00:41:39.2450701Z ▶ scripts/tests/unit/task-tracker/core/router-compression-493.test.mjs ... ok (39ms)
unit group 1/1	UNKNOWN STEP	2026-10-05T00:41:39.2451333Z ▶ scripts/tests/unit/task-tracker/core/run-tests-ceiling.test.mjs ... ok (33ms)
unit group 1/1	UNKNOWN STEP	2026-10-05T00:41:39.2452074Z ▶ scripts/tests/unit/task-tracker/core/run-tests-discovery.test.mjs ... ok (113ms)
unit group 1/1	UNKNOWN STEP	2026-10-05T00:41:39.2452689Z ▶ scripts/tests/unit/task-tracker/core/run-tests-elapsed.test.mjs ... ok (45ms)
unit group 1/1	UNKNOWN STEP	2026-10-05T00:41:39.2453290Z ▶ scripts/tests/unit/task-tracker/core/run-tests-env.test.mjs ... ok (33ms)
unit group 1/1	UNKNOWN STEP	2026-10-05T00:41:39.2453913Z ▶ scripts/tests/unit/task-tracker/core/run-tests-pool.bench.test.mjs ... ok (1.2s)
unit group 1/1	UNKNOWN STEP	2026-10-05T00:41:39.2454546Z ▶ scripts/tests/unit/task-tracker/core/run-tests-schedule.test.mjs ... ok (62ms)
unit group 1/1	UNKNOWN STEP	2026-10-05T00:41:39.2455163Z ▶ scripts/tests/unit/task-tracker/core/run-tests-timing.test.mjs ... ok (48ms)
unit group 1/1	UNKNOWN STEP	2026-10-05T00:41:39.2455830Z ▶ scripts/tests/unit/task-tracker/core/run-tests-unit-section-split.test.mjs ... ok (40ms)
unit group 1/1	UNKNOWN STEP	2026-10-05T00:41:39.2456810Z ▶ scripts/tests/unit/task-tracker/core/runtime-move-inprocess.test.mjs ... ok (139ms)
unit group 1/1	UNKNOWN STEP	2026-10-05T00:41:39.2457422Z ▶ scripts/tests/unit/task-tracker/core/scope-pack.test.mjs ... ok (1.1s)
unit group 1/1	UNKNOWN STEP	2026-10-05T00:41:39.2457999Z ▶ scripts/tests/unit/task-tracker/core/scope-rename.test.mjs ... ok (31ms)
unit group 1/1	UNKNOWN STEP	2026-10-05T00:41:39.2458623Z ▶ scripts/tests/unit/task-tracker/core/scratch-tooling-ignore.test.mjs ... ok (31ms)
unit group 1/1	UNKNOWN STEP	2026-10-05T00:41:39.2459265Z ▶ scripts/tests/unit/task-tracker/core/sequence-rules-docs.test.mjs ... ok (31ms)
unit group 1/1	UNKNOWN STEP	2026-10-05T00:41:39.2459986Z ▶ scripts/tests/unit/task-tracker/core/session-boot.test.mjs ... ok (37ms)
unit group 1/1	UNKNOWN STEP	2026-10-05T00:41:39.2460619Z ▶ scripts/tests/unit/task-tracker/core/session-state-template.test.mjs ... ok (32ms)
unit group 1/1	UNKNOWN STEP	2026-10-05T00:41:39.2461283Z ▶ scripts/tests/unit/task-tracker/core/silent-catch-regression.test.mjs ... ok (32ms)
unit group 1/1	UNKNOWN STEP	2026-10-05T00:41:39.2461897Z ▶ scripts/tests/unit/task-tracker/core/skill-carve.test.mjs ... ok (119ms)
unit group 1/1	UNKNOWN STEP	2026-10-05T00:41:39.2462525Z ▶ scripts/tests/unit/task-tracker/core/skill-relocation-492.test.mjs ... ok (34ms)
unit group 1/1	UNKNOWN STEP	2026-10-05T00:41:39.2463197Z ▶ scripts/tests/unit/task-tracker/core/skill-stub-seed-directive.test.mjs ... ok (128ms)
unit group 1/1	UNKNOWN STEP	2026-10-05T00:41:39.2463919Z ▶ scripts/tests/unit/task-tracker/core/source-edit-post-develop-lock.test.mjs ... ok (75ms)
unit group 1/1	UNKNOWN STEP	2026-10-05T00:41:39.2464594Z ▶ scripts/tests/unit/task-tracker/core/stage-rollup-seconds.test.mjs ... ok (60ms)
unit group 1/1	UNKNOWN STEP	2026-10-05T00:41:39.2465230Z ▶ scripts/tests/unit/task-tracker/core/stage-rollup-visits.test.mjs ... ok (55ms)
unit group 1/1	UNKNOWN STEP	2026-10-05T00:41:39.2465927Z ▶ scripts/tests/unit/task-tracker/core/state-machine-self-transition.test.mjs ... ok (136ms)
unit group 1/1	UNKNOWN STEP	2026-10-05T00:41:39.2466661Z ▶ scripts/tests/unit/task-tracker/core/state-machine.test.mjs ... ok (38ms)
unit group 1/1	UNKNOWN STEP	2026-10-05T00:41:39.2467267Z ▶ scripts/tests/unit/task-tracker/core/state-project-dir.test.mjs ... ok (42ms)
unit group 1/1	UNKNOWN STEP	2026-10-05T00:41:39.2467967Z ▶ scripts/tests/unit/task-tracker/core/state-walk-ac-stamp-test-carveout.test.mjs ... ok (38ms)
unit group 1/1	UNKNOWN STEP	2026-10-05T00:41:39.2468632Z ▶ scripts/tests/unit/task-tracker/core/switch-scenario.test.mjs ... ok (74ms)
unit group 1/1	UNKNOWN STEP	2026-10-05T00:41:39.2469224Z ▶ scripts/tests/unit/task-tracker/core/sync-zero-values.test.mjs ... ok (36ms)
unit group 1/1	UNKNOWN STEP	2026-10-05T00:41:39.2469883Z ▶ scripts/tests/unit/task-tracker/core/task-tracker-preflight-target.test.mjs ... ok (134ms)
unit group 1/1	UNKNOWN STEP	2026-10-05T00:41:39.2470586Z ▶ scripts/tests/unit/task-tracker/core/timing-active-zero-regression.test.mjs ... ok (41ms)
unit group 1/1	UNKNOWN STEP	2026-10-05T00:41:39.2471265Z ▶ scripts/tests/unit/task-tracker/core/timing-delta-source-regression.test.mjs ... ok (33ms)
unit group 1/1	UNKNOWN STEP	2026-10-05T00:41:39.2471919Z ▶ scripts/tests/unit/task-tracker/core/timing-field-result.test.mjs ... ok (41ms)
unit group 1/1	UNKNOWN STEP	2026-10-05T00:41:39.2472550Z ▶ scripts/tests/unit/task-tracker/core/timing-first-start.test.mjs ... ok (62ms)
unit group 1/1	UNKNOWN STEP	2026-10-05T00:41:39.2473163Z ▶ scripts/tests/unit/task-tracker/core/timing-rollup.test.mjs ... ok (71ms)
unit group 1/1	UNKNOWN STEP	2026-10-05T00:41:39.2473821Z ▶ scripts/tests/unit/task-tracker/core/timing-row-reader-structure.test.mjs ... ok (31ms)
unit group 1/1	UNKNOWN STEP	2026-10-05T00:41:39.2474501Z ▶ scripts/tests/unit/task-tracker/core/timing-unknown-projection.test.mjs ... ok (138ms)
unit group 1/1	UNKNOWN STEP	2026-10-05T00:41:39.2475187Z ▶ scripts/tests/unit/task-tracker/core/timing-word-marker-monotonic.test.mjs ... ok (77ms)
unit group 1/1	UNKNOWN STEP	2026-10-05T00:41:39.2476054Z ▶ scripts/tests/unit/task-tracker/core/timing-word-marker-regression.test.mjs ... ok (40ms)
unit group 1/1	UNKNOWN STEP	2026-10-05T00:41:39.2476823Z ▶ scripts/tests/unit/task-tracker/core/verb-locks.test.mjs ... ok (26ms)
unit group 1/1	UNKNOWN STEP	2026-10-05T00:41:39.2477403Z ▶ scripts/tests/unit/task-tracker/core/verb-orphan-finalize.test.mjs ... ok (38ms)
unit group 1/1	UNKNOWN STEP	2026-10-05T00:41:39.2477983Z ▶ scripts/tests/unit/task-tracker/core/verify-ci-receipts.test.mjs ... ok (40ms)
unit group 1/1	UNKNOWN STEP	2026-10-05T00:41:39.2478658Z ▶ scripts/tests/unit/task-tracker/core/verify-delivery-incident-reconciliation.test.mjs ... ok (122ms)
unit group 1/1	UNKNOWN STEP	2026-10-05T00:41:39.2479311Z ▶ scripts/tests/unit/task-tracker/core/word-marker-advance.test.mjs ... ok (69ms)
unit group 1/1	UNKNOWN STEP	2026-10-05T00:41:39.2479916Z ▶ scripts/tests/unit/task-tracker/core/worker-context-contract.test.mjs ... ok (37ms)
unit group 1/1	UNKNOWN STEP	2026-10-05T00:41:39.2480503Z ▶ scripts/tests/unit/task-tracker/coverage-config.test.mjs ... ok (33ms)
unit group 1/1	UNKNOWN STEP	2026-10-05T00:41:39.2481068Z ▶ scripts/tests/unit/task-tracker/cut-child-worktree.test.mjs ... ok (149ms)
unit group 1/1	UNKNOWN STEP	2026-10-05T00:41:39.2481634Z ▶ scripts/tests/unit/task-tracker/cut-epic-branch.test.mjs ... ok (167ms)
unit group 1/1	UNKNOWN STEP	2026-10-05T00:41:39.2482204Z ▶ scripts/tests/unit/task-tracker/epic-base-edit-guard.test.mjs ... ok (47ms)
unit group 1/1	UNKNOWN STEP	2026-10-05T00:41:39.2482780Z ▶ scripts/tests/unit/task-tracker/epic-verify-trail-render.test.mjs ... ok (267ms)
unit group 1/1	UNKNOWN STEP	2026-10-05T00:41:39.2483379Z ▶ scripts/tests/unit/task-tracker/gh/coverage-dispatch-prep.test.mjs ... ok (191ms)
unit group 1/1	UNKNOWN STEP	2026-10-05T00:41:39.2484080Z ▶ scripts/tests/unit/task-tracker/gh/coverage-init-repair.test.mjs ... ok (168ms)
unit group 1/1	UNKNOWN STEP	2026-10-05T00:41:39.2484662Z ▶ scripts/tests/unit/task-tracker/gh/coverage-set-priority.test.mjs ... ok (166ms)
unit group 1/1	UNKNOWN STEP	2026-10-05T00:41:39.2485306Z ▶ scripts/tests/unit/task-tracker/gh/coverage-verify-open-issue-bodies.test.mjs ... ok (155ms)
unit group 1/1	UNKNOWN STEP	2026-10-05T00:41:39.2485962Z ▶ scripts/tests/unit/task-tracker/gh/create-issue-kind-prefix.test.mjs ... ok (164ms)
unit group 1/1	UNKNOWN STEP	2026-10-05T00:41:39.2486730Z ▶ scripts/tests/unit/task-tracker/gh/create-issue-resolve-assignee.test.mjs ... ok (178ms)
unit group 1/1	UNKNOWN STEP	2026-10-05T00:41:39.2487554Z ▶ scripts/tests/unit/task-tracker/gh/dispatch-prep-inprocess.test.mjs ... ok (237ms)
unit group 1/1	UNKNOWN STEP	2026-10-05T00:41:39.2487949Z ▶ scripts/tests/unit/task-tracker/gh/disposition-install-repair.test.mjs ... ok (191ms)
unit group 1/1	UNKNOWN STEP	2026-10-05T00:41:39.2488334Z ▶ scripts/tests/unit/task-tracker/gh/entry-marker-scaffold.test.mjs ... ok (184ms)
unit group 1/1	UNKNOWN STEP	2026-10-05T00:41:39.2488701Z ▶ scripts/tests/unit/task-tracker/gh/lib/bug-emoji-prefix.test.mjs ... ok (45ms)
unit group 1/1	UNKNOWN STEP	2026-10-05T00:41:39.2489078Z ▶ scripts/tests/unit/task-tracker/gh/lib/coverage-github-projects.test.mjs ... ok (47ms)
unit group 1/1	UNKNOWN STEP	2026-10-05T00:41:39.2489465Z ▶ scripts/tests/unit/task-tracker/gh/lib/coverage-list-issues.test.mjs ... ok (42ms)
unit group 1/1	UNKNOWN STEP	2026-10-05T00:41:39.2489820Z ▶ scripts/tests/unit/task-tracker/gh/lib/epic-metadata.test.mjs ... ok (79ms)
unit group 1/1	UNKNOWN STEP	2026-10-05T00:41:39.2490161Z ▶ scripts/tests/unit/task-tracker/gh/lib/epic-retitle.test.mjs ... ok (75ms)
unit group 1/1	UNKNOWN STEP	2026-10-05T00:41:39.2490512Z ▶ scripts/tests/unit/task-tracker/gh/lib/field-defs-drift.test.mjs ... ok (33ms)
unit group 1/1	UNKNOWN STEP	2026-10-05T00:41:39.2490875Z ▶ scripts/tests/unit/task-tracker/gh/lib/gh-retry-test-cap.test.mjs ... ok (38ms)
unit group 1/1	UNKNOWN STEP	2026-10-05T00:41:39.2491231Z ▶ scripts/tests/unit/task-tracker/gh/lib/github-projects.test.mjs ... ok (34ms)
unit group 1/1	UNKNOWN STEP	2026-10-05T00:41:39.2491603Z ▶ scripts/tests/unit/task-tracker/gh/lib/issue-template-prefix.test.mjs ... ok (58ms)
unit group 1/1	UNKNOWN STEP	2026-10-05T00:41:39.2491963Z ▶ scripts/tests/unit/task-tracker/gh/lib/project-tether.test.mjs ... ok (76ms)
unit group 1/1	UNKNOWN STEP	2026-10-05T00:41:39.2492320Z ▶ scripts/tests/unit/task-tracker/gh/lib/tether-rank-write.test.mjs ... ok (64ms)
unit group 1/1	UNKNOWN STEP	2026-10-05T00:41:39.2492667Z ▶ scripts/tests/unit/task-tracker/gh/lib/title-prefix.test.mjs ... ok (48ms)
unit group 1/1	UNKNOWN STEP	2026-10-05T00:41:39.2493009Z ▶ scripts/tests/unit/task-tracker/gh/lib/wave-admission.test.mjs ... ok (86ms)
unit group 1/1	UNKNOWN STEP	2026-10-05T00:41:39.2493350Z ▶ scripts/tests/unit/task-tracker/gh/lib/wave-detect.test.mjs ... ok (30ms)
unit group 1/1	UNKNOWN STEP	2026-10-05T00:41:39.2493684Z ▶ scripts/tests/unit/task-tracker/gh/lib/with-retry.test.mjs ... ok (36ms)
unit group 1/1	UNKNOWN STEP	2026-10-05T00:41:39.2494119Z ▶ scripts/tests/unit/task-tracker/gh/log-issue-time-labels.test.mjs ... ok (139ms)
unit group 1/1	UNKNOWN STEP	2026-10-05T00:41:39.2494729Z ▶ scripts/tests/unit/task-tracker/gh/move-state-host-returns.test.mjs ... ok (262ms)
unit group 1/1	UNKNOWN STEP	2026-10-05T00:41:39.2495088Z ▶ scripts/tests/unit/task-tracker/gh/review-in-place.test.mjs ... ok (326ms)
unit group 1/1	UNKNOWN STEP	2026-10-05T00:41:39.2495455Z ▶ scripts/tests/unit/task-tracker/gh/status-config-projections.test.mjs ... ok (151ms)
unit group 1/1	UNKNOWN STEP	2026-10-05T00:41:39.2495843Z ▶ scripts/tests/unit/task-tracker/gh/verify-open-issue-bodies.test.mjs ... ok (162ms)
unit group 1/1	UNKNOWN STEP	2026-10-05T00:41:39.2496382Z ▶ scripts/tests/unit/task-tracker/hooks/codex-prompt-timestamp-hook.test.mjs ... ok (27ms)
unit group 1/1	UNKNOWN STEP	2026-10-05T00:41:39.2496779Z ▶ scripts/tests/unit/task-tracker/hooks/stop-audit-pause-resume.test.mjs ... ok (86ms)
unit group 1/1	UNKNOWN STEP	2026-10-05T00:41:39.2497133Z ▶ scripts/tests/unit/task-tracker/kind-aware-dod.test.mjs ... ok (1.4s)
unit group 1/1	UNKNOWN STEP	2026-10-05T00:41:39.2497530Z ▶ scripts/tests/unit/task-tracker/lib/ac-evidence-non-demonstrable-marker.test.mjs ... ok (85ms)
unit group 1/1	UNKNOWN STEP	2026-10-05T00:41:39.2497933Z ▶ scripts/tests/unit/task-tracker/lib/ac-evidence-vc-list-774.test.mjs ... ok (63ms)
unit group 1/1	UNKNOWN STEP	2026-10-05T00:41:39.2498282Z ▶ scripts/tests/unit/task-tracker/lib/ac-evidence.test.mjs ... ok (89ms)
unit group 1/1	UNKNOWN STEP	2026-10-05T00:41:39.2498638Z ▶ scripts/tests/unit/task-tracker/lib/action-authority-cost.test.mjs ... ok (196ms)
unit group 1/1	UNKNOWN STEP	2026-10-05T00:41:39.2499019Z ▶ scripts/tests/unit/task-tracker/lib/action-decision-contract.test.mjs ... ok (190ms)
unit group 1/1	UNKNOWN STEP	2026-10-05T00:41:39.2499509Z ▶ scripts/tests/unit/task-tracker/lib/action-decision-v2.test.mjs ... ok (56ms)
unit group 1/1	UNKNOWN STEP	2026-10-05T00:41:39.2499870Z ▶ scripts/tests/unit/task-tracker/lib/action-observations.test.mjs ... ok (68ms)
unit group 1/1	UNKNOWN STEP	2026-10-05T00:41:39.2500224Z ▶ scripts/tests/unit/task-tracker/lib/action-presentation.test.mjs ... ok (84ms)
unit group 1/1	UNKNOWN STEP	2026-10-05T00:41:39.2500605Z ▶ scripts/tests/unit/task-tracker/lib/action-session-observations.test.mjs ... ok (53ms)
unit group 1/1	UNKNOWN STEP	2026-10-05T00:41:39.2500989Z ▶ scripts/tests/unit/task-tracker/lib/active-by-phase-spans.test.mjs ... ok (79ms)
unit group 1/1	UNKNOWN STEP	2026-10-05T00:41:39.2501329Z ▶ scripts/tests/unit/task-tracker/lib/active-time.test.mjs ... ok (68ms)
unit group 1/1	UNKNOWN STEP	2026-10-05T00:41:39.2501677Z ▶ scripts/tests/unit/task-tracker/lib/activity-guard-error.test.mjs ... ok (60ms)
unit group 1/1	UNKNOWN STEP	2026-10-05T00:41:39.2502227Z ▶ scripts/tests/unit/task-tracker/lib/activity-guard-self-mod.test.mjs ... ok (44ms)
unit group 1/1	UNKNOWN STEP	2026-10-05T00:41:39.2502630Z ▶ scripts/tests/unit/task-tracker/lib/activity-policy-classify-bash.test.mjs ... ok (181ms)
unit group 1/1	UNKNOWN STEP	2026-10-05T00:41:39.2503052Z ▶ scripts/tests/unit/task-tracker/lib/activity-policy-classify-edit.test.mjs ... ok (107ms)
unit group 1/1	UNKNOWN STEP	2026-10-05T00:41:39.2503603Z ▶ scripts/tests/unit/task-tracker/lib/actor-flush-journal.test.mjs ... ok (92ms)
unit group 1/1	UNKNOWN STEP	2026-10-05T00:41:39.2504247Z ▶ scripts/tests/unit/task-tracker/lib/actor-queue-isolation.test.mjs ... ok (108ms)
unit group 1/1	UNKNOWN STEP	2026-10-05T00:41:39.2504850Z ▶ scripts/tests/unit/task-tracker/lib/actor-state-isolation.test.mjs ... ok (58ms)
unit group 1/1	UNKNOWN STEP	2026-10-05T00:41:39.2505577Z ▶ scripts/tests/unit/task-tracker/lib/adjacent-word-delta.test.mjs ... ok (102ms)
unit group 1/1	UNKNOWN STEP	2026-10-05T00:41:39.2506353Z ▶ scripts/tests/unit/task-tracker/lib/agent-review-nat-escape.test.mjs ... ok (78ms)
unit group 1/1	UNKNOWN STEP	2026-10-05T00:41:39.2507080Z ▶ scripts/tests/unit/task-tracker/lib/agent-review/approve-agent-review-complete.test.mjs ... ok (526ms)
unit group 1/1	UNKNOWN STEP	2026-10-05T00:41:39.2507750Z ▶ scripts/tests/unit/task-tracker/lib/agent-review/registry.test.mjs ... ok (43ms)
unit group 1/1	UNKNOWN STEP	2026-10-05T00:41:39.2508349Z ▶ scripts/tests/unit/task-tracker/lib/agent-review/review-gate.test.mjs ... ok (86ms)
unit group 1/1	UNKNOWN STEP	2026-10-05T00:41:39.2508981Z ▶ scripts/tests/unit/task-tracker/lib/agent-review/review-proven-box.test.mjs ... ok (80ms)
unit group 1/1	UNKNOWN STEP	2026-10-05T00:41:39.2509730Z ▶ scripts/tests/unit/task-tracker/lib/agent-review/validators/ac-dod-vc-attributes.test.mjs ... ok (108ms)
unit group 1/1	UNKNOWN STEP	2026-10-05T00:41:39.2510480Z ▶ scripts/tests/unit/task-tracker/lib/agent-review/validators/body-sections.test.mjs ... ok (98ms)
unit group 1/1	UNKNOWN STEP	2026-10-05T00:41:39.2511298Z ▶ scripts/tests/unit/task-tracker/lib/agent-review/validators/gate-refused-audit-slug.test.mjs ... ok (58ms)
unit group 1/1	UNKNOWN STEP	2026-10-05T00:41:39.2512093Z ▶ scripts/tests/unit/task-tracker/lib/agent-review/validators/new-tests-content.test.mjs ... ok (92ms)
unit group 1/1	UNKNOWN STEP	2026-10-05T00:41:39.2513079Z ▶ scripts/tests/unit/task-tracker/lib/agent-review/validators/required-comments.test.mjs ... ok (106ms)
unit group 1/1	UNKNOWN STEP	2026-10-05T00:41:39.2513943Z ▶ scripts/tests/unit/task-tracker/lib/agent-review/validators/timing-log-sequence-audit-rows.test.mjs ... ok (59ms)
unit group 1/1	UNKNOWN STEP	2026-10-05T00:41:39.2514846Z ▶ scripts/tests/unit/task-tracker/lib/agent-review/validators/timing-log-sequence-update-slug.test.mjs ... ok (55ms)
unit group 1/1	UNKNOWN STEP	2026-10-05T00:41:39.2515730Z ▶ scripts/tests/unit/task-tracker/lib/agent-review/validators/timing-log-sequence.test.mjs ... ok (122ms)
unit group 1/1	UNKNOWN STEP	2026-10-05T00:41:39.2516726Z ▶ scripts/tests/unit/task-tracker/lib/agent-review/validators/v6-marker-organization.test.mjs ... ok (104ms)
unit group 1/1	UNKNOWN STEP	2026-10-05T00:41:39.2517434Z ▶ scripts/tests/unit/task-tracker/lib/aitm-path-guard.test.mjs ... ok (133ms)
unit group 1/1	UNKNOWN STEP	2026-10-05T00:41:39.2518032Z ▶ scripts/tests/unit/task-tracker/lib/apply-patch-targets.test.mjs ... ok (36ms)
unit group 1/1	UNKNOWN STEP	2026-10-05T00:41:39.2518686Z ▶ scripts/tests/unit/task-tracker/lib/apply-refinement-estimate.test.mjs ... ok (65ms)
unit group 1/1	UNKNOWN STEP	2026-10-05T00:41:39.2519320Z ▶ scripts/tests/unit/task-tracker/lib/apply-review-delta.test.mjs ... ok (33ms)
unit group 1/1	UNKNOWN STEP	2026-10-05T00:41:39.2519892Z ▶ scripts/tests/unit/task-tracker/lib/argv-strict.test.mjs ... ok (49ms)
unit group 1/1	UNKNOWN STEP	2026-10-05T00:41:39.2520509Z ▶ scripts/tests/unit/task-tracker/lib/assigned-status-migration.test.mjs ... ok (90ms)
unit group 1/1	UNKNOWN STEP	2026-10-05T00:41:39.2521268Z ▶ scripts/tests/unit/task-tracker/lib/assignee-guard.test.mjs ... ok (33ms)
unit group 1/1	UNKNOWN STEP	2026-10-05T00:41:39.2521845Z ▶ scripts/tests/unit/task-tracker/lib/assignment-lock.test.mjs ... ok (96ms)
unit group 1/1	UNKNOWN STEP	2026-10-05T00:41:39.2522448Z ▶ scripts/tests/unit/task-tracker/lib/assignment-snapshot.test.mjs ... ok (50ms)
unit group 1/1	UNKNOWN STEP	2026-10-05T00:41:39.2523053Z ▶ scripts/tests/unit/task-tracker/lib/audit-lane-e2e-494.test.mjs ... ok (149ms)
unit group 1/1	UNKNOWN STEP	2026-10-05T00:41:39.2523655Z ▶ scripts/tests/unit/task-tracker/lib/audit-line-cap-loc.test.mjs ... ok (48ms)
unit group 1/1	UNKNOWN STEP	2026-10-05T00:41:39.2524285Z ▶ scripts/tests/unit/task-tracker/lib/audit-top-level-writes.test.mjs ... ok (50ms)
unit group 1/1	UNKNOWN STEP	2026-10-05T00:41:39.2524867Z ▶ scripts/tests/unit/task-tracker/lib/auto-mode.test.mjs ... ok (180ms)
unit group 1/1	UNKNOWN STEP	2026-10-05T00:41:39.2525504Z ▶ scripts/tests/unit/task-tracker/lib/auto-tick-functional-vc-list.test.mjs ... ok (72ms)
unit group 1/1	UNKNOWN STEP	2026-10-05T00:41:39.2526301Z ▶ scripts/tests/unit/task-tracker/lib/auto-tick-legacy-cmd-compat.test.mjs ... ok (47ms)
unit group 1/1	UNKNOWN STEP	2026-10-05T00:41:39.2527065Z ▶ scripts/tests/unit/task-tracker/lib/auto-tick-vc-ref-fanin.test.mjs ... ok (52ms)
unit group 1/1	UNKNOWN STEP	2026-10-05T00:41:39.2527692Z ▶ scripts/tests/unit/task-tracker/lib/auto-tick-verified.test.mjs ... ok (53ms)
unit group 1/1	UNKNOWN STEP	2026-10-05T00:41:39.2528281Z ▶ scripts/tests/unit/task-tracker/lib/backfill-holes.test.mjs ... ok (199ms)
unit group 1/1	UNKNOWN STEP	2026-10-05T00:41:39.2528981Z ▶ scripts/tests/unit/task-tracker/lib/backlog-exit-child-parent-state-guard.test.mjs ... ok (45ms)
unit group 1/1	UNKNOWN STEP	2026-10-05T00:41:39.2529712Z ▶ scripts/tests/unit/task-tracker/lib/beta-report-title-reconcile.test.mjs ... ok (46ms)
unit group 1/1	UNKNOWN STEP	2026-10-05T00:41:39.2530389Z ▶ scripts/tests/unit/task-tracker/lib/bind-context.test.mjs ... ok (125ms)
unit group 1/1	UNKNOWN STEP	2026-10-05T00:41:39.2530951Z ▶ scripts/tests/unit/task-tracker/lib/bind-event.test.mjs ... ok (61ms)
unit group 1/1	UNKNOWN STEP	2026-10-05T00:41:39.2531524Z ▶ scripts/tests/unit/task-tracker/lib/bind-reseed-e2e.test.mjs ... ok (129ms)
unit group 1/1	UNKNOWN STEP	2026-10-05T00:41:39.2532164Z ▶ scripts/tests/unit/task-tracker/lib/blast-radius-guard-adoption.test.mjs ... ok (50ms)
unit group 1/1	UNKNOWN STEP	2026-10-05T00:41:39.2532809Z ▶ scripts/tests/unit/task-tracker/lib/blast-radius-guard.test.mjs ... ok (40ms)
unit group 1/1	UNKNOWN STEP	2026-10-05T00:41:39.2533443Z ▶ scripts/tests/unit/task-tracker/lib/blocked-by-field.test.mjs ... ok (47ms)
unit group 1/1	UNKNOWN STEP	2026-10-05T00:41:39.2534065Z ▶ scripts/tests/unit/task-tracker/lib/blocked-by-guard.test.mjs ... ok (142ms)
unit group 1/1	UNKNOWN STEP	2026-10-05T00:41:39.2534655Z ▶ scripts/tests/unit/task-tracker/lib/blocked-marker.test.mjs ... ok (54ms)
unit group 1/1	UNKNOWN STEP	2026-10-05T00:41:39.2535284Z ▶ scripts/tests/unit/task-tracker/lib/body-gates-entry-guard.test.mjs ... ok (91ms)
unit group 1/1	UNKNOWN STEP	2026-10-05T00:41:39.2535871Z ▶ scripts/tests/unit/task-tracker/lib/body-gates.test.mjs ... ok (83ms)
unit group 1/1	UNKNOWN STEP	2026-10-05T00:41:39.2536700Z ▶ scripts/tests/unit/task-tracker/lib/body-invariants-non-demonstrable-marker.test.mjs ... ok (71ms)
unit group 1/1	UNKNOWN STEP	2026-10-05T00:41:39.2537594Z ▶ scripts/tests/unit/task-tracker/lib/body-invariants-section-loss.test.mjs ... ok (75ms)
unit group 1/1	UNKNOWN STEP	2026-10-05T00:41:39.2538246Z ▶ scripts/tests/unit/task-tracker/lib/body-invariants.test.mjs ... ok (74ms)
unit group 1/1	UNKNOWN STEP	2026-10-05T00:41:39.2538836Z ▶ scripts/tests/unit/task-tracker/lib/body-version.test.mjs ... ok (50ms)
unit group 1/1	UNKNOWN STEP	2026-10-05T00:41:39.2539538Z ▶ scripts/tests/unit/task-tracker/lib/bound-state-session-authoritative.test.mjs ... ok (67ms)
unit group 1/1	UNKNOWN STEP	2026-10-05T00:41:39.2540253Z ▶ scripts/tests/unit/task-tracker/lib/bound-worktree-project-dir.test.mjs ... ok (76ms)
unit group 1/1	UNKNOWN STEP	2026-10-05T00:41:39.2540861Z ▶ scripts/tests/unit/task-tracker/lib/branch-name.test.mjs ... ok (45ms)
unit group 1/1	UNKNOWN STEP	2026-10-05T00:41:39.2541465Z ▶ scripts/tests/unit/task-tracker/lib/bug-bash-disposition.test.mjs ... ok (44ms)
unit group 1/1	UNKNOWN STEP	2026-10-05T00:41:39.2542158Z ▶ scripts/tests/unit/task-tracker/lib/cascade-child-close-fail-closed.test.mjs ... ok (44ms)
unit group 1/1	UNKNOWN STEP	2026-10-05T00:41:39.2542848Z ▶ scripts/tests/unit/task-tracker/lib/checkbox-proof-marker.test.mjs ... ok (86ms)
unit group 1/1	UNKNOWN STEP	2026-10-05T00:41:39.2543504Z ▶ scripts/tests/unit/task-tracker/lib/checklist-command-lint.test.mjs ... ok (48ms)
unit group 1/1	UNKNOWN STEP	2026-10-05T00:41:39.2544175Z ▶ scripts/tests/unit/task-tracker/lib/child-cannot-lead-epic-gate.test.mjs ... ok (64ms)
unit group 1/1	UNKNOWN STEP	2026-10-05T00:41:39.2544841Z ▶ scripts/tests/unit/task-tracker/lib/claude-bash-allowlist.test.mjs ... ok (521ms)
unit group 1/1	UNKNOWN STEP	2026-10-05T00:41:39.2545624Z ▶ scripts/tests/unit/task-tracker/lib/cleanup-base-aware.test.mjs ... ok (38ms)
unit group 1/1	UNKNOWN STEP	2026-10-05T00:41:39.2546407Z ▶ scripts/tests/unit/task-tracker/lib/close-convergence-finalize.test.mjs ... ok (94ms)
unit group 1/1	UNKNOWN STEP	2026-10-05T00:41:39.2547049Z ▶ scripts/tests/unit/task-tracker/lib/close-convergence.test.mjs ... ok (72ms)
unit group 1/1	UNKNOWN STEP	2026-10-05T00:41:39.2547659Z ▶ scripts/tests/unit/task-tracker/lib/close-cross-close.test.mjs ... ok (350ms)
unit group 1/1	UNKNOWN STEP	2026-10-05T00:41:39.2548266Z ▶ scripts/tests/unit/task-tracker/lib/close-disposition.test.mjs ... ok (63ms)
unit group 1/1	UNKNOWN STEP	2026-10-05T00:41:39.2548860Z ▶ scripts/tests/unit/task-tracker/lib/close-drain.test.mjs ... ok (142ms)
unit group 1/1	UNKNOWN STEP	2026-10-05T00:41:39.2549463Z ▶ scripts/tests/unit/task-tracker/lib/close-fail-closed.test.mjs ... ok (83ms)
unit group 1/1	UNKNOWN STEP	2026-10-05T00:41:39.2550064Z ▶ scripts/tests/unit/task-tracker/lib/close-force-atomic.test.mjs ... ok (76ms)
unit group 1/1	UNKNOWN STEP	2026-10-05T00:41:39.2550662Z ▶ scripts/tests/unit/task-tracker/lib/close-gate-order.test.mjs ... ok (82ms)
unit group 1/1	UNKNOWN STEP	2026-10-05T00:41:39.2551293Z ▶ scripts/tests/unit/task-tracker/lib/close-gates-lineage.test.mjs ... ok (134ms)
unit group 1/1	UNKNOWN STEP	2026-10-05T00:41:39.2551888Z ▶ scripts/tests/unit/task-tracker/lib/close-gates.test.mjs ... ok (92ms)
unit group 1/1	UNKNOWN STEP	2026-10-05T00:41:39.2552458Z ▶ scripts/tests/unit/task-tracker/lib/close-repair.test.mjs ... ok (310ms)
unit group 1/1	UNKNOWN STEP	2026-10-05T00:41:39.2553122Z ▶ scripts/tests/unit/task-tracker/lib/close-terminal-false-open-guard.test.mjs ... ok (70ms)
unit group 1/1	UNKNOWN STEP	2026-10-05T00:41:39.2553875Z ▶ scripts/tests/unit/task-tracker/lib/close-terminal-stderr-classification.test.mjs ... ok (85ms)
unit group 1/1	UNKNOWN STEP	2026-10-05T00:41:39.2554608Z ▶ scripts/tests/unit/task-tracker/lib/close-timeout-killed-move.test.mjs ... ok (74ms)
unit group 1/1	UNKNOWN STEP	2026-10-05T00:41:39.2555329Z ▶ scripts/tests/unit/task-tracker/lib/close-waived-delivery-receipt.test.mjs ... ok (89ms)
unit group 1/1	UNKNOWN STEP	2026-10-05T00:41:39.2555998Z ▶ scripts/tests/unit/task-tracker/lib/closed-issue-actions.test.mjs ... ok (95ms)
unit group 1/1	UNKNOWN STEP	2026-10-05T00:41:39.2556768Z ▶ scripts/tests/unit/task-tracker/lib/closed-issue-integrity.test.mjs ... ok (91ms)
unit group 1/1	UNKNOWN STEP	2026-10-05T00:41:39.2557509Z ▶ scripts/tests/unit/task-tracker/lib/closed-issue-recovery-live-state.test.mjs ... ok (89ms)
unit group 1/1	UNKNOWN STEP	2026-10-05T00:41:39.2558243Z ▶ scripts/tests/unit/task-tracker/lib/closed-issue-recovery-reason.test.mjs ... ok (96ms)
unit group 1/1	UNKNOWN STEP	2026-10-05T00:41:39.2558953Z ▶ scripts/tests/unit/task-tracker/lib/closed-issue-recovery.test.mjs ... ok (91ms)
unit group 1/1	UNKNOWN STEP	2026-10-05T00:41:39.2559639Z ▶ scripts/tests/unit/task-tracker/lib/cloud-test/performance-baseline.test.mjs ... ok (56ms)
unit group 1/1	UNKNOWN STEP	2026-10-05T00:41:39.2560348Z ▶ scripts/tests/unit/task-tracker/lib/code-complete-gate-audit-494.test.mjs ... ok (80ms)
unit group 1/1	UNKNOWN STEP	2026-10-05T00:41:39.2561064Z ▶ scripts/tests/unit/task-tracker/lib/code-complete-gate-non-demonstrable.test.mjs ... ok (68ms)
unit group 1/1	UNKNOWN STEP	2026-10-05T00:41:39.2561934Z ▶ scripts/tests/unit/task-tracker/lib/code-complete-gate.test.mjs ... ok (84ms)
unit group 1/1	UNKNOWN STEP	2026-10-05T00:41:39.2562558Z ▶ scripts/tests/unit/task-tracker/lib/codex-superpowers.test.mjs ... ok (86ms)
unit group 1/1	UNKNOWN STEP	2026-10-05T00:41:39.2563229Z ▶ scripts/tests/unit/task-tracker/lib/command-catalog-parser-policy.test.mjs ... ok (64ms)
unit group 1/1	UNKNOWN STEP	2026-10-05T00:41:39.2563926Z ▶ scripts/tests/unit/task-tracker/lib/command-catalog-policy.test.mjs ... ok (71ms)
unit group 1/1	UNKNOWN STEP	2026-10-05T00:41:39.2564614Z ▶ scripts/tests/unit/task-tracker/lib/commit-attribution-format.test.mjs ... ok (47ms)
unit group 1/1	UNKNOWN STEP	2026-10-05T00:41:39.2565277Z ▶ scripts/tests/unit/task-tracker/lib/commit-attribution.test.mjs ... ok (49ms)
unit group 1/1	UNKNOWN STEP	2026-10-05T00:41:39.2565933Z ▶ scripts/tests/unit/task-tracker/lib/commit-trail-head-gate.test.mjs ... ok (75ms)
unit group 1/1	UNKNOWN STEP	2026-10-05T00:41:39.2566726Z ▶ scripts/tests/unit/task-tracker/lib/commit-trail-ledger.test.mjs ... ok (50ms)
unit group 1/1	UNKNOWN STEP	2026-10-05T00:41:39.2567309Z ▶ scripts/tests/unit/task-tracker/lib/commit-trail.test.mjs ... ok (32ms)
unit group 1/1	UNKNOWN STEP	2026-10-05T00:41:39.2567916Z ▶ scripts/tests/unit/task-tracker/lib/commits-on-trunk-gate.test.mjs ... ok (1.7s)
unit group 1/1	UNKNOWN STEP	2026-10-05T00:41:39.2568558Z ▶ scripts/tests/unit/task-tracker/lib/config-init/config-init.test.mjs ... ok (42ms)
unit group 1/1	UNKNOWN STEP	2026-10-05T00:41:39.2569298Z ▶ scripts/tests/unit/task-tracker/lib/config-init/project-workflow-compatibility.test.mjs ... ok (45ms)
unit group 1/1	UNKNOWN STEP	2026-10-05T00:41:39.2570069Z ▶ scripts/tests/unit/task-tracker/lib/config.test.mjs ... ok (232ms)
unit group 1/1	UNKNOWN STEP	2026-10-05T00:41:39.2570749Z ▶ scripts/tests/unit/task-tracker/lib/consecutive-promotes-no-reconcile.test.mjs ... ok (579ms)
unit group 1/1	UNKNOWN STEP	2026-10-05T00:41:39.2571398Z ▶ scripts/tests/unit/task-tracker/lib/context-budgets.test.mjs ... ok (38ms)
unit group 1/1	UNKNOWN STEP	2026-10-05T00:41:39.2571964Z ▶ scripts/tests/unit/task-tracker/lib/contiguity-guard.test.mjs ... ok (76ms)
unit group 1/1	UNKNOWN STEP	2026-10-05T00:41:39.2572635Z ▶ scripts/tests/unit/task-tracker/lib/coverage-apply-reevaluate.test.mjs ... ok (71ms)
unit group 1/1	UNKNOWN STEP	2026-10-05T00:41:39.2573323Z ▶ scripts/tests/unit/task-tracker/lib/coverage-apply-review-delta.test.mjs ... ok (44ms)
unit group 1/1	UNKNOWN STEP	2026-10-05T00:41:39.2573965Z ▶ scripts/tests/unit/task-tracker/lib/coverage-approve.test.mjs ... ok (472ms)
unit group 1/1	UNKNOWN STEP	2026-10-05T00:41:39.2574555Z ▶ scripts/tests/unit/task-tracker/lib/coverage-block.test.mjs ... ok (105ms)
unit group 1/1	UNKNOWN STEP	2026-10-05T00:41:39.2575185Z ▶ scripts/tests/unit/task-tracker/lib/coverage-blocked-by-field.test.mjs ... ok (44ms)
unit group 1/1	UNKNOWN STEP	2026-10-05T00:41:39.2575804Z ▶ scripts/tests/unit/task-tracker/lib/coverage-demote.test.mjs ... ok (230ms)
unit group 1/1	UNKNOWN STEP	2026-10-05T00:41:39.2576553Z ▶ scripts/tests/unit/task-tracker/lib/coverage-heal-backlog-cli.test.mjs ... ok (252ms)
unit group 1/1	UNKNOWN STEP	2026-10-05T00:41:39.2577151Z ▶ scripts/tests/unit/task-tracker/lib/coverage-plan.test.mjs ... ok (195ms)
unit group 1/1	UNKNOWN STEP	2026-10-05T00:41:39.2577723Z ▶ scripts/tests/unit/task-tracker/lib/coverage-reconcile.test.mjs ... ok (297ms)
unit group 1/1	UNKNOWN STEP	2026-10-05T00:41:39.2578357Z ▶ scripts/tests/unit/task-tracker/lib/coverage-refine-to-plan-gate.test.mjs ... ok (63ms)
unit group 1/1	UNKNOWN STEP	2026-10-05T00:41:39.2578968Z ▶ scripts/tests/unit/task-tracker/lib/coverage-review.test.mjs ... ok (321ms)
unit group 1/1	UNKNOWN STEP	2026-10-05T00:41:39.2579584Z ▶ scripts/tests/unit/task-tracker/lib/coverage-stamp-start-time.test.mjs ... ok (46ms)
unit group 1/1	UNKNOWN STEP	2026-10-05T00:41:39.2580288Z ▶ scripts/tests/unit/task-tracker/lib/coverage-state-recording.test.mjs ... ok (72ms)
unit group 1/1	UNKNOWN STEP	2026-10-05T00:41:39.2580711Z ▶ scripts/tests/unit/task-tracker/lib/coverage-supersede.test.mjs ... ok (344ms)
unit group 1/1	UNKNOWN STEP	2026-10-05T00:41:39.2581176Z ▶ scripts/tests/unit/task-tracker/lib/coverage-unblock.test.mjs ... ok (74ms)
unit group 1/1	UNKNOWN STEP	2026-10-05T00:41:39.2581560Z ▶ scripts/tests/unit/task-tracker/lib/coverage-unpark-dependents.test.mjs ... ok (45ms)
unit group 1/1	UNKNOWN STEP	2026-10-05T00:41:39.2581957Z ▶ scripts/tests/unit/task-tracker/lib/coverage-verb-preflight.test.mjs ... ok (151ms)
unit group 1/1	UNKNOWN STEP	2026-10-05T00:41:39.2582385Z ▶ scripts/tests/unit/task-tracker/lib/create-issue-parent-state-fail-closed.test.mjs ... ok (39ms)
unit group 1/1	UNKNOWN STEP	2026-10-05T00:41:39.2582825Z ▶ scripts/tests/unit/task-tracker/lib/current-schema-issue-authoring.test.mjs ... ok (4.6s)
unit group 1/1	UNKNOWN STEP	2026-10-05T00:41:39.2583263Z ▶ scripts/tests/unit/task-tracker/lib/decomposition-delivery-readiness.test.mjs ... ok (111ms)
unit group 1/1	UNKNOWN STEP	2026-10-05T00:41:39.2583826Z ▶ scripts/tests/unit/task-tracker/lib/decomposition-plan-exit-gate.test.mjs ... ok (571ms)
unit group 1/1	UNKNOWN STEP	2026-10-05T00:41:39.2584220Z ▶ scripts/tests/unit/task-tracker/lib/decomposition-policy.test.mjs ... ok (132ms)
unit group 1/1	UNKNOWN STEP	2026-10-05T00:41:39.2584633Z ▶ scripts/tests/unit/task-tracker/lib/deep-dive-appendix-validation.test.mjs ... ok (81ms)
unit group 1/1	UNKNOWN STEP	2026-10-05T00:41:39.2585044Z ▶ scripts/tests/unit/task-tracker/lib/deep-dive-gate-size-floor.test.mjs ... ok (101ms)
unit group 1/1	UNKNOWN STEP	2026-10-05T00:41:39.2585409Z ▶ scripts/tests/unit/task-tracker/lib/deep-dive-gate.test.mjs ... ok (80ms)
unit group 1/1	UNKNOWN STEP	2026-10-05T00:41:39.2585795Z ▶ scripts/tests/unit/task-tracker/lib/deep-dive-section-boundary-724.test.mjs ... ok (86ms)
unit group 1/1	UNKNOWN STEP	2026-10-05T00:41:39.2586318Z ▶ scripts/tests/unit/task-tracker/lib/defect-hint-498.test.mjs ... ok (90ms)
unit group 1/1	UNKNOWN STEP	2026-10-05T00:41:39.2586706Z ▶ scripts/tests/unit/task-tracker/lib/delivered-close-supersession.test.mjs ... ok (98ms)
unit group 1/1	UNKNOWN STEP	2026-10-05T00:41:39.2587308Z ▶ scripts/tests/unit/task-tracker/lib/delivery-attribution-exception-record.test.mjs ... ok (63ms)
unit group 1/1	UNKNOWN STEP	2026-10-05T00:41:39.2588073Z ▶ scripts/tests/unit/task-tracker/lib/delivery-attribution-exception.test.mjs ... ok (49ms)
unit group 1/1	UNKNOWN STEP	2026-10-05T00:41:39.2588717Z ▶ scripts/tests/unit/task-tracker/lib/delivery-attribution.test.mjs ... ok (91ms)
unit group 1/1	UNKNOWN STEP	2026-10-05T00:41:39.2589305Z ▶ scripts/tests/unit/task-tracker/lib/delivery-authority.test.mjs ... ok (53ms)
unit group 1/1	UNKNOWN STEP	2026-10-05T00:41:39.2590036Z ▶ scripts/tests/unit/task-tracker/lib/delivery-default-refusals.test.mjs ... ok (162ms)
unit group 1/1	UNKNOWN STEP	2026-10-05T00:41:39.2590734Z ▶ scripts/tests/unit/task-tracker/lib/delivery-default-squash-attribution.test.mjs ... ok (86ms)
unit group 1/1	UNKNOWN STEP	2026-10-05T00:41:39.2591474Z ▶ scripts/tests/unit/task-tracker/lib/delivery-incident-delivered-selection.test.mjs ... ok (92ms)
unit group 1/1	UNKNOWN STEP	2026-10-05T00:41:39.2592199Z ▶ scripts/tests/unit/task-tracker/lib/delivery-incident-reconciliation.test.mjs ... ok (118ms)
unit group 1/1	UNKNOWN STEP	2026-10-05T00:41:39.2592869Z ▶ scripts/tests/unit/task-tracker/lib/delivery-incident-records.test.mjs ... ok (87ms)
unit group 1/1	UNKNOWN STEP	2026-10-05T00:41:39.2593509Z ▶ scripts/tests/unit/task-tracker/lib/delivery-integration-proof.test.mjs ... ok (54ms)
unit group 1/1	UNKNOWN STEP	2026-10-05T00:41:39.2594246Z ▶ scripts/tests/unit/task-tracker/lib/delivery-method-reconciliation-regression.test.mjs ... ok (77ms)
unit group 1/1	UNKNOWN STEP	2026-10-05T00:41:39.2594979Z ▶ scripts/tests/unit/task-tracker/lib/delivery-method-reconciliation.test.mjs ... ok (40ms)
unit group 1/1	UNKNOWN STEP	2026-10-05T00:41:39.2595656Z ▶ scripts/tests/unit/task-tracker/lib/delivery-multi-source-squash.test.mjs ... ok (76ms)
unit group 1/1	UNKNOWN STEP	2026-10-05T00:41:39.2596452Z ▶ scripts/tests/unit/task-tracker/lib/delivery-observe-merge-method.test.mjs ... ok (69ms)
unit group 1/1	UNKNOWN STEP	2026-10-05T00:41:39.2597100Z ▶ scripts/tests/unit/task-tracker/lib/delivery-observed-receipt.test.mjs ... ok (90ms)
unit group 1/1	UNKNOWN STEP	2026-10-05T00:41:39.2597785Z ▶ scripts/tests/unit/task-tracker/lib/delivery-provider-action.test.mjs ... ok (73ms)
unit group 1/1	UNKNOWN STEP	2026-10-05T00:41:39.2598436Z ▶ scripts/tests/unit/task-tracker/lib/delivery-real-pr-evidence.test.mjs ... ok (66ms)
unit group 1/1	UNKNOWN STEP	2026-10-05T00:41:39.2599047Z ▶ scripts/tests/unit/task-tracker/lib/delivery-records.test.mjs ... ok (102ms)
unit group 1/1	UNKNOWN STEP	2026-10-05T00:41:39.2599698Z ▶ scripts/tests/unit/task-tracker/lib/delivery-review-authority-runtime.test.mjs ... ok (77ms)
unit group 1/1	UNKNOWN STEP	2026-10-05T00:41:39.2600406Z ▶ scripts/tests/unit/task-tracker/lib/delivery-verification-attribution.test.mjs ... ok (101ms)
unit group 1/1	UNKNOWN STEP	2026-10-05T00:41:39.2601118Z ▶ scripts/tests/unit/task-tracker/lib/delivery-verification-catalog-ids.test.mjs ... ok (79ms)
unit group 1/1	UNKNOWN STEP	2026-10-05T00:41:39.2601781Z ▶ scripts/tests/unit/task-tracker/lib/delivery-waived-receipt.test.mjs ... ok (171ms)
unit group 1/1	UNKNOWN STEP	2026-10-05T00:41:39.2602402Z ▶ scripts/tests/unit/task-tracker/lib/delivery-waiver-authority.test.mjs ... ok (61ms)
unit group 1/1	UNKNOWN STEP	2026-10-05T00:41:39.2603046Z ▶ scripts/tests/unit/task-tracker/lib/delivery-waiver-close-recovery.test.mjs ... ok (240ms)
unit group 1/1	UNKNOWN STEP	2026-10-05T00:41:39.2603690Z ▶ scripts/tests/unit/task-tracker/lib/delivery-waiver-consumption.test.mjs ... ok (82ms)
unit group 1/1	UNKNOWN STEP	2026-10-05T00:41:39.2604341Z ▶ scripts/tests/unit/task-tracker/lib/delivery-waiver-reverification.test.mjs ... ok (137ms)
unit group 1/1	UNKNOWN STEP	2026-10-05T00:41:39.2604956Z ▶ scripts/tests/unit/task-tracker/lib/delivery-waiver-scope.test.mjs ... ok (42ms)
unit group 1/1	UNKNOWN STEP	2026-10-05T00:41:39.2605644Z ▶ scripts/tests/unit/task-tracker/lib/demonstrable-ac-gate.test.mjs ... ok (63ms)
unit group 1/1	UNKNOWN STEP	2026-10-05T00:41:39.2606290Z ▶ scripts/tests/unit/task-tracker/lib/derive-drivers.test.mjs ... ok (43ms)
unit group 1/1	UNKNOWN STEP	2026-10-05T00:41:39.2606900Z ▶ scripts/tests/unit/task-tracker/lib/develop-epic-children-done-guard.test.mjs ... ok (98ms)
unit group 1/1	UNKNOWN STEP	2026-10-05T00:41:39.2607565Z ▶ scripts/tests/unit/task-tracker/lib/develop-exit-explanation-1781.test.mjs ... ok (82ms)
unit group 1/1	UNKNOWN STEP	2026-10-05T00:41:39.2608229Z ▶ scripts/tests/unit/task-tracker/lib/develop-exit-sandbox-proof-guard.test.mjs ... ok (83ms)
unit group 1/1	UNKNOWN STEP	2026-10-05T00:41:39.2608849Z ▶ scripts/tests/unit/task-tracker/lib/develop-test-boundary.test.mjs ... ok (97ms)
unit group 1/1	UNKNOWN STEP	2026-10-05T00:41:39.2609451Z ▶ scripts/tests/unit/task-tracker/lib/develop-verification-steps.test.mjs ... ok (37ms)
unit group 1/1	UNKNOWN STEP	2026-10-05T00:41:39.2610027Z ▶ scripts/tests/unit/task-tracker/lib/dirty-workspace.test.mjs ... ok (68ms)
unit group 1/1	UNKNOWN STEP	2026-10-05T00:41:39.2610556Z ▶ scripts/tests/unit/task-tracker/lib/discover-cancel.test.mjs ... ok (62ms)
unit group 1/1	UNKNOWN STEP	2026-10-05T00:41:39.2611123Z ▶ scripts/tests/unit/task-tracker/lib/discuss-banner-format.test.mjs ... ok (74ms)
unit group 1/1	UNKNOWN STEP	2026-10-05T00:41:39.2611701Z ▶ scripts/tests/unit/task-tracker/lib/discuss-block-guard.test.mjs ... ok (161ms)
unit group 1/1	UNKNOWN STEP	2026-10-05T00:41:39.2612240Z ▶ scripts/tests/unit/task-tracker/lib/discuss-label.test.mjs ... ok (97ms)
unit group 1/1	UNKNOWN STEP	2026-10-05T00:41:39.2612881Z ▶ scripts/tests/unit/task-tracker/lib/discuss-marker.test.mjs ... ok (73ms)
unit group 1/1	UNKNOWN STEP	2026-10-05T00:41:39.2613432Z ▶ scripts/tests/unit/task-tracker/lib/docs-only-kind-dod.test.mjs ... ok (817ms)
unit group 1/1	UNKNOWN STEP	2026-10-05T00:41:39.2613969Z ▶ scripts/tests/unit/task-tracker/lib/dod-kind-heal.test.mjs ... ok (75ms)
unit group 1/1	UNKNOWN STEP	2026-10-05T00:41:39.2614508Z ▶ scripts/tests/unit/task-tracker/lib/dod-stamp-lock-env.test.mjs ... ok (47ms)
unit group 1/1	UNKNOWN STEP	2026-10-05T00:41:39.2615064Z ▶ scripts/tests/unit/task-tracker/lib/dod-stamp-vc-list.test.mjs ... ok (63ms)
unit group 1/1	UNKNOWN STEP	2026-10-05T00:41:39.2615640Z ▶ scripts/tests/unit/task-tracker/lib/dod-stamp-vc-reconcile.test.mjs ... ok (56ms)
unit group 1/1	UNKNOWN STEP	2026-10-05T00:41:39.2616321Z ▶ scripts/tests/unit/task-tracker/lib/drift-reconcile-reason.test.mjs ... ok (81ms)
unit group 1/1	UNKNOWN STEP	2026-10-05T00:41:39.2616940Z ▶ scripts/tests/unit/task-tracker/lib/dual-form-declaration.test.mjs ... ok (57ms)
unit group 1/1	UNKNOWN STEP	2026-10-05T00:41:39.2617503Z ▶ scripts/tests/unit/task-tracker/lib/duration.test.mjs ... ok (49ms)
unit group 1/1	UNKNOWN STEP	2026-10-05T00:41:39.2618091Z ▶ scripts/tests/unit/task-tracker/lib/ensure-deep-dive-replace.test.mjs ... ok (69ms)
unit group 1/1	UNKNOWN STEP	2026-10-05T00:41:39.2618688Z ▶ scripts/tests/unit/task-tracker/lib/ensure-deep-dive.test.mjs ... ok (85ms)
unit group 1/1	UNKNOWN STEP	2026-10-05T00:41:39.2619251Z ▶ scripts/tests/unit/task-tracker/lib/ensure-self-link.test.mjs ... ok (159ms)
unit group 1/1	UNKNOWN STEP	2026-10-05T00:41:39.2619852Z ▶ scripts/tests/unit/task-tracker/lib/ensure-worktree-seeded.test.mjs ... ok (139ms)
unit group 1/1	UNKNOWN STEP	2026-10-05T00:41:39.2620528Z ▶ scripts/tests/unit/task-tracker/lib/entry-marker-contiguity-recovery.test.mjs ... ok (220ms)
unit group 1/1	UNKNOWN STEP	2026-10-05T00:41:39.2621207Z ▶ scripts/tests/unit/task-tracker/lib/entrypoint-guard-convention.test.mjs ... ok (37ms)
unit group 1/1	UNKNOWN STEP	2026-10-05T00:41:39.2621959Z ▶ scripts/tests/unit/task-tracker/lib/enumerator-migration.test.mjs ... ok (109ms)
unit group 1/1	UNKNOWN STEP	2026-10-05T00:41:39.2622707Z ▶ scripts/tests/unit/task-tracker/lib/epic-ac-child-bijection.test.mjs ... ok (54ms)
unit group 1/1	UNKNOWN STEP	2026-10-05T00:41:39.2623472Z ▶ scripts/tests/unit/task-tracker/lib/epic-ac-commit-citation.test.mjs ... ok (111ms)
unit group 1/1	UNKNOWN STEP	2026-10-05T00:41:39.2624097Z ▶ scripts/tests/unit/task-tracker/lib/epic-ac-reconciled-gate.test.mjs ... ok (91ms)
unit group 1/1	UNKNOWN STEP	2026-10-05T00:41:39.2624682Z ▶ scripts/tests/unit/task-tracker/lib/epic-base-guard.test.mjs ... ok (37ms)
unit group 1/1	UNKNOWN STEP	2026-10-05T00:41:39.2625302Z ▶ scripts/tests/unit/task-tracker/lib/epic-child-disposition-gate.test.mjs ... ok (123ms)
unit group 1/1	UNKNOWN STEP	2026-10-05T00:41:39.2625961Z ▶ scripts/tests/unit/task-tracker/lib/epic-children-gate-blocked.test.mjs ... ok (338ms)
unit group 1/1	UNKNOWN STEP	2026-10-05T00:41:39.2626717Z ▶ scripts/tests/unit/task-tracker/lib/epic-children-gate-core.test.mjs ... ok (100ms)
unit group 1/1	UNKNOWN STEP	2026-10-05T00:41:39.2627511Z ▶ scripts/tests/unit/task-tracker/lib/epic-derived-commit-trail.test.mjs ... ok (57ms)
unit group 1/1	UNKNOWN STEP	2026-10-05T00:41:39.2628413Z ▶ scripts/tests/unit/task-tracker/lib/epic-orchestration-plan.test.mjs ... ok (183ms)
unit group 1/1	UNKNOWN STEP	2026-10-05T00:41:39.2629163Z ▶ scripts/tests/unit/task-tracker/lib/epic-r4p-orchestration.test.mjs ... ok (224ms)
unit group 1/1	UNKNOWN STEP	2026-10-05T00:41:39.2629781Z ▶ scripts/tests/unit/task-tracker/lib/epic-rank-wave-authority.test.mjs ... ok (60ms)
unit group 1/1	UNKNOWN STEP	2026-10-05T00:41:39.2630456Z ▶ scripts/tests/unit/task-tracker/lib/epic-rank-wave-bindings.test.mjs ... ok (67ms)
unit group 1/1	UNKNOWN STEP	2026-10-05T00:41:39.2631071Z ▶ scripts/tests/unit/task-tracker/lib/epic-rank-wave-policy.test.mjs ... ok (83ms)
unit group 1/1	UNKNOWN STEP	2026-10-05T00:41:39.2631698Z ▶ scripts/tests/unit/task-tracker/lib/epic-rank-wave-refinement.test.mjs ... ok (100ms)
unit group 1/1	UNKNOWN STEP	2026-10-05T00:41:39.2632325Z ▶ scripts/tests/unit/task-tracker/lib/epic-rank-wave-routes.test.mjs ... ok (291ms)
unit group 1/1	UNKNOWN STEP	2026-10-05T00:41:39.2633079Z ▶ scripts/tests/unit/task-tracker/lib/epic-rank-wave-runtime.test.mjs ... ok (115ms)
unit group 1/1	UNKNOWN STEP	2026-10-05T00:41:39.2633833Z ▶ scripts/tests/unit/task-tracker/lib/epic-rank-wave-source.test.mjs ... ok (281ms)
unit group 1/1	UNKNOWN STEP	2026-10-05T00:41:39.2634616Z ▶ scripts/tests/unit/task-tracker/lib/estimation/cascade-outcome-authority.test.mjs ... ok (65ms)
unit group 1/1	UNKNOWN STEP	2026-10-05T00:41:39.2635298Z ▶ scripts/tests/unit/task-tracker/lib/estimation/forecast-model.test.mjs ... ok (65ms)
unit group 1/1	UNKNOWN STEP	2026-10-05T00:41:39.2635934Z ▶ scripts/tests/unit/task-tracker/lib/estimation/outcome-builder.test.mjs ... ok (55ms)
unit group 1/1	UNKNOWN STEP	2026-10-05T00:41:39.2636819Z ▶ scripts/tests/unit/task-tracker/lib/estimation/outcome-delivery-proof.test.mjs ... ok (45ms)
unit group 1/1	UNKNOWN STEP	2026-10-05T00:41:39.2637502Z ▶ scripts/tests/unit/task-tracker/lib/estimation/outcome-telemetry.test.mjs ... ok (124ms)
unit group 1/1	UNKNOWN STEP	2026-10-05T00:41:39.2638128Z ▶ scripts/tests/unit/task-tracker/lib/estimation/outcome-writer.test.mjs ... ok (80ms)
unit group 1/1	UNKNOWN STEP	2026-10-05T00:41:39.2638781Z ▶ scripts/tests/unit/task-tracker/lib/estimation/plan-estimate-authority.test.mjs ... ok (80ms)
unit group 1/1	UNKNOWN STEP	2026-10-05T00:41:39.2639397Z ▶ scripts/tests/unit/task-tracker/lib/estimation/records.test.mjs ... ok (142ms)
unit group 1/1	UNKNOWN STEP	2026-10-05T00:41:39.2639978Z ▶ scripts/tests/unit/task-tracker/lib/estimation/rubric-model.test.mjs ... ok (60ms)
unit group 1/1	UNKNOWN STEP	2026-10-05T00:41:39.2640585Z ▶ scripts/tests/unit/task-tracker/lib/estimation/rubric-refresh.test.mjs ... ok (87ms)
unit group 1/1	UNKNOWN STEP	2026-10-05T00:41:39.2641197Z ▶ scripts/tests/unit/task-tracker/lib/evidence-marker-backfill.test.mjs ... ok (67ms)
unit group 1/1	UNKNOWN STEP	2026-10-05T00:41:39.2641814Z ▶ scripts/tests/unit/task-tracker/lib/evidence-marker-preflight.test.mjs ... ok (88ms)
unit group 1/1	UNKNOWN STEP	2026-10-05T00:41:39.2642458Z ▶ scripts/tests/unit/task-tracker/lib/evidence-markers-consolidated.test.mjs ... ok (31ms)
unit group 1/1	UNKNOWN STEP	2026-10-05T00:41:39.2643071Z ▶ scripts/tests/unit/task-tracker/lib/evidence-markers-emit.test.mjs ... ok (66ms)
unit group 1/1	UNKNOWN STEP	2026-10-05T00:41:39.2643631Z ▶ scripts/tests/unit/task-tracker/lib/evidence-markers.test.mjs ... ok (29ms)
unit group 1/1	UNKNOWN STEP	2026-10-05T00:41:39.2644212Z ▶ scripts/tests/unit/task-tracker/lib/evidence-runner-splitcmd.test.mjs ... ok (37ms)
unit group 1/1	UNKNOWN STEP	2026-10-05T00:41:39.2644804Z ▶ scripts/tests/unit/task-tracker/lib/evidence-v2/acceptance.test.mjs ... ok (62ms)
unit group 1/1	UNKNOWN STEP	2026-10-05T00:41:39.2645402Z ▶ scripts/tests/unit/task-tracker/lib/evidence-v2/close-machine.test.mjs ... ok (47ms)
unit group 1/1	UNKNOWN STEP	2026-10-05T00:41:39.2645983Z ▶ scripts/tests/unit/task-tracker/lib/evidence-v2/codec.test.mjs ... ok (72ms)
unit group 1/1	UNKNOWN STEP	2026-10-05T00:41:39.2646624Z ▶ scripts/tests/unit/task-tracker/lib/evidence-v2/cycles.test.mjs ... ok (58ms)
unit group 1/1	UNKNOWN STEP	2026-10-05T00:41:39.2647186Z ▶ scripts/tests/unit/task-tracker/lib/evidence-v2/delivery.test.mjs ... ok (105ms)
unit group 1/1	UNKNOWN STEP	2026-10-05T00:41:39.2647776Z ▶ scripts/tests/unit/task-tracker/lib/evidence-v2/eligibility.test.mjs ... ok (58ms)
unit group 1/1	UNKNOWN STEP	2026-10-05T00:41:39.2648391Z ▶ scripts/tests/unit/task-tracker/lib/evidence-v2/execution-context.test.mjs ... ok (67ms)
unit group 1/1	UNKNOWN STEP	2026-10-05T00:41:39.2648991Z ▶ scripts/tests/unit/task-tracker/lib/evidence-v2/migration.test.mjs ... ok (57ms)
unit group 1/1	UNKNOWN STEP	2026-10-05T00:41:39.2649564Z ▶ scripts/tests/unit/task-tracker/lib/evidence-v2/protocol.test.mjs ... ok (73ms)
unit group 1/1	UNKNOWN STEP	2026-10-05T00:41:39.2650188Z ▶ scripts/tests/unit/task-tracker/lib/evidence-v2/runtime-capabilities.test.mjs ... ok (46ms)
unit group 1/1	UNKNOWN STEP	2026-10-05T00:41:39.2650795Z ▶ scripts/tests/unit/task-tracker/lib/evidence-v2/subject.test.mjs ... ok (54ms)
unit group 1/1	UNKNOWN STEP	2026-10-05T00:41:39.2651559Z ▶ scripts/tests/unit/task-tracker/lib/executable-entrypoint-classification.test.mjs ... ok (130ms)
unit group 1/1	UNKNOWN STEP	2026-10-05T00:41:39.2652183Z ▶ scripts/tests/unit/task-tracker/lib/fabrication-guard.test.mjs ... ok (87ms)
unit group 1/1	UNKNOWN STEP	2026-10-05T00:41:39.2652797Z ▶ scripts/tests/unit/task-tracker/lib/false-delivery-close-recovery.test.mjs ... ok (103ms)
unit group 1/1	UNKNOWN STEP	2026-10-05T00:41:39.2653398Z ▶ scripts/tests/unit/task-tracker/lib/find-unit-tests.test.mjs ... ok (78ms)
unit group 1/1	UNKNOWN STEP	2026-10-05T00:41:39.2653944Z ▶ scripts/tests/unit/task-tracker/lib/flock-contention.test.mjs ... ok (441ms)
unit group 1/1	UNKNOWN STEP	2026-10-05T00:41:39.2654500Z ▶ scripts/tests/unit/task-tracker/lib/full-auto-footnote.test.mjs ... ok (76ms)
unit group 1/1	UNKNOWN STEP	2026-10-05T00:41:39.2655081Z ▶ scripts/tests/unit/task-tracker/lib/full-auto-merge-config.test.mjs ... ok (39ms)
unit group 1/1	UNKNOWN STEP	2026-10-05T00:41:39.2655675Z ▶ scripts/tests/unit/task-tracker/lib/full-auto-merge-execute.test.mjs ... ok (45ms)
unit group 1/1	UNKNOWN STEP	2026-10-05T00:41:39.2656451Z ▶ scripts/tests/unit/task-tracker/lib/full-auto-merge-path.test.mjs ... ok (31ms)
unit group 1/1	UNKNOWN STEP	2026-10-05T00:41:39.2657190Z ▶ scripts/tests/unit/task-tracker/lib/functional-dod-evidence.test.mjs ... ok (44ms)
unit group 1/1	UNKNOWN STEP	2026-10-05T00:41:39.2657916Z ▶ scripts/tests/unit/task-tracker/lib/functional-dod-exec.test.mjs ... ok (40ms)
unit group 1/1	UNKNOWN STEP	2026-10-05T00:41:39.2658566Z ▶ scripts/tests/unit/task-tracker/lib/functional-dod-pretick.test.mjs ... ok (27ms)
unit group 1/1	UNKNOWN STEP	2026-10-05T00:41:39.2659289Z ▶ scripts/tests/unit/task-tracker/lib/functional-dod-project.test.mjs ... ok (55ms)
unit group 1/1	UNKNOWN STEP	2026-10-05T00:41:39.2659905Z ▶ scripts/tests/unit/task-tracker/lib/functional-dod-vc-list.test.mjs ... ok (55ms)
unit group 1/1	UNKNOWN STEP	2026-10-05T00:41:39.2660484Z ▶ scripts/tests/unit/task-tracker/lib/gated-delivery.test.mjs ... ok (40ms)
unit group 1/1	UNKNOWN STEP	2026-10-05T00:41:39.2661092Z ▶ scripts/tests/unit/task-tracker/lib/gh-edit-guard-api-create.test.mjs ... ok (36ms)
unit group 1/1	UNKNOWN STEP	2026-10-05T00:41:39.2661705Z ▶ scripts/tests/unit/task-tracker/lib/gh-edit-guard-body.test.mjs ... ok (28ms)
unit group 1/1	UNKNOWN STEP	2026-10-05T00:41:39.2662470Z ▶ scripts/tests/unit/task-tracker/lib/gh-edit-guard-chain-segmentation.test.mjs ... ok (42ms)
unit group 1/1	UNKNOWN STEP	2026-10-05T00:41:39.2663272Z ▶ scripts/tests/unit/task-tracker/lib/gh-edit-guard-create-core.test.mjs ... ok (23ms)
unit group 1/1	UNKNOWN STEP	2026-10-05T00:41:39.2663995Z ▶ scripts/tests/unit/task-tracker/lib/gh-edit-guard-create-guard.test.mjs ... ok (25ms)
unit group 1/1	UNKNOWN STEP	2026-10-05T00:41:39.2664643Z ▶ scripts/tests/unit/task-tracker/lib/gh-edit-guard-no-diff-path.test.mjs ... ok (37ms)
unit group 1/1	UNKNOWN STEP	2026-10-05T00:41:39.2665331Z ▶ scripts/tests/unit/task-tracker/lib/gh-edit-guard-protected-comments.test.mjs ... ok (36ms)
unit group 1/1	UNKNOWN STEP	2026-10-05T00:41:39.2666035Z ▶ scripts/tests/unit/task-tracker/lib/gh-timing-comment-timeout-default.test.mjs ... ok (58ms)
unit group 1/1	UNKNOWN STEP	2026-10-05T00:41:39.2666844Z ▶ scripts/tests/unit/task-tracker/lib/github-comment-store-error-cause.test.mjs ... ok (46ms)
unit group 1/1	UNKNOWN STEP	2026-10-05T00:41:39.2667616Z ▶ scripts/tests/unit/task-tracker/lib/github-records/authority-locator.test.mjs ... ok (41ms)
unit group 1/1	UNKNOWN STEP	2026-10-05T00:41:39.2668390Z ▶ scripts/tests/unit/task-tracker/lib/github-records/capsule-chain.test.mjs ... ok (65ms)
unit group 1/1	UNKNOWN STEP	2026-10-05T00:41:39.2669130Z ▶ scripts/tests/unit/task-tracker/lib/github-records/contract-source.test.mjs ... ok (123ms)
unit group 1/1	UNKNOWN STEP	2026-10-05T00:41:39.2670000Z ▶ scripts/tests/unit/task-tracker/lib/github-records/coordination-authority.test.mjs ... ok (98ms)
unit group 1/1	UNKNOWN STEP	2026-10-05T00:41:39.2670701Z ▶ scripts/tests/unit/task-tracker/lib/github-records/delivery-contract.test.mjs ... ok (63ms)
unit group 1/1	UNKNOWN STEP	2026-10-05T00:41:39.2671414Z ▶ scripts/tests/unit/task-tracker/lib/github-records/github-comment-store.test.mjs ... ok (137ms)
unit group 1/1	UNKNOWN STEP	2026-10-05T00:41:39.2672122Z ▶ scripts/tests/unit/task-tracker/lib/github-records/insights-export.test.mjs ... ok (127ms)
unit group 1/1	UNKNOWN STEP	2026-10-05T00:41:39.2672892Z ▶ scripts/tests/unit/task-tracker/lib/github-records/issue-directory.test.mjs ... ok (45ms)
unit group 1/1	UNKNOWN STEP	2026-10-05T00:41:39.2673704Z ▶ scripts/tests/unit/task-tracker/lib/github-records/lifecycle-gate-source.test.mjs ... ok (76ms)
unit group 1/1	UNKNOWN STEP	2026-10-05T00:41:39.2674429Z ▶ scripts/tests/unit/task-tracker/lib/github-records/lifecycle-transition.test.mjs ... ok (98ms)
unit group 1/1	UNKNOWN STEP	2026-10-05T00:41:39.2675116Z ▶ scripts/tests/unit/task-tracker/lib/github-records/record-envelope.test.mjs ... ok (148ms)
unit group 1/1	UNKNOWN STEP	2026-10-05T00:41:39.2675918Z ▶ scripts/tests/unit/task-tracker/lib/github-records/work-assignment-authority-adversarial.test.mjs ... ok (184ms)
unit group 1/1	UNKNOWN STEP	2026-10-05T00:41:39.2676870Z ▶ scripts/tests/unit/task-tracker/lib/github-records/work-assignment-multi-replacement.test.mjs ... ok (473ms)
unit group 1/1	UNKNOWN STEP	2026-10-05T00:41:39.2677891Z ▶ scripts/tests/unit/task-tracker/lib/github-records/work-assignment-nested-authority.test.mjs ... ok (267ms)
unit group 1/1	UNKNOWN STEP	2026-10-05T00:41:39.2678842Z ▶ scripts/tests/unit/task-tracker/lib/github-records/work-assignment-predecessor-capability.test.mjs ... ok (87ms)
unit group 1/1	UNKNOWN STEP	2026-10-05T00:41:39.2679721Z ▶ scripts/tests/unit/task-tracker/lib/github-records/work-assignment-replacement-capability.test.mjs ... ok (314ms)
unit group 1/1	UNKNOWN STEP	2026-10-05T00:41:39.2680572Z ▶ scripts/tests/unit/task-tracker/lib/github-records/work-assignment-snapshot-boundary.test.mjs ... ok (308ms)
unit group 1/1	UNKNOWN STEP	2026-10-05T00:41:39.2681359Z ▶ scripts/tests/unit/task-tracker/lib/github-records/work-assignment-temporal.test.mjs ... ok (210ms)
unit group 1/1	UNKNOWN STEP	2026-10-05T00:41:39.2682057Z ▶ scripts/tests/unit/task-tracker/lib/github-records/work-assignment.test.mjs ... ok (593ms)
unit group 1/1	UNKNOWN STEP	2026-10-05T00:41:39.2682676Z ▶ scripts/tests/unit/task-tracker/lib/graph-node-authority.test.mjs ... ok (52ms)
unit group 1/1	UNKNOWN STEP	2026-10-05T00:41:39.2683236Z ▶ scripts/tests/unit/task-tracker/lib/graphql-float.test.mjs ... ok (152ms)
unit group 1/1	UNKNOWN STEP	2026-10-05T00:41:39.2683782Z ▶ scripts/tests/unit/task-tracker/lib/graphql-params.test.mjs ... ok (273ms)
unit group 1/1	UNKNOWN STEP	2026-10-05T00:41:39.2684380Z ▶ scripts/tests/unit/task-tracker/lib/guard-entrypoint-resolution.test.mjs ... ok (60ms)
unit group 1/1	UNKNOWN STEP	2026-10-05T00:41:39.2685012Z ▶ scripts/tests/unit/task-tracker/lib/guard-parity-done-stages.test.mjs ... ok (181ms)
unit group 1/1	UNKNOWN STEP	2026-10-05T00:41:39.2685647Z ▶ scripts/tests/unit/task-tracker/lib/guard-parity-early-stages.test.mjs ... ok (201ms)
unit group 1/1	UNKNOWN STEP	2026-10-05T00:41:39.2686359Z ▶ scripts/tests/unit/task-tracker/lib/guard-parity-mid-stages.test.mjs ... ok (209ms)
unit group 1/1	UNKNOWN STEP	2026-10-05T00:41:39.2686992Z ▶ scripts/tests/unit/task-tracker/lib/guard-parity-plan-develop.test.mjs ... ok (222ms)
unit group 1/1	UNKNOWN STEP	2026-10-05T00:41:39.2687636Z ▶ scripts/tests/unit/task-tracker/lib/guard-parity-review-done.test.mjs ... ok (200ms)
unit group 1/1	UNKNOWN STEP	2026-10-05T00:41:39.2688284Z ▶ scripts/tests/unit/task-tracker/lib/guard-registry-entry-fields.test.mjs ... ok (157ms)
unit group 1/1	UNKNOWN STEP	2026-10-05T00:41:39.2688930Z ▶ scripts/tests/unit/task-tracker/lib/guard-registry-plan-exit.test.mjs ... ok (218ms)
unit group 1/1	UNKNOWN STEP	2026-10-05T00:41:39.2689581Z ▶ scripts/tests/unit/task-tracker/lib/guard-registry-review-exit.test.mjs ... ok (195ms)
unit group 1/1	UNKNOWN STEP	2026-10-05T00:41:39.2690246Z ▶ scripts/tests/unit/task-tracker/lib/guard-structural-completeness.test.mjs ... ok (98ms)
unit group 1/1	UNKNOWN STEP	2026-10-05T00:41:39.2690861Z ▶ scripts/tests/unit/task-tracker/lib/guidance-cache.test.mjs ... ok (153ms)
unit group 1/1	UNKNOWN STEP	2026-10-05T00:41:39.2691506Z ▶ scripts/tests/unit/task-tracker/lib/guidance-candidate-measurement.test.mjs ... ok (290ms)
unit group 1/1	UNKNOWN STEP	2026-10-05T00:41:39.2692182Z ▶ scripts/tests/unit/task-tracker/lib/guidance-candidate-oracle.test.mjs ... ok (90ms)
unit group 1/1	UNKNOWN STEP	2026-10-05T00:41:39.2692825Z ▶ scripts/tests/unit/task-tracker/lib/guidance-characterization.test.mjs ... ok (343ms)
unit group 1/1	UNKNOWN STEP	2026-10-05T00:41:39.2693567Z ▶ scripts/tests/unit/task-tracker/lib/guidance-clause-index.test.mjs ... ok (58ms)
unit group 1/1	UNKNOWN STEP	2026-10-05T00:41:39.2694198Z ▶ scripts/tests/unit/task-tracker/lib/guidance-legacy-authority.test.mjs ... ok (53ms)
unit group 1/1	UNKNOWN STEP	2026-10-05T00:41:39.2694832Z ▶ scripts/tests/unit/task-tracker/lib/guidance-legacy-baseline.test.mjs ... ok (57ms)
unit group 1/1	UNKNOWN STEP	2026-10-05T00:41:39.2695473Z ▶ scripts/tests/unit/task-tracker/lib/guidance-legacy-inventory.test.mjs ... ok (2.7s)
unit group 1/1	UNKNOWN STEP	2026-10-05T00:41:39.2696109Z ▶ scripts/tests/unit/task-tracker/lib/guidance-legacy-transport.test.mjs ... ok (37ms)
unit group 1/1	UNKNOWN STEP	2026-10-05T00:41:39.2696810Z ▶ scripts/tests/unit/task-tracker/lib/guidance-receipts.test.mjs ... ok (58ms)
unit group 1/1	UNKNOWN STEP	2026-10-05T00:41:39.2697412Z ▶ scripts/tests/unit/task-tracker/lib/guidance-rule-coverage.test.mjs ... ok (301ms)
unit group 1/1	UNKNOWN STEP	2026-10-05T00:41:39.2698018Z ▶ scripts/tests/unit/task-tracker/lib/guidance-validator.test.mjs ... ok (1.0s)
unit group 1/1	UNKNOWN STEP	2026-10-05T00:41:39.2698640Z ▶ scripts/tests/unit/task-tracker/lib/heal-actor-opener-replays.test.mjs ... ok (562ms)
unit group 1/1	UNKNOWN STEP	2026-10-05T00:41:39.2699307Z ▶ scripts/tests/unit/task-tracker/lib/heal-entry-markers-delegates.test.mjs ... ok (246ms)
unit group 1/1	UNKNOWN STEP	2026-10-05T00:41:39.2699939Z ▶ scripts/tests/unit/task-tracker/lib/heal-lifecycle-dod.test.mjs ... ok (143ms)
unit group 1/1	UNKNOWN STEP	2026-10-05T00:41:39.2700580Z ▶ scripts/tests/unit/task-tracker/lib/heal-timing-departure-repair.test.mjs ... ok (166ms)
unit group 1/1	UNKNOWN STEP	2026-10-05T00:41:39.2701328Z ▶ scripts/tests/unit/task-tracker/lib/heal-timing-interval.test.mjs ... ok (95ms)
unit group 1/1	UNKNOWN STEP	2026-10-05T00:41:39.2701911Z ▶ scripts/tests/unit/task-tracker/lib/heal-timing-log.test.mjs ... ok (96ms)
unit group 1/1	UNKNOWN STEP	2026-10-05T00:41:39.2702482Z ▶ scripts/tests/unit/task-tracker/lib/heal-timing-starts.test.mjs ... ok (34ms)
unit group 1/1	UNKNOWN STEP	2026-10-05T00:41:39.2703062Z ▶ scripts/tests/unit/task-tracker/lib/heal-timing-sweep.test.mjs ... ok (33ms)
unit group 1/1	UNKNOWN STEP	2026-10-05T00:41:39.2703623Z ▶ scripts/tests/unit/task-tracker/lib/heal-vc-refs.test.mjs ... ok (161ms)
unit group 1/1	UNKNOWN STEP	2026-10-05T00:41:39.2704206Z ▶ scripts/tests/unit/task-tracker/lib/human-reviewer-audit.test.mjs ... ok (78ms)
unit group 1/1	UNKNOWN STEP	2026-10-05T00:41:39.2704812Z ▶ scripts/tests/unit/task-tracker/lib/incident-epic-close.test.mjs ... ok (101ms)
unit group 1/1	UNKNOWN STEP	2026-10-05T00:41:39.2705414Z ▶ scripts/tests/unit/task-tracker/lib/incorporated-close.test.mjs ... ok (127ms)
unit group 1/1	UNKNOWN STEP	2026-10-05T00:41:39.2706046Z ▶ scripts/tests/unit/task-tracker/lib/init-project-config-create.test.mjs ... ok (736ms)
unit group 1/1	UNKNOWN STEP	2026-10-05T00:41:39.2706825Z ▶ scripts/tests/unit/task-tracker/lib/init-project-config.test.mjs ... ok (745ms)
unit group 1/1	UNKNOWN STEP	2026-10-05T00:41:39.2707384Z ▶ scripts/tests/unit/task-tracker/lib/init-repair.test.mjs ... ok (980ms)
unit group 1/1	UNKNOWN STEP	2026-10-05T00:41:39.2707955Z ▶ scripts/tests/unit/task-tracker/lib/install-claude-command.test.mjs ... ok (206ms)
unit group 1/1	UNKNOWN STEP	2026-10-05T00:41:39.2708555Z ▶ scripts/tests/unit/task-tracker/lib/install-skill-version.test.mjs ... ok (203ms)
unit group 1/1	UNKNOWN STEP	2026-10-05T00:41:39.2709129Z ▶ scripts/tests/unit/task-tracker/lib/install.test.mjs ... ok (1.8s)
unit group 1/1	UNKNOWN STEP	2026-10-05T00:41:39.2709651Z ▶ scripts/tests/unit/task-tracker/lib/issue-body-push.test.mjs ... ok (37ms)
unit group 1/1	UNKNOWN STEP	2026-10-05T00:41:39.2710186Z ▶ scripts/tests/unit/task-tracker/lib/issue-kind.test.mjs ... ok (51ms)
unit group 1/1	UNKNOWN STEP	2026-10-05T00:41:39.2710788Z ▶ scripts/tests/unit/task-tracker/lib/issue-lock-reentrancy.test.mjs ... ok (145ms)
unit group 1/1	UNKNOWN STEP	2026-10-05T00:41:39.2711405Z ▶ scripts/tests/unit/task-tracker/lib/issue-worktree-location.test.mjs ... ok (77ms)
unit group 1/1	UNKNOWN STEP	2026-10-05T00:41:39.2712008Z ▶ scripts/tests/unit/task-tracker/lib/lane-split-ac-floor.test.mjs ... ok (65ms)
unit group 1/1	UNKNOWN STEP	2026-10-05T00:41:39.2712446Z ▶ scripts/tests/unit/task-tracker/lib/lane-split-dod-stamp.test.mjs ... ok (46ms)
unit group 1/1	UNKNOWN STEP	2026-10-05T00:41:39.2712800Z ▶ scripts/tests/unit/task-tracker/lib/lane-split-heal.test.mjs ... ok (42ms)
unit group 1/1	UNKNOWN STEP	2026-10-05T00:41:39.2713159Z ▶ scripts/tests/unit/task-tracker/lib/lane-split-recognition.test.mjs ... ok (53ms)
unit group 1/1	UNKNOWN STEP	2026-10-05T00:41:39.2713709Z ▶ scripts/tests/unit/task-tracker/lib/lane-taxonomy.test.mjs ... ok (55ms)
unit group 1/1	UNKNOWN STEP	2026-10-05T00:41:39.2714241Z ▶ scripts/tests/unit/task-tracker/lib/lifecycle-dod.test.mjs ... ok (46ms)
unit group 1/1	UNKNOWN STEP	2026-10-05T00:41:39.2714846Z ▶ scripts/tests/unit/task-tracker/lib/lifecycle-history-actions.test.mjs ... ok (210ms)
unit group 1/1	UNKNOWN STEP	2026-10-05T00:41:39.2715596Z ▶ scripts/tests/unit/task-tracker/lib/lifecycle-policy.test.mjs ... ok (41ms)
unit group 1/1	UNKNOWN STEP	2026-10-05T00:41:39.2716303Z ▶ scripts/tests/unit/task-tracker/lib/lifecycle-satisfaction.test.mjs ... ok (74ms)
unit group 1/1	UNKNOWN STEP	2026-10-05T00:41:39.2716969Z ▶ scripts/tests/unit/task-tracker/lib/local-trunk-close-receipt.test.mjs ... ok (191ms)
unit group 1/1	UNKNOWN STEP	2026-10-05T00:41:39.2717647Z ▶ scripts/tests/unit/task-tracker/lib/local-trunk-close-scope.test.mjs ... ok (82ms)
unit group 1/1	UNKNOWN STEP	2026-10-05T00:41:39.2718304Z ▶ scripts/tests/unit/task-tracker/lib/local-trunk-historical-grant.test.mjs ... ok (85ms)
unit group 1/1	UNKNOWN STEP	2026-10-05T00:41:39.2718873Z ▶ scripts/tests/unit/task-tracker/lib/locks.test.mjs ... ok (301ms)
unit group 1/1	UNKNOWN STEP	2026-10-05T00:41:39.2719464Z ▶ scripts/tests/unit/task-tracker/lib/manual-code-review-delivery.test.mjs ... ok (91ms)
unit group 1/1	UNKNOWN STEP	2026-10-05T00:41:39.2720110Z ▶ scripts/tests/unit/task-tracker/lib/mark-deep-dive-complete.test.mjs ... ok (52ms)
unit group 1/1	UNKNOWN STEP	2026-10-05T00:41:39.2720680Z ▶ scripts/tests/unit/task-tracker/lib/marker-grammar.test.mjs ... ok (30ms)
unit group 1/1	UNKNOWN STEP	2026-10-05T00:41:39.2721255Z ▶ scripts/tests/unit/task-tracker/lib/marker-write-retry.test.mjs ... ok (67ms)
unit group 1/1	UNKNOWN STEP	2026-10-05T00:41:39.2721983Z ▶ scripts/tests/unit/task-tracker/lib/markers-full-auto-footnote.test.mjs ... ok (61ms)
unit group 1/1	UNKNOWN STEP	2026-10-05T00:41:39.2722636Z ▶ scripts/tests/unit/task-tracker/lib/markers-progress-cluster.test.mjs ... ok (62ms)
unit group 1/1	UNKNOWN STEP	2026-10-05T00:41:39.2723426Z ▶ scripts/tests/unit/task-tracker/lib/markers.test.mjs ... ok (74ms)
unit group 1/1	UNKNOWN STEP	2026-10-05T00:41:39.2723983Z ▶ scripts/tests/unit/task-tracker/lib/memory-index-hook.test.mjs ... ok (246ms)
unit group 1/1	UNKNOWN STEP	2026-10-05T00:41:39.2724596Z ▶ scripts/tests/unit/task-tracker/lib/memory-resync-apply.test.mjs ... ok (202ms)
unit group 1/1	UNKNOWN STEP	2026-10-05T00:41:39.2725234Z ▶ scripts/tests/unit/task-tracker/lib/memory-resync-classify.test.mjs ... ok (272ms)
unit group 1/1	UNKNOWN STEP	2026-10-05T00:41:39.2725858Z ▶ scripts/tests/unit/task-tracker/lib/memory-resync-render.test.mjs ... ok (41ms)
unit group 1/1	UNKNOWN STEP	2026-10-05T00:41:39.2726613Z ▶ scripts/tests/unit/task-tracker/lib/memory-seed-install-menu.test.mjs ... ok (168ms)
unit group 1/1	UNKNOWN STEP	2026-10-05T00:41:39.2727267Z ▶ scripts/tests/unit/task-tracker/lib/memory-seed-manifest.test.mjs ... ok (75ms)
unit group 1/1	UNKNOWN STEP	2026-10-05T00:41:39.2727868Z ▶ scripts/tests/unit/task-tracker/lib/mirror-deep-dive.test.mjs ... ok (92ms)
unit group 1/1	UNKNOWN STEP	2026-10-05T00:41:39.2728551Z ▶ scripts/tests/unit/task-tracker/lib/move-state-body-fetch-fail-closed.test.mjs ... ok (49ms)
unit group 1/1	UNKNOWN STEP	2026-10-05T00:41:39.2729267Z ▶ scripts/tests/unit/task-tracker/lib/move-state-internal-gate.test.mjs ... ok (900ms)
unit group 1/1	UNKNOWN STEP	2026-10-05T00:41:39.2730022Z ▶ scripts/tests/unit/task-tracker/lib/move-state/coverage-audit-timing.test.mjs ... ok (101ms)
unit group 1/1	UNKNOWN STEP	2026-10-05T00:41:39.2730733Z ▶ scripts/tests/unit/task-tracker/lib/move-state/move-regression.test.mjs ... ok (183ms)
unit group 1/1	UNKNOWN STEP	2026-10-05T00:41:39.2731492Z ▶ scripts/tests/unit/task-tracker/lib/move-state/move-state-board-marker-atomicity.test.mjs ... ok (173ms)
unit group 1/1	UNKNOWN STEP	2026-10-05T00:41:39.2732253Z ▶ scripts/tests/unit/task-tracker/lib/move-state/move-state-core.test.mjs ... ok (436ms)
unit group 1/1	UNKNOWN STEP	2026-10-05T00:41:39.2732970Z ▶ scripts/tests/unit/task-tracker/lib/move-state/move-state-idempotent.test.mjs ... ok (250ms)
unit group 1/1	UNKNOWN STEP	2026-10-05T00:41:39.2733667Z ▶ scripts/tests/unit/task-tracker/lib/move-state/move-state-output.test.mjs ... ok (45ms)
unit group 1/1	UNKNOWN STEP	2026-10-05T00:41:39.2734322Z ▶ scripts/tests/unit/task-tracker/lib/move-state/move-state-policy.test.mjs ... ok (203ms)
unit group 1/1	UNKNOWN STEP	2026-10-05T00:41:39.2735077Z ▶ scripts/tests/unit/task-tracker/lib/move-state/move-state-sentinel-write.test.mjs ... ok (162ms)
unit group 1/1	UNKNOWN STEP	2026-10-05T00:41:39.2735907Z ▶ scripts/tests/unit/task-tracker/lib/move-state/move-state-tail-error-diagnostics.test.mjs ... ok (90ms)
unit group 1/1	UNKNOWN STEP	2026-10-05T00:41:39.2736866Z ▶ scripts/tests/unit/task-tracker/lib/move-state/move-state-tail-profiles.test.mjs ... ok (180ms)
unit group 1/1	UNKNOWN STEP	2026-10-05T00:41:39.2737664Z ▶ scripts/tests/unit/task-tracker/lib/move-state/move-state-terminal-tail-isolation.test.mjs ... ok (87ms)
unit group 1/1	UNKNOWN STEP	2026-10-05T00:41:39.2738350Z ▶ scripts/tests/unit/task-tracker/lib/move-state/move-state-verify-then-stamp.test.mjs ... ok (2.9s)
unit group 1/1	UNKNOWN STEP	2026-10-05T00:41:39.2738811Z ▶ scripts/tests/unit/task-tracker/lib/move-state/move-state-worktree-trunk-ref.test.mjs ... ok (147ms)
unit group 1/1	UNKNOWN STEP	2026-10-05T00:41:39.2739352Z ▶ scripts/tests/unit/task-tracker/lib/move-state/sentinel.test.mjs ... ok (33ms)
unit group 1/1	UNKNOWN STEP	2026-10-05T00:41:39.2739733Z ▶ scripts/tests/unit/task-tracker/lib/move-state/transition-plan.test.mjs ... ok (41ms)
unit group 1/1	UNKNOWN STEP	2026-10-05T00:41:39.2740141Z ▶ scripts/tests/unit/task-tracker/lib/mutate-issue-body-marker-loss.test.mjs ... ok (73ms)
unit group 1/1	UNKNOWN STEP	2026-10-05T00:41:39.2740530Z ▶ scripts/tests/unit/task-tracker/lib/mutate-issue-body.test.mjs ... ok (71ms)
unit group 1/1	UNKNOWN STEP	2026-10-05T00:41:39.2740890Z ▶ scripts/tests/unit/task-tracker/lib/nat-gate-diff-aware.test.mjs ... ok (77ms)
unit group 1/1	UNKNOWN STEP	2026-10-05T00:41:39.2741252Z ▶ scripts/tests/unit/task-tracker/lib/native-dependencies.test.mjs ... ok (37ms)
unit group 1/1	UNKNOWN STEP	2026-10-05T00:41:39.2741625Z ▶ scripts/tests/unit/task-tracker/lib/native-dependency-docs.test.mjs ... ok (35ms)
unit group 1/1	UNKNOWN STEP	2026-10-05T00:41:39.2742024Z ▶ scripts/tests/unit/task-tracker/lib/native-dependency-projection.test.mjs ... ok (43ms)
unit group 1/1	UNKNOWN STEP	2026-10-05T00:41:39.2742449Z ▶ scripts/tests/unit/task-tracker/lib/native-dependency-reconciliation.test.mjs ... ok (40ms)
unit group 1/1	UNKNOWN STEP	2026-10-05T00:41:39.2742857Z ▶ scripts/tests/unit/task-tracker/lib/nested-epic-semantics.test.mjs ... ok (133ms)
unit group 1/1	UNKNOWN STEP	2026-10-05T00:41:39.2743248Z ▶ scripts/tests/unit/task-tracker/lib/new-automated-tests-comment.test.mjs ... ok (64ms)
unit group 1/1	UNKNOWN STEP	2026-10-05T00:41:39.2743619Z ▶ scripts/tests/unit/task-tracker/lib/no-idle-emitters.test.mjs ... ok (46ms)
unit group 1/1	UNKNOWN STEP	2026-10-05T00:41:39.2744040Z ▶ scripts/tests/unit/task-tracker/lib/occupancy.test.mjs ... ok (221ms)
unit group 1/1	UNKNOWN STEP	2026-10-05T00:41:39.2744357Z ▶ scripts/tests/unit/task-tracker/lib/on-ask.test.mjs ... ok (117ms)
unit group 1/1	UNKNOWN STEP	2026-10-05T00:41:39.2744665Z ▶ scripts/tests/unit/task-tracker/lib/on-stop.test.mjs ... ok (53ms)
unit group 1/1	UNKNOWN STEP	2026-10-05T00:41:39.2744993Z ▶ scripts/tests/unit/task-tracker/lib/on-user-prompt.test.mjs ... ok (59ms)
unit group 1/1	UNKNOWN STEP	2026-10-05T00:41:39.2745337Z ▶ scripts/tests/unit/task-tracker/lib/orphan-finalize.test.mjs ... ok (57ms)
unit group 1/1	UNKNOWN STEP	2026-10-05T00:41:39.2745701Z ▶ scripts/tests/unit/task-tracker/lib/orphan-pairing-guard.test.mjs ... ok (40ms)
unit group 1/1	UNKNOWN STEP	2026-10-05T00:41:39.2746065Z ▶ scripts/tests/unit/task-tracker/lib/parent-admission.test.mjs ... ok (38ms)
unit group 1/1	UNKNOWN STEP	2026-10-05T00:41:39.2746736Z ▶ scripts/tests/unit/task-tracker/lib/paths.test.mjs ... ok (36ms)
unit group 1/1	UNKNOWN STEP	2026-10-05T00:41:39.2747237Z ▶ scripts/tests/unit/task-tracker/lib/pause-markers.test.mjs ... ok (70ms)
unit group 1/1	UNKNOWN STEP	2026-10-05T00:41:39.2747801Z ▶ scripts/tests/unit/task-tracker/lib/pause-resume-hybrid.test.mjs ... ok (44ms)
unit group 1/1	UNKNOWN STEP	2026-10-05T00:41:39.2748400Z ▶ scripts/tests/unit/task-tracker/lib/phase-word-attribution.test.mjs ... ok (42ms)
unit group 1/1	UNKNOWN STEP	2026-10-05T00:41:39.2749030Z ▶ scripts/tests/unit/task-tracker/lib/pickup-directive-state-gate.test.mjs ... ok (63ms)
unit group 1/1	UNKNOWN STEP	2026-10-05T00:41:39.2749713Z ▶ scripts/tests/unit/task-tracker/lib/plan-approval-story-audit.test.mjs ... ok (64ms)
unit group 1/1	UNKNOWN STEP	2026-10-05T00:41:39.2750426Z ▶ scripts/tests/unit/task-tracker/lib/plan-metadata-exit-guard.test.mjs ... ok (115ms)
unit group 1/1	UNKNOWN STEP	2026-10-05T00:41:39.2750852Z ▶ scripts/tests/unit/task-tracker/lib/plan-metadata-lib.test.mjs ... ok (39ms)
unit group 1/1	UNKNOWN STEP	2026-10-05T00:41:39.2751309Z ▶ scripts/tests/unit/task-tracker/lib/plan-transition-authority.test.mjs ... ok (72ms)
unit group 1/1	UNKNOWN STEP	2026-10-05T00:41:39.2751721Z ▶ scripts/tests/unit/task-tracker/lib/policy-convergence.test.mjs ... ok (1.7s)
unit group 1/1	UNKNOWN STEP	2026-10-05T00:41:39.2752114Z ▶ scripts/tests/unit/task-tracker/lib/policy-dependency-boundaries.test.mjs ... ok (33ms)
unit group 1/1	UNKNOWN STEP	2026-10-05T00:41:39.2752493Z ▶ scripts/tests/unit/task-tracker/lib/preflight-issue.test.mjs ... ok (5.8s)
unit group 1/1	UNKNOWN STEP	2026-10-05T00:41:39.2752858Z ▶ scripts/tests/unit/task-tracker/lib/project-root-readers.test.mjs ... ok (62ms)
unit group 1/1	UNKNOWN STEP	2026-10-05T00:41:39.2753232Z ▶ scripts/tests/unit/task-tracker/lib/promote-deep-dive-gate.test.mjs ... ok (156ms)
unit group 1/1	UNKNOWN STEP	2026-10-05T00:41:39.2753588Z ▶ scripts/tests/unit/task-tracker/lib/proof-marker.test.mjs ... ok (40ms)
unit group 1/1	UNKNOWN STEP	2026-10-05T00:41:39.2753910Z ▶ scripts/tests/unit/task-tracker/lib/queue.test.mjs ... ok (132ms)
unit group 1/1	UNKNOWN STEP	2026-10-05T00:41:39.2754250Z ▶ scripts/tests/unit/task-tracker/lib/r4p-jit-boundaries.test.mjs ... ok (188ms)
unit group 1/1	UNKNOWN STEP	2026-10-05T00:41:39.2754604Z ▶ scripts/tests/unit/task-tracker/lib/readback-verify.test.mjs ... ok (70ms)
unit group 1/1	UNKNOWN STEP	2026-10-05T00:41:39.2755091Z ▶ scripts/tests/unit/task-tracker/lib/ready-for-plan-migration.test.mjs ... ok (69ms)
unit group 1/1	UNKNOWN STEP	2026-10-05T00:41:39.2755477Z ▶ scripts/tests/unit/task-tracker/lib/ready-for-plan-topology.test.mjs ... ok (134ms)
unit group 1/1	UNKNOWN STEP	2026-10-05T00:41:39.2755866Z ▶ scripts/tests/unit/task-tracker/lib/reconcile-no-drift-seed.test.mjs ... ok (149ms)
unit group 1/1	UNKNOWN STEP	2026-10-05T00:41:39.2756396Z ▶ scripts/tests/unit/task-tracker/lib/reconcile-sentinel-drift.test.mjs ... ok (160ms)
unit group 1/1	UNKNOWN STEP	2026-10-05T00:41:39.2756770Z ▶ scripts/tests/unit/task-tracker/lib/reevaluate-estimate.test.mjs ... ok (23ms)
unit group 1/1	UNKNOWN STEP	2026-10-05T00:41:39.2757143Z ▶ scripts/tests/unit/task-tracker/lib/refine-estimate-comment.test.mjs ... ok (45ms)
unit group 1/1	UNKNOWN STEP	2026-10-05T00:41:39.2757564Z ▶ scripts/tests/unit/task-tracker/lib/refine-exit-child-parent-state-guard.test.mjs ... ok (52ms)
unit group 1/1	UNKNOWN STEP	2026-10-05T00:41:39.2758011Z ▶ scripts/tests/unit/task-tracker/lib/refine-exit-vc-citation-guardrail.test.mjs ... ok (55ms)
unit group 1/1	UNKNOWN STEP	2026-10-05T00:41:39.2758420Z ▶ scripts/tests/unit/task-tracker/lib/refine-tbd-placeholder.test.mjs ... ok (184ms)
unit group 1/1	UNKNOWN STEP	2026-10-05T00:41:39.2758795Z ▶ scripts/tests/unit/task-tracker/lib/refine-to-plan-gate.test.mjs ... ok (57ms)
unit group 1/1	UNKNOWN STEP	2026-10-05T00:41:39.2759177Z ▶ scripts/tests/unit/task-tracker/lib/refinement-snapshot-schema.test.mjs ... ok (42ms)
unit group 1/1	UNKNOWN STEP	2026-10-05T00:41:39.2759555Z ▶ scripts/tests/unit/task-tracker/lib/release-detection.test.mjs ... ok (41ms)
unit group 1/1	UNKNOWN STEP	2026-10-05T00:41:39.2760016Z ▶ scripts/tests/unit/task-tracker/lib/reopened-close-recovery.test.mjs ... ok (93ms)
unit group 1/1	UNKNOWN STEP	2026-10-05T00:41:39.2760388Z ▶ scripts/tests/unit/task-tracker/lib/resolve-epic-lineage.test.mjs ... ok (36ms)
unit group 1/1	UNKNOWN STEP	2026-10-05T00:41:39.2760736Z ▶ scripts/tests/unit/task-tracker/lib/review-delta.test.mjs ... ok (25ms)
unit group 1/1	UNKNOWN STEP	2026-10-05T00:41:39.2761095Z ▶ scripts/tests/unit/task-tracker/lib/review-derive-rescan.test.mjs ... ok (151ms)
unit group 1/1	UNKNOWN STEP	2026-10-05T00:41:39.2761459Z ▶ scripts/tests/unit/task-tracker/lib/review-derived-dod.test.mjs ... ok (88ms)
unit group 1/1	UNKNOWN STEP	2026-10-05T00:41:39.2761870Z ▶ scripts/tests/unit/task-tracker/lib/review-exit-epic-children-done-guard.test.mjs ... ok (99ms)
unit group 1/1	UNKNOWN STEP	2026-10-05T00:41:39.2762275Z ▶ scripts/tests/unit/task-tracker/lib/review-failure-block.test.mjs ... ok (49ms)
unit group 1/1	UNKNOWN STEP	2026-10-05T00:41:39.2762618Z ▶ scripts/tests/unit/task-tracker/lib/review-notes.test.mjs ... ok (44ms)
unit group 1/1	UNKNOWN STEP	2026-10-05T00:41:39.2762993Z ▶ scripts/tests/unit/task-tracker/lib/review-preflight-epic-aware.test.mjs ... ok (91ms)
unit group 1/1	UNKNOWN STEP	2026-10-05T00:41:39.2763376Z ▶ scripts/tests/unit/task-tracker/lib/review-preflight.test.mjs ... ok (82ms)
unit group 1/1	UNKNOWN STEP	2026-10-05T00:41:39.2763734Z ▶ scripts/tests/unit/task-tracker/lib/review-probe-policy.test.mjs ... ok (169ms)
unit group 1/1	UNKNOWN STEP	2026-10-05T00:41:39.2764107Z ▶ scripts/tests/unit/task-tracker/lib/review-receipt-reuse.test.mjs ... ok (189ms)
unit group 1/1	UNKNOWN STEP	2026-10-05T00:41:39.2764526Z ▶ scripts/tests/unit/task-tracker/lib/review-verb-consolidated-declaration.test.mjs ... ok (29ms)
unit group 1/1	UNKNOWN STEP	2026-10-05T00:41:39.2764954Z ▶ scripts/tests/unit/task-tracker/lib/review-verb-evidence-commands.test.mjs ... ok (66ms)
unit group 1/1	UNKNOWN STEP	2026-10-05T00:41:39.2765357Z ▶ scripts/tests/unit/task-tracker/lib/review-verb-timing-order.test.mjs ... ok (239ms)
unit group 1/1	UNKNOWN STEP	2026-10-05T00:41:39.2765727Z ▶ scripts/tests/unit/task-tracker/lib/review-waived-ac.test.mjs ... ok (69ms)
unit group 1/1	UNKNOWN STEP	2026-10-05T00:41:39.2766094Z ▶ scripts/tests/unit/task-tracker/lib/reviewed-scope-comments.test.mjs ... ok (63ms)
unit group 1/1	UNKNOWN STEP	2026-10-05T00:41:39.2766604Z ▶ scripts/tests/unit/task-tracker/lib/reviewed-scope-model.test.mjs ... ok (56ms)
unit group 1/1	UNKNOWN STEP	2026-10-05T00:41:39.2766989Z ▶ scripts/tests/unit/task-tracker/lib/reviewed-scope-readiness.test.mjs ... ok (100ms)
unit group 1/1	UNKNOWN STEP	2026-10-05T00:41:39.2767371Z ▶ scripts/tests/unit/task-tracker/lib/reviewed-scope-record.test.mjs ... ok (119ms)
unit group 1/1	UNKNOWN STEP	2026-10-05T00:41:39.2767761Z ▶ scripts/tests/unit/task-tracker/lib/reviewed-scope-runtime.test.mjs ... ok (124ms)
unit group 1/1	UNKNOWN STEP	2026-10-05T00:41:39.2768162Z ▶ scripts/tests/unit/task-tracker/lib/reviewed-scope-targets.test.mjs ... ok (69ms)
unit group 1/1	UNKNOWN STEP	2026-10-05T00:41:39.2768537Z ▶ scripts/tests/unit/task-tracker/lib/run-move-state-timeout.test.mjs ... ok (37ms)
unit group 1/1	UNKNOWN STEP	2026-10-05T00:41:39.2768957Z ▶ scripts/tests/unit/task-tracker/lib/runtime-adapter-receipt-lane-skip.test.mjs ... ok (114ms)
unit group 1/1	UNKNOWN STEP	2026-10-05T00:41:39.2769464Z ▶ scripts/tests/unit/task-tracker/lib/runtime-root-adapters.test.mjs ... ok (41ms)
unit group 1/1	UNKNOWN STEP	2026-10-05T00:41:39.2769830Z ▶ scripts/tests/unit/task-tracker/lib/sandbox-exec-render.test.mjs ... ok (47ms)
unit group 1/1	UNKNOWN STEP	2026-10-05T00:41:39.2770205Z ▶ scripts/tests/unit/task-tracker/lib/sandbox-timeout-resolve.test.mjs ... ok (44ms)
unit group 1/1	UNKNOWN STEP	2026-10-05T00:41:39.2770556Z ▶ scripts/tests/unit/task-tracker/lib/save-plan.test.mjs ... ok (71ms)
unit group 1/1	UNKNOWN STEP	2026-10-05T00:41:39.2770901Z ▶ scripts/tests/unit/task-tracker/lib/scope-guard-active.test.mjs ... ok (45ms)
unit group 1/1	UNKNOWN STEP	2026-10-05T00:41:39.2771269Z ▶ scripts/tests/unit/task-tracker/lib/scratch-contract-docs.test.mjs ... ok (42ms)
unit group 1/1	UNKNOWN STEP	2026-10-05T00:41:39.2771612Z ▶ scripts/tests/unit/task-tracker/lib/scratch-dir.test.mjs ... ok (41ms)
unit group 1/1	UNKNOWN STEP	2026-10-05T00:41:39.2771956Z ▶ scripts/tests/unit/task-tracker/lib/seed-kanban-cache.test.mjs ... ok (138ms)
unit group 1/1	UNKNOWN STEP	2026-10-05T00:41:39.2772324Z ▶ scripts/tests/unit/task-tracker/lib/session-id-resolution.test.mjs ... ok (122ms)
unit group 1/1	UNKNOWN STEP	2026-10-05T00:41:39.2772675Z ▶ scripts/tests/unit/task-tracker/lib/session-ref.test.mjs ... ok (68ms)
unit group 1/1	UNKNOWN STEP	2026-10-05T00:41:39.2773006Z ▶ scripts/tests/unit/task-tracker/lib/session-state.test.mjs ... ok (71ms)
unit group 1/1	UNKNOWN STEP	2026-10-05T00:41:39.2773343Z ▶ scripts/tests/unit/task-tracker/lib/session-sweep.test.mjs ... ok (67ms)
unit group 1/1	UNKNOWN STEP	2026-10-05T00:41:39.2773845Z ▶ scripts/tests/unit/task-tracker/lib/set-priority.test.mjs ... ok (1.7s)
unit group 1/1	UNKNOWN STEP	2026-10-05T00:41:39.2774378Z ▶ scripts/tests/unit/task-tracker/lib/set-rank.test.mjs ... ok (1.1s)
unit group 1/1	UNKNOWN STEP	2026-10-05T00:41:39.2784495Z ▶ scripts/tests/unit/task-tracker/lib/settings-hook-bootstrap.test.mjs ... ok (217ms)
unit group 1/1	UNKNOWN STEP	2026-10-05T00:41:39.2784880Z ▶ scripts/tests/unit/task-tracker/lib/shelve-boundaries.test.mjs ... ok (203ms)
unit group 1/1	UNKNOWN STEP	2026-10-05T00:41:39.2785289Z ▶ scripts/tests/unit/task-tracker/lib/shelve-stale-refinement-migration.test.mjs ... ok (53ms)
unit group 1/1	UNKNOWN STEP	2026-10-05T00:41:39.2785684Z ▶ scripts/tests/unit/task-tracker/lib/stage-bound-reason.test.mjs ... ok (37ms)
unit group 1/1	UNKNOWN STEP	2026-10-05T00:41:39.2786100Z ▶ scripts/tests/unit/task-tracker/lib/stage-entry-grammar-ownership.test.mjs ... ok (94ms)
unit group 1/1	UNKNOWN STEP	2026-10-05T00:41:39.2786670Z ▶ scripts/tests/unit/task-tracker/lib/stage-entry-markers-core.test.mjs ... ok (76ms)
unit group 1/1	UNKNOWN STEP	2026-10-05T00:41:39.2787089Z ▶ scripts/tests/unit/task-tracker/lib/stage-entry-markers-reentry.test.mjs ... ok (78ms)
unit group 1/1	UNKNOWN STEP	2026-10-05T00:41:39.2787553Z ▶ scripts/tests/unit/task-tracker/lib/stage-entry-markers-review-test-arc.test.mjs ... ok (72ms)
unit group 1/1	UNKNOWN STEP	2026-10-05T00:41:39.2788210Z ▶ scripts/tests/unit/task-tracker/lib/stamp-receipt-reuse.test.mjs ... ok (67ms)
unit group 1/1	UNKNOWN STEP	2026-10-05T00:41:39.2788609Z ▶ scripts/tests/unit/task-tracker/lib/state-action-conformance.test.mjs ... ok (174ms)
unit group 1/1	UNKNOWN STEP	2026-10-05T00:41:39.2789084Z ▶ scripts/tests/unit/task-tracker/lib/state-action-resume.test.mjs ... ok (112ms)
unit group 1/1	UNKNOWN STEP	2026-10-05T00:41:39.2789661Z ▶ scripts/tests/unit/task-tracker/lib/state-boundary-order.test.mjs ... ok (62ms)
unit group 1/1	UNKNOWN STEP	2026-10-05T00:41:39.2790280Z ▶ scripts/tests/unit/task-tracker/lib/state-cursor-interruption.test.mjs ... ok (207ms)
unit group 1/1	UNKNOWN STEP	2026-10-05T00:41:39.2790878Z ▶ scripts/tests/unit/task-tracker/lib/state-cursor.test.mjs ... ok (100ms)
unit group 1/1	UNKNOWN STEP	2026-10-05T00:41:39.2791537Z ▶ scripts/tests/unit/task-tracker/lib/state-engine-policy-characterization.test.mjs ... ok (247ms)
unit group 1/1	UNKNOWN STEP	2026-10-05T00:41:39.2792139Z ▶ scripts/tests/unit/task-tracker/lib/state.test.mjs ... ok (67ms)
unit group 1/1	UNKNOWN STEP	2026-10-05T00:41:39.2792746Z ▶ scripts/tests/unit/task-tracker/lib/story-approval-binding-guard.test.mjs ... ok (114ms)
unit group 1/1	UNKNOWN STEP	2026-10-05T00:41:39.2793416Z ▶ scripts/tests/unit/task-tracker/lib/story-intent-source.test.mjs ... ok (66ms)
unit group 1/1	UNKNOWN STEP	2026-10-05T00:41:39.2794013Z ▶ scripts/tests/unit/task-tracker/lib/story-origin-authoring.test.mjs ... ok (1.5s)
unit group 1/1	UNKNOWN STEP	2026-10-05T00:41:39.2794594Z ▶ scripts/tests/unit/task-tracker/lib/story-origin-lib.test.mjs ... ok (50ms)
unit group 1/1	UNKNOWN STEP	2026-10-05T00:41:39.2795010Z ▶ scripts/tests/unit/task-tracker/lib/story-tag-header.test.mjs ... ok (44ms)
unit group 1/1	UNKNOWN STEP	2026-10-05T00:41:39.2795381Z ▶ scripts/tests/unit/task-tracker/lib/sub-issue-board-snapshot.test.mjs ... ok (43ms)
unit group 1/1	UNKNOWN STEP	2026-10-05T00:41:39.2795753Z ▶ scripts/tests/unit/task-tracker/lib/superseded-marker.test.mjs ... ok (44ms)
unit group 1/1	UNKNOWN STEP	2026-10-05T00:41:39.2796384Z ▶ scripts/tests/unit/task-tracker/lib/switch-paired-events.test.mjs ... ok (42ms)
unit group 1/1	UNKNOWN STEP	2026-10-05T00:41:39.2796765Z ▶ scripts/tests/unit/task-tracker/lib/switch-resumed-on-history.test.mjs ... ok (39ms)
unit group 1/1	UNKNOWN STEP	2026-10-05T00:41:39.2797131Z ▶ scripts/tests/unit/task-tracker/lib/sync-templates.test.mjs ... ok (147ms)
unit group 1/1	UNKNOWN STEP	2026-10-05T00:41:39.2797514Z ▶ scripts/tests/unit/task-tracker/lib/terminal-binding-authority.test.mjs ... ok (104ms)
unit group 1/1	UNKNOWN STEP	2026-10-05T00:41:39.2797901Z ▶ scripts/tests/unit/task-tracker/lib/terminal-disposition.test.mjs ... ok (172ms)
unit group 1/1	UNKNOWN STEP	2026-10-05T00:41:39.2798285Z ▶ scripts/tests/unit/task-tracker/lib/test-407-binding-survives.test.mjs ... ok (64ms)
unit group 1/1	UNKNOWN STEP	2026-10-05T00:41:39.2798651Z ▶ scripts/tests/unit/task-tracker/lib/test-corpus-paths.test.mjs ... ok (43ms)
unit group 1/1	UNKNOWN STEP	2026-10-05T00:41:39.2799016Z ▶ scripts/tests/unit/task-tracker/lib/test-parallel-safety.test.mjs ... ok (120ms)
unit group 1/1	UNKNOWN STEP	2026-10-05T00:41:39.2799380Z ▶ scripts/tests/unit/task-tracker/lib/test-sandbox-reaper.test.mjs ... ok (42ms)
unit group 1/1	UNKNOWN STEP	2026-10-05T00:41:39.2799744Z ▶ scripts/tests/unit/task-tracker/lib/test-sha-drift-gate.test.mjs ... ok (185ms)
unit group 1/1	UNKNOWN STEP	2026-10-05T00:41:39.2800103Z ▶ scripts/tests/unit/task-tracker/lib/test-stage-ac-defer.test.mjs ... ok (95ms)
unit group 1/1	UNKNOWN STEP	2026-10-05T00:41:39.2800462Z ▶ scripts/tests/unit/task-tracker/lib/test-verb-injection.test.mjs ... ok (872ms)
unit group 1/1	UNKNOWN STEP	2026-10-05T00:41:39.2800957Z ▶ scripts/tests/unit/task-tracker/lib/test-verb-receipt-refusal-audit.test.mjs ... ok (238ms)
unit group 1/1	UNKNOWN STEP	2026-10-05T00:41:39.2801380Z ▶ scripts/tests/unit/task-tracker/lib/test-verb-receipt-retirement.test.mjs ... ok (255ms)
unit group 1/1	UNKNOWN STEP	2026-10-05T00:41:39.2801779Z ▶ scripts/tests/unit/task-tracker/lib/test-verb-receipt-reuse.test.mjs ... ok (379ms)
unit group 1/1	UNKNOWN STEP	2026-10-05T00:41:39.2802141Z ▶ scripts/tests/unit/task-tracker/lib/test-verb-result.test.mjs ... ok (437ms)
unit group 1/1	UNKNOWN STEP	2026-10-05T00:41:39.2802488Z ▶ scripts/tests/unit/task-tracker/lib/test-verb-retry.test.mjs ... ok (245ms)
unit group 1/1	UNKNOWN STEP	2026-10-05T00:41:39.2802840Z ▶ scripts/tests/unit/task-tracker/lib/test-verb-sandbox.test.mjs ... ok (314ms)
unit group 1/1	UNKNOWN STEP	2026-10-05T00:41:39.2803214Z ▶ scripts/tests/unit/task-tracker/lib/timing-actor-accounting.test.mjs ... ok (64ms)
unit group 1/1	UNKNOWN STEP	2026-10-05T00:41:39.2803565Z ▶ scripts/tests/unit/task-tracker/lib/timing-actor.test.mjs ... ok (50ms)
unit group 1/1	UNKNOWN STEP	2026-10-05T00:41:39.2803924Z ▶ scripts/tests/unit/task-tracker/lib/timing-departure-guard.test.mjs ... ok (91ms)
unit group 1/1	UNKNOWN STEP	2026-10-05T00:41:39.2804313Z ▶ scripts/tests/unit/task-tracker/lib/timing-emitted-bare-slugs.test.mjs ... ok (51ms)
unit group 1/1	UNKNOWN STEP	2026-10-05T00:41:39.2804745Z ▶ scripts/tests/unit/task-tracker/lib/timing-event-emitter-characterization.test.mjs ... ok (133ms)
unit group 1/1	UNKNOWN STEP	2026-10-05T00:41:39.2805147Z ▶ scripts/tests/unit/task-tracker/lib/timing-event-map.test.mjs ... ok (44ms)
unit group 1/1	UNKNOWN STEP	2026-10-05T00:41:39.2805506Z ▶ scripts/tests/unit/task-tracker/lib/timing-events-policy.test.mjs ... ok (91ms)
unit group 1/1	UNKNOWN STEP	2026-10-05T00:41:39.2805852Z ▶ scripts/tests/unit/task-tracker/lib/timing-ladder.test.mjs ... ok (52ms)
unit group 1/1	UNKNOWN STEP	2026-10-05T00:41:39.2806382Z ▶ scripts/tests/unit/task-tracker/lib/timing-phase-close-delta.test.mjs ... ok (53ms)
unit group 1/1	UNKNOWN STEP	2026-10-05T00:41:39.2807001Z ▶ scripts/tests/unit/task-tracker/lib/timing-queue-retention.test.mjs ... ok (99ms)
unit group 1/1	UNKNOWN STEP	2026-10-05T00:41:39.2807579Z ▶ scripts/tests/unit/task-tracker/lib/timing-row-reader.test.mjs ... ok (49ms)
unit group 1/1	UNKNOWN STEP	2026-10-05T00:41:39.2808150Z ▶ scripts/tests/unit/task-tracker/lib/timing-rows-seconds.test.mjs ... ok (48ms)
unit group 1/1	UNKNOWN STEP	2026-10-05T00:41:39.2808699Z ▶ scripts/tests/unit/task-tracker/lib/timing-rows.test.mjs ... ok (67ms)
unit group 1/1	UNKNOWN STEP	2026-10-05T00:41:39.2809257Z ▶ scripts/tests/unit/task-tracker/lib/timing-slug-rename.test.mjs ... ok (49ms)
unit group 1/1	UNKNOWN STEP	2026-10-05T00:41:39.2809616Z ▶ scripts/tests/unit/task-tracker/lib/trunk-ref.test.mjs ... ok (43ms)
unit group 1/1	UNKNOWN STEP	2026-10-05T00:41:39.2809964Z ▶ scripts/tests/unit/task-tracker/lib/trunk-resync-no-desync.test.mjs ... ok (35ms)
unit group 1/1	UNKNOWN STEP	2026-10-05T00:41:39.2810324Z ▶ scripts/tests/unit/task-tracker/lib/two-axis-delivery.test.mjs ... ok (81ms)
unit group 1/1	UNKNOWN STEP	2026-10-05T00:41:39.2810675Z ▶ scripts/tests/unit/task-tracker/lib/unpark-dependents.test.mjs ... ok (49ms)
unit group 1/1	UNKNOWN STEP	2026-10-05T00:41:39.2811019Z ▶ scripts/tests/unit/task-tracker/lib/upstream-report.test.mjs ... ok (42ms)
unit group 1/1	UNKNOWN STEP	2026-10-05T00:41:39.2811470Z ▶ scripts/tests/unit/task-tracker/lib/user-story-author.test.mjs ... ok (70ms)
unit group 1/1	UNKNOWN STEP	2026-10-05T00:41:39.2811815Z ▶ scripts/tests/unit/task-tracker/lib/user-story-guard.test.mjs ... ok (56ms)
unit group 1/1	UNKNOWN STEP	2026-10-05T00:41:39.2812165Z ▶ scripts/tests/unit/task-tracker/lib/user-story-quality.test.mjs ... ok (106ms)
unit group 1/1	UNKNOWN STEP	2026-10-05T00:41:39.2812512Z ▶ scripts/tests/unit/task-tracker/lib/vc-authoring.test.mjs ... ok (78ms)
unit group 1/1	UNKNOWN STEP	2026-10-05T00:41:39.2812830Z ▶ scripts/tests/unit/task-tracker/lib/vc-id.test.mjs ... ok (42ms)
unit group 1/1	UNKNOWN STEP	2026-10-05T00:41:39.2813183Z ▶ scripts/tests/unit/task-tracker/lib/vc-parser-trailing-marker.test.mjs ... ok (54ms)
unit group 1/1	UNKNOWN STEP	2026-10-05T00:41:39.2813539Z ▶ scripts/tests/unit/task-tracker/lib/vc-ref-by-id.test.mjs ... ok (37ms)
unit group 1/1	UNKNOWN STEP	2026-10-05T00:41:39.2813875Z ▶ scripts/tests/unit/task-tracker/lib/vc-ref-parsing.test.mjs ... ok (31ms)
unit group 1/1	UNKNOWN STEP	2026-10-05T00:41:39.2814304Z ▶ scripts/tests/unit/task-tracker/lib/verb-home-state-guard.test.mjs ... ok (42ms)
unit group 1/1	UNKNOWN STEP	2026-10-05T00:41:39.2814693Z ▶ scripts/tests/unit/task-tracker/lib/verb-pipeline-enforcement.test.mjs ... ok (857ms)
unit group 1/1	UNKNOWN STEP	2026-10-05T00:41:39.2815065Z ▶ scripts/tests/unit/task-tracker/lib/verb-preflight.test.mjs ... ok (102ms)
unit group 1/1	UNKNOWN STEP	2026-10-05T00:41:39.2815428Z ▶ scripts/tests/unit/task-tracker/lib/verification-allowlist.test.mjs ... ok (66ms)
unit group 1/1	UNKNOWN STEP	2026-10-05T00:41:39.2815918Z ▶ scripts/tests/unit/task-tracker/lib/verification-commands-partition.test.mjs ... ok (44ms)
unit group 1/1	UNKNOWN STEP	2026-10-05T00:41:39.2816474Z ▶ scripts/tests/unit/task-tracker/lib/verification-provider-registry.test.mjs ... ok (48ms)
unit group 1/1	UNKNOWN STEP	2026-10-05T00:41:39.2816913Z ▶ scripts/tests/unit/task-tracker/lib/verification-receipt-carry-forward.test.mjs ... ok (163ms)
unit group 1/1	UNKNOWN STEP	2026-10-05T00:41:39.2817346Z ▶ scripts/tests/unit/task-tracker/lib/verification-receipt-retirement.test.mjs ... ok (88ms)
unit group 1/1	UNKNOWN STEP	2026-10-05T00:41:39.2817764Z ▶ scripts/tests/unit/task-tracker/lib/verification-stage-ownership.test.mjs ... ok (143ms)
unit group 1/1	UNKNOWN STEP	2026-10-05T00:41:39.2818137Z ▶ scripts/tests/unit/task-tracker/lib/verifier-cache.test.mjs ... ok (178ms)
unit group 1/1	UNKNOWN STEP	2026-10-05T00:41:39.2818520Z ▶ scripts/tests/unit/task-tracker/lib/verifier-provenance-sentinel.test.mjs ... ok (72ms)
unit group 1/1	UNKNOWN STEP	2026-10-05T00:41:39.2818912Z ▶ scripts/tests/unit/task-tracker/lib/verify-move-invariants.test.mjs ... ok (82ms)
unit group 1/1	UNKNOWN STEP	2026-10-05T00:41:39.2819303Z ▶ scripts/tests/unit/task-tracker/lib/versioned-issue-write-core.test.mjs ... ok (47ms)
unit group 1/1	UNKNOWN STEP	2026-10-05T00:41:39.2819725Z ▶ scripts/tests/unit/task-tracker/lib/versioned-issue-write-deps-guard.test.mjs ... ok (45ms)
unit group 1/1	UNKNOWN STEP	2026-10-05T00:41:39.2820154Z ▶ scripts/tests/unit/task-tracker/lib/versioned-issue-write-deps-stale.test.mjs ... ok (43ms)
unit group 1/1	UNKNOWN STEP	2026-10-05T00:41:39.2820579Z ▶ scripts/tests/unit/task-tracker/lib/versioned-issue-write-first-noop.test.mjs ... ok (44ms)
unit group 1/1	UNKNOWN STEP	2026-10-05T00:41:39.2820990Z ▶ scripts/tests/unit/task-tracker/lib/versioned-issue-write-pexec.test.mjs ... ok (72ms)
unit group 1/1	UNKNOWN STEP	2026-10-05T00:41:39.2821408Z ▶ scripts/tests/unit/task-tracker/lib/versioned-issue-write-repo-flag.test.mjs ... ok (39ms)
unit group 1/1	UNKNOWN STEP	2026-10-05T00:41:39.2821806Z ▶ scripts/tests/unit/task-tracker/lib/wave-guard-fail-closed.test.mjs ... ok (74ms)
unit group 1/1	UNKNOWN STEP	2026-10-05T00:41:39.2822199Z ▶ scripts/tests/unit/task-tracker/lib/word-accounting-regressions.test.mjs ... ok (103ms)
unit group 1/1	UNKNOWN STEP	2026-10-05T00:41:39.2822579Z ▶ scripts/tests/unit/task-tracker/lib/word-counter-codex.test.mjs ... ok (59ms)
unit group 1/1	UNKNOWN STEP	2026-10-05T00:41:39.2822958Z ▶ scripts/tests/unit/task-tracker/lib/word-counter-full-expansion.test.mjs ... ok (51ms)
unit group 1/1	UNKNOWN STEP	2026-10-05T00:41:39.2823332Z ▶ scripts/tests/unit/task-tracker/lib/word-counter-grok.test.mjs ... ok (52ms)
unit group 1/1	UNKNOWN STEP	2026-10-05T00:41:39.2823670Z ▶ scripts/tests/unit/task-tracker/lib/word-counter.test.mjs ... ok (46ms)
unit group 1/1	UNKNOWN STEP	2026-10-05T00:41:39.2824022Z ▶ scripts/tests/unit/task-tracker/lib/word-marker-compaction.test.mjs ... ok (72ms)
unit group 1/1	UNKNOWN STEP	2026-10-05T00:41:39.2824397Z ▶ scripts/tests/unit/task-tracker/lib/workflow-policy/catalog.test.mjs ... ok (45ms)
unit group 1/1	UNKNOWN STEP	2026-10-05T00:41:39.2824782Z ▶ scripts/tests/unit/task-tracker/lib/workflow-policy/enforcement.test.mjs ... ok (79ms)
unit group 1/1	UNKNOWN STEP	2026-10-05T00:41:39.2825166Z ▶ scripts/tests/unit/task-tracker/lib/workflow-policy/evaluator.test.mjs ... ok (49ms)
unit group 1/1	UNKNOWN STEP	2026-10-05T00:41:39.2825689Z ▶ scripts/tests/unit/task-tracker/lib/workflow-policy/exception-partitions.test.mjs ... ok (107ms)
unit group 1/1	UNKNOWN STEP	2026-10-05T00:41:39.2826117Z ▶ scripts/tests/unit/task-tracker/lib/workflow-policy/exception-record.test.mjs ... ok (88ms)
unit group 1/1	UNKNOWN STEP	2026-10-05T00:41:39.2826665Z ▶ scripts/tests/unit/task-tracker/lib/worktree-binding-guard.test.mjs ... ok (65ms)
unit group 1/1	UNKNOWN STEP	2026-10-05T00:41:39.2827054Z ▶ scripts/tests/unit/task-tracker/lib/worktree-relocation-guard.test.mjs ... ok (89ms)
unit group 1/1	UNKNOWN STEP	2026-10-05T00:41:39.2827415Z ▶ scripts/tests/unit/task-tracker/lib/worktree-seed.test.mjs ... ok (136ms)
unit group 1/1	UNKNOWN STEP	2026-10-05T00:41:39.2827806Z ▶ scripts/tests/unit/task-tracker/lib/writer-consolidated-declaration.test.mjs ... ok (162ms)
unit group 1/1	UNKNOWN STEP	2026-10-05T00:41:39.2828244Z ▶ scripts/tests/unit/task-tracker/maintenance/heal-timing-departure-cli.test.mjs ... ok (210ms)
unit group 1/1	UNKNOWN STEP	2026-10-05T00:41:39.2828677Z ▶ scripts/tests/unit/task-tracker/maintenance/heal-timing-interval-cli.test.mjs ... ok (226ms)
unit group 1/1	UNKNOWN STEP	2026-10-05T00:41:39.2829155Z ▶ scripts/tests/unit/task-tracker/maintenance/lib/corpus-marker-transforms-read-chain.test.mjs ... ok (106ms)
unit group 1/1	UNKNOWN STEP	2026-10-05T00:41:39.2829655Z ▶ scripts/tests/unit/task-tracker/maintenance/lib/corpus-marker-transforms-read-core.test.mjs ... ok (97ms)
unit group 1/1	UNKNOWN STEP	2026-10-05T00:41:39.2830157Z ▶ scripts/tests/unit/task-tracker/maintenance/lib/corpus-marker-transforms-write.test.mjs ... ok (89ms)
unit group 1/1	UNKNOWN STEP	2026-10-05T00:41:39.2830686Z ▶ scripts/tests/unit/task-tracker/maintenance/lib/heal-stage-rollups.test.mjs ... ok (74ms)
unit group 1/1	UNKNOWN STEP	2026-10-05T00:41:39.2831143Z ▶ scripts/tests/unit/task-tracker/maintenance/migrate-markers-corpus-redaction.test.mjs ... ok (78ms)
unit group 1/1	UNKNOWN STEP	2026-10-05T00:41:39.2831629Z ▶ scripts/tests/unit/task-tracker/maintenance/migrate-non-demonstrable-tag-position.test.mjs ... ok (31ms)
unit group 1/1	UNKNOWN STEP	2026-10-05T00:41:39.2832086Z ▶ scripts/tests/unit/task-tracker/maintenance/rename-estimation-headers.test.mjs ... ok (51ms)
unit group 1/1	UNKNOWN STEP	2026-10-05T00:41:39.2832460Z ▶ scripts/tests/unit/task-tracker/merge-back-cli.test.mjs ... ok (1.3s)
unit group 1/1	UNKNOWN STEP	2026-10-05T00:41:39.2832812Z ▶ scripts/tests/unit/task-tracker/merge-back-verification.test.mjs ... ok (1.5s)
unit group 1/1	UNKNOWN STEP	2026-10-05T00:41:39.2833149Z ▶ scripts/tests/unit/task-tracker/merge-back.test.mjs ... ok (179ms)
unit group 1/1	UNKNOWN STEP	2026-10-05T00:41:39.2833517Z ▶ scripts/tests/unit/task-tracker/package-lockfile-version-parity.test.mjs ... ok (44ms)
unit group 1/1	UNKNOWN STEP	2026-10-05T00:41:39.2833895Z ▶ scripts/tests/unit/task-tracker/states/state-factory.test.mjs ... ok (42ms)
unit group 1/1	UNKNOWN STEP	2026-10-05T00:41:39.2834245Z ▶ scripts/tests/unit/task-tracker/states/states-skeleton.test.mjs ... ok (150ms)
unit group 1/1	UNKNOWN STEP	2026-10-05T00:41:39.2834576Z ▶ scripts/tests/unit/task-tracker/sync-epic.test.mjs ... ok (161ms)
unit group 1/1	UNKNOWN STEP	2026-10-05T00:41:39.2834891Z ▶ scripts/tests/unit/task-tracker/verbs/ac-stamp.test.mjs ... ok (100ms)
unit group 1/1	UNKNOWN STEP	2026-10-05T00:41:39.2835223Z ▶ scripts/tests/unit/task-tracker/verbs/action-ledger.test.mjs ... ok (81ms)
unit group 1/1	UNKNOWN STEP	2026-10-05T00:41:39.2835564Z ▶ scripts/tests/unit/task-tracker/verbs/approve-core.test.mjs ... ok (460ms)
unit group 1/1	UNKNOWN STEP	2026-10-05T00:41:39.2835938Z ▶ scripts/tests/unit/task-tracker/verbs/approve-full-auto-detect.test.mjs ... ok (464ms)
unit group 1/1	UNKNOWN STEP	2026-10-05T00:41:39.2836589Z ▶ scripts/tests/unit/task-tracker/verbs/approve-review-notes.test.mjs ... ok (212ms)
unit group 1/1	UNKNOWN STEP	2026-10-05T00:41:39.2837088Z ▶ scripts/tests/unit/task-tracker/verbs/approve-timing-boundary.test.mjs ... ok (283ms)
unit group 1/1	UNKNOWN STEP	2026-10-05T00:41:39.2837438Z ▶ scripts/tests/unit/task-tracker/verbs/assign.test.mjs ... ok (195ms)
unit group 1/1	UNKNOWN STEP	2026-10-05T00:41:39.2837767Z ▶ scripts/tests/unit/task-tracker/verbs/block-verb.test.mjs ... ok (68ms)
unit group 1/1	UNKNOWN STEP	2026-10-05T00:41:39.2838138Z ▶ scripts/tests/unit/task-tracker/verbs/board-and-project-guard.test.mjs ... ok (133ms)
unit group 1/1	UNKNOWN STEP	2026-10-05T00:41:39.2838522Z ▶ scripts/tests/unit/task-tracker/verbs/check-verb-migration.test.mjs ... ok (139ms)
unit group 1/1	UNKNOWN STEP	2026-10-05T00:41:39.2838863Z ▶ scripts/tests/unit/task-tracker/verbs/check.test.mjs ... ok (123ms)
unit group 1/1	UNKNOWN STEP	2026-10-05T00:41:39.2839221Z ▶ scripts/tests/unit/task-tracker/verbs/close-authority-refresh.test.mjs ... ok (203ms)
unit group 1/1	UNKNOWN STEP	2026-10-05T00:41:39.2839607Z ▶ scripts/tests/unit/task-tracker/verbs/close-binding-cleanup.test.mjs ... ok (170ms)
unit group 1/1	UNKNOWN STEP	2026-10-05T00:41:39.2840086Z ▶ scripts/tests/unit/task-tracker/verbs/close-child-refresh.test.mjs ... ok (168ms)
unit group 1/1	UNKNOWN STEP	2026-10-05T00:41:39.2840492Z ▶ scripts/tests/unit/task-tracker/verbs/close-converge-audit-emission.test.mjs ... ok (292ms)
unit group 1/1	UNKNOWN STEP	2026-10-05T00:41:39.2840930Z ▶ scripts/tests/unit/task-tracker/verbs/close-convergence-wiring-finalize.test.mjs ... ok (312ms)
unit group 1/1	UNKNOWN STEP	2026-10-05T00:41:39.2841355Z ▶ scripts/tests/unit/task-tracker/verbs/close-convergence-wiring.test.mjs ... ok (470ms)
unit group 1/1	UNKNOWN STEP	2026-10-05T00:41:39.2841760Z ▶ scripts/tests/unit/task-tracker/verbs/close-delivered-idempotence.test.mjs ... ok (1.1s)
unit group 1/1	UNKNOWN STEP	2026-10-05T00:41:39.2842165Z ▶ scripts/tests/unit/task-tracker/verbs/close-delivery-gate-input.test.mjs ... ok (203ms)
unit group 1/1	UNKNOWN STEP	2026-10-05T00:41:39.2842575Z ▶ scripts/tests/unit/task-tracker/verbs/close-delivery-gate-refusal.test.mjs ... ok (189ms)
unit group 1/1	UNKNOWN STEP	2026-10-05T00:41:39.2842972Z ▶ scripts/tests/unit/task-tracker/verbs/close-delivery-receipt.test.mjs ... ok (88ms)
unit group 1/1	UNKNOWN STEP	2026-10-05T00:41:39.2843411Z ▶ scripts/tests/unit/task-tracker/verbs/close-false-delivery-recovery-contract.test.mjs ... ok (181ms)
unit group 1/1	UNKNOWN STEP	2026-10-05T00:41:39.2843882Z ▶ scripts/tests/unit/task-tracker/verbs/close-false-delivery-recovery-wiring.test.mjs ... ok (267ms)
unit group 1/1	UNKNOWN STEP	2026-10-05T00:41:39.2844290Z ▶ scripts/tests/unit/task-tracker/verbs/close-incorporated.test.mjs ... ok (353ms)
unit group 1/1	UNKNOWN STEP	2026-10-05T00:41:39.2844768Z ▶ scripts/tests/unit/task-tracker/verbs/close-lifecycle-tick-retry.test.mjs ... ok (176ms)
unit group 1/1	UNKNOWN STEP	2026-10-05T00:41:39.2845172Z ▶ scripts/tests/unit/task-tracker/verbs/close-no-commit-delivery.test.mjs ... ok (203ms)
unit group 1/1	UNKNOWN STEP	2026-10-05T00:41:39.2845564Z ▶ scripts/tests/unit/task-tracker/verbs/close-occupancy-cleanup.test.mjs ... ok (160ms)
unit group 1/1	UNKNOWN STEP	2026-10-05T00:41:39.2845949Z ▶ scripts/tests/unit/task-tracker/verbs/close-pexec-offline.test.mjs ... ok (220ms)
unit group 1/1	UNKNOWN STEP	2026-10-05T00:41:39.2846479Z ▶ scripts/tests/unit/task-tracker/verbs/close-projected-guard-refresh.test.mjs ... ok (177ms)
unit group 1/1	UNKNOWN STEP	2026-10-05T00:41:39.2846889Z ▶ scripts/tests/unit/task-tracker/verbs/close-reconcile-lifecycle.test.mjs ... ok (321ms)
unit group 1/1	UNKNOWN STEP	2026-10-05T00:41:39.2847329Z ▶ scripts/tests/unit/task-tracker/verbs/close-recovery-backed-stale-wiring.test.mjs ... ok (369ms)
unit group 1/1	UNKNOWN STEP	2026-10-05T00:41:39.2847768Z ▶ scripts/tests/unit/task-tracker/verbs/close-reopened-recovery-wiring.test.mjs ... ok (293ms)
unit group 1/1	UNKNOWN STEP	2026-10-05T00:41:39.2848195Z ▶ scripts/tests/unit/task-tracker/verbs/close-review-authority-wiring.test.mjs ... ok (235ms)
unit group 1/1	UNKNOWN STEP	2026-10-05T00:41:39.2848593Z ▶ scripts/tests/unit/task-tracker/verbs/close-strip-labels.test.mjs ... ok (366ms)
unit group 1/1	UNKNOWN STEP	2026-10-05T00:41:39.2848980Z ▶ scripts/tests/unit/task-tracker/verbs/close-transaction-refresh.test.mjs ... ok (229ms)
unit group 1/1	UNKNOWN STEP	2026-10-05T00:41:39.2849330Z ▶ scripts/tests/unit/task-tracker/verbs/comment.test.mjs ... ok (85ms)
unit group 1/1	UNKNOWN STEP	2026-10-05T00:41:39.2849672Z ▶ scripts/tests/unit/task-tracker/verbs/commit-trace-verb.test.mjs ... ok (59ms)
unit group 1/1	UNKNOWN STEP	2026-10-05T00:41:39.2850034Z ▶ scripts/tests/unit/task-tracker/verbs/coverage-ac-stamp.test.mjs ... ok (114ms)
unit group 1/1	UNKNOWN STEP	2026-10-05T00:41:39.2850384Z ▶ scripts/tests/unit/task-tracker/verbs/coverage-auto.test.mjs ... ok (70ms)
unit group 1/1	UNKNOWN STEP	2026-10-05T00:41:39.2850751Z ▶ scripts/tests/unit/task-tracker/verbs/coverage-check-verb.test.mjs ... ok (195ms)
unit group 1/1	UNKNOWN STEP	2026-10-05T00:41:39.2851105Z ▶ scripts/tests/unit/task-tracker/verbs/coverage-check.test.mjs ... ok (95ms)
unit group 1/1	UNKNOWN STEP	2026-10-05T00:41:39.2851470Z ▶ scripts/tests/unit/task-tracker/verbs/coverage-commit-trace.test.mjs ... ok (119ms)
unit group 1/1	UNKNOWN STEP	2026-10-05T00:41:39.2851837Z ▶ scripts/tests/unit/task-tracker/verbs/coverage-config.test.mjs ... ok (57ms)
unit group 1/1	UNKNOWN STEP	2026-10-05T00:41:39.2852198Z ▶ scripts/tests/unit/task-tracker/verbs/coverage-dod-stamp.test.mjs ... ok (118ms)
unit group 1/1	UNKNOWN STEP	2026-10-05T00:41:39.2852583Z ▶ scripts/tests/unit/task-tracker/verbs/coverage-evidence-markers.test.mjs ... ok (130ms)
unit group 1/1	UNKNOWN STEP	2026-10-05T00:41:39.2852959Z ▶ scripts/tests/unit/task-tracker/verbs/coverage-fleet.test.mjs ... ok (112ms)
unit group 1/1	UNKNOWN STEP	2026-10-05T00:41:39.2853302Z ▶ scripts/tests/unit/task-tracker/verbs/coverage-kind.test.mjs ... ok (166ms)
unit group 1/1	UNKNOWN STEP	2026-10-05T00:41:39.2853680Z ▶ scripts/tests/unit/task-tracker/verbs/coverage-mirror-deep-dive.test.mjs ... ok (160ms)
unit group 1/1	UNKNOWN STEP	2026-10-05T00:41:39.2854169Z ▶ scripts/tests/unit/task-tracker/verbs/coverage-plan-approve.test.mjs ... ok (416ms)
unit group 1/1	UNKNOWN STEP	2026-10-05T00:41:39.2854537Z ▶ scripts/tests/unit/task-tracker/verbs/coverage-promote.test.mjs ... ok (410ms)
unit group 1/1	UNKNOWN STEP	2026-10-05T00:41:39.2854888Z ▶ scripts/tests/unit/task-tracker/verbs/coverage-update.test.mjs ... ok (78ms)
unit group 1/1	UNKNOWN STEP	2026-10-05T00:41:39.2855262Z ▶ scripts/tests/unit/task-tracker/verbs/deliver-default-deps.test.mjs ... ok (125ms)
unit group 1/1	UNKNOWN STEP	2026-10-05T00:41:39.2855674Z ▶ scripts/tests/unit/task-tracker/verbs/deliver-default-squash-recovery.test.mjs ... ok (127ms)
unit group 1/1	UNKNOWN STEP	2026-10-05T00:41:39.2856215Z ▶ scripts/tests/unit/task-tracker/verbs/deliver-historical-reconstruction.test.mjs ... ok (194ms)
unit group 1/1	UNKNOWN STEP	2026-10-05T00:41:39.2856774Z ▶ scripts/tests/unit/task-tracker/verbs/deliver-lineage-adapter.test.mjs ... ok (113ms)
unit group 1/1	UNKNOWN STEP	2026-10-05T00:41:39.2857194Z ▶ scripts/tests/unit/task-tracker/verbs/deliver-merged-source-attribution.test.mjs ... ok (118ms)
unit group 1/1	UNKNOWN STEP	2026-10-05T00:41:39.2857623Z ▶ scripts/tests/unit/task-tracker/verbs/deliver-multiple-pr-records.test.mjs ... ok (108ms)
unit group 1/1	UNKNOWN STEP	2026-10-05T00:41:39.2858018Z ▶ scripts/tests/unit/task-tracker/verbs/deliver-no-commit.test.mjs ... ok (108ms)
unit group 1/1	UNKNOWN STEP	2026-10-05T00:41:39.2858387Z ▶ scripts/tests/unit/task-tracker/verbs/deliver-pr-selection.test.mjs ... ok (135ms)
unit group 1/1	UNKNOWN STEP	2026-10-05T00:41:39.2858771Z ▶ scripts/tests/unit/task-tracker/verbs/deliver-reconcile-args.test.mjs ... ok (90ms)
unit group 1/1	UNKNOWN STEP	2026-10-05T00:41:39.2859246Z ▶ scripts/tests/unit/task-tracker/verbs/deliver-review-waiver.test.mjs ... ok (133ms)
unit group 1/1	UNKNOWN STEP	2026-10-05T00:41:39.2859651Z ▶ scripts/tests/unit/task-tracker/verbs/deliver-single-source-squash.test.mjs ... ok (108ms)
unit group 1/1	UNKNOWN STEP	2026-10-05T00:41:39.2860059Z ▶ scripts/tests/unit/task-tracker/verbs/deliver-source-inventory.test.mjs ... ok (131ms)
unit group 1/1	UNKNOWN STEP	2026-10-05T00:41:39.2860412Z ▶ scripts/tests/unit/task-tracker/verbs/deliver.test.mjs ... ok (304ms)
unit group 1/1	UNKNOWN STEP	2026-10-05T00:41:39.2860753Z ▶ scripts/tests/unit/task-tracker/verbs/demote-inprocess.test.mjs ... ok (205ms)
unit group 1/1	UNKNOWN STEP	2026-10-05T00:41:39.2861101Z ▶ scripts/tests/unit/task-tracker/verbs/demote-verb.test.mjs ... ok (173ms)
unit group 1/1	UNKNOWN STEP	2026-10-05T00:41:39.2861432Z ▶ scripts/tests/unit/task-tracker/verbs/demote.test.mjs ... ok (176ms)
unit group 1/1	UNKNOWN STEP	2026-10-05T00:41:39.2861780Z ▶ scripts/tests/unit/task-tracker/verbs/develop-state-action.test.mjs ... ok (98ms)
unit group 1/1	UNKNOWN STEP	2026-10-05T00:41:39.2862155Z ▶ scripts/tests/unit/task-tracker/verbs/dod-stamp-state-gate.test.mjs ... ok (144ms)
unit group 1/1	UNKNOWN STEP	2026-10-05T00:41:39.2862520Z ▶ scripts/tests/unit/task-tracker/verbs/ensure-checked.test.mjs ... ok (193ms)
unit group 1/1	UNKNOWN STEP	2026-10-05T00:41:39.2862872Z ▶ scripts/tests/unit/task-tracker/verbs/ensure-unchecked.test.mjs ... ok (118ms)
unit group 1/1	UNKNOWN STEP	2026-10-05T00:41:39.2863223Z ▶ scripts/tests/unit/task-tracker/verbs/epic-reconcile.test.mjs ... ok (90ms)
unit group 1/1	UNKNOWN STEP	2026-10-05T00:41:39.2863557Z ▶ scripts/tests/unit/task-tracker/verbs/epic-wave.test.mjs ... ok (114ms)
unit group 1/1	UNKNOWN STEP	2026-10-05T00:41:39.2863912Z ▶ scripts/tests/unit/task-tracker/verbs/fleet-closed-bindings.test.mjs ... ok (52ms)
unit group 1/1	UNKNOWN STEP	2026-10-05T00:41:39.2864287Z ▶ scripts/tests/unit/task-tracker/verbs/functional-dod-gate.test.mjs ... ok (79ms)
unit group 1/1	UNKNOWN STEP	2026-10-05T00:41:39.2864622Z ▶ scripts/tests/unit/task-tracker/verbs/help.test.mjs ... ok (63ms)
unit group 1/1	UNKNOWN STEP	2026-10-05T00:41:39.2864952Z ▶ scripts/tests/unit/task-tracker/verbs/incident-ledger.test.mjs ... ok (100ms)
unit group 1/1	UNKNOWN STEP	2026-10-05T00:41:39.2865306Z ▶ scripts/tests/unit/task-tracker/verbs/inflate-estimate.test.mjs ... ok (70ms)
unit group 1/1	UNKNOWN STEP	2026-10-05T00:41:39.2865642Z ▶ scripts/tests/unit/task-tracker/verbs/issue-body.test.mjs ... ok (88ms)
unit group 1/1	UNKNOWN STEP	2026-10-05T00:41:39.2865999Z ▶ scripts/tests/unit/task-tracker/verbs/migrate-dependencies.test.mjs ... ok (79ms)
unit group 1/1	UNKNOWN STEP	2026-10-05T00:41:39.2866521Z ▶ scripts/tests/unit/task-tracker/verbs/move-inprocess-parity.test.mjs ... ok (274ms)
unit group 1/1	UNKNOWN STEP	2026-10-05T00:41:39.2866897Z ▶ scripts/tests/unit/task-tracker/verbs/new-help-probe-guard.test.mjs ... ok (72ms)
unit group 1/1	UNKNOWN STEP	2026-10-05T00:41:39.2867277Z ▶ scripts/tests/unit/task-tracker/verbs/new-routes-create-issue.test.mjs ... ok (50ms)
unit group 1/1	UNKNOWN STEP	2026-10-05T00:41:39.2867618Z ▶ scripts/tests/unit/task-tracker/verbs/new.test.mjs ... ok (47ms)
unit group 1/1	UNKNOWN STEP	2026-10-05T00:41:39.2867935Z ▶ scripts/tests/unit/task-tracker/verbs/next-alias.test.mjs ... ok (64ms)
unit group 1/1	UNKNOWN STEP	2026-10-05T00:41:39.2868353Z ▶ scripts/tests/unit/task-tracker/verbs/park.test.mjs ... ok (181ms)
unit group 1/1	UNKNOWN STEP	2026-10-05T00:41:39.2868708Z ▶ scripts/tests/unit/task-tracker/verbs/plan-approve-collapse.test.mjs ... ok (201ms)
unit group 1/1	UNKNOWN STEP	2026-10-05T00:41:39.2869079Z ▶ scripts/tests/unit/task-tracker/verbs/plan-approve-core.test.mjs ... ok (1.0s)
unit group 1/1	UNKNOWN STEP	2026-10-05T00:41:39.2869432Z ▶ scripts/tests/unit/task-tracker/verbs/plan-approve.test.mjs ... ok (519ms)
unit group 1/1	UNKNOWN STEP	2026-10-05T00:41:39.2869778Z ▶ scripts/tests/unit/task-tracker/verbs/plan-estimate.test.mjs ... ok (139ms)
unit group 1/1	UNKNOWN STEP	2026-10-05T00:41:39.2870152Z ▶ scripts/tests/unit/task-tracker/verbs/promote-discuss-refusal.test.mjs ... ok (247ms)
unit group 1/1	UNKNOWN STEP	2026-10-05T00:41:39.2870530Z ▶ scripts/tests/unit/task-tracker/verbs/promote-inprocess.test.mjs ... ok (198ms)
unit group 1/1	UNKNOWN STEP	2026-10-05T00:41:39.2870959Z ▶ scripts/tests/unit/task-tracker/verbs/promote-review-close-agent-review-gate.test.mjs ... ok (242ms)
unit group 1/1	UNKNOWN STEP	2026-10-05T00:41:39.2871374Z ▶ scripts/tests/unit/task-tracker/verbs/promote-spawn-timeout.test.mjs ... ok (176ms)
unit group 1/1	UNKNOWN STEP	2026-10-05T00:41:39.2871765Z ▶ scripts/tests/unit/task-tracker/verbs/promote-test-delegation.test.mjs ... ok (255ms)
unit group 1/1	UNKNOWN STEP	2026-10-05T00:41:39.2872163Z ▶ scripts/tests/unit/task-tracker/verbs/promote-test-review-alias.test.mjs ... ok (184ms)
unit group 1/1	UNKNOWN STEP	2026-10-05T00:41:39.2872576Z ▶ scripts/tests/unit/task-tracker/verbs/promote-test-to-review-gate.test.mjs ... ok (285ms)
unit group 1/1	UNKNOWN STEP	2026-10-05T00:41:39.2873080Z ▶ scripts/tests/unit/task-tracker/verbs/pull-next-background-profile.test.mjs ... ok (222ms)
unit group 1/1	UNKNOWN STEP	2026-10-05T00:41:39.2873503Z ▶ scripts/tests/unit/task-tracker/verbs/pull-next-close-convergence.test.mjs ... ok (470ms)
unit group 1/1	UNKNOWN STEP	2026-10-05T00:41:39.2873878Z ▶ scripts/tests/unit/task-tracker/verbs/pull-next-verb.test.mjs ... ok (269ms)
unit group 1/1	UNKNOWN STEP	2026-10-05T00:41:39.2874240Z ▶ scripts/tests/unit/task-tracker/verbs/reconcile-inprocess.test.mjs ... ok (186ms)
unit group 1/1	UNKNOWN STEP	2026-10-05T00:41:39.2874632Z ▶ scripts/tests/unit/task-tracker/verbs/reconcile-multistep-walk.test.mjs ... ok (185ms)
unit group 1/1	UNKNOWN STEP	2026-10-05T00:41:39.2875000Z ▶ scripts/tests/unit/task-tracker/verbs/reconcile-verb.test.mjs ... ok (228ms)
unit group 1/1	UNKNOWN STEP	2026-10-05T00:41:39.2875378Z ▶ scripts/tests/unit/task-tracker/verbs/refine-atomic-rollback.test.mjs ... ok (212ms)
unit group 1/1	UNKNOWN STEP	2026-10-05T00:41:39.2875785Z ▶ scripts/tests/unit/task-tracker/verbs/refine-fields-cache-refresh.test.mjs ... ok (179ms)
unit group 1/1	UNKNOWN STEP	2026-10-05T00:41:39.2876319Z ▶ scripts/tests/unit/task-tracker/verbs/refine-fresh-body-retry.test.mjs ... ok (173ms)
unit group 1/1	UNKNOWN STEP	2026-10-05T00:41:39.2876715Z ▶ scripts/tests/unit/task-tracker/verbs/refine-stage-completion.test.mjs ... ok (366ms)
unit group 1/1	UNKNOWN STEP	2026-10-05T00:41:39.2877080Z ▶ scripts/tests/unit/task-tracker/verbs/refine-verb.test.mjs ... ok (211ms)
unit group 1/1	UNKNOWN STEP	2026-10-05T00:41:39.2877404Z ▶ scripts/tests/unit/task-tracker/verbs/reject.test.mjs ... ok (113ms)
unit group 1/1	UNKNOWN STEP	2026-10-05T00:41:39.2877763Z ▶ scripts/tests/unit/task-tracker/verbs/review-receipt-lane-skip.test.mjs ... ok (50ms)
unit group 1/1	UNKNOWN STEP	2026-10-05T00:41:39.2878168Z ▶ scripts/tests/unit/task-tracker/verbs/review-sandbox-demote-slug.test.mjs ... ok (191ms)
unit group 1/1	UNKNOWN STEP	2026-10-05T00:41:39.2878557Z ▶ scripts/tests/unit/task-tracker/verbs/review-state-action.test.mjs ... ok (198ms)
unit group 1/1	UNKNOWN STEP	2026-10-05T00:41:39.2878942Z ▶ scripts/tests/unit/task-tracker/verbs/review-timing-monotonic.test.mjs ... ok (171ms)
unit group 1/1	UNKNOWN STEP	2026-10-05T00:41:39.2879352Z ▶ scripts/tests/unit/task-tracker/verbs/review-unverified-tick-hatch.test.mjs ... ok (165ms)
unit group 1/1	UNKNOWN STEP	2026-10-05T00:41:39.2879751Z ▶ scripts/tests/unit/task-tracker/verbs/sandbox-env-isolation.test.mjs ... ok (195ms)
unit group 1/1	UNKNOWN STEP	2026-10-05T00:41:39.2880107Z ▶ scripts/tests/unit/task-tracker/verbs/split-plan.test.mjs ... ok (1.0s)
unit group 1/1	UNKNOWN STEP	2026-10-05T00:41:39.2880495Z ▶ scripts/tests/unit/task-tracker/verbs/state-cursor-promotion-parity.test.mjs ... ok (54ms)
unit group 1/1	UNKNOWN STEP	2026-10-05T00:41:39.2880890Z ▶ scripts/tests/unit/task-tracker/verbs/supersede-inprocess.test.mjs ... ok (174ms)
unit group 1/1	UNKNOWN STEP	2026-10-05T00:41:39.2881248Z ▶ scripts/tests/unit/task-tracker/verbs/supersede-verb.test.mjs ... ok (180ms)
unit group 1/1	UNKNOWN STEP	2026-10-05T00:41:39.2881657Z ▶ scripts/tests/unit/task-tracker/verbs/test-project-provider-npm-ci-args.test.mjs ... ok (181ms)
unit group 1/1	UNKNOWN STEP	2026-10-05T00:41:39.2882115Z ▶ scripts/tests/unit/task-tracker/verbs/test-rejected-vc-not-scored-as-failed.test.mjs ... ok (296ms)
unit group 1/1	UNKNOWN STEP	2026-10-05T00:41:39.2882618Z ▶ scripts/tests/unit/task-tracker/verbs/test-state-action.test.mjs ... ok (91ms)
unit group 1/1	UNKNOWN STEP	2026-10-05T00:41:39.2883013Z ▶ scripts/tests/unit/task-tracker/verbs/test-verb-kind-aware-lanes.test.mjs ... ok (216ms)
unit group 1/1	UNKNOWN STEP	2026-10-05T00:41:39.2883441Z ▶ scripts/tests/unit/task-tracker/verbs/test-verb-lane-split-migration.test.mjs ... ok (266ms)
unit group 1/1	UNKNOWN STEP	2026-10-05T00:41:39.2883881Z ▶ scripts/tests/unit/task-tracker/verbs/test-verb-sandbox-worktree-path.test.mjs ... ok (182ms)
unit group 1/1	UNKNOWN STEP	2026-10-05T00:41:39.2884252Z ▶ scripts/tests/unit/task-tracker/verbs/unassign.test.mjs ... ok (158ms)
unit group 1/1	UNKNOWN STEP	2026-10-05T00:41:39.2884578Z ▶ scripts/tests/unit/task-tracker/verbs/user-story.test.mjs ... ok (90ms)
unit group 1/1	UNKNOWN STEP	2026-10-05T00:41:39.2884929Z ▶ scripts/tests/unit/task-tracker/verbs/verb-discover-help.test.mjs ... ok (65ms)
unit group 1/1	UNKNOWN STEP	2026-10-05T00:41:39.2885294Z ▶ scripts/tests/unit/task-tracker/verbs/verb-plan-promote.test.mjs ... ok (186ms)
unit group 1/1	UNKNOWN STEP	2026-10-05T00:41:39.2885674Z ▶ scripts/tests/unit/task-tracker/verbs/verb-test-sandbox-env.test.mjs ... ok (218ms)
unit group 1/1	UNKNOWN STEP	2026-10-05T00:41:39.2886027Z ▶ scripts/tests/unit/tools/compare-test-fixtures.test.mjs ... ok (62ms)
unit group 1/1	UNKNOWN STEP	2026-10-05T00:41:39.2886487Z ▶ scripts/tests/unit/tools/coverage-threshold-parse.test.mjs ... ok (63ms)
unit group 1/1	UNKNOWN STEP	2026-10-05T00:41:39.2886661Z 
unit group 1/1	UNKNOWN STEP	2026-10-05T00:41:39.2887403Z ▶ scheduling: 910 pure unit file(s) at pool concurrency 3 (peak 3); 41 direct-subprocess file(s) at pool concurrency 2 (peak 2); 0 explicit-safe slow file(s) at pool concurrency 2 (peak 0); 0 explicit-unsafe/integration/unmarked-slow file(s) serial
unit group 1/1	UNKNOWN STEP	2026-10-05T00:41:39.2887944Z 
unit group 1/1	UNKNOWN STEP	2026-10-05T00:41:39.2888022Z 2 of 951 test file(s) failed:
unit group 1/1	UNKNOWN STEP	2026-10-05T00:41:39.2888119Z 
unit group 1/1	UNKNOWN STEP	2026-10-05T00:41:39.2888272Z ── scripts/tests/unit/meta/unit-lane-purity.test.mjs ──
unit group 1/1	UNKNOWN STEP	2026-10-05T00:41:39.2888540Z ✖ no unit-lane test touches a live system (116.147252ms)
unit group 1/1	UNKNOWN STEP	2026-10-05T00:41:39.2888784Z ✔ the classifier catches a git sandbox (0.348866ms)
unit group 1/1	UNKNOWN STEP	2026-10-05T00:41:39.2889080Z ✔ the classifier catches a direct git spawn in each spawn form (0.138369ms)
unit group 1/1	UNKNOWN STEP	2026-10-05T00:41:39.2889428Z ✔ the classifier catches any Node subprocess by name or by execPath (0.130477ms)
unit group 1/1	UNKNOWN STEP	2026-10-05T00:41:39.2889776Z ✔ the classifier reports every signal a file trips, in stable order (0.240322ms)
unit group 1/1	UNKNOWN STEP	2026-10-05T00:41:39.2890060Z ✔ an ordinary unit test trips nothing (0.173351ms)
unit group 1/1	UNKNOWN STEP	2026-10-05T00:41:39.2890346Z ✔ merely mentioning git in prose or data is not a spawn (0.091548ms)
unit group 1/1	UNKNOWN STEP	2026-10-05T00:41:39.2890662Z ✔ the closure follows the test tree but stops at product code (0.080842ms)
unit group 1/1	UNKNOWN STEP	2026-10-05T00:41:39.2891058Z ✔ the closure follows imported test modules because importing them executes their suites (0.272681ms)
unit group 1/1	UNKNOWN STEP	2026-10-05T00:41:39.2891317Z ℹ tests 9
unit group 1/1	UNKNOWN STEP	2026-10-05T00:41:39.2891436Z ℹ suites 0
unit group 1/1	UNKNOWN STEP	2026-10-05T00:41:39.2891553Z ℹ pass 8
unit group 1/1	UNKNOWN STEP	2026-10-05T00:41:39.2891670Z ℹ fail 1
unit group 1/1	UNKNOWN STEP	2026-10-05T00:41:39.2891788Z ℹ cancelled 0
unit group 1/1	UNKNOWN STEP	2026-10-05T00:41:39.2891912Z ℹ skipped 0
unit group 1/1	UNKNOWN STEP	2026-10-05T00:41:39.2892029Z ℹ todo 0
unit group 1/1	UNKNOWN STEP	2026-10-05T00:41:39.2892165Z ℹ duration_ms 125.582459
unit group 1/1	UNKNOWN STEP	2026-10-05T00:41:39.2892259Z 
unit group 1/1	UNKNOWN STEP	2026-10-05T00:41:39.2892320Z ✖ failing tests:
unit group 1/1	UNKNOWN STEP	2026-10-05T00:41:39.2892392Z 
unit group 1/1	UNKNOWN STEP	2026-10-05T00:41:39.2892541Z test at scripts/tests/unit/meta/unit-lane-purity.test.mjs:36:1
unit group 1/1	UNKNOWN STEP	2026-10-05T00:41:39.2892824Z ✖ no unit-lane test touches a live system (116.147252ms)
unit group 1/1	UNKNOWN STEP	2026-10-05T00:41:39.2893134Z   AssertionError [ERR_ASSERTION]: these belong in scripts/tests/integration/, not the unit lane:
unit group 1/1	UNKNOWN STEP	2026-10-05T00:41:39.2893485Z     scripts/tests/unit/task-tracker/merge-back-cli.test.mjs [git-spawn]
unit group 1/1	UNKNOWN STEP	2026-10-05T00:41:39.2893788Z     scripts/tests/unit/task-tracker/merge-back-verification.test.mjs [git-spawn]
unit group 1/1	UNKNOWN STEP	2026-10-05T00:41:39.2894020Z   + actual - expected
unit group 1/1	UNKNOWN STEP	2026-10-05T00:41:39.2894149Z   
unit group 1/1	UNKNOWN STEP	2026-10-05T00:41:39.2894263Z   + [
unit group 1/1	UNKNOWN STEP	2026-10-05T00:41:39.2894457Z   +   'scripts/tests/unit/task-tracker/merge-back-cli.test.mjs [git-spawn]',
unit group 1/1	UNKNOWN STEP	2026-10-05T00:41:39.2894767Z   +   'scripts/tests/unit/task-tracker/merge-back-verification.test.mjs [git-spawn]'
unit group 1/1	UNKNOWN STEP	2026-10-05T00:41:39.2894984Z   + ]
unit group 1/1	UNKNOWN STEP	2026-10-05T00:41:39.2895084Z   - []
unit group 1/1	UNKNOWN STEP	2026-10-05T00:41:39.2895317Z   
unit group 1/1	UNKNOWN STEP	2026-10-05T00:41:39.2895677Z       at TestContext.<anonymous> (file:///home/runner/work/ai-task-manager/ai-task-manager/scripts/tests/unit/meta/unit-lane-purity.test.mjs:45:10)
unit group 1/1	UNKNOWN STEP	2026-10-05T00:41:39.2896069Z       at Test.runInAsyncScope (node:async_hooks:227:14)
unit group 1/1	UNKNOWN STEP	2026-10-05T00:41:39.2896426Z       at Test.run (node:internal/test_runner/test:1402:25)
unit group 1/1	UNKNOWN STEP	2026-10-05T00:41:39.2896651Z       at Test.start (node:internal/test_runner/test:1262:17)
unit group 1/1	UNKNOWN STEP	2026-10-05T00:41:39.2896915Z       at startSubtestAfterBootstrap (node:internal/test_runner/harness:387:17) {
unit group 1/1	UNKNOWN STEP	2026-10-05T00:41:39.2897143Z     generatedMessage: false,
unit group 1/1	UNKNOWN STEP	2026-10-05T00:41:39.2897287Z     code: 'ERR_ASSERTION',
unit group 1/1	UNKNOWN STEP	2026-10-05T00:41:39.2897420Z     actual: [Array],
unit group 1/1	UNKNOWN STEP	2026-10-05T00:41:39.2897548Z     expected: [],
unit group 1/1	UNKNOWN STEP	2026-10-05T00:41:39.2897689Z     operator: 'deepStrictEqual',
unit group 1/1	UNKNOWN STEP	2026-10-05T00:41:39.2897831Z     diff: 'simple'
unit group 1/1	UNKNOWN STEP	2026-10-05T00:41:39.2897947Z   }
unit group 1/1	UNKNOWN STEP	2026-10-05T00:41:39.2898007Z 
unit group 1/1	UNKNOWN STEP	2026-10-05T00:41:39.2898193Z ── scripts/tests/unit/task-tracker/core/package-boundary.test.mjs ──
unit group 1/1	UNKNOWN STEP	2026-10-05T00:41:39.2898501Z ✔ package-boundary: no test files are packed (1068.942398ms)
unit group 1/1	UNKNOWN STEP	2026-10-05T00:41:39.2898805Z ✔ package-boundary: excluded directories do not reappear (0.29859ms)
unit group 1/1	UNKNOWN STEP	2026-10-05T00:41:39.2899128Z ✔ package-boundary: ships the exact docs/introduction/ set (0.284739ms)
unit group 1/1	UNKNOWN STEP	2026-10-05T00:41:39.2899578Z ✔ package-boundary: shipped README has no dead docs/introduction link (0.307493ms)
unit group 1/1	UNKNOWN STEP	2026-10-05T00:41:39.2899928Z ✖ package-boundary: total entry count stays under the ceiling (0.58363ms)
unit group 1/1	UNKNOWN STEP	2026-10-05T00:41:39.2900295Z ✔ package-boundary: development-only context calibration is not shipped (0.18597ms)
unit group 1/1	UNKNOWN STEP	2026-10-05T00:41:39.2900644Z ✔ package-boundary: runtime entry points are still shipped (0.105068ms)
unit group 1/1	UNKNOWN STEP	2026-10-05T00:41:39.2901012Z ✔ package-boundary: production parser and guidance release guard are declared (0.31811ms)
unit group 1/1	UNKNOWN STEP	2026-10-05T00:41:39.2901405Z ✔ package-boundary: tag and explicit release CI retain the B2 consumer gate (0.276878ms)
unit group 1/1	UNKNOWN STEP	2026-10-05T00:41:39.2901648Z ℹ tests 9
unit group 1/1	UNKNOWN STEP	2026-10-05T00:41:39.2901766Z ℹ suites 0
unit group 1/1	UNKNOWN STEP	2026-10-05T00:41:39.2901886Z ℹ pass 8
unit group 1/1	UNKNOWN STEP	2026-10-05T00:41:39.2901999Z ℹ fail 1
unit group 1/1	UNKNOWN STEP	2026-10-05T00:41:39.2902115Z ℹ cancelled 0
unit group 1/1	UNKNOWN STEP	2026-10-05T00:41:39.2902241Z ℹ skipped 0
unit group 1/1	UNKNOWN STEP	2026-10-05T00:41:39.2902355Z ℹ todo 0
unit group 1/1	UNKNOWN STEP	2026-10-05T00:41:39.2902489Z ℹ duration_ms 1075.860356
unit group 1/1	UNKNOWN STEP	2026-10-05T00:41:39.2902574Z 
unit group 1/1	UNKNOWN STEP	2026-10-05T00:41:39.2902636Z ✖ failing tests:
unit group 1/1	UNKNOWN STEP	2026-10-05T00:41:39.2902708Z 
unit group 1/1	UNKNOWN STEP	2026-10-05T00:41:39.2902878Z test at scripts/tests/unit/task-tracker/core/package-boundary.test.mjs:219:1
unit group 1/1	UNKNOWN STEP	2026-10-05T00:41:39.2903222Z ✖ package-boundary: total entry count stays under the ceiling (0.58363ms)
unit group 1/1	UNKNOWN STEP	2026-10-05T00:41:39.2903737Z   AssertionError [ERR_ASSERTION]: packed entry count 895 exceeds ceiling 893; the package surface grew — confirm intentional and raise the ceiling, or prune.
unit group 1/1	UNKNOWN STEP	2026-10-05T00:41:39.2904340Z       at TestContext.<anonymous> (file:///home/runner/work/ai-task-manager/ai-task-manager/scripts/tests/unit/task-tracker/core/package-boundary.test.mjs:391:10)
unit group 1/1	UNKNOWN STEP	2026-10-05T00:41:39.2904743Z       at Test.runInAsyncScope (node:async_hooks:227:14)
unit group 1/1	UNKNOWN STEP	2026-10-05T00:41:39.2904961Z       at Test.run (node:internal/test_runner/test:1402:25)
unit group 1/1	UNKNOWN STEP	2026-10-05T00:41:39.2905214Z       at Test.processPendingSubtests (node:internal/test_runner/test:974:18)
unit group 1/1	UNKNOWN STEP	2026-10-05T00:41:39.2905475Z       at Test.postRun (node:internal/test_runner/test:1542:19)
unit group 1/1	UNKNOWN STEP	2026-10-05T00:41:39.2905703Z       at Test.run (node:internal/test_runner/test:1467:12)
unit group 1/1	UNKNOWN STEP	2026-10-05T00:41:39.2905846Z       at async Test.processPendingSubtests (node:internal/test_runner/test:974:7) {
unit group 1/1	UNKNOWN STEP	2026-10-05T00:41:39.2905908Z     generatedMessage: false,
unit group 1/1	UNKNOWN STEP	2026-10-05T00:41:39.2905967Z     code: 'ERR_ASSERTION',
unit group 1/1	UNKNOWN STEP	2026-10-05T00:41:39.2906021Z     actual: false,
unit group 1/1	UNKNOWN STEP	2026-10-05T00:41:39.2906074Z     expected: true,
unit group 1/1	UNKNOWN STEP	2026-10-05T00:41:39.2906269Z     operator: '==',
unit group 1/1	UNKNOWN STEP	2026-10-05T00:41:39.2906331Z     diff: 'simple'
unit group 1/1	UNKNOWN STEP	2026-10-05T00:41:39.2906377Z   }
unit group 1/1	UNKNOWN STEP	2026-10-05T00:41:39.2906383Z 
unit group 1/1	UNKNOWN STEP	2026-10-05T00:41:39.2915742Z ##[error]Process completed with exit code 1.
unit group 1/1	UNKNOWN STEP	2026-10-05T00:41:39.2976402Z ##[group]Run actions/upload-artifact@v4
unit group 1/1	UNKNOWN STEP	2026-10-05T00:41:39.2976586Z with:
unit group 1/1	UNKNOWN STEP	2026-10-05T00:41:39.2976646Z   name: ci-unit-1-1
unit group 1/1	UNKNOWN STEP	2026-10-05T00:41:39.2976850Z   path: .tmp/aitm/test-timing.json
unit group 1/1	UNKNOWN STEP	.tmp/aitm/exit-code.txt
unit group 1/1	UNKNOWN STEP	.tmp/aitm/shard-plan.json
unit group 1/1	UNKNOWN STEP	.tmp/aitm/test-output.log
unit group 1/1	UNKNOWN STEP	
unit group 1/1	UNKNOWN STEP	2026-10-05T00:41:39.2976912Z   include-hidden-files: true
unit group 1/1	UNKNOWN STEP	2026-10-05T00:41:39.2976963Z   if-no-files-found: error
unit group 1/1	UNKNOWN STEP	2026-10-05T00:41:39.2977012Z   retention-days: 14
unit group 1/1	UNKNOWN STEP	2026-10-05T00:41:39.2977061Z   compression-level: 6
unit group 1/1	UNKNOWN STEP	2026-10-05T00:41:39.2977109Z   overwrite: false
unit group 1/1	UNKNOWN STEP	2026-10-05T00:41:39.2977155Z env:
unit group 1/1	UNKNOWN STEP	2026-10-05T00:41:39.2977241Z   AITM_SOURCE_HEAD: 112988f8e68b59ac3080e775ad97c5507f263eb8
unit group 1/1	UNKNOWN STEP	2026-10-05T00:41:39.2977300Z   GIT_AUTHOR_NAME: kendrick burson
unit group 1/1	UNKNOWN STEP	2026-10-05T00:41:39.2977356Z   GIT_AUTHOR_EMAIL: kpburson@pm.me
unit group 1/1	UNKNOWN STEP	2026-10-05T00:41:39.2977411Z   GIT_COMMITTER_NAME: kendrick burson
unit group 1/1	UNKNOWN STEP	2026-10-05T00:41:39.2977466Z   GIT_COMMITTER_EMAIL: kpburson@pm.me
unit group 1/1	UNKNOWN STEP	2026-10-05T00:41:39.2977514Z ##[endgroup]
unit group 1/1	UNKNOWN STEP	2026-10-05T00:41:39.3996477Z (node:18071) [DEP0040] DeprecationWarning: The `punycode` module is deprecated. Please use a userland alternative instead.
unit group 1/1	UNKNOWN STEP	2026-10-05T00:41:39.3996705Z (Use `node --trace-deprecation ...` to show where the warning was created)
unit group 1/1	UNKNOWN STEP	2026-10-05T00:41:39.4057882Z Multiple search paths detected. Calculating the least common ancestor of all paths
unit group 1/1	UNKNOWN STEP	2026-10-05T00:41:39.4059448Z The least common ancestor is /home/runner/work/ai-task-manager/ai-task-manager/.tmp/aitm. This will be the root directory of the artifact
unit group 1/1	UNKNOWN STEP	2026-10-05T00:41:39.4059683Z With the provided path, there will be 4 files uploaded
unit group 1/1	UNKNOWN STEP	2026-10-05T00:41:39.4060048Z Artifact name is valid!
unit group 1/1	UNKNOWN STEP	2026-10-05T00:41:39.4060264Z Root directory input is valid!
unit group 1/1	UNKNOWN STEP	2026-10-05T00:41:39.6570344Z Beginning upload of artifact content to blob storage
unit group 1/1	UNKNOWN STEP	2026-10-05T00:41:39.6771077Z (node:18071) [DEP0169] DeprecationWarning: `url.parse()` behavior is not standardized and prone to errors that have security implications. Use the WHATWG URL API instead. CVEs are not issued for `url.parse()` vulnerabilities.
unit group 1/1	UNKNOWN STEP	2026-10-05T00:41:39.9060364Z Uploaded bytes 58121
unit group 1/1	UNKNOWN STEP	2026-10-05T00:41:39.9476113Z Finished uploading artifact content to blob storage!
unit group 1/1	UNKNOWN STEP	2026-10-05T00:41:39.9476972Z SHA256 digest of uploaded artifact zip is e3e1352d8318e2b54f6986df9dea67d4345ae93130e3efcf06528f3c61521ce8
unit group 1/1	UNKNOWN STEP	2026-10-05T00:41:39.9477933Z Finalizing artifact upload
unit group 1/1	UNKNOWN STEP	2026-10-05T00:41:40.1853230Z Artifact ci-unit-1-1.zip successfully finalized. Artifact ID 11319589401
unit group 1/1	UNKNOWN STEP	2026-10-05T00:41:40.1853928Z Artifact ci-unit-1-1 has been successfully uploaded! Final size is 58121 bytes. Artifact ID is 11319589401
unit group 1/1	UNKNOWN STEP	2026-10-05T00:41:40.1858092Z Artifact download URL: https://github.com/kburson/ai-task-manager/actions/runs/37248367674/artifacts/11319589401
unit group 1/1	UNKNOWN STEP	2026-10-05T00:41:40.2203983Z Post job cleanup.
unit group 1/1	UNKNOWN STEP	2026-10-05T00:41:40.2797389Z [command]/usr/bin/git version
unit group 1/1	UNKNOWN STEP	2026-10-05T00:41:40.2828581Z git version 2.55.0
unit group 1/1	UNKNOWN STEP	2026-10-05T00:41:40.2850906Z Temporarily overriding HOME='/home/runner/work/_temp/8ba2aaac-87d1-4160-8bdc-24d74b79b660' before making global git config changes
unit group 1/1	UNKNOWN STEP	2026-10-05T00:41:40.2851730Z Adding repository directory to the temporary git global config as a safe directory
unit group 1/1	UNKNOWN STEP	2026-10-05T00:41:40.2854262Z [command]/usr/bin/git config --global --add safe.directory /home/runner/work/ai-task-manager/ai-task-manager
unit group 1/1	UNKNOWN STEP	2026-10-05T00:41:40.2883134Z [command]/usr/bin/git config --local --name-only --get-regexp core\.sshCommand
unit group 1/1	UNKNOWN STEP	2026-10-05T00:41:40.2908563Z [command]/usr/bin/git submodule foreach --recursive sh -c "git config --local --name-only --get-regexp 'core\.sshCommand' && git config --local --unset-all 'core.sshCommand' || :"
unit group 1/1	UNKNOWN STEP	2026-10-05T00:41:40.3104400Z [command]/usr/bin/git config --local --name-only --get-regexp http\.https\:\/\/github\.com\/\.extraheader
unit group 1/1	UNKNOWN STEP	2026-10-05T00:41:40.3126797Z http.https://github.com/.extraheader
unit group 1/1	UNKNOWN STEP	2026-10-05T00:41:40.3144415Z [command]/usr/bin/git config --local --unset-all http.https://github.com/.extraheader
unit group 1/1	UNKNOWN STEP	2026-10-05T00:41:40.3177063Z [command]/usr/bin/git submodule foreach --recursive sh -c "git config --local --name-only --get-regexp 'http\.https\:\/\/github\.com\/\.extraheader' && git config --local --unset-all 'http.https://github.com/.extraheader' || :"
unit group 1/1	UNKNOWN STEP	2026-10-05T00:41:40.3373184Z [command]/usr/bin/git config --local --name-only --get-regexp ^includeIf\.gitdir:
unit group 1/1	UNKNOWN STEP	2026-10-05T00:41:40.3402864Z [command]/usr/bin/git submodule foreach --recursive git config --local --show-origin --name-only --get-regexp remote.origin.url
unit group 1/1	UNKNOWN STEP	2026-10-05T00:41:40.3687996Z Evaluate and set job outputs
unit group 1/1	UNKNOWN STEP	2026-10-05T00:41:40.3693240Z Set output 'skip_tests'
unit group 1/1	UNKNOWN STEP	2026-10-05T00:41:40.3694162Z Cleaning up orphan processes
unit group 1/1	UNKNOWN STEP	2026-10-05T00:41:40.3906570Z ##[warning]Node.js 20 is deprecated. The following actions target Node.js 20 but are being forced to run on Node.js 24: actions/upload-artifact@v4. For more information see: https://github.blog/changelog/2025-09-19-deprecation-of-node-20-on-github-actions-runners/
npm 11.8.0 / Node 24 pack compatibility	UNKNOWN STEP	﻿2026-10-05T00:39:39.8484721Z Current runner version: '2.337.0'
npm 11.8.0 / Node 24 pack compatibility	UNKNOWN STEP	2026-10-05T00:39:39.8526906Z ##[group]Runner Image Provisioner
npm 11.8.0 / Node 24 pack compatibility	UNKNOWN STEP	2026-10-05T00:39:39.8528352Z Hosted Compute Agent
npm 11.8.0 / Node 24 pack compatibility	UNKNOWN STEP	2026-10-05T00:39:39.8529603Z Version: 20260901.588
npm 11.8.0 / Node 24 pack compatibility	UNKNOWN STEP	2026-10-05T00:39:39.8530687Z Commit: f88ec8081b781fac6c440065ac7ff9e710ce3d0b
npm 11.8.0 / Node 24 pack compatibility	UNKNOWN STEP	2026-10-05T00:39:39.8532115Z Build Date: 2026-09-01T19:56:44Z
npm 11.8.0 / Node 24 pack compatibility	UNKNOWN STEP	2026-10-05T00:39:39.8533545Z Worker ID: {5c0c0f6e-b213-402f-afb5-bc210851d8ec}
npm 11.8.0 / Node 24 pack compatibility	UNKNOWN STEP	2026-10-05T00:39:39.8534853Z Azure Region: westus
npm 11.8.0 / Node 24 pack compatibility	UNKNOWN STEP	2026-10-05T00:39:39.8536065Z ##[endgroup]
npm 11.8.0 / Node 24 pack compatibility	UNKNOWN STEP	2026-10-05T00:39:39.8539018Z ##[group]Operating System
npm 11.8.0 / Node 24 pack compatibility	UNKNOWN STEP	2026-10-05T00:39:39.8540258Z Ubuntu
npm 11.8.0 / Node 24 pack compatibility	UNKNOWN STEP	2026-10-05T00:39:39.8541178Z 24.04.5
npm 11.8.0 / Node 24 pack compatibility	UNKNOWN STEP	2026-10-05T00:39:39.8542099Z LTS
npm 11.8.0 / Node 24 pack compatibility	UNKNOWN STEP	2026-10-05T00:39:39.8543120Z ##[endgroup]
npm 11.8.0 / Node 24 pack compatibility	UNKNOWN STEP	2026-10-05T00:39:39.8544033Z ##[group]Runner Image
npm 11.8.0 / Node 24 pack compatibility	UNKNOWN STEP	2026-10-05T00:39:39.8544998Z Image: ubuntu-24.04
npm 11.8.0 / Node 24 pack compatibility	UNKNOWN STEP	2026-10-05T00:39:39.8546120Z Version: 20260927.320.1
npm 11.8.0 / Node 24 pack compatibility	UNKNOWN STEP	2026-10-05T00:39:39.8548555Z Included Software: https://github.com/actions/runner-images/blob/ubuntu24/20260927.320/images/ubuntu/Ubuntu2404-Readme.md
npm 11.8.0 / Node 24 pack compatibility	UNKNOWN STEP	2026-10-05T00:39:39.8551457Z Image Release: https://github.com/actions/runner-images/releases/tag/ubuntu24%2F20260927.320
npm 11.8.0 / Node 24 pack compatibility	UNKNOWN STEP	2026-10-05T00:39:39.8553081Z ##[endgroup]
npm 11.8.0 / Node 24 pack compatibility	UNKNOWN STEP	2026-10-05T00:39:39.8555010Z ##[group]GITHUB_TOKEN Permissions
npm 11.8.0 / Node 24 pack compatibility	UNKNOWN STEP	2026-10-05T00:39:39.8558324Z Contents: read
npm 11.8.0 / Node 24 pack compatibility	UNKNOWN STEP	2026-10-05T00:39:39.8559386Z Metadata: read
npm 11.8.0 / Node 24 pack compatibility	UNKNOWN STEP	2026-10-05T00:39:39.8560378Z ##[endgroup]
npm 11.8.0 / Node 24 pack compatibility	UNKNOWN STEP	2026-10-05T00:39:39.8563720Z Secret source: Actions
npm 11.8.0 / Node 24 pack compatibility	UNKNOWN STEP	2026-10-05T00:39:39.8565312Z Cache mode: write
npm 11.8.0 / Node 24 pack compatibility	UNKNOWN STEP	2026-10-05T00:39:39.8566977Z Prepare workflow directory
npm 11.8.0 / Node 24 pack compatibility	UNKNOWN STEP	2026-10-05T00:39:39.9423260Z Prepare all required actions
npm 11.8.0 / Node 24 pack compatibility	UNKNOWN STEP	2026-10-05T00:39:39.9507871Z Getting action download info
npm 11.8.0 / Node 24 pack compatibility	UNKNOWN STEP	2026-10-05T00:39:40.3078953Z Download action repository 'actions/checkout@v5' (SHA:fbc6f3992d24b796d5a048ff273f7fcc4a7b6c09)
npm 11.8.0 / Node 24 pack compatibility	UNKNOWN STEP	2026-10-05T00:39:40.4037004Z Download action repository 'actions/setup-node@v5' (SHA:a0853c24544627f65ddf259abe73b1d18a591444)
npm 11.8.0 / Node 24 pack compatibility	UNKNOWN STEP	2026-10-05T00:39:40.6013617Z Complete job name: npm 11.8.0 / Node 24 pack compatibility
npm 11.8.0 / Node 24 pack compatibility	UNKNOWN STEP	2026-10-05T00:39:40.6766911Z ##[group]Run actions/checkout@v5
npm 11.8.0 / Node 24 pack compatibility	UNKNOWN STEP	2026-10-05T00:39:40.6767937Z with:
npm 11.8.0 / Node 24 pack compatibility	UNKNOWN STEP	2026-10-05T00:39:40.6768414Z   repository: kburson/ai-task-manager
npm 11.8.0 / Node 24 pack compatibility	UNKNOWN STEP	2026-10-05T00:39:40.6772395Z   token: ***
npm 11.8.0 / Node 24 pack compatibility	UNKNOWN STEP	2026-10-05T00:39:40.6772835Z   ssh-strict: true
npm 11.8.0 / Node 24 pack compatibility	UNKNOWN STEP	2026-10-05T00:39:40.6773262Z   ssh-user: git
npm 11.8.0 / Node 24 pack compatibility	UNKNOWN STEP	2026-10-05T00:39:40.6773692Z   persist-credentials: true
npm 11.8.0 / Node 24 pack compatibility	UNKNOWN STEP	2026-10-05T00:39:40.6774179Z   clean: true
npm 11.8.0 / Node 24 pack compatibility	UNKNOWN STEP	2026-10-05T00:39:40.6774628Z   sparse-checkout-cone-mode: true
npm 11.8.0 / Node 24 pack compatibility	UNKNOWN STEP	2026-10-05T00:39:40.6775150Z   fetch-depth: 1
npm 11.8.0 / Node 24 pack compatibility	UNKNOWN STEP	2026-10-05T00:39:40.6775578Z   fetch-tags: false
npm 11.8.0 / Node 24 pack compatibility	UNKNOWN STEP	2026-10-05T00:39:40.6776019Z   show-progress: true
npm 11.8.0 / Node 24 pack compatibility	UNKNOWN STEP	2026-10-05T00:39:40.6777253Z   lfs: false
npm 11.8.0 / Node 24 pack compatibility	UNKNOWN STEP	2026-10-05T00:39:40.6777701Z   submodules: false
npm 11.8.0 / Node 24 pack compatibility	UNKNOWN STEP	2026-10-05T00:39:40.6778160Z   set-safe-directory: true
npm 11.8.0 / Node 24 pack compatibility	UNKNOWN STEP	2026-10-05T00:39:40.6778675Z   allow-unsafe-pr-checkout: false
npm 11.8.0 / Node 24 pack compatibility	UNKNOWN STEP	2026-10-05T00:39:40.6779496Z env:
npm 11.8.0 / Node 24 pack compatibility	UNKNOWN STEP	2026-10-05T00:39:40.6780021Z   AITM_SOURCE_HEAD: 112988f8e68b59ac3080e775ad97c5507f263eb8
npm 11.8.0 / Node 24 pack compatibility	UNKNOWN STEP	2026-10-05T00:39:40.6780680Z   GIT_AUTHOR_NAME: kendrick burson
npm 11.8.0 / Node 24 pack compatibility	UNKNOWN STEP	2026-10-05T00:39:40.6781295Z   GIT_AUTHOR_EMAIL: kpburson@pm.me
npm 11.8.0 / Node 24 pack compatibility	UNKNOWN STEP	2026-10-05T00:39:40.6781849Z   GIT_COMMITTER_NAME: kendrick burson
npm 11.8.0 / Node 24 pack compatibility	UNKNOWN STEP	2026-10-05T00:39:40.6782403Z   GIT_COMMITTER_EMAIL: kpburson@pm.me
npm 11.8.0 / Node 24 pack compatibility	UNKNOWN STEP	2026-10-05T00:39:40.6782933Z ##[endgroup]
npm 11.8.0 / Node 24 pack compatibility	UNKNOWN STEP	2026-10-05T00:39:40.7859066Z Syncing repository: kburson/ai-task-manager
npm 11.8.0 / Node 24 pack compatibility	UNKNOWN STEP	2026-10-05T00:39:40.7862211Z ##[group]Getting Git version info
npm 11.8.0 / Node 24 pack compatibility	UNKNOWN STEP	2026-10-05T00:39:40.7863612Z Working directory is '/home/runner/work/ai-task-manager/ai-task-manager'
npm 11.8.0 / Node 24 pack compatibility	UNKNOWN STEP	2026-10-05T00:39:40.7865189Z [command]/usr/bin/git version
npm 11.8.0 / Node 24 pack compatibility	UNKNOWN STEP	2026-10-05T00:39:40.7995165Z git version 2.55.0
npm 11.8.0 / Node 24 pack compatibility	UNKNOWN STEP	2026-10-05T00:39:40.8030107Z ##[endgroup]
npm 11.8.0 / Node 24 pack compatibility	UNKNOWN STEP	2026-10-05T00:39:40.8052078Z Temporarily overriding HOME='/home/runner/work/_temp/29863823-318b-4e28-afc6-31e6f7271842' before making global git config changes
npm 11.8.0 / Node 24 pack compatibility	UNKNOWN STEP	2026-10-05T00:39:40.8054628Z Adding repository directory to the temporary git global config as a safe directory
npm 11.8.0 / Node 24 pack compatibility	UNKNOWN STEP	2026-10-05T00:39:40.8063038Z [command]/usr/bin/git config --global --add safe.directory /home/runner/work/ai-task-manager/ai-task-manager
npm 11.8.0 / Node 24 pack compatibility	UNKNOWN STEP	2026-10-05T00:39:40.8132336Z Deleting the contents of '/home/runner/work/ai-task-manager/ai-task-manager'
npm 11.8.0 / Node 24 pack compatibility	UNKNOWN STEP	2026-10-05T00:39:40.8136876Z ##[group]Initializing the repository
npm 11.8.0 / Node 24 pack compatibility	UNKNOWN STEP	2026-10-05T00:39:40.8142887Z [command]/usr/bin/git init /home/runner/work/ai-task-manager/ai-task-manager
npm 11.8.0 / Node 24 pack compatibility	UNKNOWN STEP	2026-10-05T00:39:40.8258550Z hint: Using 'master' as the name for the initial branch. This default branch name
npm 11.8.0 / Node 24 pack compatibility	UNKNOWN STEP	2026-10-05T00:39:40.8265114Z hint: will change to "main" in Git 3.0. To configure the initial branch name
npm 11.8.0 / Node 24 pack compatibility	UNKNOWN STEP	2026-10-05T00:39:40.8280129Z hint: to use in all of your new repositories, which will suppress this warning,
npm 11.8.0 / Node 24 pack compatibility	UNKNOWN STEP	2026-10-05T00:39:40.8281506Z hint: call:
npm 11.8.0 / Node 24 pack compatibility	UNKNOWN STEP	2026-10-05T00:39:40.8282115Z hint:
npm 11.8.0 / Node 24 pack compatibility	UNKNOWN STEP	2026-10-05T00:39:40.8282690Z hint: 	git config --global init.defaultBranch <name>
npm 11.8.0 / Node 24 pack compatibility	UNKNOWN STEP	2026-10-05T00:39:40.8283360Z hint:
npm 11.8.0 / Node 24 pack compatibility	UNKNOWN STEP	2026-10-05T00:39:40.8283953Z hint: Names commonly chosen instead of 'master' are 'main', 'trunk' and
npm 11.8.0 / Node 24 pack compatibility	UNKNOWN STEP	2026-10-05T00:39:40.8284874Z hint: 'development'. The just-created branch can be renamed via this command:
npm 11.8.0 / Node 24 pack compatibility	UNKNOWN STEP	2026-10-05T00:39:40.8285661Z hint:
npm 11.8.0 / Node 24 pack compatibility	UNKNOWN STEP	2026-10-05T00:39:40.8286077Z hint: 	git branch -m <name>
npm 11.8.0 / Node 24 pack compatibility	UNKNOWN STEP	2026-10-05T00:39:40.8287002Z hint:
npm 11.8.0 / Node 24 pack compatibility	UNKNOWN STEP	2026-10-05T00:39:40.8287936Z hint: Disable this message with "git config set advice.defaultBranchName false"
npm 11.8.0 / Node 24 pack compatibility	UNKNOWN STEP	2026-10-05T00:39:40.8289000Z Initialized empty Git repository in /home/runner/work/ai-task-manager/ai-task-manager/.git/
npm 11.8.0 / Node 24 pack compatibility	UNKNOWN STEP	2026-10-05T00:39:40.8290833Z [command]/usr/bin/git remote add origin https://github.com/kburson/ai-task-manager
npm 11.8.0 / Node 24 pack compatibility	UNKNOWN STEP	2026-10-05T00:39:40.8350846Z ##[endgroup]
npm 11.8.0 / Node 24 pack compatibility	UNKNOWN STEP	2026-10-05T00:39:40.8352906Z ##[group]Disabling automatic garbage collection
npm 11.8.0 / Node 24 pack compatibility	UNKNOWN STEP	2026-10-05T00:39:40.8357221Z [command]/usr/bin/git config --local gc.auto 0
npm 11.8.0 / Node 24 pack compatibility	UNKNOWN STEP	2026-10-05T00:39:40.8397843Z ##[endgroup]
npm 11.8.0 / Node 24 pack compatibility	UNKNOWN STEP	2026-10-05T00:39:40.8399270Z ##[group]Setting up auth
npm 11.8.0 / Node 24 pack compatibility	UNKNOWN STEP	2026-10-05T00:39:40.8406694Z [command]/usr/bin/git config --local --name-only --get-regexp core\.sshCommand
npm 11.8.0 / Node 24 pack compatibility	UNKNOWN STEP	2026-10-05T00:39:40.8455887Z [command]/usr/bin/git submodule foreach --recursive sh -c "git config --local --name-only --get-regexp 'core\.sshCommand' && git config --local --unset-all 'core.sshCommand' || :"
npm 11.8.0 / Node 24 pack compatibility	UNKNOWN STEP	2026-10-05T00:39:40.8874291Z [command]/usr/bin/git config --local --name-only --get-regexp http\.https\:\/\/github\.com\/\.extraheader
npm 11.8.0 / Node 24 pack compatibility	UNKNOWN STEP	2026-10-05T00:39:40.8919696Z [command]/usr/bin/git submodule foreach --recursive sh -c "git config --local --name-only --get-regexp 'http\.https\:\/\/github\.com\/\.extraheader' && git config --local --unset-all 'http.https://github.com/.extraheader' || :"
npm 11.8.0 / Node 24 pack compatibility	UNKNOWN STEP	2026-10-05T00:39:40.9195253Z [command]/usr/bin/git config --local --name-only --get-regexp ^includeIf\.gitdir:
npm 11.8.0 / Node 24 pack compatibility	UNKNOWN STEP	2026-10-05T00:39:40.9242225Z [command]/usr/bin/git submodule foreach --recursive git config --local --show-origin --name-only --get-regexp remote.origin.url
npm 11.8.0 / Node 24 pack compatibility	UNKNOWN STEP	2026-10-05T00:39:40.9526266Z [command]/usr/bin/git config --local http.https://github.com/.extraheader AUTHORIZATION: basic ***
npm 11.8.0 / Node 24 pack compatibility	UNKNOWN STEP	2026-10-05T00:39:40.9572472Z ##[endgroup]
npm 11.8.0 / Node 24 pack compatibility	UNKNOWN STEP	2026-10-05T00:39:40.9573650Z ##[group]Fetching the repository
npm 11.8.0 / Node 24 pack compatibility	UNKNOWN STEP	2026-10-05T00:39:40.9583388Z [command]/usr/bin/git -c protocol.version=2 fetch --no-tags --prune --no-recurse-submodules --depth=1 origin +f1770de1711c11a99d59fac064b43cc7ab17cc6c:refs/remotes/pull/1886/merge
npm 11.8.0 / Node 24 pack compatibility	UNKNOWN STEP	2026-10-05T00:39:42.5958875Z From https://github.com/kburson/ai-task-manager
npm 11.8.0 / Node 24 pack compatibility	UNKNOWN STEP	2026-10-05T00:39:42.5962757Z  * [new ref]         f1770de1711c11a99d59fac064b43cc7ab17cc6c -> pull/1886/merge
npm 11.8.0 / Node 24 pack compatibility	UNKNOWN STEP	2026-10-05T00:39:42.5969911Z ##[endgroup]
npm 11.8.0 / Node 24 pack compatibility	UNKNOWN STEP	2026-10-05T00:39:42.5972740Z ##[group]Determining the checkout info
npm 11.8.0 / Node 24 pack compatibility	UNKNOWN STEP	2026-10-05T00:39:42.5975405Z ##[endgroup]
npm 11.8.0 / Node 24 pack compatibility	UNKNOWN STEP	2026-10-05T00:39:42.5977675Z [command]/usr/bin/git sparse-checkout disable
npm 11.8.0 / Node 24 pack compatibility	UNKNOWN STEP	2026-10-05T00:39:42.6030544Z [command]/usr/bin/git config --local --unset-all extensions.worktreeConfig
npm 11.8.0 / Node 24 pack compatibility	UNKNOWN STEP	2026-10-05T00:39:42.6078215Z ##[group]Checking out the ref
npm 11.8.0 / Node 24 pack compatibility	UNKNOWN STEP	2026-10-05T00:39:42.6083158Z [command]/usr/bin/git checkout --progress --force refs/remotes/pull/1886/merge
npm 11.8.0 / Node 24 pack compatibility	UNKNOWN STEP	2026-10-05T00:39:42.9169485Z Note: switching to 'refs/remotes/pull/1886/merge'.
npm 11.8.0 / Node 24 pack compatibility	UNKNOWN STEP	2026-10-05T00:39:42.9169961Z 
npm 11.8.0 / Node 24 pack compatibility	UNKNOWN STEP	2026-10-05T00:39:42.9170252Z You are in 'detached HEAD' state. You can look around, make experimental
npm 11.8.0 / Node 24 pack compatibility	UNKNOWN STEP	2026-10-05T00:39:42.9170931Z changes and commit them, and you can discard any commits you make in this
npm 11.8.0 / Node 24 pack compatibility	UNKNOWN STEP	2026-10-05T00:39:42.9171876Z state without impacting any branches by switching back to a branch.
npm 11.8.0 / Node 24 pack compatibility	UNKNOWN STEP	2026-10-05T00:39:42.9172210Z 
npm 11.8.0 / Node 24 pack compatibility	UNKNOWN STEP	2026-10-05T00:39:42.9172467Z If you want to create a new branch to retain commits you create, you may
npm 11.8.0 / Node 24 pack compatibility	UNKNOWN STEP	2026-10-05T00:39:42.9172999Z do so (now or later) by using -c with the switch command. Example:
npm 11.8.0 / Node 24 pack compatibility	UNKNOWN STEP	2026-10-05T00:39:42.9173304Z 
npm 11.8.0 / Node 24 pack compatibility	UNKNOWN STEP	2026-10-05T00:39:42.9173445Z   git switch -c <new-branch-name>
npm 11.8.0 / Node 24 pack compatibility	UNKNOWN STEP	2026-10-05T00:39:42.9173654Z 
npm 11.8.0 / Node 24 pack compatibility	UNKNOWN STEP	2026-10-05T00:39:42.9173829Z Or undo this operation with:
npm 11.8.0 / Node 24 pack compatibility	UNKNOWN STEP	2026-10-05T00:39:42.9174116Z 
npm 11.8.0 / Node 24 pack compatibility	UNKNOWN STEP	2026-10-05T00:39:42.9174236Z   git switch -
npm 11.8.0 / Node 24 pack compatibility	UNKNOWN STEP	2026-10-05T00:39:42.9174414Z 
npm 11.8.0 / Node 24 pack compatibility	UNKNOWN STEP	2026-10-05T00:39:42.9174679Z Turn off this advice by setting config variable advice.detachedHead to false
npm 11.8.0 / Node 24 pack compatibility	UNKNOWN STEP	2026-10-05T00:39:42.9175031Z 
npm 11.8.0 / Node 24 pack compatibility	UNKNOWN STEP	2026-10-05T00:39:42.9175416Z HEAD is now at f1770de Merge 112988f8e68b59ac3080e775ad97c5507f263eb8 into 24f8b2ab322a59a4caed027f93170ea699e5478f
npm 11.8.0 / Node 24 pack compatibility	UNKNOWN STEP	2026-10-05T00:39:42.9301164Z ##[endgroup]
npm 11.8.0 / Node 24 pack compatibility	UNKNOWN STEP	2026-10-05T00:39:42.9354374Z [command]/usr/bin/git log -1 --format=%H
npm 11.8.0 / Node 24 pack compatibility	UNKNOWN STEP	2026-10-05T00:39:42.9385454Z f1770de1711c11a99d59fac064b43cc7ab17cc6c
npm 11.8.0 / Node 24 pack compatibility	UNKNOWN STEP	2026-10-05T00:39:42.9753668Z ##[group]Run actions/setup-node@v5
npm 11.8.0 / Node 24 pack compatibility	UNKNOWN STEP	2026-10-05T00:39:42.9754329Z with:
npm 11.8.0 / Node 24 pack compatibility	UNKNOWN STEP	2026-10-05T00:39:42.9754795Z   node-version: 24
npm 11.8.0 / Node 24 pack compatibility	UNKNOWN STEP	2026-10-05T00:39:42.9755247Z   cache: npm
npm 11.8.0 / Node 24 pack compatibility	UNKNOWN STEP	2026-10-05T00:39:42.9755691Z   always-auth: false
npm 11.8.0 / Node 24 pack compatibility	UNKNOWN STEP	2026-10-05T00:39:42.9756187Z   check-latest: false
npm 11.8.0 / Node 24 pack compatibility	UNKNOWN STEP	2026-10-05T00:39:42.9761870Z   token: ***
npm 11.8.0 / Node 24 pack compatibility	UNKNOWN STEP	2026-10-05T00:39:42.9762393Z   package-manager-cache: true
npm 11.8.0 / Node 24 pack compatibility	UNKNOWN STEP	2026-10-05T00:39:42.9762961Z env:
npm 11.8.0 / Node 24 pack compatibility	UNKNOWN STEP	2026-10-05T00:39:42.9763496Z   AITM_SOURCE_HEAD: 112988f8e68b59ac3080e775ad97c5507f263eb8
npm 11.8.0 / Node 24 pack compatibility	UNKNOWN STEP	2026-10-05T00:39:42.9764157Z   GIT_AUTHOR_NAME: kendrick burson
npm 11.8.0 / Node 24 pack compatibility	UNKNOWN STEP	2026-10-05T00:39:42.9764578Z   GIT_AUTHOR_EMAIL: kpburson@pm.me
npm 11.8.0 / Node 24 pack compatibility	UNKNOWN STEP	2026-10-05T00:39:42.9764919Z   GIT_COMMITTER_NAME: kendrick burson
npm 11.8.0 / Node 24 pack compatibility	UNKNOWN STEP	2026-10-05T00:39:42.9765249Z   GIT_COMMITTER_EMAIL: kpburson@pm.me
npm 11.8.0 / Node 24 pack compatibility	UNKNOWN STEP	2026-10-05T00:39:42.9765555Z ##[endgroup]
npm 11.8.0 / Node 24 pack compatibility	UNKNOWN STEP	2026-10-05T00:39:43.1335843Z Found in cache @ /opt/hostedtoolcache/node/24.21.0/x64
npm 11.8.0 / Node 24 pack compatibility	UNKNOWN STEP	2026-10-05T00:39:43.1344950Z (node:2301) [DEP0040] DeprecationWarning: The `punycode` module is deprecated. Please use a userland alternative instead.
npm 11.8.0 / Node 24 pack compatibility	UNKNOWN STEP	2026-10-05T00:39:43.1345843Z (Use `node --trace-deprecation ...` to show where the warning was created)
npm 11.8.0 / Node 24 pack compatibility	UNKNOWN STEP	2026-10-05T00:39:43.1349471Z ##[group]Environment details
npm 11.8.0 / Node 24 pack compatibility	UNKNOWN STEP	2026-10-05T00:39:43.5505844Z node: v24.21.0
npm 11.8.0 / Node 24 pack compatibility	UNKNOWN STEP	2026-10-05T00:39:43.5506835Z npm: 11.19.0
npm 11.8.0 / Node 24 pack compatibility	UNKNOWN STEP	2026-10-05T00:39:43.5507337Z yarn: 1.22.22
npm 11.8.0 / Node 24 pack compatibility	UNKNOWN STEP	2026-10-05T00:39:43.5508808Z ##[endgroup]
npm 11.8.0 / Node 24 pack compatibility	UNKNOWN STEP	2026-10-05T00:39:43.5534433Z [command]/opt/hostedtoolcache/node/24.21.0/x64/bin/npm config get cache
npm 11.8.0 / Node 24 pack compatibility	UNKNOWN STEP	2026-10-05T00:39:43.6708071Z /home/runner/.npm
npm 11.8.0 / Node 24 pack compatibility	UNKNOWN STEP	2026-10-05T00:39:43.9353655Z Cache hit for: node-cache-Linux-x64-npm-cc486ca1b1418d5126392d04f46db0de0a3accc61a7c1efe42448bcc19b5f0c0
npm 11.8.0 / Node 24 pack compatibility	UNKNOWN STEP	2026-10-05T00:39:43.9460377Z (node:2301) [DEP0169] DeprecationWarning: `url.parse()` behavior is not standardized and prone to errors that have security implications. Use the WHATWG URL API instead. CVEs are not issued for `url.parse()` vulnerabilities.
npm 11.8.0 / Node 24 pack compatibility	UNKNOWN STEP	2026-10-05T00:39:45.2145280Z Received 4407151 of 33767279 (13.1%), 4.2 MBs/sec
npm 11.8.0 / Node 24 pack compatibility	UNKNOWN STEP	2026-10-05T00:39:45.4801009Z Received 33767279 of 33767279 (100.0%), 25.4 MBs/sec
npm 11.8.0 / Node 24 pack compatibility	UNKNOWN STEP	2026-10-05T00:39:45.4801820Z Cache Size: ~32 MB (33767279 B)
npm 11.8.0 / Node 24 pack compatibility	UNKNOWN STEP	2026-10-05T00:39:45.4921652Z [command]/usr/bin/tar -xf /home/runner/work/_temp/737d8d84-6b26-4970-bd5d-ac7848c8be82/cache.tzst -P -C /home/runner/work/ai-task-manager/ai-task-manager --use-compress-program unzstd
npm 11.8.0 / Node 24 pack compatibility	UNKNOWN STEP	2026-10-05T00:39:45.6319525Z Cache restored successfully
npm 11.8.0 / Node 24 pack compatibility	UNKNOWN STEP	2026-10-05T00:39:45.6339367Z Cache restored from key: node-cache-Linux-x64-npm-cc486ca1b1418d5126392d04f46db0de0a3accc61a7c1efe42448bcc19b5f0c0
npm 11.8.0 / Node 24 pack compatibility	UNKNOWN STEP	2026-10-05T00:39:45.6530305Z ##[group]Run npm install --global "npm@11.8.0"
npm 11.8.0 / Node 24 pack compatibility	UNKNOWN STEP	2026-10-05T00:39:45.6530811Z ^[[36;1mnpm install --global "npm@11.8.0"^[[0m
npm 11.8.0 / Node 24 pack compatibility	UNKNOWN STEP	2026-10-05T00:39:45.6846253Z shell: /usr/bin/bash -e {0}
npm 11.8.0 / Node 24 pack compatibility	UNKNOWN STEP	2026-10-05T00:39:45.6846915Z env:
npm 11.8.0 / Node 24 pack compatibility	UNKNOWN STEP	2026-10-05T00:39:45.6847283Z   AITM_SOURCE_HEAD: 112988f8e68b59ac3080e775ad97c5507f263eb8
npm 11.8.0 / Node 24 pack compatibility	UNKNOWN STEP	2026-10-05T00:39:45.6847738Z   GIT_AUTHOR_NAME: kendrick burson
npm 11.8.0 / Node 24 pack compatibility	UNKNOWN STEP	2026-10-05T00:39:45.6848094Z   GIT_AUTHOR_EMAIL: kpburson@pm.me
npm 11.8.0 / Node 24 pack compatibility	UNKNOWN STEP	2026-10-05T00:39:45.6848794Z   GIT_COMMITTER_NAME: kendrick burson
npm 11.8.0 / Node 24 pack compatibility	UNKNOWN STEP	2026-10-05T00:39:45.6849161Z   GIT_COMMITTER_EMAIL: kpburson@pm.me
npm 11.8.0 / Node 24 pack compatibility	UNKNOWN STEP	2026-10-05T00:39:45.6849498Z ##[endgroup]
npm 11.8.0 / Node 24 pack compatibility	UNKNOWN STEP	2026-10-05T00:39:47.8818329Z 
npm 11.8.0 / Node 24 pack compatibility	UNKNOWN STEP	2026-10-05T00:39:47.8827219Z removed 5 packages, and changed 58 packages in 2s
npm 11.8.0 / Node 24 pack compatibility	UNKNOWN STEP	2026-10-05T00:39:47.8827619Z 
npm 11.8.0 / Node 24 pack compatibility	UNKNOWN STEP	2026-10-05T00:39:47.8827895Z 15 packages are looking for funding
npm 11.8.0 / Node 24 pack compatibility	UNKNOWN STEP	2026-10-05T00:39:47.8828286Z   run `npm fund` for details
npm 11.8.0 / Node 24 pack compatibility	UNKNOWN STEP	2026-10-05T00:39:47.9332583Z ##[group]Run test "$(npm --version)" = "11.8.0"
npm 11.8.0 / Node 24 pack compatibility	UNKNOWN STEP	2026-10-05T00:39:47.9333023Z ^[[36;1mtest "$(npm --version)" = "11.8.0"^[[0m
npm 11.8.0 / Node 24 pack compatibility	UNKNOWN STEP	2026-10-05T00:39:47.9401603Z shell: /usr/bin/bash -e {0}
npm 11.8.0 / Node 24 pack compatibility	UNKNOWN STEP	2026-10-05T00:39:47.9401912Z env:
npm 11.8.0 / Node 24 pack compatibility	UNKNOWN STEP	2026-10-05T00:39:47.9402208Z   AITM_SOURCE_HEAD: 112988f8e68b59ac3080e775ad97c5507f263eb8
npm 11.8.0 / Node 24 pack compatibility	UNKNOWN STEP	2026-10-05T00:39:47.9402600Z   GIT_AUTHOR_NAME: kendrick burson
npm 11.8.0 / Node 24 pack compatibility	UNKNOWN STEP	2026-10-05T00:39:47.9402905Z   GIT_AUTHOR_EMAIL: kpburson@pm.me
npm 11.8.0 / Node 24 pack compatibility	UNKNOWN STEP	2026-10-05T00:39:47.9403203Z   GIT_COMMITTER_NAME: kendrick burson
npm 11.8.0 / Node 24 pack compatibility	UNKNOWN STEP	2026-10-05T00:39:47.9403520Z   GIT_COMMITTER_EMAIL: kpburson@pm.me
npm 11.8.0 / Node 24 pack compatibility	UNKNOWN STEP	2026-10-05T00:39:47.9403885Z ##[endgroup]
npm 11.8.0 / Node 24 pack compatibility	UNKNOWN STEP	2026-10-05T00:39:48.0475390Z ##[group]Run npm ci
npm 11.8.0 / Node 24 pack compatibility	UNKNOWN STEP	2026-10-05T00:39:48.0475704Z ^[[36;1mnpm ci^[[0m
npm 11.8.0 / Node 24 pack compatibility	UNKNOWN STEP	2026-10-05T00:39:48.0543109Z shell: /usr/bin/bash -e {0}
npm 11.8.0 / Node 24 pack compatibility	UNKNOWN STEP	2026-10-05T00:39:48.0543418Z env:
npm 11.8.0 / Node 24 pack compatibility	UNKNOWN STEP	2026-10-05T00:39:48.0543715Z   AITM_SOURCE_HEAD: 112988f8e68b59ac3080e775ad97c5507f263eb8
npm 11.8.0 / Node 24 pack compatibility	UNKNOWN STEP	2026-10-05T00:39:48.0544104Z   GIT_AUTHOR_NAME: kendrick burson
npm 11.8.0 / Node 24 pack compatibility	UNKNOWN STEP	2026-10-05T00:39:48.0544409Z   GIT_AUTHOR_EMAIL: kpburson@pm.me
npm 11.8.0 / Node 24 pack compatibility	UNKNOWN STEP	2026-10-05T00:39:48.0544714Z   GIT_COMMITTER_NAME: kendrick burson
npm 11.8.0 / Node 24 pack compatibility	UNKNOWN STEP	2026-10-05T00:39:48.0545032Z   GIT_COMMITTER_EMAIL: kpburson@pm.me
npm 11.8.0 / Node 24 pack compatibility	UNKNOWN STEP	2026-10-05T00:39:48.0545337Z ##[endgroup]
npm 11.8.0 / Node 24 pack compatibility	UNKNOWN STEP	2026-10-05T00:39:55.8106901Z 
npm 11.8.0 / Node 24 pack compatibility	UNKNOWN STEP	2026-10-05T00:39:55.8108714Z added 319 packages, and audited 320 packages in 8s
npm 11.8.0 / Node 24 pack compatibility	UNKNOWN STEP	2026-10-05T00:39:55.8109341Z 
npm 11.8.0 / Node 24 pack compatibility	UNKNOWN STEP	2026-10-05T00:39:55.8110275Z 102 packages are looking for funding
npm 11.8.0 / Node 24 pack compatibility	UNKNOWN STEP	2026-10-05T00:39:55.8111200Z   run `npm fund` for details
npm 11.8.0 / Node 24 pack compatibility	UNKNOWN STEP	2026-10-05T00:39:55.8160000Z 
npm 11.8.0 / Node 24 pack compatibility	UNKNOWN STEP	2026-10-05T00:39:55.8160402Z 5 high severity vulnerabilities
npm 11.8.0 / Node 24 pack compatibility	UNKNOWN STEP	2026-10-05T00:39:55.8160763Z 
npm 11.8.0 / Node 24 pack compatibility	UNKNOWN STEP	2026-10-05T00:39:55.8161252Z To address all issues (including breaking changes), run:
npm 11.8.0 / Node 24 pack compatibility	UNKNOWN STEP	2026-10-05T00:39:55.8161842Z   npm audit fix --force
npm 11.8.0 / Node 24 pack compatibility	UNKNOWN STEP	2026-10-05T00:39:55.8162089Z 
npm 11.8.0 / Node 24 pack compatibility	UNKNOWN STEP	2026-10-05T00:39:55.8162320Z Run `npm audit` for details.
npm 11.8.0 / Node 24 pack compatibility	UNKNOWN STEP	2026-10-05T00:39:55.8744384Z ##[group]Run node --test scripts/tests/unit/task-tracker/core/npm-pack-report.test.mjs scripts/tests/unit/task-tracker/core/package-boundary.test.mjs scripts/tests/unit/task-tracker/core/memory-seed-packaged.test.mjs scripts/tests/unit/task-tracker/core/scope-pack.test.mjs scripts/tests/integration/meta/package-test-corpus.test.mjs scripts/tests/slow/task-tracker/core/packaged-doctor-consumer.test.mjs scripts/tests/slow/task-tracker/core/packaged-tail-profile-consumer.test.mjs
npm 11.8.0 / Node 24 pack compatibility	UNKNOWN STEP	2026-10-05T00:39:55.8748343Z ^[[36;1mnode --test scripts/tests/unit/task-tracker/core/npm-pack-report.test.mjs scripts/tests/unit/task-tracker/core/package-boundary.test.mjs scripts/tests/unit/task-tracker/core/memory-seed-packaged.test.mjs scripts/tests/unit/task-tracker/core/scope-pack.test.mjs scripts/tests/integration/meta/package-test-corpus.test.mjs scripts/tests/slow/task-tracker/core/packaged-doctor-consumer.test.mjs scripts/tests/slow/task-tracker/core/packaged-tail-profile-consumer.test.mjs^[[0m
npm 11.8.0 / Node 24 pack compatibility	UNKNOWN STEP	2026-10-05T00:39:55.8820093Z shell: /usr/bin/bash -e {0}
npm 11.8.0 / Node 24 pack compatibility	UNKNOWN STEP	2026-10-05T00:39:55.8820382Z env:
npm 11.8.0 / Node 24 pack compatibility	UNKNOWN STEP	2026-10-05T00:39:55.8820670Z   AITM_SOURCE_HEAD: 112988f8e68b59ac3080e775ad97c5507f263eb8
npm 11.8.0 / Node 24 pack compatibility	UNKNOWN STEP	2026-10-05T00:39:55.8821071Z   GIT_AUTHOR_NAME: kendrick burson
npm 11.8.0 / Node 24 pack compatibility	UNKNOWN STEP	2026-10-05T00:39:55.8821372Z   GIT_AUTHOR_EMAIL: kpburson@pm.me
npm 11.8.0 / Node 24 pack compatibility	UNKNOWN STEP	2026-10-05T00:39:55.8821667Z   GIT_COMMITTER_NAME: kendrick burson
npm 11.8.0 / Node 24 pack compatibility	UNKNOWN STEP	2026-10-05T00:39:55.8821969Z   GIT_COMMITTER_EMAIL: kpburson@pm.me
npm 11.8.0 / Node 24 pack compatibility	UNKNOWN STEP	2026-10-05T00:39:55.8822267Z ##[endgroup]
npm 11.8.0 / Node 24 pack compatibility	UNKNOWN STEP	2026-10-05T00:39:58.6024433Z ✔ package files explicitly exclude the canonical test support root (1.435788ms)
npm 11.8.0 / Node 24 pack compatibility	UNKNOWN STEP	2026-10-05T00:39:58.6026979Z ✔ npm pack excludes the test corpus while retaining required runtime files and assets (2598.962662ms)
npm 11.8.0 / Node 24 pack compatibility	UNKNOWN STEP	2026-10-05T00:40:05.0357066Z ✔ packed consumer verifies committed bootstrap after npm ci and reports drift read-only (9022.314536ms)
npm 11.8.0 / Node 24 pack compatibility	UNKNOWN STEP	2026-10-05T00:40:05.0468361Z ✔ packed consumer can select and execute effect-scoped move tails (5653.598836ms)
npm 11.8.0 / Node 24 pack compatibility	UNKNOWN STEP	2026-10-05T00:40:05.0469952Z ✔ package.json files[] ships docs/ai-memory but excludes archive/ (1.170484ms)
npm 11.8.0 / Node 24 pack compatibility	UNKNOWN STEP	2026-10-05T00:40:05.0478692Z ✔ npm pack tarball contains the seed index + durable facts, no archive (2440.518296ms)
npm 11.8.0 / Node 24 pack compatibility	UNKNOWN STEP	2026-10-05T00:40:05.0481162Z ✔ normalizes the observed npm 11 single-package array report (3.527763ms)
npm 11.8.0 / Node 24 pack compatibility	UNKNOWN STEP	2026-10-05T00:40:05.0483214Z ✔ normalizes the observed npm 12 package-keyed report (0.365004ms)
npm 11.8.0 / Node 24 pack compatibility	UNKNOWN STEP	2026-10-05T00:40:05.0484700Z ✔ requires callers to bind the expected package identity (0.735529ms)
npm 11.8.0 / Node 24 pack compatibility	UNKNOWN STEP	2026-10-05T00:40:05.0486192Z ✔ rejects malformed JSON and unsupported outer values (0.540003ms)
npm 11.8.0 / Node 24 pack compatibility	UNKNOWN STEP	2026-10-05T00:40:05.0487705Z ✔ rejects zero or multiple reports (0.534522ms)
npm 11.8.0 / Node 24 pack compatibility	UNKNOWN STEP	2026-10-05T00:40:05.0489246Z ✔ rejects an unexpected npm 12 package key or inner report identity (0.461415ms)
npm 11.8.0 / Node 24 pack compatibility	UNKNOWN STEP	2026-10-05T00:40:05.0490818Z ✔ requires a files array and optionally a non-empty filename (0.425597ms)
npm 11.8.0 / Node 24 pack compatibility	UNKNOWN STEP	2026-10-05T00:40:05.0492359Z ✔ all pack consumers import the shared normalizer (1.188497ms)
npm 11.8.0 / Node 24 pack compatibility	UNKNOWN STEP	2026-10-05T00:40:05.0493731Z ✔ package-boundary: no test files are packed (2409.016375ms)
npm 11.8.0 / Node 24 pack compatibility	UNKNOWN STEP	2026-10-05T00:40:05.0495317Z ✔ package-boundary: excluded directories do not reappear (0.668128ms)
npm 11.8.0 / Node 24 pack compatibility	UNKNOWN STEP	2026-10-05T00:40:05.0497656Z ✔ package-boundary: ships the exact docs/introduction/ set (0.797132ms)
npm 11.8.0 / Node 24 pack compatibility	UNKNOWN STEP	2026-10-05T00:40:05.0499374Z ✔ package-boundary: shipped README has no dead docs/introduction link (1.114932ms)
npm 11.8.0 / Node 24 pack compatibility	UNKNOWN STEP	2026-10-05T00:40:05.0500994Z ✖ package-boundary: total entry count stays under the ceiling (1.475268ms)
npm 11.8.0 / Node 24 pack compatibility	UNKNOWN STEP	2026-10-05T00:40:05.0503065Z ✔ package-boundary: development-only context calibration is not shipped (0.476598ms)
npm 11.8.0 / Node 24 pack compatibility	UNKNOWN STEP	2026-10-05T00:40:05.0504750Z ✔ package-boundary: runtime entry points are still shipped (0.442837ms)
npm 11.8.0 / Node 24 pack compatibility	UNKNOWN STEP	2026-10-05T00:40:05.0506888Z ✔ package-boundary: production parser and guidance release guard are declared (0.822028ms)
npm 11.8.0 / Node 24 pack compatibility	UNKNOWN STEP	2026-10-05T00:40:05.0508836Z ✔ package-boundary: tag and explicit release CI retain the B2 consumer gate (0.599712ms)
npm 11.8.0 / Node 24 pack compatibility	UNKNOWN STEP	2026-10-05T00:40:05.0510670Z ✔ npm pack --dry-run resolves the scoped @kburson/ai-task-manager name (2345.879691ms)
npm 11.8.0 / Node 24 pack compatibility	UNKNOWN STEP	2026-10-05T00:40:05.0512513Z ℹ tests 24
npm 11.8.0 / Node 24 pack compatibility	UNKNOWN STEP	2026-10-05T00:40:05.0513317Z ℹ suites 0
npm 11.8.0 / Node 24 pack compatibility	UNKNOWN STEP	2026-10-05T00:40:05.0514004Z ℹ pass 23
npm 11.8.0 / Node 24 pack compatibility	UNKNOWN STEP	2026-10-05T00:40:05.0514668Z ℹ fail 1
npm 11.8.0 / Node 24 pack compatibility	UNKNOWN STEP	2026-10-05T00:40:05.0515339Z ℹ cancelled 0
npm 11.8.0 / Node 24 pack compatibility	UNKNOWN STEP	2026-10-05T00:40:05.0516005Z ℹ skipped 0
npm 11.8.0 / Node 24 pack compatibility	UNKNOWN STEP	2026-10-05T00:40:05.0516947Z ℹ todo 0
npm 11.8.0 / Node 24 pack compatibility	UNKNOWN STEP	2026-10-05T00:40:05.0517677Z ℹ duration_ms 9124.483293
npm 11.8.0 / Node 24 pack compatibility	UNKNOWN STEP	2026-10-05T00:40:05.0518235Z 
npm 11.8.0 / Node 24 pack compatibility	UNKNOWN STEP	2026-10-05T00:40:05.0518670Z ✖ failing tests:
npm 11.8.0 / Node 24 pack compatibility	UNKNOWN STEP	2026-10-05T00:40:05.0519142Z 
npm 11.8.0 / Node 24 pack compatibility	UNKNOWN STEP	2026-10-05T00:40:05.0519952Z test at scripts/tests/unit/task-tracker/core/package-boundary.test.mjs:219:1
npm 11.8.0 / Node 24 pack compatibility	UNKNOWN STEP	2026-10-05T00:40:05.0521595Z ✖ package-boundary: total entry count stays under the ceiling (1.475268ms)
npm 11.8.0 / Node 24 pack compatibility	UNKNOWN STEP	2026-10-05T00:40:05.0523827Z   AssertionError [ERR_ASSERTION]: packed entry count 895 exceeds ceiling 893; the package surface grew — confirm intentional and raise the ceiling, or prune.
npm 11.8.0 / Node 24 pack compatibility	UNKNOWN STEP	2026-10-05T00:40:05.0526746Z       at TestContext.<anonymous> (file:///home/runner/work/ai-task-manager/ai-task-manager/scripts/tests/unit/task-tracker/core/package-boundary.test.mjs:391:10)
npm 11.8.0 / Node 24 pack compatibility	UNKNOWN STEP	2026-10-05T00:40:05.0528627Z       at Test.runInAsyncScope (node:async_hooks:227:14)
npm 11.8.0 / Node 24 pack compatibility	UNKNOWN STEP	2026-10-05T00:40:05.0529807Z       at Test.run (node:internal/test_runner/test:1402:25)
npm 11.8.0 / Node 24 pack compatibility	UNKNOWN STEP	2026-10-05T00:40:05.0531032Z       at Test.processPendingSubtests (node:internal/test_runner/test:974:18)
npm 11.8.0 / Node 24 pack compatibility	UNKNOWN STEP	2026-10-05T00:40:05.0532238Z       at Test.postRun (node:internal/test_runner/test:1542:19)
npm 11.8.0 / Node 24 pack compatibility	UNKNOWN STEP	2026-10-05T00:40:05.0533304Z       at Test.run (node:internal/test_runner/test:1467:12)
npm 11.8.0 / Node 24 pack compatibility	UNKNOWN STEP	2026-10-05T00:40:05.0534725Z       at async Test.processPendingSubtests (node:internal/test_runner/test:974:7) {
npm 11.8.0 / Node 24 pack compatibility	UNKNOWN STEP	2026-10-05T00:40:05.0535833Z     generatedMessage: false,
npm 11.8.0 / Node 24 pack compatibility	UNKNOWN STEP	2026-10-05T00:40:05.0537192Z     code: 'ERR_ASSERTION',
npm 11.8.0 / Node 24 pack compatibility	UNKNOWN STEP	2026-10-05T00:40:05.0537851Z     actual: false,
npm 11.8.0 / Node 24 pack compatibility	UNKNOWN STEP	2026-10-05T00:40:05.0538656Z     expected: true,
npm 11.8.0 / Node 24 pack compatibility	UNKNOWN STEP	2026-10-05T00:40:05.0539419Z     operator: '==',
npm 11.8.0 / Node 24 pack compatibility	UNKNOWN STEP	2026-10-05T00:40:05.0540753Z     diff: 'simple'
npm 11.8.0 / Node 24 pack compatibility	UNKNOWN STEP	2026-10-05T00:40:05.0541475Z   }
npm 11.8.0 / Node 24 pack compatibility	UNKNOWN STEP	2026-10-05T00:40:05.0598462Z ##[error]Process completed with exit code 1.
npm 11.8.0 / Node 24 pack compatibility	UNKNOWN STEP	2026-10-05T00:40:05.0780088Z Post job cleanup.
npm 11.8.0 / Node 24 pack compatibility	UNKNOWN STEP	2026-10-05T00:40:05.1692399Z [command]/usr/bin/git version
npm 11.8.0 / Node 24 pack compatibility	UNKNOWN STEP	2026-10-05T00:40:05.1740441Z git version 2.55.0
npm 11.8.0 / Node 24 pack compatibility	UNKNOWN STEP	2026-10-05T00:40:05.1782228Z Temporarily overriding HOME='/home/runner/work/_temp/c4bec7eb-76c6-41b6-a4a6-d81c6a3b717d' before making global git config changes
npm 11.8.0 / Node 24 pack compatibility	UNKNOWN STEP	2026-10-05T00:40:05.1783827Z Adding repository directory to the temporary git global config as a safe directory
npm 11.8.0 / Node 24 pack compatibility	UNKNOWN STEP	2026-10-05T00:40:05.1788370Z [command]/usr/bin/git config --global --add safe.directory /home/runner/work/ai-task-manager/ai-task-manager
npm 11.8.0 / Node 24 pack compatibility	UNKNOWN STEP	2026-10-05T00:40:05.1835132Z [command]/usr/bin/git config --local --name-only --get-regexp core\.sshCommand
npm 11.8.0 / Node 24 pack compatibility	UNKNOWN STEP	2026-10-05T00:40:05.1873833Z [command]/usr/bin/git submodule foreach --recursive sh -c "git config --local --name-only --get-regexp 'core\.sshCommand' && git config --local --unset-all 'core.sshCommand' || :"
npm 11.8.0 / Node 24 pack compatibility	UNKNOWN STEP	2026-10-05T00:40:05.2144092Z [command]/usr/bin/git config --local --name-only --get-regexp http\.https\:\/\/github\.com\/\.extraheader
npm 11.8.0 / Node 24 pack compatibility	UNKNOWN STEP	2026-10-05T00:40:05.2180122Z http.https://github.com/.extraheader
npm 11.8.0 / Node 24 pack compatibility	UNKNOWN STEP	2026-10-05T00:40:05.2193047Z [command]/usr/bin/git config --local --unset-all http.https://github.com/.extraheader
npm 11.8.0 / Node 24 pack compatibility	UNKNOWN STEP	2026-10-05T00:40:05.2248562Z [command]/usr/bin/git submodule foreach --recursive sh -c "git config --local --name-only --get-regexp 'http\.https\:\/\/github\.com\/\.extraheader' && git config --local --unset-all 'http.https://github.com/.extraheader' || :"
npm 11.8.0 / Node 24 pack compatibility	UNKNOWN STEP	2026-10-05T00:40:05.2528168Z [command]/usr/bin/git config --local --name-only --get-regexp ^includeIf\.gitdir:
npm 11.8.0 / Node 24 pack compatibility	UNKNOWN STEP	2026-10-05T00:40:05.2571459Z [command]/usr/bin/git submodule foreach --recursive git config --local --show-origin --name-only --get-regexp remote.origin.url
npm 11.8.0 / Node 24 pack compatibility	UNKNOWN STEP	2026-10-05T00:40:05.3094712Z Cleaning up orphan processes
Fast lane (format, lint, unit + integration)	Require every quality and test group to pass	﻿2026-10-05T00:43:11.6708510Z ##[group]Run test "$GROUP_RESULT" = success
Fast lane (format, lint, unit + integration)	Require every quality and test group to pass	2026-10-05T00:43:11.6709256Z ^[[36;1mtest "$GROUP_RESULT" = success^[[0m
Fast lane (format, lint, unit + integration)	Require every quality and test group to pass	2026-10-05T00:43:11.6997611Z shell: /usr/bin/bash -e {0}
Fast lane (format, lint, unit + integration)	Require every quality and test group to pass	2026-10-05T00:43:11.6998595Z env:
Fast lane (format, lint, unit + integration)	Require every quality and test group to pass	2026-10-05T00:43:11.6999200Z   AITM_SOURCE_HEAD: 112988f8e68b59ac3080e775ad97c5507f263eb8
Fast lane (format, lint, unit + integration)	Require every quality and test group to pass	2026-10-05T00:43:11.6999981Z   GIT_AUTHOR_NAME: kendrick burson
Fast lane (format, lint, unit + integration)	Require every quality and test group to pass	2026-10-05T00:43:11.7000598Z   GIT_AUTHOR_EMAIL: kpburson@pm.me
Fast lane (format, lint, unit + integration)	Require every quality and test group to pass	2026-10-05T00:43:11.7001227Z   GIT_COMMITTER_NAME: kendrick burson
Fast lane (format, lint, unit + integration)	Require every quality and test group to pass	2026-10-05T00:43:11.7001860Z   GIT_COMMITTER_EMAIL: kpburson@pm.me
Fast lane (format, lint, unit + integration)	Require every quality and test group to pass	2026-10-05T00:43:11.7002470Z   GROUP_RESULT: failure
Fast lane (format, lint, unit + integration)	Require every quality and test group to pass	2026-10-05T00:43:11.7002986Z ##[endgroup]
Fast lane (format, lint, unit + integration)	Require every quality and test group to pass	2026-10-05T00:43:11.7172929Z ##[error]Process completed with exit code 1.
