Fast lane (format, lint, unit + integration)	Unit tests	﻿2026-10-03T10:24:17.4689035Z ##[group]Run npm run test:unit
Fast lane (format, lint, unit + integration)	Unit tests	2026-10-03T10:24:17.4689667Z ^[[36;1mnpm run test:unit^[[0m
Fast lane (format, lint, unit + integration)	Unit tests	2026-10-03T10:24:17.4750736Z shell: /usr/bin/bash -e {0}
Fast lane (format, lint, unit + integration)	Unit tests	2026-10-03T10:24:17.4751011Z env:
Fast lane (format, lint, unit + integration)	Unit tests	2026-10-03T10:24:17.4751230Z   GIT_AUTHOR_NAME: kendrick burson
Fast lane (format, lint, unit + integration)	Unit tests	2026-10-03T10:24:17.4751509Z   GIT_AUTHOR_EMAIL: kpburson@pm.me
Fast lane (format, lint, unit + integration)	Unit tests	2026-10-03T10:24:17.4751778Z   GIT_COMMITTER_NAME: kendrick burson
Fast lane (format, lint, unit + integration)	Unit tests	2026-10-03T10:24:17.4752065Z   GIT_COMMITTER_EMAIL: kpburson@pm.me
Fast lane (format, lint, unit + integration)	Unit tests	2026-10-03T10:24:17.4752320Z ##[endgroup]
Fast lane (format, lint, unit + integration)	Unit tests	2026-10-03T10:24:17.5733855Z 
Fast lane (format, lint, unit + integration)	Unit tests	2026-10-03T10:24:17.5734525Z > @kburson/ai-task-manager@0.1.0 test:unit
Fast lane (format, lint, unit + integration)	Unit tests	2026-10-03T10:24:17.5735192Z > node scripts/run-tests.mjs --lane unit
Fast lane (format, lint, unit + integration)	Unit tests	2026-10-03T10:24:17.5735449Z 
Fast lane (format, lint, unit + integration)	Unit tests	2026-10-03T10:24:17.6757978Z ▶ lane=unit (941 files)
Fast lane (format, lint, unit + integration)	Unit tests	2026-10-03T10:24:17.6758287Z 
Fast lane (format, lint, unit + integration)	Unit tests	2026-10-03T10:26:08.1395054Z ▶ scripts/tests/unit/gh/create-issue.test.mjs ... ok (254ms)
Fast lane (format, lint, unit + integration)	Unit tests	2026-10-03T10:26:08.1400303Z ▶ scripts/tests/unit/gh/gh-client-injection.test.mjs ... ok (346ms)
Fast lane (format, lint, unit + integration)	Unit tests	2026-10-03T10:26:08.1401490Z ▶ scripts/tests/unit/gh/gh-client-leak-sites.test.mjs ... ok (117ms)
Fast lane (format, lint, unit + integration)	Unit tests	2026-10-03T10:26:08.1402720Z ▶ scripts/tests/unit/gh/gh-fail-closed-guard.test.mjs ... ok (204ms)
Fast lane (format, lint, unit + integration)	Unit tests	2026-10-03T10:26:08.1403785Z ▶ scripts/tests/unit/gh/stub-gh-helper.test.mjs ... ok (271ms)
Fast lane (format, lint, unit + integration)	Unit tests	2026-10-03T10:26:08.1406905Z ▶ scripts/tests/unit/guidance/annotation.test.mjs ... ok (264ms)
Fast lane (format, lint, unit + integration)	Unit tests	2026-10-03T10:26:08.1408060Z ▶ scripts/tests/unit/inspect/delivery-doc-parity.test.mjs ... ok (93ms)
Fast lane (format, lint, unit + integration)	Unit tests	2026-10-03T10:26:08.1410001Z ▶ scripts/tests/unit/maintenance/audit-trunk-integration.test.mjs ... ok (139ms)
Fast lane (format, lint, unit + integration)	Unit tests	2026-10-03T10:26:08.1410883Z ▶ scripts/tests/unit/meta/slow-lane-partition-policy.test.mjs ... ok (178ms)
Fast lane (format, lint, unit + integration)	Unit tests	2026-10-03T10:26:08.1412210Z ▶ scripts/tests/unit/meta/tia-reaches-integration-lane.test.mjs ... ok (959ms)
Fast lane (format, lint, unit + integration)	Unit tests	2026-10-03T10:26:08.1413446Z ▶ scripts/tests/unit/meta/unit-lane-purity.test.mjs ... ok (259ms)
Fast lane (format, lint, unit + integration)	Unit tests	2026-10-03T10:26:08.1414066Z ▶ scripts/tests/unit/package/doctor.test.mjs ... ok (268ms)
Fast lane (format, lint, unit + integration)	Unit tests	2026-10-03T10:26:08.1414653Z ▶ scripts/tests/unit/package/install-content.test.mjs ... ok (107ms)
Fast lane (format, lint, unit + integration)	Unit tests	2026-10-03T10:26:08.1415274Z ▶ scripts/tests/unit/package/install-contract.test.mjs ... ok (125ms)
Fast lane (format, lint, unit + integration)	Unit tests	2026-10-03T10:26:08.1416186Z ▶ scripts/tests/unit/package/install-inventory.test.mjs ... ok (159ms)
Fast lane (format, lint, unit + integration)	Unit tests	2026-10-03T10:26:08.1418320Z ▶ scripts/tests/unit/package/install-manifest-store.test.mjs ... ok (87ms)
Fast lane (format, lint, unit + integration)	Unit tests	2026-10-03T10:26:08.1420824Z ▶ scripts/tests/unit/package/install-observer.test.mjs ... ok (115ms)
Fast lane (format, lint, unit + integration)	Unit tests	2026-10-03T10:26:08.1422547Z ▶ scripts/tests/unit/providers/coverage-provider-adapter.test.mjs ... ok (65ms)
Fast lane (format, lint, unit + integration)	Unit tests	2026-10-03T10:26:08.1423939Z ▶ scripts/tests/unit/providers/parity.test.mjs ... ok (266ms)
Fast lane (format, lint, unit + integration)	Unit tests	2026-10-03T10:26:08.1424720Z ▶ scripts/tests/unit/providers/registry.test.mjs ... ok (43ms)
Fast lane (format, lint, unit + integration)	Unit tests	2026-10-03T10:26:08.1425556Z ▶ scripts/tests/unit/providers/skill-version-stamp.test.mjs ... ok (91ms)
Fast lane (format, lint, unit + integration)	Unit tests	2026-10-03T10:26:08.1426335Z ▶ scripts/tests/unit/reports/daily-activity.test.mjs ... ok (167ms)
Fast lane (format, lint, unit + integration)	Unit tests	2026-10-03T10:26:08.1427140Z ▶ scripts/tests/unit/reports/generate-value-report-daily.test.mjs ... ok (131ms)
Fast lane (format, lint, unit + integration)	Unit tests	2026-10-03T10:26:08.1427999Z ▶ scripts/tests/unit/reports/generate-value-report-order.test.mjs ... ok (382ms)
Fast lane (format, lint, unit + integration)	Unit tests	2026-10-03T10:26:08.1430562Z ▶ scripts/tests/unit/reports/generate-value-report.test.mjs ... ok (85ms)
Fast lane (format, lint, unit + integration)	Unit tests	2026-10-03T10:26:08.1433085Z ▶ scripts/tests/unit/reports/heal-backlog-attribution.test.mjs ... ok (272ms)
Fast lane (format, lint, unit + integration)	Unit tests	2026-10-03T10:26:08.1435034Z ▶ scripts/tests/unit/reports/lib/estimation-records.test.mjs ... ok (111ms)
Fast lane (format, lint, unit + integration)	Unit tests	2026-10-03T10:26:08.1436388Z ▶ scripts/tests/unit/reports/session-field.test.mjs ... ok (68ms)
Fast lane (format, lint, unit + integration)	Unit tests	2026-10-03T10:26:08.1437305Z ▶ scripts/tests/unit/task-tracker/characterization/orchestrators.test.mjs ... ok (1.3s)
Fast lane (format, lint, unit + integration)	Unit tests	2026-10-03T10:26:08.1438223Z ▶ scripts/tests/unit/task-tracker/check-allow-unverified-ticks.test.mjs ... ok (167ms)
Fast lane (format, lint, unit + integration)	Unit tests	2026-10-03T10:26:08.1439194Z ▶ scripts/tests/unit/task-tracker/core/activity-policy-extra-globs.test.mjs ... ok (277ms)
Fast lane (format, lint, unit + integration)	Unit tests	2026-10-03T10:26:08.1440940Z ▶ scripts/tests/unit/task-tracker/core/actor-bind-history.test.mjs ... ok (143ms)
Fast lane (format, lint, unit + integration)	Unit tests	2026-10-03T10:26:08.1442278Z ▶ scripts/tests/unit/task-tracker/core/actor-word-cursor.test.mjs ... ok (123ms)
Fast lane (format, lint, unit + integration)	Unit tests	2026-10-03T10:26:08.1443987Z ▶ scripts/tests/unit/task-tracker/core/adapter-dedup.test.mjs ... ok (63ms)
Fast lane (format, lint, unit + integration)	Unit tests	2026-10-03T10:26:08.1445267Z ▶ scripts/tests/unit/task-tracker/core/adapter-token-floor.test.mjs ... ok (66ms)
Fast lane (format, lint, unit + integration)	Unit tests	2026-10-03T10:26:08.1446568Z ▶ scripts/tests/unit/task-tracker/core/aitm-ismain-symlink.test.mjs ... ok (258ms)
Fast lane (format, lint, unit + integration)	Unit tests	2026-10-03T10:26:08.1447909Z ▶ scripts/tests/unit/task-tracker/core/assert-fields-persisted.test.mjs ... ok (47ms)
Fast lane (format, lint, unit + integration)	Unit tests	2026-10-03T10:26:08.1450528Z ▶ scripts/tests/unit/task-tracker/core/assignee-default-docs-793.test.mjs ... ok (58ms)
Fast lane (format, lint, unit + integration)	Unit tests	2026-10-03T10:26:08.1451957Z ▶ scripts/tests/unit/task-tracker/core/backfill-disposition.test.mjs ... ok (279ms)
Fast lane (format, lint, unit + integration)	Unit tests	2026-10-03T10:26:08.1453311Z ▶ scripts/tests/unit/task-tracker/core/backfill-plan-metadata.test.mjs ... ok (301ms)
Fast lane (format, lint, unit + integration)	Unit tests	2026-10-03T10:26:08.1454790Z ▶ scripts/tests/unit/task-tracker/core/backfill-story-origin.test.mjs ... ok (287ms)
Fast lane (format, lint, unit + integration)	Unit tests	2026-10-03T10:26:08.1456186Z ▶ scripts/tests/unit/task-tracker/core/backfill-timing-logs.test.mjs ... ok (282ms)
Fast lane (format, lint, unit + integration)	Unit tests	2026-10-03T10:26:08.1457611Z ▶ scripts/tests/unit/task-tracker/core/backfill-vc-sections-help.test.mjs ... ok (290ms)
Fast lane (format, lint, unit + integration)	Unit tests	2026-10-03T10:26:08.1459748Z ▶ scripts/tests/unit/task-tracker/core/backfill-vc-sections-strict-argv.test.mjs ... ok (262ms)
Fast lane (format, lint, unit + integration)	Unit tests	2026-10-03T10:26:08.1461349Z ▶ scripts/tests/unit/task-tracker/core/backfill-vc-sections.test.mjs ... ok (228ms)
Fast lane (format, lint, unit + integration)	Unit tests	2026-10-03T10:26:08.1462828Z ▶ scripts/tests/unit/task-tracker/core/beta-report-templates-497.test.mjs ... ok (107ms)
Fast lane (format, lint, unit + integration)	Unit tests	2026-10-03T10:26:08.1464594Z ▶ scripts/tests/unit/task-tracker/core/child-cannot-lead-epic-migration.test.mjs ... ok (66ms)
Fast lane (format, lint, unit + integration)	Unit tests	2026-10-03T10:26:08.1466283Z ▶ scripts/tests/unit/task-tracker/core/child-process-api.test.mjs ... ok (64ms)
Fast lane (format, lint, unit + integration)	Unit tests	2026-10-03T10:26:08.1468806Z ▶ scripts/tests/unit/task-tracker/core/ci-745-trunk-ref.test.mjs ... ok (69ms)
Fast lane (format, lint, unit + integration)	Unit tests	2026-10-03T10:26:08.1470510Z ▶ scripts/tests/unit/task-tracker/core/ci-actions-node-pins.test.mjs ... ok (71ms)
Fast lane (format, lint, unit + integration)	Unit tests	2026-10-03T10:26:08.1484740Z ▶ scripts/tests/unit/task-tracker/core/ci-memory-parity-index.test.mjs ... ok (50ms)
Fast lane (format, lint, unit + integration)	Unit tests	2026-10-03T10:26:08.1486182Z ▶ scripts/tests/unit/task-tracker/core/cli-colorize.test.mjs ... ok (279ms)
Fast lane (format, lint, unit + integration)	Unit tests	2026-10-03T10:26:08.1487410Z ▶ scripts/tests/unit/task-tracker/core/cli-help-flag.test.mjs ... ok (293ms)
Fast lane (format, lint, unit + integration)	Unit tests	2026-10-03T10:26:08.1488766Z ▶ scripts/tests/unit/task-tracker/core/close-board-body-agreement.test.mjs ... ok (34ms)
Fast lane (format, lint, unit + integration)	Unit tests	2026-10-03T10:26:08.1491634Z ▶ scripts/tests/unit/task-tracker/core/close-emission-order.test.mjs ... ok (491ms)
Fast lane (format, lint, unit + integration)	Unit tests	2026-10-03T10:26:08.1492967Z ▶ scripts/tests/unit/task-tracker/core/close-flush-timing.test.mjs ... ok (37ms)
Fast lane (format, lint, unit + integration)	Unit tests	2026-10-03T10:26:08.1495328Z ▶ scripts/tests/unit/task-tracker/core/close-gate-marker-robust.test.mjs ... ok (150ms)
Fast lane (format, lint, unit + integration)	Unit tests	2026-10-03T10:26:08.1496708Z ▶ scripts/tests/unit/task-tracker/core/close-gate.test.mjs ... ok (128ms)
Fast lane (format, lint, unit + integration)	Unit tests	2026-10-03T10:26:08.1497971Z ▶ scripts/tests/unit/task-tracker/core/codex-support-matrix.test.mjs ... ok (44ms)
Fast lane (format, lint, unit + integration)	Unit tests	2026-10-03T10:26:08.1499515Z ▶ scripts/tests/unit/task-tracker/core/command-manifest.test.mjs ... ok (364ms)
Fast lane (format, lint, unit + integration)	Unit tests	2026-10-03T10:26:08.1500969Z ▶ scripts/tests/unit/task-tracker/core/config-full-auto-merge.test.mjs ... ok (175ms)
Fast lane (format, lint, unit + integration)	Unit tests	2026-10-03T10:26:08.1502427Z ▶ scripts/tests/unit/task-tracker/core/contiguity-guard-migration.test.mjs ... ok (72ms)
Fast lane (format, lint, unit + integration)	Unit tests	2026-10-03T10:26:08.1503856Z ▶ scripts/tests/unit/task-tracker/core/contiguity-hole-message.test.mjs ... ok (62ms)
Fast lane (format, lint, unit + integration)	Unit tests	2026-10-03T10:26:08.1512868Z ▶ scripts/tests/unit/task-tracker/core/coverage-backfill-plan-metadata.test.mjs ... ok (271ms)
Fast lane (format, lint, unit + integration)	Unit tests	2026-10-03T10:26:08.1514555Z ▶ scripts/tests/unit/task-tracker/core/coverage-backfill-timing-logs.test.mjs ... ok (268ms)
Fast lane (format, lint, unit + integration)	Unit tests	2026-10-03T10:26:08.1516142Z ▶ scripts/tests/unit/task-tracker/core/coverage-backfill-vc-sections.test.mjs ... ok (284ms)
Fast lane (format, lint, unit + integration)	Unit tests	2026-10-03T10:26:08.1517617Z ▶ scripts/tests/unit/task-tracker/core/coverage-heal-backlog.test.mjs ... ok (257ms)
Fast lane (format, lint, unit + integration)	Unit tests	2026-10-03T10:26:08.1519104Z ▶ scripts/tests/unit/task-tracker/core/coverage-heal-entry-markers.test.mjs ... ok (304ms)
Fast lane (format, lint, unit + integration)	Unit tests	2026-10-03T10:26:08.1520900Z ▶ scripts/tests/unit/task-tracker/core/coverage-heal-functional-dod.test.mjs ... ok (262ms)
Fast lane (format, lint, unit + integration)	Unit tests	2026-10-03T10:26:08.1522788Z ▶ scripts/tests/unit/task-tracker/core/coverage-heal-refine-entry-marker.test.mjs ... ok (300ms)
Fast lane (format, lint, unit + integration)	Unit tests	2026-10-03T10:26:08.1524369Z ▶ scripts/tests/unit/task-tracker/core/coverage-heal-timing-starts.test.mjs ... ok (263ms)
Fast lane (format, lint, unit + integration)	Unit tests	2026-10-03T10:26:08.1525911Z ▶ scripts/tests/unit/task-tracker/core/coverage-migrate-fields-encoding.test.mjs ... ok (259ms)
Fast lane (format, lint, unit + integration)	Unit tests	2026-10-03T10:26:08.1527482Z ▶ scripts/tests/unit/task-tracker/core/coverage-migrate-plan-approved.test.mjs ... ok (268ms)
Fast lane (format, lint, unit + integration)	Unit tests	2026-10-03T10:26:08.1529021Z ▶ scripts/tests/unit/task-tracker/core/deep-dive-no-direct-gh-edit.test.mjs ... ok (49ms)
Fast lane (format, lint, unit + integration)	Unit tests	2026-10-03T10:26:08.1531089Z ▶ scripts/tests/unit/task-tracker/core/defect-first-doc.test.mjs ... ok (76ms)
Fast lane (format, lint, unit + integration)	Unit tests	2026-10-03T10:26:08.1532404Z ▶ scripts/tests/unit/task-tracker/core/demonstrable-ac-doc.test.mjs ... ok (60ms)
Fast lane (format, lint, unit + integration)	Unit tests	2026-10-03T10:26:08.1533870Z ▶ scripts/tests/unit/task-tracker/core/discuss-banner-wiring.test.mjs ... ok (43ms)
Fast lane (format, lint, unit + integration)	Unit tests	2026-10-03T10:26:08.1535373Z ▶ scripts/tests/unit/task-tracker/core/discuss-label-action-499.test.mjs ... ok (97ms)
Fast lane (format, lint, unit + integration)	Unit tests	2026-10-03T10:26:08.1536740Z ▶ scripts/tests/unit/task-tracker/core/disposition-field-contract.test.mjs ... ok (113ms)
Fast lane (format, lint, unit + integration)	Unit tests	2026-10-03T10:26:08.1538256Z ▶ scripts/tests/unit/task-tracker/core/docs-735-attribution.test.mjs ... ok (67ms)
Fast lane (format, lint, unit + integration)	Unit tests	2026-10-03T10:26:08.1539926Z ▶ scripts/tests/unit/task-tracker/core/docs-issue-body-forbiddance.test.mjs ... ok (60ms)
Fast lane (format, lint, unit + integration)	Unit tests	2026-10-03T10:26:08.1541706Z ▶ scripts/tests/unit/task-tracker/core/docs-no-raw-gh-create.test.mjs ... ok (221ms)
Fast lane (format, lint, unit + integration)	Unit tests	2026-10-03T10:26:08.1543311Z ▶ scripts/tests/unit/task-tracker/core/docs-only-lane-skip-completeness.test.mjs ... ok (322ms)
Fast lane (format, lint, unit + integration)	Unit tests	2026-10-03T10:26:08.1544757Z ▶ scripts/tests/unit/task-tracker/core/empty-catch-audit.test.mjs ... ok (120ms)
Fast lane (format, lint, unit + integration)	Unit tests	2026-10-03T10:26:08.1546149Z ▶ scripts/tests/unit/task-tracker/core/evidence-marker-guidance.test.mjs ... ok (36ms)
Fast lane (format, lint, unit + integration)	Unit tests	2026-10-03T10:26:08.1547138Z ▶ scripts/tests/unit/task-tracker/core/flush-active-anchor.test.mjs ... ok (68ms)
Fast lane (format, lint, unit + integration)	Unit tests	2026-10-03T10:26:08.1547910Z ▶ scripts/tests/unit/task-tracker/core/full-auto-close-doctrine.test.mjs ... ok (594ms)
Fast lane (format, lint, unit + integration)	Unit tests	2026-10-03T10:26:08.1548659Z ▶ scripts/tests/unit/task-tracker/core/full-auto-default-doc.test.mjs ... ok (82ms)
Fast lane (format, lint, unit + integration)	Unit tests	2026-10-03T10:26:08.1550249Z ▶ scripts/tests/unit/task-tracker/core/full-auto-doctrine-doc.test.mjs ... ok (66ms)
Fast lane (format, lint, unit + integration)	Unit tests	2026-10-03T10:26:08.1552081Z ▶ scripts/tests/unit/task-tracker/core/full-auto-dogfood-config.test.mjs ... ok (59ms)
Fast lane (format, lint, unit + integration)	Unit tests	2026-10-03T10:26:08.1554291Z ▶ scripts/tests/unit/task-tracker/core/gh-timing-comment-actors.test.mjs ... ok (191ms)
Fast lane (format, lint, unit + integration)	Unit tests	2026-10-03T10:26:08.1555776Z ▶ scripts/tests/unit/task-tracker/core/gh-timing-comment-backdated-row.test.mjs ... ok (128ms)
Fast lane (format, lint, unit + integration)	Unit tests	2026-10-03T10:26:08.1557202Z ▶ scripts/tests/unit/task-tracker/core/gh-timing-comment-blank-zero.test.mjs ... ok (167ms)
Fast lane (format, lint, unit + integration)	Unit tests	2026-10-03T10:26:08.1558656Z ▶ scripts/tests/unit/task-tracker/core/gh-timing-comment-duplicate-start.test.mjs ... ok (157ms)
Fast lane (format, lint, unit + integration)	Unit tests	2026-10-03T10:26:08.1560762Z ▶ scripts/tests/unit/task-tracker/core/gh-timing-comment-full-column.test.mjs ... ok (141ms)
Fast lane (format, lint, unit + integration)	Unit tests	2026-10-03T10:26:08.1562236Z ▶ scripts/tests/unit/task-tracker/core/gh-timing-comment-issue-number.test.mjs ... ok (182ms)
Fast lane (format, lint, unit + integration)	Unit tests	2026-10-03T10:26:08.1563490Z ▶ scripts/tests/unit/task-tracker/core/gh-timing-comment.test.mjs ... ok (156ms)
Fast lane (format, lint, unit + integration)	Unit tests	2026-10-03T10:26:08.1564732Z ▶ scripts/tests/unit/task-tracker/core/governed-plan-policy.test.mjs ... ok (90ms)
Fast lane (format, lint, unit + integration)	Unit tests	2026-10-03T10:26:08.1565953Z ▶ scripts/tests/unit/task-tracker/core/guard-comment-truth.test.mjs ... ok (53ms)
Fast lane (format, lint, unit + integration)	Unit tests	2026-10-03T10:26:08.1567182Z ▶ scripts/tests/unit/task-tracker/core/guard-registry.test.mjs ... ok (91ms)
Fast lane (format, lint, unit + integration)	Unit tests	2026-10-03T10:26:08.1569098Z ▶ scripts/tests/unit/task-tracker/core/guard-stdin-portability.test.mjs ... ok (66ms)
Fast lane (format, lint, unit + integration)	Unit tests	2026-10-03T10:26:08.1571045Z ▶ scripts/tests/unit/task-tracker/core/guard-trust-boundary-doc.test.mjs ... ok (67ms)
Fast lane (format, lint, unit + integration)	Unit tests	2026-10-03T10:26:08.1572413Z ▶ scripts/tests/unit/task-tracker/core/guard-unbypassable.test.mjs ... ok (46ms)
Fast lane (format, lint, unit + integration)	Unit tests	2026-10-03T10:26:08.1573744Z ▶ scripts/tests/unit/task-tracker/core/handle-migrate-result.test.mjs ... ok (282ms)
Fast lane (format, lint, unit + integration)	Unit tests	2026-10-03T10:26:08.1575878Z ▶ scripts/tests/unit/task-tracker/core/heal-backlog-core.test.mjs ... ok (261ms)
Fast lane (format, lint, unit + integration)	Unit tests	2026-10-03T10:26:08.1577336Z ▶ scripts/tests/unit/task-tracker/core/heal-backlog-entry-marker.test.mjs ... ok (289ms)
Fast lane (format, lint, unit + integration)	Unit tests	2026-10-03T10:26:08.1578684Z ▶ scripts/tests/unit/task-tracker/core/heal-backlog-fields.test.mjs ... ok (270ms)
Fast lane (format, lint, unit + integration)	Unit tests	2026-10-03T10:26:08.1580346Z ▶ scripts/tests/unit/task-tracker/core/heal-backlog-schema-drift.test.mjs ... ok (292ms)
Fast lane (format, lint, unit + integration)	Unit tests	2026-10-03T10:26:08.1582277Z ▶ scripts/tests/unit/task-tracker/core/heal-entry-markers-backlog-fallback.test.mjs ... ok (267ms)
Fast lane (format, lint, unit + integration)	Unit tests	2026-10-03T10:26:08.1583920Z ▶ scripts/tests/unit/task-tracker/core/heal-entry-markers-monotonize.test.mjs ... ok (302ms)
Fast lane (format, lint, unit + integration)	Unit tests	2026-10-03T10:26:08.1585492Z ▶ scripts/tests/unit/task-tracker/core/heal-entry-markers-visit-aware.test.mjs ... ok (226ms)
Fast lane (format, lint, unit + integration)	Unit tests	2026-10-03T10:26:08.1587129Z ▶ scripts/tests/unit/task-tracker/core/heal-entry-markers-zero-marker-backlog.test.mjs ... ok (297ms)
Fast lane (format, lint, unit + integration)	Unit tests	2026-10-03T10:26:08.1588666Z ▶ scripts/tests/unit/task-tracker/core/heal-functional-dod.test.mjs ... ok (276ms)
Fast lane (format, lint, unit + integration)	Unit tests	2026-10-03T10:26:08.1590387Z ▶ scripts/tests/unit/task-tracker/core/heal-refine-entry-marker.test.mjs ... ok (293ms)
Fast lane (format, lint, unit + integration)	Unit tests	2026-10-03T10:26:08.1592158Z ▶ scripts/tests/unit/task-tracker/core/heal-timing-log-command.test.mjs ... ok (246ms)
Fast lane (format, lint, unit + integration)	Unit tests	2026-10-03T10:26:08.1593519Z ▶ scripts/tests/unit/task-tracker/core/heal-timing-starts-command.test.mjs ... ok (250ms)
Fast lane (format, lint, unit + integration)	Unit tests	2026-10-03T10:26:08.1594290Z ▶ scripts/tests/unit/task-tracker/core/issue-field-db.test.mjs ... ok (39ms)
Fast lane (format, lint, unit + integration)	Unit tests	2026-10-03T10:26:08.1594990Z ▶ scripts/tests/unit/task-tracker/core/lane-split-seed.test.mjs ... ok (254ms)
Fast lane (format, lint, unit + integration)	Unit tests	2026-10-03T10:26:08.1595699Z ▶ scripts/tests/unit/task-tracker/core/lifecycle-integration.test.mjs ... ok (166ms)
Fast lane (format, lint, unit + integration)	Unit tests	2026-10-03T10:26:08.1596404Z ▶ scripts/tests/unit/task-tracker/core/lock-primitive-doc.test.mjs ... ok (37ms)
Fast lane (format, lint, unit + integration)	Unit tests	2026-10-03T10:26:08.1597161Z ▶ scripts/tests/unit/task-tracker/core/log-issue-time-paired-slugs.test.mjs ... ok (154ms)
Fast lane (format, lint, unit + integration)	Unit tests	2026-10-03T10:26:08.1597901Z ▶ scripts/tests/unit/task-tracker/core/measure-context.test.mjs ... ok (1.7s)
Fast lane (format, lint, unit + integration)	Unit tests	2026-10-03T10:26:08.1598565Z ▶ scripts/tests/unit/task-tracker/core/memory-seed-docs.test.mjs ... ok (56ms)
Fast lane (format, lint, unit + integration)	Unit tests	2026-10-03T10:26:08.1599642Z ▶ scripts/tests/unit/task-tracker/core/memory-seed-packaged.test.mjs ... ok (1.8s)
Fast lane (format, lint, unit + integration)	Unit tests	2026-10-03T10:26:08.1600466Z ▶ scripts/tests/unit/task-tracker/core/migrate-fields-encoding.test.mjs ... ok (275ms)
Fast lane (format, lint, unit + integration)	Unit tests	2026-10-03T10:26:08.1601249Z ▶ scripts/tests/unit/task-tracker/core/migrate-plan-approved.test.mjs ... ok (222ms)
Fast lane (format, lint, unit + integration)	Unit tests	2026-10-03T10:26:08.1601999Z ▶ scripts/tests/unit/task-tracker/core/move-state-assigned.test.mjs ... ok (164ms)
Fast lane (format, lint, unit + integration)	Unit tests	2026-10-03T10:26:08.1602706Z ▶ scripts/tests/unit/task-tracker/core/move-state-force-flag.test.mjs ... ok (76ms)
Fast lane (format, lint, unit + integration)	Unit tests	2026-10-03T10:26:08.1603422Z ▶ scripts/tests/unit/task-tracker/core/move-state-no-main-shim.test.mjs ... ok (70ms)
Fast lane (format, lint, unit + integration)	Unit tests	2026-10-03T10:26:08.1604185Z ▶ scripts/tests/unit/task-tracker/core/move-state-structured-result.test.mjs ... ok (251ms)
Fast lane (format, lint, unit + integration)	Unit tests	2026-10-03T10:26:08.1605039Z ▶ scripts/tests/unit/task-tracker/core/mutate-issue-body-scripts-help-audit.test.mjs ... ok (295ms)
Fast lane (format, lint, unit + integration)	Unit tests	2026-10-03T10:26:08.1605838Z ▶ scripts/tests/unit/task-tracker/core/no-legacy-timing-access.test.mjs ... ok (121ms)
Fast lane (format, lint, unit + integration)	Unit tests	2026-10-03T10:26:08.1606562Z ▶ scripts/tests/unit/task-tracker/core/no-mutation-guarantee.test.mjs ... ok (53ms)
Fast lane (format, lint, unit + integration)	Unit tests	2026-10-03T10:26:08.1607261Z ▶ scripts/tests/unit/task-tracker/core/node-runtime-policy.test.mjs ... ok (108ms)
Fast lane (format, lint, unit + integration)	Unit tests	2026-10-03T10:26:08.1607935Z ▶ scripts/tests/unit/task-tracker/core/npm-pack-report.test.mjs ... ok (77ms)
Fast lane (format, lint, unit + integration)	Unit tests	2026-10-03T10:26:08.1608623Z ▶ scripts/tests/unit/task-tracker/core/operational-jit-audit.test.mjs ... ok (74ms)
Fast lane (format, lint, unit + integration)	Unit tests	2026-10-03T10:26:08.1609677Z ▶ scripts/tests/unit/task-tracker/core/orphan-finalize-chrono-order.test.mjs ... ok (175ms)
Fast lane (format, lint, unit + integration)	Unit tests	2026-10-03T10:26:08.1610460Z ▶ scripts/tests/unit/task-tracker/core/package-boundary.test.mjs ... FAIL (exit 1)
Fast lane (format, lint, unit + integration)	Unit tests	2026-10-03T10:26:08.1611203Z ▶ scripts/tests/unit/task-tracker/core/parse-timing-rows-legacy.test.mjs ... ok (130ms)
Fast lane (format, lint, unit + integration)	Unit tests	2026-10-03T10:26:08.1612183Z ▶ scripts/tests/unit/task-tracker/core/pause-resume-reason.test.mjs ... ok (173ms)
Fast lane (format, lint, unit + integration)	Unit tests	2026-10-03T10:26:08.1612879Z ▶ scripts/tests/unit/task-tracker/core/pause-row-duration.test.mjs ... ok (144ms)
Fast lane (format, lint, unit + integration)	Unit tests	2026-10-03T10:26:08.1613563Z ▶ scripts/tests/unit/task-tracker/core/phase-events-doc.test.mjs ... ok (72ms)
Fast lane (format, lint, unit + integration)	Unit tests	2026-10-03T10:26:08.1614213Z ▶ scripts/tests/unit/task-tracker/core/phase-events.test.mjs ... ok (321ms)
Fast lane (format, lint, unit + integration)	Unit tests	2026-10-03T10:26:08.1614953Z ▶ scripts/tests/unit/task-tracker/core/pickup-directive-has-checkpoint.test.mjs ... ok (48ms)
Fast lane (format, lint, unit + integration)	Unit tests	2026-10-03T10:26:08.1615740Z ▶ scripts/tests/unit/task-tracker/core/pickup-directive-recovery.test.mjs ... ok (68ms)
Fast lane (format, lint, unit + integration)	Unit tests	2026-10-03T10:26:08.1616509Z ▶ scripts/tests/unit/task-tracker/core/pickup-directive-token-floor.test.mjs ... ok (58ms)
Fast lane (format, lint, unit + integration)	Unit tests	2026-10-03T10:26:08.1617217Z ▶ scripts/tests/unit/task-tracker/core/quality-config.test.mjs ... ok (53ms)
Fast lane (format, lint, unit + integration)	Unit tests	2026-10-03T10:26:08.1617914Z ▶ scripts/tests/unit/task-tracker/core/read-timing-comment-body.test.mjs ... ok (137ms)
Fast lane (format, lint, unit + integration)	Unit tests	2026-10-03T10:26:08.1618718Z ▶ scripts/tests/unit/task-tracker/core/recovery-gap-dependency-structure.test.mjs ... ok (72ms)
Fast lane (format, lint, unit + integration)	Unit tests	2026-10-03T10:26:08.1619910Z ▶ scripts/tests/unit/task-tracker/core/refine-exit-complete-marker-migration.test.mjs ... ok (63ms)
Fast lane (format, lint, unit + integration)	Unit tests	2026-10-03T10:26:08.1620907Z ▶ scripts/tests/unit/task-tracker/core/regression-pause-compact.test.mjs ... ok (160ms)
Fast lane (format, lint, unit + integration)	Unit tests	2026-10-03T10:26:08.1621624Z ▶ scripts/tests/unit/task-tracker/core/relicense-manifest.test.mjs ... ok (56ms)
Fast lane (format, lint, unit + integration)	Unit tests	2026-10-03T10:26:08.1622292Z ▶ scripts/tests/unit/task-tracker/core/relicense-no-mit.test.mjs ... ok (76ms)
Fast lane (format, lint, unit + integration)	Unit tests	2026-10-03T10:26:08.1622973Z ▶ scripts/tests/unit/task-tracker/core/residue-audit-scope.test.mjs ... ok (56ms)
Fast lane (format, lint, unit + integration)	Unit tests	2026-10-03T10:26:08.1623719Z ▶ scripts/tests/unit/task-tracker/core/review-delta-source-lock.test.mjs ... ok (42ms)
Fast lane (format, lint, unit + integration)	Unit tests	2026-10-03T10:26:08.1624516Z ▶ scripts/tests/unit/task-tracker/core/review-failure-block-structure.test.mjs ... ok (53ms)
Fast lane (format, lint, unit + integration)	Unit tests	2026-10-03T10:26:08.1625278Z ▶ scripts/tests/unit/task-tracker/core/router-compression-493.test.mjs ... ok (68ms)
Fast lane (format, lint, unit + integration)	Unit tests	2026-10-03T10:26:08.1625995Z ▶ scripts/tests/unit/task-tracker/core/run-tests-ceiling.test.mjs ... ok (69ms)
Fast lane (format, lint, unit + integration)	Unit tests	2026-10-03T10:26:08.1626695Z ▶ scripts/tests/unit/task-tracker/core/run-tests-discovery.test.mjs ... ok (156ms)
Fast lane (format, lint, unit + integration)	Unit tests	2026-10-03T10:26:08.1627387Z ▶ scripts/tests/unit/task-tracker/core/run-tests-elapsed.test.mjs ... ok (64ms)
Fast lane (format, lint, unit + integration)	Unit tests	2026-10-03T10:26:08.1628082Z ▶ scripts/tests/unit/task-tracker/core/run-tests-pool.bench.test.mjs ... ok (1.3s)
Fast lane (format, lint, unit + integration)	Unit tests	2026-10-03T10:26:08.1628775Z ▶ scripts/tests/unit/task-tracker/core/run-tests-schedule.test.mjs ... ok (82ms)
Fast lane (format, lint, unit + integration)	Unit tests	2026-10-03T10:26:08.1629814Z ▶ scripts/tests/unit/task-tracker/core/run-tests-timing.test.mjs ... ok (68ms)
Fast lane (format, lint, unit + integration)	Unit tests	2026-10-03T10:26:08.1631125Z ▶ scripts/tests/unit/task-tracker/core/run-tests-unit-section-split.test.mjs ... ok (56ms)
Fast lane (format, lint, unit + integration)	Unit tests	2026-10-03T10:26:08.1631915Z ▶ scripts/tests/unit/task-tracker/core/runtime-move-inprocess.test.mjs ... ok (246ms)
Fast lane (format, lint, unit + integration)	Unit tests	2026-10-03T10:26:08.1632591Z ▶ scripts/tests/unit/task-tracker/core/scope-pack.test.mjs ... ok (1.7s)
Fast lane (format, lint, unit + integration)	Unit tests	2026-10-03T10:26:08.1633233Z ▶ scripts/tests/unit/task-tracker/core/scope-rename.test.mjs ... ok (50ms)
Fast lane (format, lint, unit + integration)	Unit tests	2026-10-03T10:26:08.1633964Z ▶ scripts/tests/unit/task-tracker/core/scratch-tooling-ignore.test.mjs ... ok (48ms)
Fast lane (format, lint, unit + integration)	Unit tests	2026-10-03T10:26:08.1634679Z ▶ scripts/tests/unit/task-tracker/core/sequence-rules-docs.test.mjs ... ok (50ms)
Fast lane (format, lint, unit + integration)	Unit tests	2026-10-03T10:26:08.1635334Z ▶ scripts/tests/unit/task-tracker/core/session-boot.test.mjs ... ok (56ms)
Fast lane (format, lint, unit + integration)	Unit tests	2026-10-03T10:26:08.1636017Z ▶ scripts/tests/unit/task-tracker/core/session-state-template.test.mjs ... ok (53ms)
Fast lane (format, lint, unit + integration)	Unit tests	2026-10-03T10:26:08.1636739Z ▶ scripts/tests/unit/task-tracker/core/silent-catch-regression.test.mjs ... ok (53ms)
Fast lane (format, lint, unit + integration)	Unit tests	2026-10-03T10:26:08.1637411Z ▶ scripts/tests/unit/task-tracker/core/skill-carve.test.mjs ... ok (215ms)
Fast lane (format, lint, unit + integration)	Unit tests	2026-10-03T10:26:08.1638097Z ▶ scripts/tests/unit/task-tracker/core/skill-relocation-492.test.mjs ... ok (52ms)
Fast lane (format, lint, unit + integration)	Unit tests	2026-10-03T10:26:08.1638840Z ▶ scripts/tests/unit/task-tracker/core/skill-stub-seed-directive.test.mjs ... ok (233ms)
Fast lane (format, lint, unit + integration)	Unit tests	2026-10-03T10:26:08.1640017Z ▶ scripts/tests/unit/task-tracker/core/source-edit-post-develop-lock.test.mjs ... ok (127ms)
Fast lane (format, lint, unit + integration)	Unit tests	2026-10-03T10:26:08.1641010Z ▶ scripts/tests/unit/task-tracker/core/stage-rollup-seconds.test.mjs ... ok (117ms)
Fast lane (format, lint, unit + integration)	Unit tests	2026-10-03T10:26:08.1641755Z ▶ scripts/tests/unit/task-tracker/core/stage-rollup-visits.test.mjs ... ok (104ms)
Fast lane (format, lint, unit + integration)	Unit tests	2026-10-03T10:26:08.1642523Z ▶ scripts/tests/unit/task-tracker/core/state-machine-self-transition.test.mjs ... ok (249ms)
Fast lane (format, lint, unit + integration)	Unit tests	2026-10-03T10:26:08.1643246Z ▶ scripts/tests/unit/task-tracker/core/state-machine.test.mjs ... ok (61ms)
Fast lane (format, lint, unit + integration)	Unit tests	2026-10-03T10:26:08.1643919Z ▶ scripts/tests/unit/task-tracker/core/state-project-dir.test.mjs ... ok (80ms)
Fast lane (format, lint, unit + integration)	Unit tests	2026-10-03T10:26:08.1644695Z ▶ scripts/tests/unit/task-tracker/core/state-walk-ac-stamp-test-carveout.test.mjs ... ok (50ms)
Fast lane (format, lint, unit + integration)	Unit tests	2026-10-03T10:26:08.1645445Z ▶ scripts/tests/unit/task-tracker/core/switch-scenario.test.mjs ... ok (120ms)
Fast lane (format, lint, unit + integration)	Unit tests	2026-10-03T10:26:08.1646115Z ▶ scripts/tests/unit/task-tracker/core/sync-zero-values.test.mjs ... ok (82ms)
Fast lane (format, lint, unit + integration)	Unit tests	2026-10-03T10:26:08.1646862Z ▶ scripts/tests/unit/task-tracker/core/task-tracker-preflight-target.test.mjs ... ok (312ms)
Fast lane (format, lint, unit + integration)	Unit tests	2026-10-03T10:26:08.1647682Z ▶ scripts/tests/unit/task-tracker/core/timing-active-zero-regression.test.mjs ... ok (59ms)
Fast lane (format, lint, unit + integration)	Unit tests	2026-10-03T10:26:08.1648612Z ▶ scripts/tests/unit/task-tracker/core/timing-delta-source-regression.test.mjs ... ok (70ms)
Fast lane (format, lint, unit + integration)	Unit tests	2026-10-03T10:26:08.1649612Z ▶ scripts/tests/unit/task-tracker/core/timing-field-result.test.mjs ... ok (61ms)
Fast lane (format, lint, unit + integration)	Unit tests	2026-10-03T10:26:08.1650333Z ▶ scripts/tests/unit/task-tracker/core/timing-first-start.test.mjs ... ok (106ms)
Fast lane (format, lint, unit + integration)	Unit tests	2026-10-03T10:26:08.1651006Z ▶ scripts/tests/unit/task-tracker/core/timing-rollup.test.mjs ... ok (159ms)
Fast lane (format, lint, unit + integration)	Unit tests	2026-10-03T10:26:08.1651729Z ▶ scripts/tests/unit/task-tracker/core/timing-row-reader-structure.test.mjs ... ok (51ms)
Fast lane (format, lint, unit + integration)	Unit tests	2026-10-03T10:26:08.1652502Z ▶ scripts/tests/unit/task-tracker/core/timing-unknown-projection.test.mjs ... ok (279ms)
Fast lane (format, lint, unit + integration)	Unit tests	2026-10-03T10:26:08.1653281Z ▶ scripts/tests/unit/task-tracker/core/timing-word-marker-monotonic.test.mjs ... ok (134ms)
Fast lane (format, lint, unit + integration)	Unit tests	2026-10-03T10:26:08.1654091Z ▶ scripts/tests/unit/task-tracker/core/timing-word-marker-regression.test.mjs ... ok (64ms)
Fast lane (format, lint, unit + integration)	Unit tests	2026-10-03T10:26:08.1654796Z ▶ scripts/tests/unit/task-tracker/core/verb-locks.test.mjs ... ok (46ms)
Fast lane (format, lint, unit + integration)	Unit tests	2026-10-03T10:26:08.1655475Z ▶ scripts/tests/unit/task-tracker/core/verb-orphan-finalize.test.mjs ... ok (50ms)
Fast lane (format, lint, unit + integration)	Unit tests	2026-10-03T10:26:08.1656302Z ▶ scripts/tests/unit/task-tracker/core/verify-delivery-incident-reconciliation.test.mjs ... ok (283ms)
Fast lane (format, lint, unit + integration)	Unit tests	2026-10-03T10:26:08.1657098Z ▶ scripts/tests/unit/task-tracker/core/word-marker-advance.test.mjs ... ok (146ms)
Fast lane (format, lint, unit + integration)	Unit tests	2026-10-03T10:26:08.1657819Z ▶ scripts/tests/unit/task-tracker/core/worker-context-contract.test.mjs ... ok (65ms)
Fast lane (format, lint, unit + integration)	Unit tests	2026-10-03T10:26:08.1658486Z ▶ scripts/tests/unit/task-tracker/coverage-config.test.mjs ... ok (77ms)
Fast lane (format, lint, unit + integration)	Unit tests	2026-10-03T10:26:08.1659126Z ▶ scripts/tests/unit/task-tracker/cut-child-worktree.test.mjs ... ok (280ms)
Fast lane (format, lint, unit + integration)	Unit tests	2026-10-03T10:26:08.1660005Z ▶ scripts/tests/unit/task-tracker/cut-epic-branch.test.mjs ... ok (247ms)
Fast lane (format, lint, unit + integration)	Unit tests	2026-10-03T10:26:08.1660681Z ▶ scripts/tests/unit/task-tracker/epic-base-edit-guard.test.mjs ... ok (128ms)
Fast lane (format, lint, unit + integration)	Unit tests	2026-10-03T10:26:08.1661392Z ▶ scripts/tests/unit/task-tracker/epic-verify-trail-render.test.mjs ... ok (410ms)
Fast lane (format, lint, unit + integration)	Unit tests	2026-10-03T10:26:08.1662126Z ▶ scripts/tests/unit/task-tracker/gh/coverage-dispatch-prep.test.mjs ... ok (333ms)
Fast lane (format, lint, unit + integration)	Unit tests	2026-10-03T10:26:08.1662840Z ▶ scripts/tests/unit/task-tracker/gh/coverage-init-repair.test.mjs ... ok (268ms)
Fast lane (format, lint, unit + integration)	Unit tests	2026-10-03T10:26:08.1663549Z ▶ scripts/tests/unit/task-tracker/gh/coverage-set-priority.test.mjs ... ok (287ms)
Fast lane (format, lint, unit + integration)	Unit tests	2026-10-03T10:26:08.1664329Z ▶ scripts/tests/unit/task-tracker/gh/coverage-verify-open-issue-bodies.test.mjs ... ok (296ms)
Fast lane (format, lint, unit + integration)	Unit tests	2026-10-03T10:26:08.1665111Z ▶ scripts/tests/unit/task-tracker/gh/create-issue-kind-prefix.test.mjs ... ok (273ms)
Fast lane (format, lint, unit + integration)	Unit tests	2026-10-03T10:26:08.1665889Z ▶ scripts/tests/unit/task-tracker/gh/create-issue-resolve-assignee.test.mjs ... ok (246ms)
Fast lane (format, lint, unit + integration)	Unit tests	2026-10-03T10:26:08.1666648Z ▶ scripts/tests/unit/task-tracker/gh/dispatch-prep-inprocess.test.mjs ... ok (292ms)
Fast lane (format, lint, unit + integration)	Unit tests	2026-10-03T10:26:08.1667566Z ▶ scripts/tests/unit/task-tracker/gh/disposition-install-repair.test.mjs ... ok (279ms)
Fast lane (format, lint, unit + integration)	Unit tests	2026-10-03T10:26:08.1668306Z ▶ scripts/tests/unit/task-tracker/gh/entry-marker-scaffold.test.mjs ... ok (294ms)
Fast lane (format, lint, unit + integration)	Unit tests	2026-10-03T10:26:08.1669019Z ▶ scripts/tests/unit/task-tracker/gh/lib/bug-emoji-prefix.test.mjs ... ok (78ms)
Fast lane (format, lint, unit + integration)	Unit tests	2026-10-03T10:26:08.1669982Z ▶ scripts/tests/unit/task-tracker/gh/lib/coverage-github-projects.test.mjs ... ok (97ms)
Fast lane (format, lint, unit + integration)	Unit tests	2026-10-03T10:26:08.1670729Z ▶ scripts/tests/unit/task-tracker/gh/lib/coverage-list-issues.test.mjs ... ok (66ms)
Fast lane (format, lint, unit + integration)	Unit tests	2026-10-03T10:26:08.1671424Z ▶ scripts/tests/unit/task-tracker/gh/lib/epic-metadata.test.mjs ... ok (145ms)
Fast lane (format, lint, unit + integration)	Unit tests	2026-10-03T10:26:08.1672086Z ▶ scripts/tests/unit/task-tracker/gh/lib/epic-retitle.test.mjs ... ok (119ms)
Fast lane (format, lint, unit + integration)	Unit tests	2026-10-03T10:26:08.1672758Z ▶ scripts/tests/unit/task-tracker/gh/lib/field-defs-drift.test.mjs ... ok (50ms)
Fast lane (format, lint, unit + integration)	Unit tests	2026-10-03T10:26:08.1673441Z ▶ scripts/tests/unit/task-tracker/gh/lib/gh-retry-test-cap.test.mjs ... ok (66ms)
Fast lane (format, lint, unit + integration)	Unit tests	2026-10-03T10:26:08.1674120Z ▶ scripts/tests/unit/task-tracker/gh/lib/github-projects.test.mjs ... ok (71ms)
Fast lane (format, lint, unit + integration)	Unit tests	2026-10-03T10:26:08.1674849Z ▶ scripts/tests/unit/task-tracker/gh/lib/issue-template-prefix.test.mjs ... ok (87ms)
Fast lane (format, lint, unit + integration)	Unit tests	2026-10-03T10:26:08.1675750Z ▶ scripts/tests/unit/task-tracker/gh/lib/project-tether.test.mjs ... ok (126ms)
Fast lane (format, lint, unit + integration)	Unit tests	2026-10-03T10:26:08.1676435Z ▶ scripts/tests/unit/task-tracker/gh/lib/tether-rank-write.test.mjs ... ok (124ms)
Fast lane (format, lint, unit + integration)	Unit tests	2026-10-03T10:26:08.1677105Z ▶ scripts/tests/unit/task-tracker/gh/lib/title-prefix.test.mjs ... ok (71ms)
Fast lane (format, lint, unit + integration)	Unit tests	2026-10-03T10:26:08.1677756Z ▶ scripts/tests/unit/task-tracker/gh/lib/wave-admission.test.mjs ... ok (131ms)
Fast lane (format, lint, unit + integration)	Unit tests	2026-10-03T10:26:08.1678408Z ▶ scripts/tests/unit/task-tracker/gh/lib/wave-detect.test.mjs ... ok (88ms)
Fast lane (format, lint, unit + integration)	Unit tests	2026-10-03T10:26:08.1679048Z ▶ scripts/tests/unit/task-tracker/gh/lib/with-retry.test.mjs ... ok (64ms)
Fast lane (format, lint, unit + integration)	Unit tests	2026-10-03T10:26:08.1680242Z ▶ scripts/tests/unit/task-tracker/gh/log-issue-time-labels.test.mjs ... ok (276ms)
Fast lane (format, lint, unit + integration)	Unit tests	2026-10-03T10:26:08.1681006Z ▶ scripts/tests/unit/task-tracker/gh/move-state-host-returns.test.mjs ... ok (395ms)
Fast lane (format, lint, unit + integration)	Unit tests	2026-10-03T10:26:08.1681722Z ▶ scripts/tests/unit/task-tracker/gh/review-in-place.test.mjs ... ok (529ms)
Fast lane (format, lint, unit + integration)	Unit tests	2026-10-03T10:26:08.1682455Z ▶ scripts/tests/unit/task-tracker/gh/status-config-projections.test.mjs ... ok (279ms)
Fast lane (format, lint, unit + integration)	Unit tests	2026-10-03T10:26:08.1683193Z ▶ scripts/tests/unit/task-tracker/gh/verify-open-issue-bodies.test.mjs ... ok (274ms)
Fast lane (format, lint, unit + integration)	Unit tests	2026-10-03T10:26:08.1683961Z ▶ scripts/tests/unit/task-tracker/hooks/codex-prompt-timestamp-hook.test.mjs ... ok (49ms)
Fast lane (format, lint, unit + integration)	Unit tests	2026-10-03T10:26:08.1684734Z ▶ scripts/tests/unit/task-tracker/hooks/stop-audit-pause-resume.test.mjs ... ok (155ms)
Fast lane (format, lint, unit + integration)	Unit tests	2026-10-03T10:26:08.1685508Z ▶ scripts/tests/unit/task-tracker/kind-aware-dod.test.mjs ... ok (2.3s)
Fast lane (format, lint, unit + integration)	Unit tests	2026-10-03T10:26:08.1686263Z ▶ scripts/tests/unit/task-tracker/lib/ac-evidence-non-demonstrable-marker.test.mjs ... ok (165ms)
Fast lane (format, lint, unit + integration)	Unit tests	2026-10-03T10:26:08.1687050Z ▶ scripts/tests/unit/task-tracker/lib/ac-evidence-vc-list-774.test.mjs ... ok (111ms)
Fast lane (format, lint, unit + integration)	Unit tests	2026-10-03T10:26:08.1687727Z ▶ scripts/tests/unit/task-tracker/lib/ac-evidence.test.mjs ... ok (143ms)
Fast lane (format, lint, unit + integration)	Unit tests	2026-10-03T10:26:08.1688418Z ▶ scripts/tests/unit/task-tracker/lib/action-authority-cost.test.mjs ... ok (324ms)
Fast lane (format, lint, unit + integration)	Unit tests	2026-10-03T10:26:08.1689175Z ▶ scripts/tests/unit/task-tracker/lib/action-decision-contract.test.mjs ... ok (346ms)
Fast lane (format, lint, unit + integration)	Unit tests	2026-10-03T10:26:08.1690194Z ▶ scripts/tests/unit/task-tracker/lib/action-decision-v2.test.mjs ... ok (88ms)
Fast lane (format, lint, unit + integration)	Unit tests	2026-10-03T10:26:08.1690892Z ▶ scripts/tests/unit/task-tracker/lib/action-observations.test.mjs ... ok (111ms)
Fast lane (format, lint, unit + integration)	Unit tests	2026-10-03T10:26:08.1691967Z ▶ scripts/tests/unit/task-tracker/lib/action-presentation.test.mjs ... ok (153ms)
Fast lane (format, lint, unit + integration)	Unit tests	2026-10-03T10:26:08.1693337Z ▶ scripts/tests/unit/task-tracker/lib/action-session-observations.test.mjs ... ok (91ms)
Fast lane (format, lint, unit + integration)	Unit tests	2026-10-03T10:26:08.1694693Z ▶ scripts/tests/unit/task-tracker/lib/active-by-phase-spans.test.mjs ... ok (149ms)
Fast lane (format, lint, unit + integration)	Unit tests	2026-10-03T10:26:08.1695908Z ▶ scripts/tests/unit/task-tracker/lib/active-time.test.mjs ... ok (108ms)
Fast lane (format, lint, unit + integration)	Unit tests	2026-10-03T10:26:08.1697129Z ▶ scripts/tests/unit/task-tracker/lib/activity-guard-error.test.mjs ... ok (119ms)
Fast lane (format, lint, unit + integration)	Unit tests	2026-10-03T10:26:08.1698223Z ▶ scripts/tests/unit/task-tracker/lib/activity-guard-self-mod.test.mjs ... ok (69ms)
Fast lane (format, lint, unit + integration)	Unit tests	2026-10-03T10:26:08.1699022Z ▶ scripts/tests/unit/task-tracker/lib/activity-policy-classify-bash.test.mjs ... ok (262ms)
Fast lane (format, lint, unit + integration)	Unit tests	2026-10-03T10:26:08.1700649Z ▶ scripts/tests/unit/task-tracker/lib/activity-policy-classify-edit.test.mjs ... ok (170ms)
Fast lane (format, lint, unit + integration)	Unit tests	2026-10-03T10:26:08.1702023Z ▶ scripts/tests/unit/task-tracker/lib/actor-flush-journal.test.mjs ... ok (171ms)
Fast lane (format, lint, unit + integration)	Unit tests	2026-10-03T10:26:08.1703322Z ▶ scripts/tests/unit/task-tracker/lib/actor-queue-isolation.test.mjs ... ok (166ms)
Fast lane (format, lint, unit + integration)	Unit tests	2026-10-03T10:26:08.1704103Z ▶ scripts/tests/unit/task-tracker/lib/actor-state-isolation.test.mjs ... ok (143ms)
Fast lane (format, lint, unit + integration)	Unit tests	2026-10-03T10:26:08.1704808Z ▶ scripts/tests/unit/task-tracker/lib/adjacent-word-delta.test.mjs ... ok (164ms)
Fast lane (format, lint, unit + integration)	Unit tests	2026-10-03T10:26:08.1705520Z ▶ scripts/tests/unit/task-tracker/lib/agent-review-nat-escape.test.mjs ... ok (164ms)
Fast lane (format, lint, unit + integration)	Unit tests	2026-10-03T10:26:08.1706366Z ▶ scripts/tests/unit/task-tracker/lib/agent-review/approve-agent-review-complete.test.mjs ... ok (741ms)
Fast lane (format, lint, unit + integration)	Unit tests	2026-10-03T10:26:08.1707314Z ▶ scripts/tests/unit/task-tracker/lib/agent-review/registry.test.mjs ... ok (82ms)
Fast lane (format, lint, unit + integration)	Unit tests	2026-10-03T10:26:08.1708274Z ▶ scripts/tests/unit/task-tracker/lib/agent-review/review-gate.test.mjs ... ok (153ms)
Fast lane (format, lint, unit + integration)	Unit tests	2026-10-03T10:26:08.1709074Z ▶ scripts/tests/unit/task-tracker/lib/agent-review/review-proven-box.test.mjs ... ok (162ms)
Fast lane (format, lint, unit + integration)	Unit tests	2026-10-03T10:26:08.1710994Z ▶ scripts/tests/unit/task-tracker/lib/agent-review/validators/ac-dod-vc-attributes.test.mjs ... ok (168ms)
Fast lane (format, lint, unit + integration)	Unit tests	2026-10-03T10:26:08.1712583Z ▶ scripts/tests/unit/task-tracker/lib/agent-review/validators/body-sections.test.mjs ... ok (189ms)
Fast lane (format, lint, unit + integration)	Unit tests	2026-10-03T10:26:08.1714128Z ▶ scripts/tests/unit/task-tracker/lib/agent-review/validators/gate-refused-audit-slug.test.mjs ... ok (100ms)
Fast lane (format, lint, unit + integration)	Unit tests	2026-10-03T10:26:08.1715827Z ▶ scripts/tests/unit/task-tracker/lib/agent-review/validators/new-tests-content.test.mjs ... ok (170ms)
Fast lane (format, lint, unit + integration)	Unit tests	2026-10-03T10:26:08.1717493Z ▶ scripts/tests/unit/task-tracker/lib/agent-review/validators/required-comments.test.mjs ... ok (180ms)
Fast lane (format, lint, unit + integration)	Unit tests	2026-10-03T10:26:08.1719565Z ▶ scripts/tests/unit/task-tracker/lib/agent-review/validators/timing-log-sequence-audit-rows.test.mjs ... ok (85ms)
Fast lane (format, lint, unit + integration)	Unit tests	2026-10-03T10:26:08.1721689Z ▶ scripts/tests/unit/task-tracker/lib/agent-review/validators/timing-log-sequence-update-slug.test.mjs ... ok (86ms)
Fast lane (format, lint, unit + integration)	Unit tests	2026-10-03T10:26:08.1723508Z ▶ scripts/tests/unit/task-tracker/lib/agent-review/validators/timing-log-sequence.test.mjs ... ok (234ms)
Fast lane (format, lint, unit + integration)	Unit tests	2026-10-03T10:26:08.1725185Z ▶ scripts/tests/unit/task-tracker/lib/agent-review/validators/v6-marker-organization.test.mjs ... ok (172ms)
Fast lane (format, lint, unit + integration)	Unit tests	2026-10-03T10:26:08.1726632Z ▶ scripts/tests/unit/task-tracker/lib/aitm-path-guard.test.mjs ... ok (213ms)
Fast lane (format, lint, unit + integration)	Unit tests	2026-10-03T10:26:08.1727918Z ▶ scripts/tests/unit/task-tracker/lib/apply-patch-targets.test.mjs ... ok (69ms)
Fast lane (format, lint, unit + integration)	Unit tests	2026-10-03T10:26:08.1729530Z ▶ scripts/tests/unit/task-tracker/lib/apply-refinement-estimate.test.mjs ... ok (124ms)
Fast lane (format, lint, unit + integration)	Unit tests	2026-10-03T10:26:08.1730932Z ▶ scripts/tests/unit/task-tracker/lib/apply-review-delta.test.mjs ... ok (67ms)
Fast lane (format, lint, unit + integration)	Unit tests	2026-10-03T10:26:08.1732157Z ▶ scripts/tests/unit/task-tracker/lib/argv-strict.test.mjs ... ok (77ms)
Fast lane (format, lint, unit + integration)	Unit tests	2026-10-03T10:26:08.1733567Z ▶ scripts/tests/unit/task-tracker/lib/assigned-status-migration.test.mjs ... ok (153ms)
Fast lane (format, lint, unit + integration)	Unit tests	2026-10-03T10:26:08.1734925Z ▶ scripts/tests/unit/task-tracker/lib/assignee-guard.test.mjs ... ok (77ms)
Fast lane (format, lint, unit + integration)	Unit tests	2026-10-03T10:26:08.1735815Z ▶ scripts/tests/unit/task-tracker/lib/assignment-lock.test.mjs ... ok (161ms)
Fast lane (format, lint, unit + integration)	Unit tests	2026-10-03T10:26:08.1736580Z ▶ scripts/tests/unit/task-tracker/lib/assignment-snapshot.test.mjs ... ok (114ms)
Fast lane (format, lint, unit + integration)	Unit tests	2026-10-03T10:26:08.1737277Z ▶ scripts/tests/unit/task-tracker/lib/audit-lane-e2e-494.test.mjs ... ok (244ms)
Fast lane (format, lint, unit + integration)	Unit tests	2026-10-03T10:26:08.1737943Z ▶ scripts/tests/unit/task-tracker/lib/audit-line-cap-loc.test.mjs ... ok (76ms)
Fast lane (format, lint, unit + integration)	Unit tests	2026-10-03T10:26:08.1738633Z ▶ scripts/tests/unit/task-tracker/lib/audit-top-level-writes.test.mjs ... ok (85ms)
Fast lane (format, lint, unit + integration)	Unit tests	2026-10-03T10:26:08.1739868Z ▶ scripts/tests/unit/task-tracker/lib/auto-mode.test.mjs ... ok (306ms)
Fast lane (format, lint, unit + integration)	Unit tests	2026-10-03T10:26:08.1740695Z ▶ scripts/tests/unit/task-tracker/lib/auto-tick-functional-vc-list.test.mjs ... ok (107ms)
Fast lane (format, lint, unit + integration)	Unit tests	2026-10-03T10:26:08.1741701Z ▶ scripts/tests/unit/task-tracker/lib/auto-tick-legacy-cmd-compat.test.mjs ... ok (80ms)
Fast lane (format, lint, unit + integration)	Unit tests	2026-10-03T10:26:08.1742460Z ▶ scripts/tests/unit/task-tracker/lib/auto-tick-vc-ref-fanin.test.mjs ... ok (90ms)
Fast lane (format, lint, unit + integration)	Unit tests	2026-10-03T10:26:08.1743160Z ▶ scripts/tests/unit/task-tracker/lib/auto-tick-verified.test.mjs ... ok (106ms)
Fast lane (format, lint, unit + integration)	Unit tests	2026-10-03T10:26:08.1743819Z ▶ scripts/tests/unit/task-tracker/lib/backfill-holes.test.mjs ... ok (352ms)
Fast lane (format, lint, unit + integration)	Unit tests	2026-10-03T10:26:08.1744598Z ▶ scripts/tests/unit/task-tracker/lib/backlog-exit-child-parent-state-guard.test.mjs ... ok (125ms)
Fast lane (format, lint, unit + integration)	Unit tests	2026-10-03T10:26:08.1745403Z ▶ scripts/tests/unit/task-tracker/lib/beta-report-title-reconcile.test.mjs ... ok (56ms)
Fast lane (format, lint, unit + integration)	Unit tests	2026-10-03T10:26:08.1746093Z ▶ scripts/tests/unit/task-tracker/lib/bind-context.test.mjs ... ok (161ms)
Fast lane (format, lint, unit + integration)	Unit tests	2026-10-03T10:26:08.1746709Z ▶ scripts/tests/unit/task-tracker/lib/bind-event.test.mjs ... ok (104ms)
Fast lane (format, lint, unit + integration)	Unit tests	2026-10-03T10:26:08.1747345Z ▶ scripts/tests/unit/task-tracker/lib/bind-reseed-e2e.test.mjs ... ok (161ms)
Fast lane (format, lint, unit + integration)	Unit tests	2026-10-03T10:26:08.1748062Z ▶ scripts/tests/unit/task-tracker/lib/blast-radius-guard-adoption.test.mjs ... ok (74ms)
Fast lane (format, lint, unit + integration)	Unit tests	2026-10-03T10:26:08.1748904Z ▶ scripts/tests/unit/task-tracker/lib/blast-radius-guard.test.mjs ... ok (72ms)
Fast lane (format, lint, unit + integration)	Unit tests	2026-10-03T10:26:08.1749969Z ▶ scripts/tests/unit/task-tracker/lib/blocked-by-field.test.mjs ... ok (79ms)
Fast lane (format, lint, unit + integration)	Unit tests	2026-10-03T10:26:08.1750663Z ▶ scripts/tests/unit/task-tracker/lib/blocked-by-guard.test.mjs ... ok (244ms)
Fast lane (format, lint, unit + integration)	Unit tests	2026-10-03T10:26:08.1751315Z ▶ scripts/tests/unit/task-tracker/lib/blocked-marker.test.mjs ... ok (78ms)
Fast lane (format, lint, unit + integration)	Unit tests	2026-10-03T10:26:08.1751996Z ▶ scripts/tests/unit/task-tracker/lib/body-gates-entry-guard.test.mjs ... ok (164ms)
Fast lane (format, lint, unit + integration)	Unit tests	2026-10-03T10:26:08.1752645Z ▶ scripts/tests/unit/task-tracker/lib/body-gates.test.mjs ... ok (148ms)
Fast lane (format, lint, unit + integration)	Unit tests	2026-10-03T10:26:08.1753646Z ▶ scripts/tests/unit/task-tracker/lib/body-invariants-non-demonstrable-marker.test.mjs ... ok (123ms)
Fast lane (format, lint, unit + integration)	Unit tests	2026-10-03T10:26:08.1754499Z ▶ scripts/tests/unit/task-tracker/lib/body-invariants-section-loss.test.mjs ... ok (147ms)
Fast lane (format, lint, unit + integration)	Unit tests	2026-10-03T10:26:08.1755218Z ▶ scripts/tests/unit/task-tracker/lib/body-invariants.test.mjs ... ok (130ms)
Fast lane (format, lint, unit + integration)	Unit tests	2026-10-03T10:26:08.1755862Z ▶ scripts/tests/unit/task-tracker/lib/body-version.test.mjs ... ok (68ms)
Fast lane (format, lint, unit + integration)	Unit tests	2026-10-03T10:26:08.1756608Z ▶ scripts/tests/unit/task-tracker/lib/bound-state-session-authoritative.test.mjs ... ok (128ms)
Fast lane (format, lint, unit + integration)	Unit tests	2026-10-03T10:26:08.1757403Z ▶ scripts/tests/unit/task-tracker/lib/bound-worktree-project-dir.test.mjs ... ok (123ms)
Fast lane (format, lint, unit + integration)	Unit tests	2026-10-03T10:26:08.1758082Z ▶ scripts/tests/unit/task-tracker/lib/branch-name.test.mjs ... ok (77ms)
Fast lane (format, lint, unit + integration)	Unit tests	2026-10-03T10:26:08.1758734Z ▶ scripts/tests/unit/task-tracker/lib/bug-bash-disposition.test.mjs ... ok (63ms)
Fast lane (format, lint, unit + integration)	Unit tests	2026-10-03T10:26:08.1759804Z ▶ scripts/tests/unit/task-tracker/lib/cascade-child-close-fail-closed.test.mjs ... ok (70ms)
Fast lane (format, lint, unit + integration)	Unit tests	2026-10-03T10:26:08.1760586Z ▶ scripts/tests/unit/task-tracker/lib/checkbox-proof-marker.test.mjs ... ok (119ms)
Fast lane (format, lint, unit + integration)	Unit tests	2026-10-03T10:26:08.1761294Z ▶ scripts/tests/unit/task-tracker/lib/checklist-command-lint.test.mjs ... ok (82ms)
Fast lane (format, lint, unit + integration)	Unit tests	2026-10-03T10:26:08.1762036Z ▶ scripts/tests/unit/task-tracker/lib/child-cannot-lead-epic-gate.test.mjs ... ok (98ms)
Fast lane (format, lint, unit + integration)	Unit tests	2026-10-03T10:26:08.1762772Z ▶ scripts/tests/unit/task-tracker/lib/claude-bash-allowlist.test.mjs ... ok (869ms)
Fast lane (format, lint, unit + integration)	Unit tests	2026-10-03T10:26:08.1763451Z ▶ scripts/tests/unit/task-tracker/lib/cleanup-base-aware.test.mjs ... ok (72ms)
Fast lane (format, lint, unit + integration)	Unit tests	2026-10-03T10:26:08.1764161Z ▶ scripts/tests/unit/task-tracker/lib/close-convergence-finalize.test.mjs ... ok (139ms)
Fast lane (format, lint, unit + integration)	Unit tests	2026-10-03T10:26:08.1764863Z ▶ scripts/tests/unit/task-tracker/lib/close-convergence.test.mjs ... ok (142ms)
Fast lane (format, lint, unit + integration)	Unit tests	2026-10-03T10:26:08.1765516Z ▶ scripts/tests/unit/task-tracker/lib/close-cross-close.test.mjs ... ok (576ms)
Fast lane (format, lint, unit + integration)	Unit tests	2026-10-03T10:26:08.1766169Z ▶ scripts/tests/unit/task-tracker/lib/close-disposition.test.mjs ... ok (119ms)
Fast lane (format, lint, unit + integration)	Unit tests	2026-10-03T10:26:08.1766798Z ▶ scripts/tests/unit/task-tracker/lib/close-drain.test.mjs ... ok (199ms)
Fast lane (format, lint, unit + integration)	Unit tests	2026-10-03T10:26:08.1767436Z ▶ scripts/tests/unit/task-tracker/lib/close-fail-closed.test.mjs ... ok (137ms)
Fast lane (format, lint, unit + integration)	Unit tests	2026-10-03T10:26:08.1768274Z ▶ scripts/tests/unit/task-tracker/lib/close-force-atomic.test.mjs ... ok (137ms)
Fast lane (format, lint, unit + integration)	Unit tests	2026-10-03T10:26:08.1768954Z ▶ scripts/tests/unit/task-tracker/lib/close-gate-order.test.mjs ... ok (135ms)
Fast lane (format, lint, unit + integration)	Unit tests	2026-10-03T10:26:08.1769859Z ▶ scripts/tests/unit/task-tracker/lib/close-gates-lineage.test.mjs ... ok (198ms)
Fast lane (format, lint, unit + integration)	Unit tests	2026-10-03T10:26:08.1770510Z ▶ scripts/tests/unit/task-tracker/lib/close-gates.test.mjs ... ok (177ms)
Fast lane (format, lint, unit + integration)	Unit tests	2026-10-03T10:26:08.1771136Z ▶ scripts/tests/unit/task-tracker/lib/close-repair.test.mjs ... ok (512ms)
Fast lane (format, lint, unit + integration)	Unit tests	2026-10-03T10:26:08.1771863Z ▶ scripts/tests/unit/task-tracker/lib/close-terminal-false-open-guard.test.mjs ... ok (145ms)
Fast lane (format, lint, unit + integration)	Unit tests	2026-10-03T10:26:08.1772705Z ▶ scripts/tests/unit/task-tracker/lib/close-terminal-stderr-classification.test.mjs ... ok (143ms)
Fast lane (format, lint, unit + integration)	Unit tests	2026-10-03T10:26:08.1773505Z ▶ scripts/tests/unit/task-tracker/lib/close-timeout-killed-move.test.mjs ... ok (155ms)
Fast lane (format, lint, unit + integration)	Unit tests	2026-10-03T10:26:08.1774274Z ▶ scripts/tests/unit/task-tracker/lib/close-waived-delivery-receipt.test.mjs ... ok (138ms)
Fast lane (format, lint, unit + integration)	Unit tests	2026-10-03T10:26:08.1775020Z ▶ scripts/tests/unit/task-tracker/lib/closed-issue-actions.test.mjs ... ok (151ms)
Fast lane (format, lint, unit + integration)	Unit tests	2026-10-03T10:26:08.1775880Z ▶ scripts/tests/unit/task-tracker/lib/closed-issue-integrity.test.mjs ... ok (159ms)
Fast lane (format, lint, unit + integration)	Unit tests	2026-10-03T10:26:08.1776668Z ▶ scripts/tests/unit/task-tracker/lib/closed-issue-recovery-live-state.test.mjs ... ok (155ms)
Fast lane (format, lint, unit + integration)	Unit tests	2026-10-03T10:26:08.1777463Z ▶ scripts/tests/unit/task-tracker/lib/closed-issue-recovery-reason.test.mjs ... ok (134ms)
Fast lane (format, lint, unit + integration)	Unit tests	2026-10-03T10:26:08.1778201Z ▶ scripts/tests/unit/task-tracker/lib/closed-issue-recovery.test.mjs ... ok (177ms)
Fast lane (format, lint, unit + integration)	Unit tests	2026-10-03T10:26:08.1778956Z ▶ scripts/tests/unit/task-tracker/lib/cloud-test/performance-baseline.test.mjs ... ok (103ms)
Fast lane (format, lint, unit + integration)	Unit tests	2026-10-03T10:26:08.1779990Z ▶ scripts/tests/unit/task-tracker/lib/code-complete-gate-audit-494.test.mjs ... ok (147ms)
Fast lane (format, lint, unit + integration)	Unit tests	2026-10-03T10:26:08.1780814Z ▶ scripts/tests/unit/task-tracker/lib/code-complete-gate-non-demonstrable.test.mjs ... ok (139ms)
Fast lane (format, lint, unit + integration)	Unit tests	2026-10-03T10:26:08.1781659Z ▶ scripts/tests/unit/task-tracker/lib/code-complete-gate.test.mjs ... ok (153ms)
Fast lane (format, lint, unit + integration)	Unit tests	2026-10-03T10:26:08.1782610Z ▶ scripts/tests/unit/task-tracker/lib/codex-superpowers.test.mjs ... ok (155ms)
Fast lane (format, lint, unit + integration)	Unit tests	2026-10-03T10:26:08.1783617Z ▶ scripts/tests/unit/task-tracker/lib/command-catalog-parser-policy.test.mjs ... ok (115ms)
Fast lane (format, lint, unit + integration)	Unit tests	2026-10-03T10:26:08.1784618Z ▶ scripts/tests/unit/task-tracker/lib/command-catalog-policy.test.mjs ... ok (134ms)
Fast lane (format, lint, unit + integration)	Unit tests	2026-10-03T10:26:08.1785578Z ▶ scripts/tests/unit/task-tracker/lib/commit-attribution-format.test.mjs ... ok (81ms)
Fast lane (format, lint, unit + integration)	Unit tests	2026-10-03T10:26:08.1786809Z ▶ scripts/tests/unit/task-tracker/lib/commit-attribution.test.mjs ... ok (80ms)
Fast lane (format, lint, unit + integration)	Unit tests	2026-10-03T10:26:08.1788097Z ▶ scripts/tests/unit/task-tracker/lib/commit-trail-head-gate.test.mjs ... ok (117ms)
Fast lane (format, lint, unit + integration)	Unit tests	2026-10-03T10:26:08.1789583Z ▶ scripts/tests/unit/task-tracker/lib/commit-trail-ledger.test.mjs ... ok (88ms)
Fast lane (format, lint, unit + integration)	Unit tests	2026-10-03T10:26:08.1790779Z ▶ scripts/tests/unit/task-tracker/lib/commit-trail.test.mjs ... ok (97ms)
Fast lane (format, lint, unit + integration)	Unit tests	2026-10-03T10:26:08.1792002Z ▶ scripts/tests/unit/task-tracker/lib/commits-on-trunk-gate.test.mjs ... ok (1.4s)
Fast lane (format, lint, unit + integration)	Unit tests	2026-10-03T10:26:08.1793319Z ▶ scripts/tests/unit/task-tracker/lib/config-init/config-init.test.mjs ... ok (100ms)
Fast lane (format, lint, unit + integration)	Unit tests	2026-10-03T10:26:08.1794873Z ▶ scripts/tests/unit/task-tracker/lib/config-init/project-workflow-compatibility.test.mjs ... ok (70ms)
Fast lane (format, lint, unit + integration)	Unit tests	2026-10-03T10:26:08.1796215Z ▶ scripts/tests/unit/task-tracker/lib/config.test.mjs ... ok (334ms)
Fast lane (format, lint, unit + integration)	Unit tests	2026-10-03T10:26:08.1797519Z ▶ scripts/tests/unit/task-tracker/lib/consecutive-promotes-no-reconcile.test.mjs ... ok (1.0s)
Fast lane (format, lint, unit + integration)	Unit tests	2026-10-03T10:26:08.1798845Z ▶ scripts/tests/unit/task-tracker/lib/context-budgets.test.mjs ... ok (69ms)
Fast lane (format, lint, unit + integration)	Unit tests	2026-10-03T10:26:08.1800209Z ▶ scripts/tests/unit/task-tracker/lib/contiguity-guard.test.mjs ... ok (132ms)
Fast lane (format, lint, unit + integration)	Unit tests	2026-10-03T10:26:08.1801546Z ▶ scripts/tests/unit/task-tracker/lib/coverage-apply-reevaluate.test.mjs ... ok (126ms)
Fast lane (format, lint, unit + integration)	Unit tests	2026-10-03T10:26:08.1802933Z ▶ scripts/tests/unit/task-tracker/lib/coverage-apply-review-delta.test.mjs ... ok (93ms)
Fast lane (format, lint, unit + integration)	Unit tests	2026-10-03T10:26:08.1804223Z ▶ scripts/tests/unit/task-tracker/lib/coverage-approve.test.mjs ... ok (762ms)
Fast lane (format, lint, unit + integration)	Unit tests	2026-10-03T10:26:08.1805623Z ▶ scripts/tests/unit/task-tracker/lib/coverage-block.test.mjs ... ok (175ms)
Fast lane (format, lint, unit + integration)	Unit tests	2026-10-03T10:26:08.1806929Z ▶ scripts/tests/unit/task-tracker/lib/coverage-blocked-by-field.test.mjs ... ok (64ms)
Fast lane (format, lint, unit + integration)	Unit tests	2026-10-03T10:26:08.1808221Z ▶ scripts/tests/unit/task-tracker/lib/coverage-demote.test.mjs ... ok (392ms)
Fast lane (format, lint, unit + integration)	Unit tests	2026-10-03T10:26:08.1809773Z ▶ scripts/tests/unit/task-tracker/lib/coverage-heal-backlog-cli.test.mjs ... ok (442ms)
Fast lane (format, lint, unit + integration)	Unit tests	2026-10-03T10:26:08.1811039Z ▶ scripts/tests/unit/task-tracker/lib/coverage-plan.test.mjs ... ok (381ms)
Fast lane (format, lint, unit + integration)	Unit tests	2026-10-03T10:26:08.1812260Z ▶ scripts/tests/unit/task-tracker/lib/coverage-reconcile.test.mjs ... ok (503ms)
Fast lane (format, lint, unit + integration)	Unit tests	2026-10-03T10:26:08.1813637Z ▶ scripts/tests/unit/task-tracker/lib/coverage-refine-to-plan-gate.test.mjs ... ok (130ms)
Fast lane (format, lint, unit + integration)	Unit tests	2026-10-03T10:26:08.1814967Z ▶ scripts/tests/unit/task-tracker/lib/coverage-review.test.mjs ... ok (601ms)
Fast lane (format, lint, unit + integration)	Unit tests	2026-10-03T10:26:08.1816253Z ▶ scripts/tests/unit/task-tracker/lib/coverage-stamp-start-time.test.mjs ... ok (98ms)
Fast lane (format, lint, unit + integration)	Unit tests	2026-10-03T10:26:08.1817632Z ▶ scripts/tests/unit/task-tracker/lib/coverage-state-recording.test.mjs ... ok (164ms)
Fast lane (format, lint, unit + integration)	Unit tests	2026-10-03T10:26:08.1819110Z ▶ scripts/tests/unit/task-tracker/lib/coverage-supersede.test.mjs ... ok (676ms)
Fast lane (format, lint, unit + integration)	Unit tests	2026-10-03T10:26:08.1821330Z ▶ scripts/tests/unit/task-tracker/lib/coverage-unblock.test.mjs ... ok (157ms)
Fast lane (format, lint, unit + integration)	Unit tests	2026-10-03T10:26:08.1822673Z ▶ scripts/tests/unit/task-tracker/lib/coverage-unpark-dependents.test.mjs ... ok (99ms)
Fast lane (format, lint, unit + integration)	Unit tests	2026-10-03T10:26:08.1824024Z ▶ scripts/tests/unit/task-tracker/lib/coverage-verb-preflight.test.mjs ... ok (263ms)
Fast lane (format, lint, unit + integration)	Unit tests	2026-10-03T10:26:08.1825504Z ▶ scripts/tests/unit/task-tracker/lib/create-issue-parent-state-fail-closed.test.mjs ... ok (64ms)
Fast lane (format, lint, unit + integration)	Unit tests	2026-10-03T10:26:08.1827066Z ▶ scripts/tests/unit/task-tracker/lib/current-schema-issue-authoring.test.mjs ... ok (7.4s)
Fast lane (format, lint, unit + integration)	Unit tests	2026-10-03T10:26:08.1828550Z ▶ scripts/tests/unit/task-tracker/lib/decomposition-delivery-readiness.test.mjs ... ok (192ms)
Fast lane (format, lint, unit + integration)	Unit tests	2026-10-03T10:26:08.1830169Z ▶ scripts/tests/unit/task-tracker/lib/decomposition-plan-exit-gate.test.mjs ... ok (832ms)
Fast lane (format, lint, unit + integration)	Unit tests	2026-10-03T10:26:08.1831583Z ▶ scripts/tests/unit/task-tracker/lib/decomposition-policy.test.mjs ... ok (193ms)
Fast lane (format, lint, unit + integration)	Unit tests	2026-10-03T10:26:08.1832994Z ▶ scripts/tests/unit/task-tracker/lib/deep-dive-appendix-validation.test.mjs ... ok (116ms)
Fast lane (format, lint, unit + integration)	Unit tests	2026-10-03T10:26:08.1834477Z ▶ scripts/tests/unit/task-tracker/lib/deep-dive-gate-size-floor.test.mjs ... ok (158ms)
Fast lane (format, lint, unit + integration)	Unit tests	2026-10-03T10:26:08.1835751Z ▶ scripts/tests/unit/task-tracker/lib/deep-dive-gate.test.mjs ... ok (145ms)
Fast lane (format, lint, unit + integration)	Unit tests	2026-10-03T10:26:08.1837125Z ▶ scripts/tests/unit/task-tracker/lib/deep-dive-section-boundary-724.test.mjs ... ok (136ms)
Fast lane (format, lint, unit + integration)	Unit tests	2026-10-03T10:26:08.1838431Z ▶ scripts/tests/unit/task-tracker/lib/defect-hint-498.test.mjs ... ok (149ms)
Fast lane (format, lint, unit + integration)	Unit tests	2026-10-03T10:26:08.1839929Z ▶ scripts/tests/unit/task-tracker/lib/delivered-close-supersession.test.mjs ... ok (158ms)
Fast lane (format, lint, unit + integration)	Unit tests	2026-10-03T10:26:08.1841513Z ▶ scripts/tests/unit/task-tracker/lib/delivery-attribution-exception-record.test.mjs ... ok (107ms)
Fast lane (format, lint, unit + integration)	Unit tests	2026-10-03T10:26:08.1843064Z ▶ scripts/tests/unit/task-tracker/lib/delivery-attribution-exception.test.mjs ... ok (84ms)
Fast lane (format, lint, unit + integration)	Unit tests	2026-10-03T10:26:08.1844441Z ▶ scripts/tests/unit/task-tracker/lib/delivery-attribution.test.mjs ... ok (145ms)
Fast lane (format, lint, unit + integration)	Unit tests	2026-10-03T10:26:08.1845746Z ▶ scripts/tests/unit/task-tracker/lib/delivery-authority.test.mjs ... ok (82ms)
Fast lane (format, lint, unit + integration)	Unit tests	2026-10-03T10:26:08.1847064Z ▶ scripts/tests/unit/task-tracker/lib/delivery-default-refusals.test.mjs ... ok (260ms)
Fast lane (format, lint, unit + integration)	Unit tests	2026-10-03T10:26:08.1848582Z ▶ scripts/tests/unit/task-tracker/lib/delivery-default-squash-attribution.test.mjs ... ok (155ms)
Fast lane (format, lint, unit + integration)	Unit tests	2026-10-03T10:26:08.1850425Z ▶ scripts/tests/unit/task-tracker/lib/delivery-incident-delivered-selection.test.mjs ... ok (167ms)
Fast lane (format, lint, unit + integration)	Unit tests	2026-10-03T10:26:08.1851958Z ▶ scripts/tests/unit/task-tracker/lib/delivery-incident-reconciliation.test.mjs ... ok (174ms)
Fast lane (format, lint, unit + integration)	Unit tests	2026-10-03T10:26:08.1853333Z ▶ scripts/tests/unit/task-tracker/lib/delivery-incident-records.test.mjs ... ok (207ms)
Fast lane (format, lint, unit + integration)	Unit tests	2026-10-03T10:26:08.1854647Z ▶ scripts/tests/unit/task-tracker/lib/delivery-integration-proof.test.mjs ... ok (77ms)
Fast lane (format, lint, unit + integration)	Unit tests	2026-10-03T10:26:08.1856415Z ▶ scripts/tests/unit/task-tracker/lib/delivery-method-reconciliation-regression.test.mjs ... ok (120ms)
Fast lane (format, lint, unit + integration)	Unit tests	2026-10-03T10:26:08.1858086Z ▶ scripts/tests/unit/task-tracker/lib/delivery-method-reconciliation.test.mjs ... ok (88ms)
Fast lane (format, lint, unit + integration)	Unit tests	2026-10-03T10:26:08.1859733Z ▶ scripts/tests/unit/task-tracker/lib/delivery-multi-source-squash.test.mjs ... ok (138ms)
Fast lane (format, lint, unit + integration)	Unit tests	2026-10-03T10:26:08.1861203Z ▶ scripts/tests/unit/task-tracker/lib/delivery-observe-merge-method.test.mjs ... ok (137ms)
Fast lane (format, lint, unit + integration)	Unit tests	2026-10-03T10:26:08.1863302Z ▶ scripts/tests/unit/task-tracker/lib/delivery-observed-receipt.test.mjs ... ok (168ms)
Fast lane (format, lint, unit + integration)	Unit tests	2026-10-03T10:26:08.1864718Z ▶ scripts/tests/unit/task-tracker/lib/delivery-provider-action.test.mjs ... ok (131ms)
Fast lane (format, lint, unit + integration)	Unit tests	2026-10-03T10:26:08.1866069Z ▶ scripts/tests/unit/task-tracker/lib/delivery-real-pr-evidence.test.mjs ... ok (131ms)
Fast lane (format, lint, unit + integration)	Unit tests	2026-10-03T10:26:08.1867337Z ▶ scripts/tests/unit/task-tracker/lib/delivery-records.test.mjs ... ok (194ms)
Fast lane (format, lint, unit + integration)	Unit tests	2026-10-03T10:26:08.1868765Z ▶ scripts/tests/unit/task-tracker/lib/delivery-review-authority-runtime.test.mjs ... ok (138ms)
Fast lane (format, lint, unit + integration)	Unit tests	2026-10-03T10:26:08.1870862Z ▶ scripts/tests/unit/task-tracker/lib/delivery-verification-attribution.test.mjs ... ok (175ms)
Fast lane (format, lint, unit + integration)	Unit tests	2026-10-03T10:26:08.1872651Z ▶ scripts/tests/unit/task-tracker/lib/delivery-verification-catalog-ids.test.mjs ... ok (122ms)
Fast lane (format, lint, unit + integration)	Unit tests	2026-10-03T10:26:08.1874140Z ▶ scripts/tests/unit/task-tracker/lib/delivery-waived-receipt.test.mjs ... ok (301ms)
Fast lane (format, lint, unit + integration)	Unit tests	2026-10-03T10:26:08.1875605Z ▶ scripts/tests/unit/task-tracker/lib/delivery-waiver-authority.test.mjs ... ok (130ms)
Fast lane (format, lint, unit + integration)	Unit tests	2026-10-03T10:26:08.1877021Z ▶ scripts/tests/unit/task-tracker/lib/delivery-waiver-close-recovery.test.mjs ... ok (371ms)
Fast lane (format, lint, unit + integration)	Unit tests	2026-10-03T10:26:08.1878435Z ▶ scripts/tests/unit/task-tracker/lib/delivery-waiver-consumption.test.mjs ... ok (210ms)
Fast lane (format, lint, unit + integration)	Unit tests	2026-10-03T10:26:08.1880108Z ▶ scripts/tests/unit/task-tracker/lib/delivery-waiver-reverification.test.mjs ... ok (239ms)
Fast lane (format, lint, unit + integration)	Unit tests	2026-10-03T10:26:08.1881387Z ▶ scripts/tests/unit/task-tracker/lib/delivery-waiver-scope.test.mjs ... ok (86ms)
Fast lane (format, lint, unit + integration)	Unit tests	2026-10-03T10:26:08.1882584Z ▶ scripts/tests/unit/task-tracker/lib/demonstrable-ac-gate.test.mjs ... ok (120ms)
Fast lane (format, lint, unit + integration)	Unit tests	2026-10-03T10:26:08.1883764Z ▶ scripts/tests/unit/task-tracker/lib/derive-drivers.test.mjs ... ok (80ms)
Fast lane (format, lint, unit + integration)	Unit tests	2026-10-03T10:26:08.1885128Z ▶ scripts/tests/unit/task-tracker/lib/develop-epic-children-done-guard.test.mjs ... ok (157ms)
Fast lane (format, lint, unit + integration)	Unit tests	2026-10-03T10:26:08.1886597Z ▶ scripts/tests/unit/task-tracker/lib/develop-exit-explanation-1781.test.mjs ... ok (122ms)
Fast lane (format, lint, unit + integration)	Unit tests	2026-10-03T10:26:08.1888086Z ▶ scripts/tests/unit/task-tracker/lib/develop-exit-sandbox-proof-guard.test.mjs ... ok (186ms)
Fast lane (format, lint, unit + integration)	Unit tests	2026-10-03T10:26:08.1909875Z ▶ scripts/tests/unit/task-tracker/lib/develop-test-boundary.test.mjs ... ok (150ms)
Fast lane (format, lint, unit + integration)	Unit tests	2026-10-03T10:26:08.1911300Z ▶ scripts/tests/unit/task-tracker/lib/develop-verification-steps.test.mjs ... ok (88ms)
Fast lane (format, lint, unit + integration)	Unit tests	2026-10-03T10:26:08.1912617Z ▶ scripts/tests/unit/task-tracker/lib/dirty-workspace.test.mjs ... ok (119ms)
Fast lane (format, lint, unit + integration)	Unit tests	2026-10-03T10:26:08.1913837Z ▶ scripts/tests/unit/task-tracker/lib/discover-cancel.test.mjs ... ok (126ms)
Fast lane (format, lint, unit + integration)	Unit tests	2026-10-03T10:26:08.1915114Z ▶ scripts/tests/unit/task-tracker/lib/discuss-banner-format.test.mjs ... ok (141ms)
Fast lane (format, lint, unit + integration)	Unit tests	2026-10-03T10:26:08.1916449Z ▶ scripts/tests/unit/task-tracker/lib/discuss-block-guard.test.mjs ... ok (277ms)
Fast lane (format, lint, unit + integration)	Unit tests	2026-10-03T10:26:08.1917663Z ▶ scripts/tests/unit/task-tracker/lib/discuss-label.test.mjs ... ok (133ms)
Fast lane (format, lint, unit + integration)	Unit tests	2026-10-03T10:26:08.1918866Z ▶ scripts/tests/unit/task-tracker/lib/discuss-marker.test.mjs ... ok (166ms)
Fast lane (format, lint, unit + integration)	Unit tests	2026-10-03T10:26:08.1920272Z ▶ scripts/tests/unit/task-tracker/lib/docs-only-kind-dod.test.mjs ... ok (1.3s)
Fast lane (format, lint, unit + integration)	Unit tests	2026-10-03T10:26:08.1921485Z ▶ scripts/tests/unit/task-tracker/lib/dod-kind-heal.test.mjs ... ok (117ms)
Fast lane (format, lint, unit + integration)	Unit tests	2026-10-03T10:26:08.1922707Z ▶ scripts/tests/unit/task-tracker/lib/dod-stamp-lock-env.test.mjs ... ok (117ms)
Fast lane (format, lint, unit + integration)	Unit tests	2026-10-03T10:26:08.1923945Z ▶ scripts/tests/unit/task-tracker/lib/dod-stamp-vc-list.test.mjs ... ok (97ms)
Fast lane (format, lint, unit + integration)	Unit tests	2026-10-03T10:26:08.1925248Z ▶ scripts/tests/unit/task-tracker/lib/dod-stamp-vc-reconcile.test.mjs ... ok (111ms)
Fast lane (format, lint, unit + integration)	Unit tests	2026-10-03T10:26:08.1926852Z ▶ scripts/tests/unit/task-tracker/lib/drift-reconcile-reason.test.mjs ... ok (150ms)
Fast lane (format, lint, unit + integration)	Unit tests	2026-10-03T10:26:08.1928347Z ▶ scripts/tests/unit/task-tracker/lib/dual-form-declaration.test.mjs ... ok (101ms)
Fast lane (format, lint, unit + integration)	Unit tests	2026-10-03T10:26:08.1929720Z ▶ scripts/tests/unit/task-tracker/lib/duration.test.mjs ... ok (61ms)
Fast lane (format, lint, unit + integration)	Unit tests	2026-10-03T10:26:08.1930999Z ▶ scripts/tests/unit/task-tracker/lib/ensure-deep-dive-replace.test.mjs ... ok (140ms)
Fast lane (format, lint, unit + integration)	Unit tests	2026-10-03T10:26:08.1932261Z ▶ scripts/tests/unit/task-tracker/lib/ensure-deep-dive.test.mjs ... ok (137ms)
Fast lane (format, lint, unit + integration)	Unit tests	2026-10-03T10:26:08.1933521Z ▶ scripts/tests/unit/task-tracker/lib/ensure-self-link.test.mjs ... ok (295ms)
Fast lane (format, lint, unit + integration)	Unit tests	2026-10-03T10:26:08.1934758Z ▶ scripts/tests/unit/task-tracker/lib/ensure-worktree-seeded.test.mjs ... ok (234ms)
Fast lane (format, lint, unit + integration)	Unit tests	2026-10-03T10:26:08.1936227Z ▶ scripts/tests/unit/task-tracker/lib/entry-marker-contiguity-recovery.test.mjs ... ok (369ms)
Fast lane (format, lint, unit + integration)	Unit tests	2026-10-03T10:26:08.1937682Z ▶ scripts/tests/unit/task-tracker/lib/entrypoint-guard-convention.test.mjs ... ok (50ms)
Fast lane (format, lint, unit + integration)	Unit tests	2026-10-03T10:26:08.1939048Z ▶ scripts/tests/unit/task-tracker/lib/enumerator-migration.test.mjs ... ok (168ms)
Fast lane (format, lint, unit + integration)	Unit tests	2026-10-03T10:26:08.1970418Z ▶ scripts/tests/unit/task-tracker/lib/epic-ac-child-bijection.test.mjs ... ok (87ms)
Fast lane (format, lint, unit + integration)	Unit tests	2026-10-03T10:26:08.1971489Z ▶ scripts/tests/unit/task-tracker/lib/epic-ac-commit-citation.test.mjs ... ok (181ms)
Fast lane (format, lint, unit + integration)	Unit tests	2026-10-03T10:26:08.1972271Z ▶ scripts/tests/unit/task-tracker/lib/epic-ac-reconciled-gate.test.mjs ... ok (142ms)
Fast lane (format, lint, unit + integration)	Unit tests	2026-10-03T10:26:08.1972983Z ▶ scripts/tests/unit/task-tracker/lib/epic-base-guard.test.mjs ... ok (65ms)
Fast lane (format, lint, unit + integration)	Unit tests	2026-10-03T10:26:08.1973727Z ▶ scripts/tests/unit/task-tracker/lib/epic-child-disposition-gate.test.mjs ... ok (196ms)
Fast lane (format, lint, unit + integration)	Unit tests	2026-10-03T10:26:08.1974513Z ▶ scripts/tests/unit/task-tracker/lib/epic-children-gate-blocked.test.mjs ... ok (446ms)
Fast lane (format, lint, unit + integration)	Unit tests	2026-10-03T10:26:08.1975270Z ▶ scripts/tests/unit/task-tracker/lib/epic-children-gate-core.test.mjs ... ok (182ms)
Fast lane (format, lint, unit + integration)	Unit tests	2026-10-03T10:26:08.1976014Z ▶ scripts/tests/unit/task-tracker/lib/epic-derived-commit-trail.test.mjs ... ok (73ms)
Fast lane (format, lint, unit + integration)	Unit tests	2026-10-03T10:26:08.1976758Z ▶ scripts/tests/unit/task-tracker/lib/epic-orchestration-plan.test.mjs ... ok (295ms)
Fast lane (format, lint, unit + integration)	Unit tests	2026-10-03T10:26:08.1977514Z ▶ scripts/tests/unit/task-tracker/lib/epic-r4p-orchestration.test.mjs ... ok (388ms)
Fast lane (format, lint, unit + integration)	Unit tests	2026-10-03T10:26:08.1978341Z ▶ scripts/tests/unit/task-tracker/lib/estimation/cascade-outcome-authority.test.mjs ... ok (122ms)
Fast lane (format, lint, unit + integration)	Unit tests	2026-10-03T10:26:08.1979138Z ▶ scripts/tests/unit/task-tracker/lib/estimation/forecast-model.test.mjs ... ok (94ms)
Fast lane (format, lint, unit + integration)	Unit tests	2026-10-03T10:26:08.1980149Z ▶ scripts/tests/unit/task-tracker/lib/estimation/outcome-builder.test.mjs ... ok (98ms)
Fast lane (format, lint, unit + integration)	Unit tests	2026-10-03T10:26:08.1980978Z ▶ scripts/tests/unit/task-tracker/lib/estimation/outcome-delivery-proof.test.mjs ... ok (81ms)
Fast lane (format, lint, unit + integration)	Unit tests	2026-10-03T10:26:08.1981811Z ▶ scripts/tests/unit/task-tracker/lib/estimation/outcome-telemetry.test.mjs ... ok (211ms)
Fast lane (format, lint, unit + integration)	Unit tests	2026-10-03T10:26:08.1982587Z ▶ scripts/tests/unit/task-tracker/lib/estimation/outcome-writer.test.mjs ... ok (146ms)
Fast lane (format, lint, unit + integration)	Unit tests	2026-10-03T10:26:08.1983400Z ▶ scripts/tests/unit/task-tracker/lib/estimation/plan-estimate-authority.test.mjs ... ok (155ms)
Fast lane (format, lint, unit + integration)	Unit tests	2026-10-03T10:26:08.1984171Z ▶ scripts/tests/unit/task-tracker/lib/estimation/records.test.mjs ... ok (202ms)
Fast lane (format, lint, unit + integration)	Unit tests	2026-10-03T10:26:08.1984915Z ▶ scripts/tests/unit/task-tracker/lib/estimation/rubric-model.test.mjs ... ok (125ms)
Fast lane (format, lint, unit + integration)	Unit tests	2026-10-03T10:26:08.1985686Z ▶ scripts/tests/unit/task-tracker/lib/estimation/rubric-refresh.test.mjs ... ok (134ms)
Fast lane (format, lint, unit + integration)	Unit tests	2026-10-03T10:26:08.1986459Z ▶ scripts/tests/unit/task-tracker/lib/evidence-marker-backfill.test.mjs ... ok (138ms)
Fast lane (format, lint, unit + integration)	Unit tests	2026-10-03T10:26:08.1987237Z ▶ scripts/tests/unit/task-tracker/lib/evidence-marker-preflight.test.mjs ... ok (155ms)
Fast lane (format, lint, unit + integration)	Unit tests	2026-10-03T10:26:08.1988011Z ▶ scripts/tests/unit/task-tracker/lib/evidence-markers-consolidated.test.mjs ... ok (45ms)
Fast lane (format, lint, unit + integration)	Unit tests	2026-10-03T10:26:08.1988758Z ▶ scripts/tests/unit/task-tracker/lib/evidence-markers-emit.test.mjs ... ok (105ms)
Fast lane (format, lint, unit + integration)	Unit tests	2026-10-03T10:26:08.1989719Z ▶ scripts/tests/unit/task-tracker/lib/evidence-markers.test.mjs ... ok (53ms)
Fast lane (format, lint, unit + integration)	Unit tests	2026-10-03T10:26:08.1990456Z ▶ scripts/tests/unit/task-tracker/lib/evidence-runner-splitcmd.test.mjs ... ok (64ms)
Fast lane (format, lint, unit + integration)	Unit tests	2026-10-03T10:26:08.1991384Z ▶ scripts/tests/unit/task-tracker/lib/evidence-v2/acceptance.test.mjs ... ok (100ms)
Fast lane (format, lint, unit + integration)	Unit tests	2026-10-03T10:26:08.1992112Z ▶ scripts/tests/unit/task-tracker/lib/evidence-v2/close-machine.test.mjs ... ok (64ms)
Fast lane (format, lint, unit + integration)	Unit tests	2026-10-03T10:26:08.1992818Z ▶ scripts/tests/unit/task-tracker/lib/evidence-v2/codec.test.mjs ... ok (124ms)
Fast lane (format, lint, unit + integration)	Unit tests	2026-10-03T10:26:08.1993489Z ▶ scripts/tests/unit/task-tracker/lib/evidence-v2/cycles.test.mjs ... ok (104ms)
Fast lane (format, lint, unit + integration)	Unit tests	2026-10-03T10:26:08.1994161Z ▶ scripts/tests/unit/task-tracker/lib/evidence-v2/delivery.test.mjs ... ok (194ms)
Fast lane (format, lint, unit + integration)	Unit tests	2026-10-03T10:26:08.1994852Z ▶ scripts/tests/unit/task-tracker/lib/evidence-v2/eligibility.test.mjs ... ok (74ms)
Fast lane (format, lint, unit + integration)	Unit tests	2026-10-03T10:26:08.1995601Z ▶ scripts/tests/unit/task-tracker/lib/evidence-v2/execution-context.test.mjs ... ok (140ms)
Fast lane (format, lint, unit + integration)	Unit tests	2026-10-03T10:26:08.1996342Z ▶ scripts/tests/unit/task-tracker/lib/evidence-v2/migration.test.mjs ... ok (85ms)
Fast lane (format, lint, unit + integration)	Unit tests	2026-10-03T10:26:08.1997023Z ▶ scripts/tests/unit/task-tracker/lib/evidence-v2/protocol.test.mjs ... ok (123ms)
Fast lane (format, lint, unit + integration)	Unit tests	2026-10-03T10:26:08.1997785Z ▶ scripts/tests/unit/task-tracker/lib/evidence-v2/runtime-capabilities.test.mjs ... ok (74ms)
Fast lane (format, lint, unit + integration)	Unit tests	2026-10-03T10:26:08.1998638Z ▶ scripts/tests/unit/task-tracker/lib/evidence-v2/subject.test.mjs ... ok (84ms)
Fast lane (format, lint, unit + integration)	Unit tests	2026-10-03T10:26:08.1999636Z ▶ scripts/tests/unit/task-tracker/lib/executable-entrypoint-classification.test.mjs ... ok (215ms)
Fast lane (format, lint, unit + integration)	Unit tests	2026-10-03T10:26:08.2000412Z ▶ scripts/tests/unit/task-tracker/lib/fabrication-guard.test.mjs ... ok (156ms)
Fast lane (format, lint, unit + integration)	Unit tests	2026-10-03T10:26:08.2001157Z ▶ scripts/tests/unit/task-tracker/lib/false-delivery-close-recovery.test.mjs ... ok (185ms)
Fast lane (format, lint, unit + integration)	Unit tests	2026-10-03T10:26:08.2001910Z ▶ scripts/tests/unit/task-tracker/lib/find-unit-tests.test.mjs ... ok (154ms)
Fast lane (format, lint, unit + integration)	Unit tests	2026-10-03T10:26:08.2002563Z ▶ scripts/tests/unit/task-tracker/lib/flock-contention.test.mjs ... ok (477ms)
Fast lane (format, lint, unit + integration)	Unit tests	2026-10-03T10:26:08.2003225Z ▶ scripts/tests/unit/task-tracker/lib/full-auto-footnote.test.mjs ... ok (120ms)
Fast lane (format, lint, unit + integration)	Unit tests	2026-10-03T10:26:08.2003913Z ▶ scripts/tests/unit/task-tracker/lib/full-auto-merge-config.test.mjs ... ok (61ms)
Fast lane (format, lint, unit + integration)	Unit tests	2026-10-03T10:26:08.2004636Z ▶ scripts/tests/unit/task-tracker/lib/full-auto-merge-execute.test.mjs ... ok (94ms)
Fast lane (format, lint, unit + integration)	Unit tests	2026-10-03T10:26:08.2005343Z ▶ scripts/tests/unit/task-tracker/lib/full-auto-merge-path.test.mjs ... ok (53ms)
Fast lane (format, lint, unit + integration)	Unit tests	2026-10-03T10:26:08.2006046Z ▶ scripts/tests/unit/task-tracker/lib/functional-dod-evidence.test.mjs ... ok (83ms)
Fast lane (format, lint, unit + integration)	Unit tests	2026-10-03T10:26:08.2006761Z ▶ scripts/tests/unit/task-tracker/lib/functional-dod-exec.test.mjs ... ok (78ms)
Fast lane (format, lint, unit + integration)	Unit tests	2026-10-03T10:26:08.2007456Z ▶ scripts/tests/unit/task-tracker/lib/functional-dod-pretick.test.mjs ... ok (36ms)
Fast lane (format, lint, unit + integration)	Unit tests	2026-10-03T10:26:08.2008152Z ▶ scripts/tests/unit/task-tracker/lib/functional-dod-project.test.mjs ... ok (95ms)
Fast lane (format, lint, unit + integration)	Unit tests	2026-10-03T10:26:08.2008850Z ▶ scripts/tests/unit/task-tracker/lib/functional-dod-vc-list.test.mjs ... ok (89ms)
Fast lane (format, lint, unit + integration)	Unit tests	2026-10-03T10:26:08.2009763Z ▶ scripts/tests/unit/task-tracker/lib/gated-delivery.test.mjs ... ok (61ms)
Fast lane (format, lint, unit + integration)	Unit tests	2026-10-03T10:26:08.2010472Z ▶ scripts/tests/unit/task-tracker/lib/gh-edit-guard-api-create.test.mjs ... ok (58ms)
Fast lane (format, lint, unit + integration)	Unit tests	2026-10-03T10:26:08.2011185Z ▶ scripts/tests/unit/task-tracker/lib/gh-edit-guard-body.test.mjs ... ok (58ms)
Fast lane (format, lint, unit + integration)	Unit tests	2026-10-03T10:26:08.2011931Z ▶ scripts/tests/unit/task-tracker/lib/gh-edit-guard-chain-segmentation.test.mjs ... ok (79ms)
Fast lane (format, lint, unit + integration)	Unit tests	2026-10-03T10:26:08.2012721Z ▶ scripts/tests/unit/task-tracker/lib/gh-edit-guard-create-core.test.mjs ... ok (39ms)
Fast lane (format, lint, unit + integration)	Unit tests	2026-10-03T10:26:08.2013467Z ▶ scripts/tests/unit/task-tracker/lib/gh-edit-guard-create-guard.test.mjs ... ok (48ms)
Fast lane (format, lint, unit + integration)	Unit tests	2026-10-03T10:26:08.2014206Z ▶ scripts/tests/unit/task-tracker/lib/gh-edit-guard-no-diff-path.test.mjs ... ok (79ms)
Fast lane (format, lint, unit + integration)	Unit tests	2026-10-03T10:26:08.2015003Z ▶ scripts/tests/unit/task-tracker/lib/gh-edit-guard-protected-comments.test.mjs ... ok (74ms)
Fast lane (format, lint, unit + integration)	Unit tests	2026-10-03T10:26:08.2015823Z ▶ scripts/tests/unit/task-tracker/lib/gh-timing-comment-timeout-default.test.mjs ... ok (125ms)
Fast lane (format, lint, unit + integration)	Unit tests	2026-10-03T10:26:08.2016653Z ▶ scripts/tests/unit/task-tracker/lib/github-comment-store-error-cause.test.mjs ... ok (103ms)
Fast lane (format, lint, unit + integration)	Unit tests	2026-10-03T10:26:08.2017448Z ▶ scripts/tests/unit/task-tracker/lib/github-records/authority-locator.test.mjs ... ok (59ms)
Fast lane (format, lint, unit + integration)	Unit tests	2026-10-03T10:26:08.2018380Z ▶ scripts/tests/unit/task-tracker/lib/github-records/capsule-chain.test.mjs ... ok (113ms)
Fast lane (format, lint, unit + integration)	Unit tests	2026-10-03T10:26:08.2019162Z ▶ scripts/tests/unit/task-tracker/lib/github-records/contract-source.test.mjs ... ok (176ms)
Fast lane (format, lint, unit + integration)	Unit tests	2026-10-03T10:26:08.2020208Z ▶ scripts/tests/unit/task-tracker/lib/github-records/coordination-authority.test.mjs ... ok (183ms)
Fast lane (format, lint, unit + integration)	Unit tests	2026-10-03T10:26:08.2021050Z ▶ scripts/tests/unit/task-tracker/lib/github-records/delivery-contract.test.mjs ... ok (130ms)
Fast lane (format, lint, unit + integration)	Unit tests	2026-10-03T10:26:08.2021868Z ▶ scripts/tests/unit/task-tracker/lib/github-records/github-comment-store.test.mjs ... ok (257ms)
Fast lane (format, lint, unit + integration)	Unit tests	2026-10-03T10:26:08.2022664Z ▶ scripts/tests/unit/task-tracker/lib/github-records/insights-export.test.mjs ... ok (260ms)
Fast lane (format, lint, unit + integration)	Unit tests	2026-10-03T10:26:08.2023440Z ▶ scripts/tests/unit/task-tracker/lib/github-records/issue-directory.test.mjs ... ok (64ms)
Fast lane (format, lint, unit + integration)	Unit tests	2026-10-03T10:26:08.2024244Z ▶ scripts/tests/unit/task-tracker/lib/github-records/lifecycle-gate-source.test.mjs ... ok (111ms)
Fast lane (format, lint, unit + integration)	Unit tests	2026-10-03T10:26:08.2025082Z ▶ scripts/tests/unit/task-tracker/lib/github-records/lifecycle-transition.test.mjs ... ok (149ms)
Fast lane (format, lint, unit + integration)	Unit tests	2026-10-03T10:26:08.2026024Z ▶ scripts/tests/unit/task-tracker/lib/github-records/record-envelope.test.mjs ... ok (324ms)
Fast lane (format, lint, unit + integration)	Unit tests	2026-10-03T10:26:08.2026943Z ▶ scripts/tests/unit/task-tracker/lib/github-records/work-assignment-authority-adversarial.test.mjs ... ok (325ms)
Fast lane (format, lint, unit + integration)	Unit tests	2026-10-03T10:26:08.2027940Z ▶ scripts/tests/unit/task-tracker/lib/github-records/work-assignment-multi-replacement.test.mjs ... ok (979ms)
Fast lane (format, lint, unit + integration)	Unit tests	2026-10-03T10:26:08.2028903Z ▶ scripts/tests/unit/task-tracker/lib/github-records/work-assignment-nested-authority.test.mjs ... ok (388ms)
Fast lane (format, lint, unit + integration)	Unit tests	2026-10-03T10:26:08.2030156Z ▶ scripts/tests/unit/task-tracker/lib/github-records/work-assignment-predecessor-capability.test.mjs ... ok (158ms)
Fast lane (format, lint, unit + integration)	Unit tests	2026-10-03T10:26:08.2031186Z ▶ scripts/tests/unit/task-tracker/lib/github-records/work-assignment-replacement-capability.test.mjs ... ok (658ms)
Fast lane (format, lint, unit + integration)	Unit tests	2026-10-03T10:26:08.2032181Z ▶ scripts/tests/unit/task-tracker/lib/github-records/work-assignment-snapshot-boundary.test.mjs ... ok (546ms)
Fast lane (format, lint, unit + integration)	Unit tests	2026-10-03T10:26:08.2033084Z ▶ scripts/tests/unit/task-tracker/lib/github-records/work-assignment-temporal.test.mjs ... ok (376ms)
Fast lane (format, lint, unit + integration)	Unit tests	2026-10-03T10:26:08.2033914Z ▶ scripts/tests/unit/task-tracker/lib/github-records/work-assignment.test.mjs ... ok (1.4s)
Fast lane (format, lint, unit + integration)	Unit tests	2026-10-03T10:26:08.2034649Z ▶ scripts/tests/unit/task-tracker/lib/graph-node-authority.test.mjs ... ok (78ms)
Fast lane (format, lint, unit + integration)	Unit tests	2026-10-03T10:26:08.2035311Z ▶ scripts/tests/unit/task-tracker/lib/graphql-float.test.mjs ... ok (276ms)
Fast lane (format, lint, unit + integration)	Unit tests	2026-10-03T10:26:08.2035958Z ▶ scripts/tests/unit/task-tracker/lib/graphql-params.test.mjs ... ok (457ms)
Fast lane (format, lint, unit + integration)	Unit tests	2026-10-03T10:26:08.2036678Z ▶ scripts/tests/unit/task-tracker/lib/guard-entrypoint-resolution.test.mjs ... ok (142ms)
Fast lane (format, lint, unit + integration)	Unit tests	2026-10-03T10:26:08.2037424Z ▶ scripts/tests/unit/task-tracker/lib/guard-parity-done-stages.test.mjs ... ok (260ms)
Fast lane (format, lint, unit + integration)	Unit tests	2026-10-03T10:26:08.2038171Z ▶ scripts/tests/unit/task-tracker/lib/guard-parity-early-stages.test.mjs ... ok (347ms)
Fast lane (format, lint, unit + integration)	Unit tests	2026-10-03T10:26:08.2039095Z ▶ scripts/tests/unit/task-tracker/lib/guard-parity-mid-stages.test.mjs ... ok (329ms)
Fast lane (format, lint, unit + integration)	Unit tests	2026-10-03T10:26:08.2040065Z ▶ scripts/tests/unit/task-tracker/lib/guard-parity-plan-develop.test.mjs ... ok (383ms)
Fast lane (format, lint, unit + integration)	Unit tests	2026-10-03T10:26:08.2040815Z ▶ scripts/tests/unit/task-tracker/lib/guard-parity-review-done.test.mjs ... ok (362ms)
Fast lane (format, lint, unit + integration)	Unit tests	2026-10-03T10:26:08.2041563Z ▶ scripts/tests/unit/task-tracker/lib/guard-registry-entry-fields.test.mjs ... ok (297ms)
Fast lane (format, lint, unit + integration)	Unit tests	2026-10-03T10:26:08.2042300Z ▶ scripts/tests/unit/task-tracker/lib/guard-registry-plan-exit.test.mjs ... ok (334ms)
Fast lane (format, lint, unit + integration)	Unit tests	2026-10-03T10:26:08.2043040Z ▶ scripts/tests/unit/task-tracker/lib/guard-registry-review-exit.test.mjs ... ok (354ms)
Fast lane (format, lint, unit + integration)	Unit tests	2026-10-03T10:26:08.2043810Z ▶ scripts/tests/unit/task-tracker/lib/guard-structural-completeness.test.mjs ... ok (180ms)
Fast lane (format, lint, unit + integration)	Unit tests	2026-10-03T10:26:08.2044514Z ▶ scripts/tests/unit/task-tracker/lib/guidance-cache.test.mjs ... ok (262ms)
Fast lane (format, lint, unit + integration)	Unit tests	2026-10-03T10:26:08.2045244Z ▶ scripts/tests/unit/task-tracker/lib/guidance-candidate-measurement.test.mjs ... ok (15.5s)
Fast lane (format, lint, unit + integration)	Unit tests	2026-10-03T10:26:08.2046021Z ▶ scripts/tests/unit/task-tracker/lib/guidance-candidate-oracle.test.mjs ... ok (179ms)
Fast lane (format, lint, unit + integration)	Unit tests	2026-10-03T10:26:08.2046904Z ▶ scripts/tests/unit/task-tracker/lib/guidance-characterization.test.mjs ... ok (45.8s)
Fast lane (format, lint, unit + integration)	Unit tests	2026-10-03T10:26:08.2047631Z ▶ scripts/tests/unit/task-tracker/lib/guidance-clause-index.test.mjs ... ok (105ms)
Fast lane (format, lint, unit + integration)	Unit tests	2026-10-03T10:26:08.2048350Z ▶ scripts/tests/unit/task-tracker/lib/guidance-legacy-authority.test.mjs ... ok (96ms)
Fast lane (format, lint, unit + integration)	Unit tests	2026-10-03T10:26:08.2049105Z ▶ scripts/tests/unit/task-tracker/lib/guidance-legacy-baseline.test.mjs ... ok (90ms)
Fast lane (format, lint, unit + integration)	Unit tests	2026-10-03T10:26:08.2050093Z ▶ scripts/tests/unit/task-tracker/lib/guidance-legacy-inventory.test.mjs ... ok (5.0s)
Fast lane (format, lint, unit + integration)	Unit tests	2026-10-03T10:26:08.2050821Z ▶ scripts/tests/unit/task-tracker/lib/guidance-legacy-transport.test.mjs ... ok (73ms)
Fast lane (format, lint, unit + integration)	Unit tests	2026-10-03T10:26:08.2051546Z ▶ scripts/tests/unit/task-tracker/lib/guidance-receipts.test.mjs ... ok (86ms)
Fast lane (format, lint, unit + integration)	Unit tests	2026-10-03T10:26:08.2052243Z ▶ scripts/tests/unit/task-tracker/lib/guidance-rule-coverage.test.mjs ... ok (438ms)
Fast lane (format, lint, unit + integration)	Unit tests	2026-10-03T10:26:08.2052945Z ▶ scripts/tests/unit/task-tracker/lib/guidance-validator.test.mjs ... ok (1.8s)
Fast lane (format, lint, unit + integration)	Unit tests	2026-10-03T10:26:08.2053727Z ▶ scripts/tests/unit/task-tracker/lib/heal-entry-markers-delegates.test.mjs ... ok (349ms)
Fast lane (format, lint, unit + integration)	Unit tests	2026-10-03T10:26:08.2054452Z ▶ scripts/tests/unit/task-tracker/lib/heal-lifecycle-dod.test.mjs ... ok (233ms)
Fast lane (format, lint, unit + integration)	Unit tests	2026-10-03T10:26:08.2055467Z ▶ scripts/tests/unit/task-tracker/lib/heal-timing-departure-repair.test.mjs ... ok (283ms)
Fast lane (format, lint, unit + integration)	Unit tests	2026-10-03T10:26:08.2056849Z ▶ scripts/tests/unit/task-tracker/lib/heal-timing-interval.test.mjs ... ok (171ms)
Fast lane (format, lint, unit + integration)	Unit tests	2026-10-03T10:26:08.2057702Z ▶ scripts/tests/unit/task-tracker/lib/heal-timing-log.test.mjs ... ok (184ms)
Fast lane (format, lint, unit + integration)	Unit tests	2026-10-03T10:26:08.2058371Z ▶ scripts/tests/unit/task-tracker/lib/heal-timing-starts.test.mjs ... ok (42ms)
Fast lane (format, lint, unit + integration)	Unit tests	2026-10-03T10:26:08.2059040Z ▶ scripts/tests/unit/task-tracker/lib/heal-timing-sweep.test.mjs ... ok (50ms)
Fast lane (format, lint, unit + integration)	Unit tests	2026-10-03T10:26:08.2060027Z ▶ scripts/tests/unit/task-tracker/lib/heal-vc-refs.test.mjs ... ok (250ms)
Fast lane (format, lint, unit + integration)	Unit tests	2026-10-03T10:26:08.2060720Z ▶ scripts/tests/unit/task-tracker/lib/human-reviewer-audit.test.mjs ... ok (168ms)
Fast lane (format, lint, unit + integration)	Unit tests	2026-10-03T10:26:08.2061422Z ▶ scripts/tests/unit/task-tracker/lib/incident-epic-close.test.mjs ... ok (178ms)
Fast lane (format, lint, unit + integration)	Unit tests	2026-10-03T10:26:08.2062102Z ▶ scripts/tests/unit/task-tracker/lib/incorporated-close.test.mjs ... ok (202ms)
Fast lane (format, lint, unit + integration)	Unit tests	2026-10-03T10:26:08.2062852Z ▶ scripts/tests/unit/task-tracker/lib/init-project-config-create.test.mjs ... ok (1.2s)
Fast lane (format, lint, unit + integration)	Unit tests	2026-10-03T10:26:08.2063571Z ▶ scripts/tests/unit/task-tracker/lib/init-project-config.test.mjs ... ok (1.2s)
Fast lane (format, lint, unit + integration)	Unit tests	2026-10-03T10:26:08.2064220Z ▶ scripts/tests/unit/task-tracker/lib/init-repair.test.mjs ... ok (1.5s)
Fast lane (format, lint, unit + integration)	Unit tests	2026-10-03T10:26:08.2064893Z ▶ scripts/tests/unit/task-tracker/lib/install-claude-command.test.mjs ... ok (342ms)
Fast lane (format, lint, unit + integration)	Unit tests	2026-10-03T10:26:08.2065614Z ▶ scripts/tests/unit/task-tracker/lib/install-skill-version.test.mjs ... ok (290ms)
Fast lane (format, lint, unit + integration)	Unit tests	2026-10-03T10:26:08.2066250Z ▶ scripts/tests/unit/task-tracker/lib/install.test.mjs ... ok (3.0s)
Fast lane (format, lint, unit + integration)	Unit tests	2026-10-03T10:26:08.2067058Z ▶ scripts/tests/unit/task-tracker/lib/issue-body-push.test.mjs ... ok (46ms)
Fast lane (format, lint, unit + integration)	Unit tests	2026-10-03T10:26:08.2067953Z ▶ scripts/tests/unit/task-tracker/lib/issue-kind.test.mjs ... ok (89ms)
Fast lane (format, lint, unit + integration)	Unit tests	2026-10-03T10:26:08.2068850Z ▶ scripts/tests/unit/task-tracker/lib/issue-lock-reentrancy.test.mjs ... ok (256ms)
Fast lane (format, lint, unit + integration)	Unit tests	2026-10-03T10:26:08.2070000Z ▶ scripts/tests/unit/task-tracker/lib/issue-worktree-location.test.mjs ... ok (135ms)
Fast lane (format, lint, unit + integration)	Unit tests	2026-10-03T10:26:08.2070953Z ▶ scripts/tests/unit/task-tracker/lib/lane-split-ac-floor.test.mjs ... ok (126ms)
Fast lane (format, lint, unit + integration)	Unit tests	2026-10-03T10:26:08.2071672Z ▶ scripts/tests/unit/task-tracker/lib/lane-split-dod-stamp.test.mjs ... ok (79ms)
Fast lane (format, lint, unit + integration)	Unit tests	2026-10-03T10:26:08.2072346Z ▶ scripts/tests/unit/task-tracker/lib/lane-split-heal.test.mjs ... ok (74ms)
Fast lane (format, lint, unit + integration)	Unit tests	2026-10-03T10:26:08.2073056Z ▶ scripts/tests/unit/task-tracker/lib/lane-split-recognition.test.mjs ... ok (106ms)
Fast lane (format, lint, unit + integration)	Unit tests	2026-10-03T10:26:08.2073719Z ▶ scripts/tests/unit/task-tracker/lib/lane-taxonomy.test.mjs ... ok (90ms)
Fast lane (format, lint, unit + integration)	Unit tests	2026-10-03T10:26:08.2074345Z ▶ scripts/tests/unit/task-tracker/lib/lifecycle-dod.test.mjs ... ok (87ms)
Fast lane (format, lint, unit + integration)	Unit tests	2026-10-03T10:26:08.2075065Z ▶ scripts/tests/unit/task-tracker/lib/lifecycle-history-actions.test.mjs ... ok (333ms)
Fast lane (format, lint, unit + integration)	Unit tests	2026-10-03T10:26:08.2075951Z ▶ scripts/tests/unit/task-tracker/lib/lifecycle-policy.test.mjs ... ok (94ms)
Fast lane (format, lint, unit + integration)	Unit tests	2026-10-03T10:26:08.2076646Z ▶ scripts/tests/unit/task-tracker/lib/lifecycle-satisfaction.test.mjs ... ok (149ms)
Fast lane (format, lint, unit + integration)	Unit tests	2026-10-03T10:26:08.2077377Z ▶ scripts/tests/unit/task-tracker/lib/local-trunk-close-receipt.test.mjs ... ok (346ms)
Fast lane (format, lint, unit + integration)	Unit tests	2026-10-03T10:26:08.2078109Z ▶ scripts/tests/unit/task-tracker/lib/local-trunk-close-scope.test.mjs ... ok (117ms)
Fast lane (format, lint, unit + integration)	Unit tests	2026-10-03T10:26:08.2078868Z ▶ scripts/tests/unit/task-tracker/lib/local-trunk-historical-grant.test.mjs ... ok (138ms)
Fast lane (format, lint, unit + integration)	Unit tests	2026-10-03T10:26:08.2079781Z ▶ scripts/tests/unit/task-tracker/lib/locks.test.mjs ... ok (349ms)
Fast lane (format, lint, unit + integration)	Unit tests	2026-10-03T10:26:08.2080488Z ▶ scripts/tests/unit/task-tracker/lib/manual-code-review-delivery.test.mjs ... ok (218ms)
Fast lane (format, lint, unit + integration)	Unit tests	2026-10-03T10:26:08.2081241Z ▶ scripts/tests/unit/task-tracker/lib/mark-deep-dive-complete.test.mjs ... ok (142ms)
Fast lane (format, lint, unit + integration)	Unit tests	2026-10-03T10:26:08.2081940Z ▶ scripts/tests/unit/task-tracker/lib/marker-grammar.test.mjs ... ok (50ms)
Fast lane (format, lint, unit + integration)	Unit tests	2026-10-03T10:26:08.2082804Z ▶ scripts/tests/unit/task-tracker/lib/marker-write-retry.test.mjs ... ok (159ms)
Fast lane (format, lint, unit + integration)	Unit tests	2026-10-03T10:26:08.2083731Z ▶ scripts/tests/unit/task-tracker/lib/markers-full-auto-footnote.test.mjs ... ok (135ms)
Fast lane (format, lint, unit + integration)	Unit tests	2026-10-03T10:26:08.2084815Z ▶ scripts/tests/unit/task-tracker/lib/markers-progress-cluster.test.mjs ... ok (107ms)
Fast lane (format, lint, unit + integration)	Unit tests	2026-10-03T10:26:08.2085662Z ▶ scripts/tests/unit/task-tracker/lib/markers.test.mjs ... ok (137ms)
Fast lane (format, lint, unit + integration)	Unit tests	2026-10-03T10:26:08.2086577Z ▶ scripts/tests/unit/task-tracker/lib/memory-index-hook.test.mjs ... ok (382ms)
Fast lane (format, lint, unit + integration)	Unit tests	2026-10-03T10:26:08.2087533Z ▶ scripts/tests/unit/task-tracker/lib/memory-resync-apply.test.mjs ... ok (280ms)
Fast lane (format, lint, unit + integration)	Unit tests	2026-10-03T10:26:08.2088562Z ▶ scripts/tests/unit/task-tracker/lib/memory-resync-classify.test.mjs ... ok (417ms)
Fast lane (format, lint, unit + integration)	Unit tests	2026-10-03T10:26:08.2089797Z ▶ scripts/tests/unit/task-tracker/lib/memory-resync-render.test.mjs ... ok (68ms)
Fast lane (format, lint, unit + integration)	Unit tests	2026-10-03T10:26:08.2091204Z ▶ scripts/tests/unit/task-tracker/lib/memory-seed-install-menu.test.mjs ... ok (244ms)
Fast lane (format, lint, unit + integration)	Unit tests	2026-10-03T10:26:08.2092557Z ▶ scripts/tests/unit/task-tracker/lib/memory-seed-manifest.test.mjs ... ok (122ms)
Fast lane (format, lint, unit + integration)	Unit tests	2026-10-03T10:26:08.2093383Z ▶ scripts/tests/unit/task-tracker/lib/mirror-deep-dive.test.mjs ... ok (161ms)
Fast lane (format, lint, unit + integration)	Unit tests	2026-10-03T10:26:08.2094818Z ▶ scripts/tests/unit/task-tracker/lib/move-state-body-fetch-fail-closed.test.mjs ... ok (70ms)
Fast lane (format, lint, unit + integration)	Unit tests	2026-10-03T10:26:08.2095648Z ▶ scripts/tests/unit/task-tracker/lib/move-state-internal-gate.test.mjs ... ok (1.5s)
Fast lane (format, lint, unit + integration)	Unit tests	2026-10-03T10:26:08.2096428Z ▶ scripts/tests/unit/task-tracker/lib/move-state/coverage-audit-timing.test.mjs ... ok (165ms)
Fast lane (format, lint, unit + integration)	Unit tests	2026-10-03T10:26:08.2097204Z ▶ scripts/tests/unit/task-tracker/lib/move-state/move-regression.test.mjs ... ok (277ms)
Fast lane (format, lint, unit + integration)	Unit tests	2026-10-03T10:26:08.2098058Z ▶ scripts/tests/unit/task-tracker/lib/move-state/move-state-board-marker-atomicity.test.mjs ... ok (317ms)
Fast lane (format, lint, unit + integration)	Unit tests	2026-10-03T10:26:08.2098896Z ▶ scripts/tests/unit/task-tracker/lib/move-state/move-state-core.test.mjs ... ok (687ms)
Fast lane (format, lint, unit + integration)	Unit tests	2026-10-03T10:26:08.2100744Z ▶ scripts/tests/unit/task-tracker/lib/move-state/move-state-idempotent.test.mjs ... ok (382ms)
Fast lane (format, lint, unit + integration)	Unit tests	2026-10-03T10:26:08.2101919Z ▶ scripts/tests/unit/task-tracker/lib/move-state/move-state-output.test.mjs ... ok (80ms)
Fast lane (format, lint, unit + integration)	Unit tests	2026-10-03T10:26:08.2103597Z ▶ scripts/tests/unit/task-tracker/lib/move-state/move-state-policy.test.mjs ... ok (354ms)
Fast lane (format, lint, unit + integration)	Unit tests	2026-10-03T10:26:08.2105059Z ▶ scripts/tests/unit/task-tracker/lib/move-state/move-state-sentinel-write.test.mjs ... ok (260ms)
Fast lane (format, lint, unit + integration)	Unit tests	2026-10-03T10:26:08.2106199Z ▶ scripts/tests/unit/task-tracker/lib/move-state/move-state-tail-error-diagnostics.test.mjs ... ok (126ms)
Fast lane (format, lint, unit + integration)	Unit tests	2026-10-03T10:26:08.2107106Z ▶ scripts/tests/unit/task-tracker/lib/move-state/move-state-tail-profiles.test.mjs ... ok (340ms)
Fast lane (format, lint, unit + integration)	Unit tests	2026-10-03T10:26:08.2108029Z ▶ scripts/tests/unit/task-tracker/lib/move-state/move-state-terminal-tail-isolation.test.mjs ... ok (142ms)
Fast lane (format, lint, unit + integration)	Unit tests	2026-10-03T10:26:08.2108935Z ▶ scripts/tests/unit/task-tracker/lib/move-state/move-state-verify-then-stamp.test.mjs ... ok (3.0s)
Fast lane (format, lint, unit + integration)	Unit tests	2026-10-03T10:26:08.2110150Z ▶ scripts/tests/unit/task-tracker/lib/move-state/move-state-worktree-trunk-ref.test.mjs ... ok (219ms)
Fast lane (format, lint, unit + integration)	Unit tests	2026-10-03T10:26:08.2111161Z ▶ scripts/tests/unit/task-tracker/lib/move-state/sentinel.test.mjs ... ok (55ms)
Fast lane (format, lint, unit + integration)	Unit tests	2026-10-03T10:26:08.2111885Z ▶ scripts/tests/unit/task-tracker/lib/move-state/transition-plan.test.mjs ... ok (68ms)
Fast lane (format, lint, unit + integration)	Unit tests	2026-10-03T10:26:08.2112661Z ▶ scripts/tests/unit/task-tracker/lib/mutate-issue-body-marker-loss.test.mjs ... ok (112ms)
Fast lane (format, lint, unit + integration)	Unit tests	2026-10-03T10:26:08.2113388Z ▶ scripts/tests/unit/task-tracker/lib/mutate-issue-body.test.mjs ... ok (120ms)
Fast lane (format, lint, unit + integration)	Unit tests	2026-10-03T10:26:08.2114067Z ▶ scripts/tests/unit/task-tracker/lib/nat-gate-diff-aware.test.mjs ... ok (137ms)
Fast lane (format, lint, unit + integration)	Unit tests	2026-10-03T10:26:08.2114749Z ▶ scripts/tests/unit/task-tracker/lib/native-dependencies.test.mjs ... ok (61ms)
Fast lane (format, lint, unit + integration)	Unit tests	2026-10-03T10:26:08.2115444Z ▶ scripts/tests/unit/task-tracker/lib/native-dependency-docs.test.mjs ... ok (52ms)
Fast lane (format, lint, unit + integration)	Unit tests	2026-10-03T10:26:08.2116188Z ▶ scripts/tests/unit/task-tracker/lib/native-dependency-projection.test.mjs ... ok (89ms)
Fast lane (format, lint, unit + integration)	Unit tests	2026-10-03T10:26:08.2117011Z ▶ scripts/tests/unit/task-tracker/lib/native-dependency-reconciliation.test.mjs ... ok (90ms)
Fast lane (format, lint, unit + integration)	Unit tests	2026-10-03T10:26:08.2117789Z ▶ scripts/tests/unit/task-tracker/lib/nested-epic-semantics.test.mjs ... ok (235ms)
Fast lane (format, lint, unit + integration)	Unit tests	2026-10-03T10:26:08.2118523Z ▶ scripts/tests/unit/task-tracker/lib/new-automated-tests-comment.test.mjs ... ok (112ms)
Fast lane (format, lint, unit + integration)	Unit tests	2026-10-03T10:26:08.2119228Z ▶ scripts/tests/unit/task-tracker/lib/no-idle-emitters.test.mjs ... ok (59ms)
Fast lane (format, lint, unit + integration)	Unit tests	2026-10-03T10:26:08.2120295Z ▶ scripts/tests/unit/task-tracker/lib/occupancy.test.mjs ... ok (315ms)
Fast lane (format, lint, unit + integration)	Unit tests	2026-10-03T10:26:08.2121211Z ▶ scripts/tests/unit/task-tracker/lib/on-ask.test.mjs ... ok (155ms)
Fast lane (format, lint, unit + integration)	Unit tests	2026-10-03T10:26:08.2122085Z ▶ scripts/tests/unit/task-tracker/lib/on-stop.test.mjs ... ok (90ms)
Fast lane (format, lint, unit + integration)	Unit tests	2026-10-03T10:26:08.2123010Z ▶ scripts/tests/unit/task-tracker/lib/on-user-prompt.test.mjs ... ok (91ms)
Fast lane (format, lint, unit + integration)	Unit tests	2026-10-03T10:26:08.2123990Z ▶ scripts/tests/unit/task-tracker/lib/orphan-finalize.test.mjs ... ok (91ms)
Fast lane (format, lint, unit + integration)	Unit tests	2026-10-03T10:26:08.2125024Z ▶ scripts/tests/unit/task-tracker/lib/orphan-pairing-guard.test.mjs ... ok (64ms)
Fast lane (format, lint, unit + integration)	Unit tests	2026-10-03T10:26:08.2126031Z ▶ scripts/tests/unit/task-tracker/lib/parent-admission.test.mjs ... ok (62ms)
Fast lane (format, lint, unit + integration)	Unit tests	2026-10-03T10:26:08.2127131Z ▶ scripts/tests/unit/task-tracker/lib/paths.test.mjs ... ok (71ms)
Fast lane (format, lint, unit + integration)	Unit tests	2026-10-03T10:26:08.2128272Z ▶ scripts/tests/unit/task-tracker/lib/pause-markers.test.mjs ... ok (121ms)
Fast lane (format, lint, unit + integration)	Unit tests	2026-10-03T10:26:08.2129638Z ▶ scripts/tests/unit/task-tracker/lib/pause-resume-hybrid.test.mjs ... ok (67ms)
Fast lane (format, lint, unit + integration)	Unit tests	2026-10-03T10:26:08.2130385Z ▶ scripts/tests/unit/task-tracker/lib/phase-word-attribution.test.mjs ... ok (68ms)
Fast lane (format, lint, unit + integration)	Unit tests	2026-10-03T10:26:08.2131144Z ▶ scripts/tests/unit/task-tracker/lib/pickup-directive-state-gate.test.mjs ... ok (130ms)
Fast lane (format, lint, unit + integration)	Unit tests	2026-10-03T10:26:08.2131903Z ▶ scripts/tests/unit/task-tracker/lib/plan-approval-story-audit.test.mjs ... ok (121ms)
Fast lane (format, lint, unit + integration)	Unit tests	2026-10-03T10:26:08.2132645Z ▶ scripts/tests/unit/task-tracker/lib/plan-metadata-exit-guard.test.mjs ... ok (274ms)
Fast lane (format, lint, unit + integration)	Unit tests	2026-10-03T10:26:08.2133559Z ▶ scripts/tests/unit/task-tracker/lib/plan-metadata-lib.test.mjs ... ok (73ms)
Fast lane (format, lint, unit + integration)	Unit tests	2026-10-03T10:26:08.2134287Z ▶ scripts/tests/unit/task-tracker/lib/plan-transition-authority.test.mjs ... ok (165ms)
Fast lane (format, lint, unit + integration)	Unit tests	2026-10-03T10:26:08.2135016Z ▶ scripts/tests/unit/task-tracker/lib/policy-convergence.test.mjs ... ok (4.2s)
Fast lane (format, lint, unit + integration)	Unit tests	2026-10-03T10:26:08.2135762Z ▶ scripts/tests/unit/task-tracker/lib/policy-dependency-boundaries.test.mjs ... ok (60ms)
Fast lane (format, lint, unit + integration)	Unit tests	2026-10-03T10:26:08.2136468Z ▶ scripts/tests/unit/task-tracker/lib/preflight-issue.test.mjs ... ok (9.2s)
Fast lane (format, lint, unit + integration)	Unit tests	2026-10-03T10:26:08.2137148Z ▶ scripts/tests/unit/task-tracker/lib/project-root-readers.test.mjs ... ok (161ms)
Fast lane (format, lint, unit + integration)	Unit tests	2026-10-03T10:26:08.2137880Z ▶ scripts/tests/unit/task-tracker/lib/promote-deep-dive-gate.test.mjs ... ok (308ms)
Fast lane (format, lint, unit + integration)	Unit tests	2026-10-03T10:26:08.2138547Z ▶ scripts/tests/unit/task-tracker/lib/proof-marker.test.mjs ... ok (62ms)
Fast lane (format, lint, unit + integration)	Unit tests	2026-10-03T10:26:08.2139142Z ▶ scripts/tests/unit/task-tracker/lib/queue.test.mjs ... ok (266ms)
Fast lane (format, lint, unit + integration)	Unit tests	2026-10-03T10:26:08.2140273Z ▶ scripts/tests/unit/task-tracker/lib/r4p-jit-boundaries.test.mjs ... ok (382ms)
Fast lane (format, lint, unit + integration)	Unit tests	2026-10-03T10:26:08.2140989Z ▶ scripts/tests/unit/task-tracker/lib/readback-verify.test.mjs ... ok (144ms)
Fast lane (format, lint, unit + integration)	Unit tests	2026-10-03T10:26:08.2141884Z ▶ scripts/tests/unit/task-tracker/lib/ready-for-plan-migration.test.mjs ... ok (155ms)
Fast lane (format, lint, unit + integration)	Unit tests	2026-10-03T10:26:08.2142699Z ▶ scripts/tests/unit/task-tracker/lib/ready-for-plan-topology.test.mjs ... ok (246ms)
Fast lane (format, lint, unit + integration)	Unit tests	2026-10-03T10:26:08.2143754Z ▶ scripts/tests/unit/task-tracker/lib/reconcile-no-drift-seed.test.mjs ... ok (312ms)
Fast lane (format, lint, unit + integration)	Unit tests	2026-10-03T10:26:08.2144605Z ▶ scripts/tests/unit/task-tracker/lib/reconcile-sentinel-drift.test.mjs ... ok (368ms)
Fast lane (format, lint, unit + integration)	Unit tests	2026-10-03T10:26:08.2145398Z ▶ scripts/tests/unit/task-tracker/lib/reevaluate-estimate.test.mjs ... ok (45ms)
Fast lane (format, lint, unit + integration)	Unit tests	2026-10-03T10:26:08.2146315Z ▶ scripts/tests/unit/task-tracker/lib/refine-estimate-comment.test.mjs ... ok (130ms)
Fast lane (format, lint, unit + integration)	Unit tests	2026-10-03T10:26:08.2147275Z ▶ scripts/tests/unit/task-tracker/lib/refine-exit-child-parent-state-guard.test.mjs ... ok (95ms)
Fast lane (format, lint, unit + integration)	Unit tests	2026-10-03T10:26:08.2148285Z ▶ scripts/tests/unit/task-tracker/lib/refine-exit-vc-citation-guardrail.test.mjs ... ok (120ms)
Fast lane (format, lint, unit + integration)	Unit tests	2026-10-03T10:26:08.2149206Z ▶ scripts/tests/unit/task-tracker/lib/refine-tbd-placeholder.test.mjs ... ok (420ms)
Fast lane (format, lint, unit + integration)	Unit tests	2026-10-03T10:26:08.2162772Z ▶ scripts/tests/unit/task-tracker/lib/refine-to-plan-gate.test.mjs ... ok (106ms)
Fast lane (format, lint, unit + integration)	Unit tests	2026-10-03T10:26:08.2164140Z ▶ scripts/tests/unit/task-tracker/lib/refinement-snapshot-schema.test.mjs ... ok (82ms)
Fast lane (format, lint, unit + integration)	Unit tests	2026-10-03T10:26:08.2165182Z ▶ scripts/tests/unit/task-tracker/lib/release-detection.test.mjs ... ok (92ms)
Fast lane (format, lint, unit + integration)	Unit tests	2026-10-03T10:26:08.2165940Z ▶ scripts/tests/unit/task-tracker/lib/reopened-close-recovery.test.mjs ... ok (187ms)
Fast lane (format, lint, unit + integration)	Unit tests	2026-10-03T10:26:08.2166682Z ▶ scripts/tests/unit/task-tracker/lib/resolve-epic-lineage.test.mjs ... ok (58ms)
Fast lane (format, lint, unit + integration)	Unit tests	2026-10-03T10:26:08.2167339Z ▶ scripts/tests/unit/task-tracker/lib/review-delta.test.mjs ... ok (34ms)
Fast lane (format, lint, unit + integration)	Unit tests	2026-10-03T10:26:08.2168010Z ▶ scripts/tests/unit/task-tracker/lib/review-derive-rescan.test.mjs ... ok (235ms)
Fast lane (format, lint, unit + integration)	Unit tests	2026-10-03T10:26:08.2168697Z ▶ scripts/tests/unit/task-tracker/lib/review-derived-dod.test.mjs ... ok (152ms)
Fast lane (format, lint, unit + integration)	Unit tests	2026-10-03T10:26:08.2169871Z ▶ scripts/tests/unit/task-tracker/lib/review-exit-epic-children-done-guard.test.mjs ... ok (171ms)
Fast lane (format, lint, unit + integration)	Unit tests	2026-10-03T10:26:08.2170754Z ▶ scripts/tests/unit/task-tracker/lib/review-failure-block.test.mjs ... ok (70ms)
Fast lane (format, lint, unit + integration)	Unit tests	2026-10-03T10:26:08.2171418Z ▶ scripts/tests/unit/task-tracker/lib/review-notes.test.mjs ... ok (67ms)
Fast lane (format, lint, unit + integration)	Unit tests	2026-10-03T10:26:08.2172146Z ▶ scripts/tests/unit/task-tracker/lib/review-preflight-epic-aware.test.mjs ... ok (188ms)
Fast lane (format, lint, unit + integration)	Unit tests	2026-10-03T10:26:08.2172874Z ▶ scripts/tests/unit/task-tracker/lib/review-preflight.test.mjs ... ok (164ms)
Fast lane (format, lint, unit + integration)	Unit tests	2026-10-03T10:26:08.2173560Z ▶ scripts/tests/unit/task-tracker/lib/review-probe-policy.test.mjs ... ok (306ms)
Fast lane (format, lint, unit + integration)	Unit tests	2026-10-03T10:26:08.2174258Z ▶ scripts/tests/unit/task-tracker/lib/review-receipt-reuse.test.mjs ... ok (342ms)
Fast lane (format, lint, unit + integration)	Unit tests	2026-10-03T10:26:08.2175037Z ▶ scripts/tests/unit/task-tracker/lib/review-verb-consolidated-declaration.test.mjs ... ok (61ms)
Fast lane (format, lint, unit + integration)	Unit tests	2026-10-03T10:26:08.2175850Z ▶ scripts/tests/unit/task-tracker/lib/review-verb-evidence-commands.test.mjs ... ok (125ms)
Fast lane (format, lint, unit + integration)	Unit tests	2026-10-03T10:26:08.2176826Z ▶ scripts/tests/unit/task-tracker/lib/review-verb-timing-order.test.mjs ... ok (335ms)
Fast lane (format, lint, unit + integration)	Unit tests	2026-10-03T10:26:08.2177536Z ▶ scripts/tests/unit/task-tracker/lib/review-waived-ac.test.mjs ... ok (121ms)
Fast lane (format, lint, unit + integration)	Unit tests	2026-10-03T10:26:08.2178245Z ▶ scripts/tests/unit/task-tracker/lib/reviewed-scope-comments.test.mjs ... ok (135ms)
Fast lane (format, lint, unit + integration)	Unit tests	2026-10-03T10:26:08.2178946Z ▶ scripts/tests/unit/task-tracker/lib/reviewed-scope-model.test.mjs ... ok (95ms)
Fast lane (format, lint, unit + integration)	Unit tests	2026-10-03T10:26:08.2179902Z ▶ scripts/tests/unit/task-tracker/lib/reviewed-scope-readiness.test.mjs ... ok (167ms)
Fast lane (format, lint, unit + integration)	Unit tests	2026-10-03T10:26:08.2180631Z ▶ scripts/tests/unit/task-tracker/lib/reviewed-scope-record.test.mjs ... ok (235ms)
Fast lane (format, lint, unit + integration)	Unit tests	2026-10-03T10:26:08.2181341Z ▶ scripts/tests/unit/task-tracker/lib/reviewed-scope-runtime.test.mjs ... ok (194ms)
Fast lane (format, lint, unit + integration)	Unit tests	2026-10-03T10:26:08.2182053Z ▶ scripts/tests/unit/task-tracker/lib/reviewed-scope-targets.test.mjs ... ok (119ms)
Fast lane (format, lint, unit + integration)	Unit tests	2026-10-03T10:26:08.2182762Z ▶ scripts/tests/unit/task-tracker/lib/run-move-state-timeout.test.mjs ... ok (54ms)
Fast lane (format, lint, unit + integration)	Unit tests	2026-10-03T10:26:08.2183551Z ▶ scripts/tests/unit/task-tracker/lib/runtime-adapter-receipt-lane-skip.test.mjs ... ok (197ms)
Fast lane (format, lint, unit + integration)	Unit tests	2026-10-03T10:26:08.2184461Z ▶ scripts/tests/unit/task-tracker/lib/runtime-capture-catalog.test.mjs ... ok (70ms)
Fast lane (format, lint, unit + integration)	Unit tests	2026-10-03T10:26:08.2185191Z ▶ scripts/tests/unit/task-tracker/lib/runtime-migration-timing.test.mjs ... ok (156ms)
Fast lane (format, lint, unit + integration)	Unit tests	2026-10-03T10:26:08.2185927Z ▶ scripts/tests/unit/task-tracker/lib/runtime-process-census.test.mjs ... ok (94ms)
Fast lane (format, lint, unit + integration)	Unit tests	2026-10-03T10:26:08.2186654Z ▶ scripts/tests/unit/task-tracker/lib/runtime-record-catalog.test.mjs ... ok (113ms)
Fast lane (format, lint, unit + integration)	Unit tests	2026-10-03T10:26:08.2187377Z ▶ scripts/tests/unit/task-tracker/lib/runtime-root-adapters.test.mjs ... ok (89ms)
Fast lane (format, lint, unit + integration)	Unit tests	2026-10-03T10:26:08.2188074Z ▶ scripts/tests/unit/task-tracker/lib/runtime-writer-census.test.mjs ... ok (93ms)
Fast lane (format, lint, unit + integration)	Unit tests	2026-10-03T10:26:08.2188756Z ▶ scripts/tests/unit/task-tracker/lib/sandbox-exec-render.test.mjs ... ok (70ms)
Fast lane (format, lint, unit + integration)	Unit tests	2026-10-03T10:26:08.2189700Z ▶ scripts/tests/unit/task-tracker/lib/sandbox-timeout-resolve.test.mjs ... ok (89ms)
Fast lane (format, lint, unit + integration)	Unit tests	2026-10-03T10:26:08.2190399Z ▶ scripts/tests/unit/task-tracker/lib/save-plan.test.mjs ... ok (107ms)
Fast lane (format, lint, unit + integration)	Unit tests	2026-10-03T10:26:08.2191058Z ▶ scripts/tests/unit/task-tracker/lib/scope-guard-active.test.mjs ... ok (72ms)
Fast lane (format, lint, unit + integration)	Unit tests	2026-10-03T10:26:08.2191750Z ▶ scripts/tests/unit/task-tracker/lib/scratch-contract-docs.test.mjs ... ok (97ms)
Fast lane (format, lint, unit + integration)	Unit tests	2026-10-03T10:26:08.2192398Z ▶ scripts/tests/unit/task-tracker/lib/scratch-dir.test.mjs ... ok (83ms)
Fast lane (format, lint, unit + integration)	Unit tests	2026-10-03T10:26:08.2193038Z ▶ scripts/tests/unit/task-tracker/lib/seed-kanban-cache.test.mjs ... ok (218ms)
Fast lane (format, lint, unit + integration)	Unit tests	2026-10-03T10:26:08.2193729Z ▶ scripts/tests/unit/task-tracker/lib/session-id-resolution.test.mjs ... ok (218ms)
Fast lane (format, lint, unit + integration)	Unit tests	2026-10-03T10:26:08.2194384Z ▶ scripts/tests/unit/task-tracker/lib/session-ref.test.mjs ... ok (109ms)
Fast lane (format, lint, unit + integration)	Unit tests	2026-10-03T10:26:08.2195027Z ▶ scripts/tests/unit/task-tracker/lib/session-state.test.mjs ... ok (130ms)
Fast lane (format, lint, unit + integration)	Unit tests	2026-10-03T10:26:08.2195665Z ▶ scripts/tests/unit/task-tracker/lib/session-sweep.test.mjs ... ok (132ms)
Fast lane (format, lint, unit + integration)	Unit tests	2026-10-03T10:26:08.2196302Z ▶ scripts/tests/unit/task-tracker/lib/set-priority.test.mjs ... ok (2.8s)
Fast lane (format, lint, unit + integration)	Unit tests	2026-10-03T10:26:08.2196922Z ▶ scripts/tests/unit/task-tracker/lib/set-rank.test.mjs ... ok (1.9s)
Fast lane (format, lint, unit + integration)	Unit tests	2026-10-03T10:26:08.2197608Z ▶ scripts/tests/unit/task-tracker/lib/settings-hook-bootstrap.test.mjs ... ok (342ms)
Fast lane (format, lint, unit + integration)	Unit tests	2026-10-03T10:26:08.2198308Z ▶ scripts/tests/unit/task-tracker/lib/shelve-boundaries.test.mjs ... ok (351ms)
Fast lane (format, lint, unit + integration)	Unit tests	2026-10-03T10:26:08.2199072Z ▶ scripts/tests/unit/task-tracker/lib/shelve-stale-refinement-migration.test.mjs ... ok (94ms)
Fast lane (format, lint, unit + integration)	Unit tests	2026-10-03T10:26:08.2200147Z ▶ scripts/tests/unit/task-tracker/lib/stage-bound-reason.test.mjs ... ok (55ms)
Fast lane (format, lint, unit + integration)	Unit tests	2026-10-03T10:26:08.2200928Z ▶ scripts/tests/unit/task-tracker/lib/stage-entry-grammar-ownership.test.mjs ... ok (173ms)
Fast lane (format, lint, unit + integration)	Unit tests	2026-10-03T10:26:08.2201695Z ▶ scripts/tests/unit/task-tracker/lib/stage-entry-markers-core.test.mjs ... ok (126ms)
Fast lane (format, lint, unit + integration)	Unit tests	2026-10-03T10:26:08.2202458Z ▶ scripts/tests/unit/task-tracker/lib/stage-entry-markers-reentry.test.mjs ... ok (132ms)
Fast lane (format, lint, unit + integration)	Unit tests	2026-10-03T10:26:08.2203436Z ▶ scripts/tests/unit/task-tracker/lib/stage-entry-markers-review-test-arc.test.mjs ... ok (107ms)
Fast lane (format, lint, unit + integration)	Unit tests	2026-10-03T10:26:08.2204207Z ▶ scripts/tests/unit/task-tracker/lib/stamp-receipt-reuse.test.mjs ... ok (134ms)
Fast lane (format, lint, unit + integration)	Unit tests	2026-10-03T10:26:08.2204930Z ▶ scripts/tests/unit/task-tracker/lib/state-action-conformance.test.mjs ... ok (280ms)
Fast lane (format, lint, unit + integration)	Unit tests	2026-10-03T10:26:08.2205633Z ▶ scripts/tests/unit/task-tracker/lib/state-action-resume.test.mjs ... ok (209ms)
Fast lane (format, lint, unit + integration)	Unit tests	2026-10-03T10:26:08.2206318Z ▶ scripts/tests/unit/task-tracker/lib/state-boundary-order.test.mjs ... ok (139ms)
Fast lane (format, lint, unit + integration)	Unit tests	2026-10-03T10:26:08.2207041Z ▶ scripts/tests/unit/task-tracker/lib/state-cursor-interruption.test.mjs ... ok (371ms)
Fast lane (format, lint, unit + integration)	Unit tests	2026-10-03T10:26:08.2207719Z ▶ scripts/tests/unit/task-tracker/lib/state-cursor.test.mjs ... ok (171ms)
Fast lane (format, lint, unit + integration)	Unit tests	2026-10-03T10:26:08.2208482Z ▶ scripts/tests/unit/task-tracker/lib/state-engine-policy-characterization.test.mjs ... ok (451ms)
Fast lane (format, lint, unit + integration)	Unit tests	2026-10-03T10:26:08.2209187Z ▶ scripts/tests/unit/task-tracker/lib/state.test.mjs ... ok (136ms)
Fast lane (format, lint, unit + integration)	Unit tests	2026-10-03T10:26:08.2210157Z ▶ scripts/tests/unit/task-tracker/lib/story-approval-binding-guard.test.mjs ... ok (202ms)
Fast lane (format, lint, unit + integration)	Unit tests	2026-10-03T10:26:08.2210908Z ▶ scripts/tests/unit/task-tracker/lib/story-intent-source.test.mjs ... ok (141ms)
Fast lane (format, lint, unit + integration)	Unit tests	2026-10-03T10:26:08.2211788Z ▶ scripts/tests/unit/task-tracker/lib/story-origin-authoring.test.mjs ... ok (2.3s)
Fast lane (format, lint, unit + integration)	Unit tests	2026-10-03T10:26:08.2212475Z ▶ scripts/tests/unit/task-tracker/lib/story-origin-lib.test.mjs ... ok (82ms)
Fast lane (format, lint, unit + integration)	Unit tests	2026-10-03T10:26:08.2213128Z ▶ scripts/tests/unit/task-tracker/lib/story-tag-header.test.mjs ... ok (77ms)
Fast lane (format, lint, unit + integration)	Unit tests	2026-10-03T10:26:08.2213818Z ▶ scripts/tests/unit/task-tracker/lib/sub-issue-board-snapshot.test.mjs ... ok (63ms)
Fast lane (format, lint, unit + integration)	Unit tests	2026-10-03T10:26:08.2214512Z ▶ scripts/tests/unit/task-tracker/lib/superseded-marker.test.mjs ... ok (70ms)
Fast lane (format, lint, unit + integration)	Unit tests	2026-10-03T10:26:08.2215193Z ▶ scripts/tests/unit/task-tracker/lib/switch-paired-events.test.mjs ... ok (75ms)
Fast lane (format, lint, unit + integration)	Unit tests	2026-10-03T10:26:08.2215898Z ▶ scripts/tests/unit/task-tracker/lib/switch-resumed-on-history.test.mjs ... ok (61ms)
Fast lane (format, lint, unit + integration)	Unit tests	2026-10-03T10:26:08.2216590Z ▶ scripts/tests/unit/task-tracker/lib/sync-templates.test.mjs ... ok (229ms)
Fast lane (format, lint, unit + integration)	Unit tests	2026-10-03T10:26:08.2217297Z ▶ scripts/tests/unit/task-tracker/lib/terminal-binding-authority.test.mjs ... ok (170ms)
Fast lane (format, lint, unit + integration)	Unit tests	2026-10-03T10:26:08.2218026Z ▶ scripts/tests/unit/task-tracker/lib/terminal-disposition.test.mjs ... ok (295ms)
Fast lane (format, lint, unit + integration)	Unit tests	2026-10-03T10:26:08.2218740Z ▶ scripts/tests/unit/task-tracker/lib/test-407-binding-survives.test.mjs ... ok (93ms)
Fast lane (format, lint, unit + integration)	Unit tests	2026-10-03T10:26:08.2219764Z ▶ scripts/tests/unit/task-tracker/lib/test-corpus-paths.test.mjs ... ok (66ms)
Fast lane (format, lint, unit + integration)	Unit tests	2026-10-03T10:26:08.2220463Z ▶ scripts/tests/unit/task-tracker/lib/test-parallel-safety.test.mjs ... ok (221ms)
Fast lane (format, lint, unit + integration)	Unit tests	2026-10-03T10:26:08.2221153Z ▶ scripts/tests/unit/task-tracker/lib/test-sandbox-reaper.test.mjs ... ok (111ms)
Fast lane (format, lint, unit + integration)	Unit tests	2026-10-03T10:26:08.2221837Z ▶ scripts/tests/unit/task-tracker/lib/test-sha-drift-gate.test.mjs ... ok (311ms)
Fast lane (format, lint, unit + integration)	Unit tests	2026-10-03T10:26:08.2222509Z ▶ scripts/tests/unit/task-tracker/lib/test-stage-ac-defer.test.mjs ... ok (125ms)
Fast lane (format, lint, unit + integration)	Unit tests	2026-10-03T10:26:08.2223195Z ▶ scripts/tests/unit/task-tracker/lib/test-verb-injection.test.mjs ... ok (1.3s)
Fast lane (format, lint, unit + integration)	Unit tests	2026-10-03T10:26:08.2223951Z ▶ scripts/tests/unit/task-tracker/lib/test-verb-receipt-refusal-audit.test.mjs ... ok (360ms)
Fast lane (format, lint, unit + integration)	Unit tests	2026-10-03T10:26:08.2224750Z ▶ scripts/tests/unit/task-tracker/lib/test-verb-receipt-retirement.test.mjs ... ok (454ms)
Fast lane (format, lint, unit + integration)	Unit tests	2026-10-03T10:26:08.2225497Z ▶ scripts/tests/unit/task-tracker/lib/test-verb-receipt-reuse.test.mjs ... ok (667ms)
Fast lane (format, lint, unit + integration)	Unit tests	2026-10-03T10:26:08.2226185Z ▶ scripts/tests/unit/task-tracker/lib/test-verb-result.test.mjs ... ok (750ms)
Fast lane (format, lint, unit + integration)	Unit tests	2026-10-03T10:26:08.2226828Z ▶ scripts/tests/unit/task-tracker/lib/test-verb-retry.test.mjs ... ok (397ms)
Fast lane (format, lint, unit + integration)	Unit tests	2026-10-03T10:26:08.2227479Z ▶ scripts/tests/unit/task-tracker/lib/test-verb-sandbox.test.mjs ... ok (562ms)
Fast lane (format, lint, unit + integration)	Unit tests	2026-10-03T10:26:08.2228180Z ▶ scripts/tests/unit/task-tracker/lib/timing-actor-accounting.test.mjs ... ok (98ms)
Fast lane (format, lint, unit + integration)	Unit tests	2026-10-03T10:26:08.2228843Z ▶ scripts/tests/unit/task-tracker/lib/timing-actor.test.mjs ... ok (71ms)
Fast lane (format, lint, unit + integration)	Unit tests	2026-10-03T10:26:08.2229883Z ▶ scripts/tests/unit/task-tracker/lib/timing-departure-guard.test.mjs ... ok (140ms)
Fast lane (format, lint, unit + integration)	Unit tests	2026-10-03T10:26:08.2230827Z ▶ scripts/tests/unit/task-tracker/lib/timing-emitted-bare-slugs.test.mjs ... ok (80ms)
Fast lane (format, lint, unit + integration)	Unit tests	2026-10-03T10:26:08.2231666Z ▶ scripts/tests/unit/task-tracker/lib/timing-event-emitter-characterization.test.mjs ... ok (192ms)
Fast lane (format, lint, unit + integration)	Unit tests	2026-10-03T10:26:08.2232439Z ▶ scripts/tests/unit/task-tracker/lib/timing-event-map.test.mjs ... ok (81ms)
Fast lane (format, lint, unit + integration)	Unit tests	2026-10-03T10:26:08.2233148Z ▶ scripts/tests/unit/task-tracker/lib/timing-events-policy.test.mjs ... ok (169ms)
Fast lane (format, lint, unit + integration)	Unit tests	2026-10-03T10:26:08.2233817Z ▶ scripts/tests/unit/task-tracker/lib/timing-ladder.test.mjs ... ok (90ms)
Fast lane (format, lint, unit + integration)	Unit tests	2026-10-03T10:26:08.2234513Z ▶ scripts/tests/unit/task-tracker/lib/timing-phase-close-delta.test.mjs ... ok (103ms)
Fast lane (format, lint, unit + integration)	Unit tests	2026-10-03T10:26:08.2235242Z ▶ scripts/tests/unit/task-tracker/lib/timing-queue-retention.test.mjs ... ok (185ms)
Fast lane (format, lint, unit + integration)	Unit tests	2026-10-03T10:26:08.2235921Z ▶ scripts/tests/unit/task-tracker/lib/timing-row-reader.test.mjs ... ok (78ms)
Fast lane (format, lint, unit + integration)	Unit tests	2026-10-03T10:26:08.2236598Z ▶ scripts/tests/unit/task-tracker/lib/timing-rows-seconds.test.mjs ... ok (77ms)
Fast lane (format, lint, unit + integration)	Unit tests	2026-10-03T10:26:08.2237264Z ▶ scripts/tests/unit/task-tracker/lib/timing-rows.test.mjs ... ok (105ms)
Fast lane (format, lint, unit + integration)	Unit tests	2026-10-03T10:26:08.2238043Z ▶ scripts/tests/unit/task-tracker/lib/timing-slug-rename.test.mjs ... ok (62ms)
Fast lane (format, lint, unit + integration)	Unit tests	2026-10-03T10:26:08.2238668Z ▶ scripts/tests/unit/task-tracker/lib/trunk-ref.test.mjs ... ok (70ms)
Fast lane (format, lint, unit + integration)	Unit tests	2026-10-03T10:26:08.2239554Z ▶ scripts/tests/unit/task-tracker/lib/trunk-resync-no-desync.test.mjs ... ok (66ms)
Fast lane (format, lint, unit + integration)	Unit tests	2026-10-03T10:26:08.2240260Z ▶ scripts/tests/unit/task-tracker/lib/two-axis-delivery.test.mjs ... ok (127ms)
Fast lane (format, lint, unit + integration)	Unit tests	2026-10-03T10:26:08.2240934Z ▶ scripts/tests/unit/task-tracker/lib/unpark-dependents.test.mjs ... ok (105ms)
Fast lane (format, lint, unit + integration)	Unit tests	2026-10-03T10:26:08.2241594Z ▶ scripts/tests/unit/task-tracker/lib/upstream-report.test.mjs ... ok (84ms)
Fast lane (format, lint, unit + integration)	Unit tests	2026-10-03T10:26:08.2242251Z ▶ scripts/tests/unit/task-tracker/lib/user-story-author.test.mjs ... ok (145ms)
Fast lane (format, lint, unit + integration)	Unit tests	2026-10-03T10:26:08.2242920Z ▶ scripts/tests/unit/task-tracker/lib/user-story-guard.test.mjs ... ok (77ms)
Fast lane (format, lint, unit + integration)	Unit tests	2026-10-03T10:26:08.2243600Z ▶ scripts/tests/unit/task-tracker/lib/user-story-quality.test.mjs ... ok (187ms)
Fast lane (format, lint, unit + integration)	Unit tests	2026-10-03T10:26:08.2244244Z ▶ scripts/tests/unit/task-tracker/lib/vc-authoring.test.mjs ... ok (112ms)
Fast lane (format, lint, unit + integration)	Unit tests	2026-10-03T10:26:08.2244841Z ▶ scripts/tests/unit/task-tracker/lib/vc-id.test.mjs ... ok (72ms)
Fast lane (format, lint, unit + integration)	Unit tests	2026-10-03T10:26:08.2245504Z ▶ scripts/tests/unit/task-tracker/lib/vc-parser-trailing-marker.test.mjs ... ok (85ms)
Fast lane (format, lint, unit + integration)	Unit tests	2026-10-03T10:26:08.2246178Z ▶ scripts/tests/unit/task-tracker/lib/vc-ref-by-id.test.mjs ... ok (76ms)
Fast lane (format, lint, unit + integration)	Unit tests	2026-10-03T10:26:08.2246808Z ▶ scripts/tests/unit/task-tracker/lib/vc-ref-parsing.test.mjs ... ok (37ms)
Fast lane (format, lint, unit + integration)	Unit tests	2026-10-03T10:26:08.2247485Z ▶ scripts/tests/unit/task-tracker/lib/verb-home-state-guard.test.mjs ... ok (92ms)
Fast lane (format, lint, unit + integration)	Unit tests	2026-10-03T10:26:08.2248208Z ▶ scripts/tests/unit/task-tracker/lib/verb-pipeline-enforcement.test.mjs ... ok (1.5s)
Fast lane (format, lint, unit + integration)	Unit tests	2026-10-03T10:26:08.2248892Z ▶ scripts/tests/unit/task-tracker/lib/verb-preflight.test.mjs ... ok (143ms)
Fast lane (format, lint, unit + integration)	Unit tests	2026-10-03T10:26:08.2249841Z ▶ scripts/tests/unit/task-tracker/lib/verification-allowlist.test.mjs ... ok (119ms)
Fast lane (format, lint, unit + integration)	Unit tests	2026-10-03T10:26:08.2250643Z ▶ scripts/tests/unit/task-tracker/lib/verification-commands-partition.test.mjs ... ok (59ms)
Fast lane (format, lint, unit + integration)	Unit tests	2026-10-03T10:26:08.2251468Z ▶ scripts/tests/unit/task-tracker/lib/verification-provider-registry.test.mjs ... ok (98ms)
Fast lane (format, lint, unit + integration)	Unit tests	2026-10-03T10:26:08.2252384Z ▶ scripts/tests/unit/task-tracker/lib/verification-receipt-carry-forward.test.mjs ... ok (289ms)
Fast lane (format, lint, unit + integration)	Unit tests	2026-10-03T10:26:08.2253225Z ▶ scripts/tests/unit/task-tracker/lib/verification-receipt-retirement.test.mjs ... ok (158ms)
Fast lane (format, lint, unit + integration)	Unit tests	2026-10-03T10:26:08.2254021Z ▶ scripts/tests/unit/task-tracker/lib/verification-stage-ownership.test.mjs ... ok (261ms)
Fast lane (format, lint, unit + integration)	Unit tests	2026-10-03T10:26:08.2254735Z ▶ scripts/tests/unit/task-tracker/lib/verifier-cache.test.mjs ... ok (258ms)
Fast lane (format, lint, unit + integration)	Unit tests	2026-10-03T10:26:08.2255451Z ▶ scripts/tests/unit/task-tracker/lib/verifier-provenance-sentinel.test.mjs ... ok (110ms)
Fast lane (format, lint, unit + integration)	Unit tests	2026-10-03T10:26:08.2256192Z ▶ scripts/tests/unit/task-tracker/lib/verify-move-invariants.test.mjs ... ok (144ms)
Fast lane (format, lint, unit + integration)	Unit tests	2026-10-03T10:26:08.2257151Z ▶ scripts/tests/unit/task-tracker/lib/versioned-issue-write-core.test.mjs ... ok (68ms)
Fast lane (format, lint, unit + integration)	Unit tests	2026-10-03T10:26:08.2257938Z ▶ scripts/tests/unit/task-tracker/lib/versioned-issue-write-deps-guard.test.mjs ... ok (94ms)
Fast lane (format, lint, unit + integration)	Unit tests	2026-10-03T10:26:08.2258764Z ▶ scripts/tests/unit/task-tracker/lib/versioned-issue-write-deps-stale.test.mjs ... ok (74ms)
Fast lane (format, lint, unit + integration)	Unit tests	2026-10-03T10:26:08.2259827Z ▶ scripts/tests/unit/task-tracker/lib/versioned-issue-write-first-noop.test.mjs ... ok (77ms)
Fast lane (format, lint, unit + integration)	Unit tests	2026-10-03T10:26:08.2260632Z ▶ scripts/tests/unit/task-tracker/lib/versioned-issue-write-pexec.test.mjs ... ok (127ms)
Fast lane (format, lint, unit + integration)	Unit tests	2026-10-03T10:26:08.2261420Z ▶ scripts/tests/unit/task-tracker/lib/versioned-issue-write-repo-flag.test.mjs ... ok (71ms)
Fast lane (format, lint, unit + integration)	Unit tests	2026-10-03T10:26:08.2262177Z ▶ scripts/tests/unit/task-tracker/lib/wave-guard-fail-closed.test.mjs ... ok (127ms)
Fast lane (format, lint, unit + integration)	Unit tests	2026-10-03T10:26:08.2262949Z ▶ scripts/tests/unit/task-tracker/lib/word-accounting-regressions.test.mjs ... ok (169ms)
Fast lane (format, lint, unit + integration)	Unit tests	2026-10-03T10:26:08.2263672Z ▶ scripts/tests/unit/task-tracker/lib/word-counter-codex.test.mjs ... ok (103ms)
Fast lane (format, lint, unit + integration)	Unit tests	2026-10-03T10:26:08.2264416Z ▶ scripts/tests/unit/task-tracker/lib/word-counter-full-expansion.test.mjs ... ok (88ms)
Fast lane (format, lint, unit + integration)	Unit tests	2026-10-03T10:26:08.2265284Z ▶ scripts/tests/unit/task-tracker/lib/word-counter-grok.test.mjs ... ok (97ms)
Fast lane (format, lint, unit + integration)	Unit tests	2026-10-03T10:26:08.2265932Z ▶ scripts/tests/unit/task-tracker/lib/word-counter.test.mjs ... ok (107ms)
Fast lane (format, lint, unit + integration)	Unit tests	2026-10-03T10:26:08.2266619Z ▶ scripts/tests/unit/task-tracker/lib/word-marker-compaction.test.mjs ... ok (123ms)
Fast lane (format, lint, unit + integration)	Unit tests	2026-10-03T10:26:08.2267329Z ▶ scripts/tests/unit/task-tracker/lib/workflow-policy/catalog.test.mjs ... ok (69ms)
Fast lane (format, lint, unit + integration)	Unit tests	2026-10-03T10:26:08.2268070Z ▶ scripts/tests/unit/task-tracker/lib/workflow-policy/enforcement.test.mjs ... ok (131ms)
Fast lane (format, lint, unit + integration)	Unit tests	2026-10-03T10:26:08.2268808Z ▶ scripts/tests/unit/task-tracker/lib/workflow-policy/evaluator.test.mjs ... ok (82ms)
Fast lane (format, lint, unit + integration)	Unit tests	2026-10-03T10:26:08.2269843Z ▶ scripts/tests/unit/task-tracker/lib/workflow-policy/exception-partitions.test.mjs ... ok (218ms)
Fast lane (format, lint, unit + integration)	Unit tests	2026-10-03T10:26:08.2270687Z ▶ scripts/tests/unit/task-tracker/lib/workflow-policy/exception-record.test.mjs ... ok (183ms)
Fast lane (format, lint, unit + integration)	Unit tests	2026-10-03T10:26:08.2271452Z ▶ scripts/tests/unit/task-tracker/lib/worktree-binding-guard.test.mjs ... ok (110ms)
Fast lane (format, lint, unit + integration)	Unit tests	2026-10-03T10:26:08.2272194Z ▶ scripts/tests/unit/task-tracker/lib/worktree-relocation-guard.test.mjs ... ok (141ms)
Fast lane (format, lint, unit + integration)	Unit tests	2026-10-03T10:26:08.2272884Z ▶ scripts/tests/unit/task-tracker/lib/worktree-seed.test.mjs ... ok (264ms)
Fast lane (format, lint, unit + integration)	Unit tests	2026-10-03T10:26:08.2273620Z ▶ scripts/tests/unit/task-tracker/lib/writer-consolidated-declaration.test.mjs ... ok (241ms)
Fast lane (format, lint, unit + integration)	Unit tests	2026-10-03T10:26:08.2274458Z ▶ scripts/tests/unit/task-tracker/maintenance/heal-timing-departure-cli.test.mjs ... ok (289ms)
Fast lane (format, lint, unit + integration)	Unit tests	2026-10-03T10:26:08.2275282Z ▶ scripts/tests/unit/task-tracker/maintenance/heal-timing-interval-cli.test.mjs ... ok (293ms)
Fast lane (format, lint, unit + integration)	Unit tests	2026-10-03T10:26:08.2276178Z ▶ scripts/tests/unit/task-tracker/maintenance/lib/corpus-marker-transforms-read-chain.test.mjs ... ok (130ms)
Fast lane (format, lint, unit + integration)	Unit tests	2026-10-03T10:26:08.2277134Z ▶ scripts/tests/unit/task-tracker/maintenance/lib/corpus-marker-transforms-read-core.test.mjs ... ok (123ms)
Fast lane (format, lint, unit + integration)	Unit tests	2026-10-03T10:26:08.2278075Z ▶ scripts/tests/unit/task-tracker/maintenance/lib/corpus-marker-transforms-write.test.mjs ... ok (139ms)
Fast lane (format, lint, unit + integration)	Unit tests	2026-10-03T10:26:08.2278925Z ▶ scripts/tests/unit/task-tracker/maintenance/lib/heal-stage-rollups.test.mjs ... ok (115ms)
Fast lane (format, lint, unit + integration)	Unit tests	2026-10-03T10:26:08.2280008Z ▶ scripts/tests/unit/task-tracker/maintenance/migrate-markers-corpus-redaction.test.mjs ... ok (133ms)
Fast lane (format, lint, unit + integration)	Unit tests	2026-10-03T10:26:08.2280978Z ▶ scripts/tests/unit/task-tracker/maintenance/migrate-non-demonstrable-tag-position.test.mjs ... ok (42ms)
Fast lane (format, lint, unit + integration)	Unit tests	2026-10-03T10:26:08.2281866Z ▶ scripts/tests/unit/task-tracker/maintenance/rename-estimation-headers.test.mjs ... ok (89ms)
Fast lane (format, lint, unit + integration)	Unit tests	2026-10-03T10:26:08.2282554Z ▶ scripts/tests/unit/task-tracker/merge-back.test.mjs ... ok (269ms)
Fast lane (format, lint, unit + integration)	Unit tests	2026-10-03T10:26:08.2283248Z ▶ scripts/tests/unit/task-tracker/package-lockfile-version-parity.test.mjs ... ok (68ms)
Fast lane (format, lint, unit + integration)	Unit tests	2026-10-03T10:26:08.2283959Z ▶ scripts/tests/unit/task-tracker/states/state-factory.test.mjs ... ok (82ms)
Fast lane (format, lint, unit + integration)	Unit tests	2026-10-03T10:26:08.2284630Z ▶ scripts/tests/unit/task-tracker/states/states-skeleton.test.mjs ... ok (267ms)
Fast lane (format, lint, unit + integration)	Unit tests	2026-10-03T10:26:08.2285408Z ▶ scripts/tests/unit/task-tracker/sync-epic.test.mjs ... ok (256ms)
Fast lane (format, lint, unit + integration)	Unit tests	2026-10-03T10:26:08.2286009Z ▶ scripts/tests/unit/task-tracker/verbs/ac-stamp.test.mjs ... ok (151ms)
Fast lane (format, lint, unit + integration)	Unit tests	2026-10-03T10:26:08.2286639Z ▶ scripts/tests/unit/task-tracker/verbs/action-ledger.test.mjs ... ok (129ms)
Fast lane (format, lint, unit + integration)	Unit tests	2026-10-03T10:26:08.2287286Z ▶ scripts/tests/unit/task-tracker/verbs/approve-core.test.mjs ... ok (712ms)
Fast lane (format, lint, unit + integration)	Unit tests	2026-10-03T10:26:08.2287991Z ▶ scripts/tests/unit/task-tracker/verbs/approve-full-auto-detect.test.mjs ... ok (701ms)
Fast lane (format, lint, unit + integration)	Unit tests	2026-10-03T10:26:08.2288723Z ▶ scripts/tests/unit/task-tracker/verbs/approve-review-notes.test.mjs ... ok (334ms)
Fast lane (format, lint, unit + integration)	Unit tests	2026-10-03T10:26:08.2289697Z ▶ scripts/tests/unit/task-tracker/verbs/approve-timing-boundary.test.mjs ... ok (479ms)
Fast lane (format, lint, unit + integration)	Unit tests	2026-10-03T10:26:08.2290376Z ▶ scripts/tests/unit/task-tracker/verbs/assign.test.mjs ... ok (254ms)
Fast lane (format, lint, unit + integration)	Unit tests	2026-10-03T10:26:08.2290988Z ▶ scripts/tests/unit/task-tracker/verbs/block-verb.test.mjs ... ok (125ms)
Fast lane (format, lint, unit + integration)	Unit tests	2026-10-03T10:26:08.2291697Z ▶ scripts/tests/unit/task-tracker/verbs/board-and-project-guard.test.mjs ... ok (137ms)
Fast lane (format, lint, unit + integration)	Unit tests	2026-10-03T10:26:08.2292590Z ▶ scripts/tests/unit/task-tracker/verbs/check-verb-migration.test.mjs ... ok (198ms)
Fast lane (format, lint, unit + integration)	Unit tests	2026-10-03T10:26:08.2293233Z ▶ scripts/tests/unit/task-tracker/verbs/check.test.mjs ... ok (153ms)
Fast lane (format, lint, unit + integration)	Unit tests	2026-10-03T10:26:08.2293909Z ▶ scripts/tests/unit/task-tracker/verbs/close-authority-refresh.test.mjs ... ok (325ms)
Fast lane (format, lint, unit + integration)	Unit tests	2026-10-03T10:26:08.2294636Z ▶ scripts/tests/unit/task-tracker/verbs/close-binding-cleanup.test.mjs ... ok (306ms)
Fast lane (format, lint, unit + integration)	Unit tests	2026-10-03T10:26:08.2295348Z ▶ scripts/tests/unit/task-tracker/verbs/close-child-refresh.test.mjs ... ok (278ms)
Fast lane (format, lint, unit + integration)	Unit tests	2026-10-03T10:26:08.2296115Z ▶ scripts/tests/unit/task-tracker/verbs/close-converge-audit-emission.test.mjs ... ok (474ms)
Fast lane (format, lint, unit + integration)	Unit tests	2026-10-03T10:26:08.2296944Z ▶ scripts/tests/unit/task-tracker/verbs/close-convergence-wiring-finalize.test.mjs ... ok (493ms)
Fast lane (format, lint, unit + integration)	Unit tests	2026-10-03T10:26:08.2297731Z ▶ scripts/tests/unit/task-tracker/verbs/close-convergence-wiring.test.mjs ... ok (679ms)
Fast lane (format, lint, unit + integration)	Unit tests	2026-10-03T10:26:08.2298513Z ▶ scripts/tests/unit/task-tracker/verbs/close-delivered-idempotence.test.mjs ... ok (1.6s)
Fast lane (format, lint, unit + integration)	Unit tests	2026-10-03T10:26:08.2299510Z ▶ scripts/tests/unit/task-tracker/verbs/close-delivery-gate-input.test.mjs ... ok (324ms)
Fast lane (format, lint, unit + integration)	Unit tests	2026-10-03T10:26:08.2300343Z ▶ scripts/tests/unit/task-tracker/verbs/close-delivery-gate-refusal.test.mjs ... ok (314ms)
Fast lane (format, lint, unit + integration)	Unit tests	2026-10-03T10:26:08.2301111Z ▶ scripts/tests/unit/task-tracker/verbs/close-delivery-receipt.test.mjs ... ok (139ms)
Fast lane (format, lint, unit + integration)	Unit tests	2026-10-03T10:26:08.2301943Z ▶ scripts/tests/unit/task-tracker/verbs/close-false-delivery-recovery-contract.test.mjs ... ok (304ms)
Fast lane (format, lint, unit + integration)	Unit tests	2026-10-03T10:26:08.2302837Z ▶ scripts/tests/unit/task-tracker/verbs/close-false-delivery-recovery-wiring.test.mjs ... ok (484ms)
Fast lane (format, lint, unit + integration)	Unit tests	2026-10-03T10:26:08.2303605Z ▶ scripts/tests/unit/task-tracker/verbs/close-incorporated.test.mjs ... ok (525ms)
Fast lane (format, lint, unit + integration)	Unit tests	2026-10-03T10:26:08.2304355Z ▶ scripts/tests/unit/task-tracker/verbs/close-lifecycle-tick-retry.test.mjs ... ok (311ms)
Fast lane (format, lint, unit + integration)	Unit tests	2026-10-03T10:26:08.2305127Z ▶ scripts/tests/unit/task-tracker/verbs/close-no-commit-delivery.test.mjs ... ok (301ms)
Fast lane (format, lint, unit + integration)	Unit tests	2026-10-03T10:26:08.2305877Z ▶ scripts/tests/unit/task-tracker/verbs/close-occupancy-cleanup.test.mjs ... ok (323ms)
Fast lane (format, lint, unit + integration)	Unit tests	2026-10-03T10:26:08.2306613Z ▶ scripts/tests/unit/task-tracker/verbs/close-pexec-offline.test.mjs ... ok (308ms)
Fast lane (format, lint, unit + integration)	Unit tests	2026-10-03T10:26:08.2307386Z ▶ scripts/tests/unit/task-tracker/verbs/close-projected-guard-refresh.test.mjs ... ok (303ms)
Fast lane (format, lint, unit + integration)	Unit tests	2026-10-03T10:26:08.2308163Z ▶ scripts/tests/unit/task-tracker/verbs/close-reconcile-lifecycle.test.mjs ... ok (443ms)
Fast lane (format, lint, unit + integration)	Unit tests	2026-10-03T10:26:08.2308983Z ▶ scripts/tests/unit/task-tracker/verbs/close-recovery-backed-stale-wiring.test.mjs ... ok (593ms)
Fast lane (format, lint, unit + integration)	Unit tests	2026-10-03T10:26:08.2310018Z ▶ scripts/tests/unit/task-tracker/verbs/close-reopened-recovery-wiring.test.mjs ... ok (530ms)
Fast lane (format, lint, unit + integration)	Unit tests	2026-10-03T10:26:08.2310833Z ▶ scripts/tests/unit/task-tracker/verbs/close-review-authority-wiring.test.mjs ... ok (392ms)
Fast lane (format, lint, unit + integration)	Unit tests	2026-10-03T10:26:08.2311580Z ▶ scripts/tests/unit/task-tracker/verbs/close-strip-labels.test.mjs ... ok (590ms)
Fast lane (format, lint, unit + integration)	Unit tests	2026-10-03T10:26:08.2312404Z ▶ scripts/tests/unit/task-tracker/verbs/comment.test.mjs ... ok (127ms)
Fast lane (format, lint, unit + integration)	Unit tests	2026-10-03T10:26:08.2313078Z ▶ scripts/tests/unit/task-tracker/verbs/commit-trace-verb.test.mjs ... ok (102ms)
Fast lane (format, lint, unit + integration)	Unit tests	2026-10-03T10:26:08.2313769Z ▶ scripts/tests/unit/task-tracker/verbs/coverage-ac-stamp.test.mjs ... ok (176ms)
Fast lane (format, lint, unit + integration)	Unit tests	2026-10-03T10:26:08.2314433Z ▶ scripts/tests/unit/task-tracker/verbs/coverage-auto.test.mjs ... ok (129ms)
Fast lane (format, lint, unit + integration)	Unit tests	2026-10-03T10:26:08.2315111Z ▶ scripts/tests/unit/task-tracker/verbs/coverage-check-verb.test.mjs ... ok (297ms)
Fast lane (format, lint, unit + integration)	Unit tests	2026-10-03T10:26:08.2315794Z ▶ scripts/tests/unit/task-tracker/verbs/coverage-check.test.mjs ... ok (178ms)
Fast lane (format, lint, unit + integration)	Unit tests	2026-10-03T10:26:08.2316500Z ▶ scripts/tests/unit/task-tracker/verbs/coverage-commit-trace.test.mjs ... ok (209ms)
Fast lane (format, lint, unit + integration)	Unit tests	2026-10-03T10:26:08.2316933Z 
Fast lane (format, lint, unit + integration)	Unit tests	2026-10-03T10:26:08.2317075Z 1 of 941 test file(s) failed:
Fast lane (format, lint, unit + integration)	Unit tests	2026-10-03T10:26:08.2317245Z 
Fast lane (format, lint, unit + integration)	Unit tests	2026-10-03T10:26:08.2317578Z ── scripts/tests/unit/task-tracker/core/package-boundary.test.mjs ──
Fast lane (format, lint, unit + integration)	Unit tests	2026-10-03T10:26:08.2318174Z ✔ package-boundary: no test files are packed (1772.67399ms)
Fast lane (format, lint, unit + integration)	Unit tests	2026-10-03T10:26:08.2318755Z ✔ package-boundary: excluded directories do not reappear (0.522521ms)
Fast lane (format, lint, unit + integration)	Unit tests	2026-10-03T10:26:08.2319753Z ✔ package-boundary: ships the exact docs/introduction/ set (0.544141ms)
Fast lane (format, lint, unit + integration)	Unit tests	2026-10-03T10:26:08.2320427Z ✔ package-boundary: shipped README has no dead docs/introduction link (0.61374ms)
Fast lane (format, lint, unit + integration)	Unit tests	2026-10-03T10:26:08.2321088Z ✖ package-boundary: total entry count stays under the ceiling (1.181746ms)
Fast lane (format, lint, unit + integration)	Unit tests	2026-10-03T10:26:08.2321782Z ✔ package-boundary: development-only context calibration is not shipped (0.413338ms)
Fast lane (format, lint, unit + integration)	Unit tests	2026-10-03T10:26:08.2322457Z ✔ package-boundary: runtime entry points are still shipped (0.289888ms)
Fast lane (format, lint, unit + integration)	Unit tests	2026-10-03T10:26:08.2323161Z ✔ package-boundary: production parser and guidance release guard are declared (0.657902ms)
Fast lane (format, lint, unit + integration)	Unit tests	2026-10-03T10:26:08.2323914Z ✔ package-boundary: tag and explicit release CI retain the B2 consumer gate (0.486624ms)
Fast lane (format, lint, unit + integration)	Unit tests	2026-10-03T10:26:08.2324368Z ℹ tests 9
Fast lane (format, lint, unit + integration)	Unit tests	2026-10-03T10:26:08.2324574Z ℹ suites 0
Fast lane (format, lint, unit + integration)	Unit tests	2026-10-03T10:26:08.2324792Z ℹ pass 8
Fast lane (format, lint, unit + integration)	Unit tests	2026-10-03T10:26:08.2324988Z ℹ fail 1
Fast lane (format, lint, unit + integration)	Unit tests	2026-10-03T10:26:08.2325196Z ℹ cancelled 0
Fast lane (format, lint, unit + integration)	Unit tests	2026-10-03T10:26:08.2325414Z ℹ skipped 0
Fast lane (format, lint, unit + integration)	Unit tests	2026-10-03T10:26:08.2325629Z ℹ todo 0
Fast lane (format, lint, unit + integration)	Unit tests	2026-10-03T10:26:08.2325861Z ℹ duration_ms 1786.717614
Fast lane (format, lint, unit + integration)	Unit tests	2026-10-03T10:26:08.2326017Z 
Fast lane (format, lint, unit + integration)	Unit tests	2026-10-03T10:26:08.2326129Z ✖ failing tests:
Fast lane (format, lint, unit + integration)	Unit tests	2026-10-03T10:26:08.2326255Z 
Fast lane (format, lint, unit + integration)	Unit tests	2026-10-03T10:26:08.2326575Z test at scripts/tests/unit/task-tracker/core/package-boundary.test.mjs:219:1
Fast lane (format, lint, unit + integration)	Unit tests	2026-10-03T10:26:08.2327237Z ✖ package-boundary: total entry count stays under the ceiling (1.181746ms)
Fast lane (format, lint, unit + integration)	Unit tests	2026-10-03T10:26:08.2328218Z   AssertionError [ERR_ASSERTION]: packed entry count 895 exceeds ceiling 880; the package surface grew — confirm intentional and raise the ceiling, or prune.
Fast lane (format, lint, unit + integration)	Unit tests	2026-10-03T10:26:08.2329628Z       at TestContext.<anonymous> (file:///home/runner/work/ai-task-manager/ai-task-manager/scripts/tests/unit/task-tracker/core/package-boundary.test.mjs:384:10)
Fast lane (format, lint, unit + integration)	Unit tests	2026-10-03T10:26:08.2330426Z       at Test.runInAsyncScope (node:async_hooks:227:14)
Fast lane (format, lint, unit + integration)	Unit tests	2026-10-03T10:26:08.2330849Z       at Test.run (node:internal/test_runner/test:1402:25)
Fast lane (format, lint, unit + integration)	Unit tests	2026-10-03T10:26:08.2331321Z       at Test.processPendingSubtests (node:internal/test_runner/test:974:18)
Fast lane (format, lint, unit + integration)	Unit tests	2026-10-03T10:26:08.2331820Z       at Test.postRun (node:internal/test_runner/test:1542:19)
Fast lane (format, lint, unit + integration)	Unit tests	2026-10-03T10:26:08.2332231Z       at Test.run (node:internal/test_runner/test:1467:12)
Fast lane (format, lint, unit + integration)	Unit tests	2026-10-03T10:26:08.2332726Z       at async Test.processPendingSubtests (node:internal/test_runner/test:974:7) {
Fast lane (format, lint, unit + integration)	Unit tests	2026-10-03T10:26:08.2333154Z     generatedMessage: false,
Fast lane (format, lint, unit + integration)	Unit tests	2026-10-03T10:26:08.2333408Z     code: 'ERR_ASSERTION',
Fast lane (format, lint, unit + integration)	Unit tests	2026-10-03T10:26:08.2333640Z     actual: false,
Fast lane (format, lint, unit + integration)	Unit tests	2026-10-03T10:26:08.2333861Z     expected: true,
Fast lane (format, lint, unit + integration)	Unit tests	2026-10-03T10:26:08.2334071Z     operator: '==',
Fast lane (format, lint, unit + integration)	Unit tests	2026-10-03T10:26:08.2334274Z     diff: 'simple'
Fast lane (format, lint, unit + integration)	Unit tests	2026-10-03T10:26:08.2334473Z   }
Fast lane (format, lint, unit + integration)	Unit tests	2026-10-03T10:26:08.2334574Z 
Fast lane (format, lint, unit + integration)	Unit tests	2026-10-03T10:26:08.2334964Z ▶ scripts/tests/unit/task-tracker/verbs/coverage-config.test.mjs ... ok (107ms)
Fast lane (format, lint, unit + integration)	Unit tests	2026-10-03T10:26:08.2335671Z ▶ scripts/tests/unit/task-tracker/verbs/coverage-dod-stamp.test.mjs ... ok (211ms)
Fast lane (format, lint, unit + integration)	Unit tests	2026-10-03T10:26:08.2336573Z ▶ scripts/tests/unit/task-tracker/verbs/coverage-evidence-markers.test.mjs ... ok (244ms)
Fast lane (format, lint, unit + integration)	Unit tests	2026-10-03T10:26:08.2337311Z ▶ scripts/tests/unit/task-tracker/verbs/coverage-fleet.test.mjs ... ok (167ms)
Fast lane (format, lint, unit + integration)	Unit tests	2026-10-03T10:26:08.2337968Z ▶ scripts/tests/unit/task-tracker/verbs/coverage-kind.test.mjs ... ok (217ms)
Fast lane (format, lint, unit + integration)	Unit tests	2026-10-03T10:26:08.2338687Z ▶ scripts/tests/unit/task-tracker/verbs/coverage-mirror-deep-dive.test.mjs ... ok (205ms)
Fast lane (format, lint, unit + integration)	Unit tests	2026-10-03T10:26:08.2339674Z ▶ scripts/tests/unit/task-tracker/verbs/coverage-plan-approve.test.mjs ... ok (551ms)
Fast lane (format, lint, unit + integration)	Unit tests	2026-10-03T10:26:08.2340418Z ▶ scripts/tests/unit/task-tracker/verbs/coverage-promote.test.mjs ... ok (669ms)
Fast lane (format, lint, unit + integration)	Unit tests	2026-10-03T10:26:08.2341108Z ▶ scripts/tests/unit/task-tracker/verbs/coverage-update.test.mjs ... ok (141ms)
Fast lane (format, lint, unit + integration)	Unit tests	2026-10-03T10:26:08.2341818Z ▶ scripts/tests/unit/task-tracker/verbs/deliver-default-deps.test.mjs ... ok (224ms)
Fast lane (format, lint, unit + integration)	Unit tests	2026-10-03T10:26:08.2342613Z ▶ scripts/tests/unit/task-tracker/verbs/deliver-default-squash-recovery.test.mjs ... ok (200ms)
Fast lane (format, lint, unit + integration)	Unit tests	2026-10-03T10:26:08.2343483Z ▶ scripts/tests/unit/task-tracker/verbs/deliver-historical-reconstruction.test.mjs ... ok (324ms)
Fast lane (format, lint, unit + integration)	Unit tests	2026-10-03T10:26:08.2344445Z ▶ scripts/tests/unit/task-tracker/verbs/deliver-lineage-adapter.test.mjs ... ok (183ms)
Fast lane (format, lint, unit + integration)	Unit tests	2026-10-03T10:26:08.2345262Z ▶ scripts/tests/unit/task-tracker/verbs/deliver-merged-source-attribution.test.mjs ... ok (164ms)
Fast lane (format, lint, unit + integration)	Unit tests	2026-10-03T10:26:08.2346096Z ▶ scripts/tests/unit/task-tracker/verbs/deliver-multiple-pr-records.test.mjs ... ok (175ms)
Fast lane (format, lint, unit + integration)	Unit tests	2026-10-03T10:26:08.2346834Z ▶ scripts/tests/unit/task-tracker/verbs/deliver-no-commit.test.mjs ... ok (213ms)
Fast lane (format, lint, unit + integration)	Unit tests	2026-10-03T10:26:08.2347541Z ▶ scripts/tests/unit/task-tracker/verbs/deliver-pr-selection.test.mjs ... ok (204ms)
Fast lane (format, lint, unit + integration)	Unit tests	2026-10-03T10:26:08.2348277Z ▶ scripts/tests/unit/task-tracker/verbs/deliver-reconcile-args.test.mjs ... ok (179ms)
Fast lane (format, lint, unit + integration)	Unit tests	2026-10-03T10:26:08.2349009Z ▶ scripts/tests/unit/task-tracker/verbs/deliver-review-waiver.test.mjs ... ok (202ms)
Fast lane (format, lint, unit + integration)	Unit tests	2026-10-03T10:26:08.2350044Z ▶ scripts/tests/unit/task-tracker/verbs/deliver-single-source-squash.test.mjs ... ok (200ms)
Fast lane (format, lint, unit + integration)	Unit tests	2026-10-03T10:26:08.2350835Z ▶ scripts/tests/unit/task-tracker/verbs/deliver-source-inventory.test.mjs ... ok (220ms)
Fast lane (format, lint, unit + integration)	Unit tests	2026-10-03T10:26:08.2351542Z ▶ scripts/tests/unit/task-tracker/verbs/deliver.test.mjs ... ok (420ms)
Fast lane (format, lint, unit + integration)	Unit tests	2026-10-03T10:26:08.2352197Z ▶ scripts/tests/unit/task-tracker/verbs/demote-inprocess.test.mjs ... ok (337ms)
Fast lane (format, lint, unit + integration)	Unit tests	2026-10-03T10:26:08.2352873Z ▶ scripts/tests/unit/task-tracker/verbs/demote-verb.test.mjs ... ok (361ms)
Fast lane (format, lint, unit + integration)	Unit tests	2026-10-03T10:26:08.2353495Z ▶ scripts/tests/unit/task-tracker/verbs/demote.test.mjs ... ok (341ms)
Fast lane (format, lint, unit + integration)	Unit tests	2026-10-03T10:26:08.2354158Z ▶ scripts/tests/unit/task-tracker/verbs/develop-state-action.test.mjs ... ok (180ms)
Fast lane (format, lint, unit + integration)	Unit tests	2026-10-03T10:26:08.2354878Z ▶ scripts/tests/unit/task-tracker/verbs/dod-stamp-state-gate.test.mjs ... ok (208ms)
Fast lane (format, lint, unit + integration)	Unit tests	2026-10-03T10:26:08.2355564Z ▶ scripts/tests/unit/task-tracker/verbs/ensure-checked.test.mjs ... ok (269ms)
Fast lane (format, lint, unit + integration)	Unit tests	2026-10-03T10:26:08.2356234Z ▶ scripts/tests/unit/task-tracker/verbs/ensure-unchecked.test.mjs ... ok (204ms)
Fast lane (format, lint, unit + integration)	Unit tests	2026-10-03T10:26:08.2356923Z ▶ scripts/tests/unit/task-tracker/verbs/epic-reconcile.test.mjs ... ok (170ms)
Fast lane (format, lint, unit + integration)	Unit tests	2026-10-03T10:26:08.2357639Z ▶ scripts/tests/unit/task-tracker/verbs/fleet-closed-bindings.test.mjs ... ok (109ms)
Fast lane (format, lint, unit + integration)	Unit tests	2026-10-03T10:26:08.2358357Z ▶ scripts/tests/unit/task-tracker/verbs/functional-dod-gate.test.mjs ... ok (132ms)
Fast lane (format, lint, unit + integration)	Unit tests	2026-10-03T10:26:08.2358999Z ▶ scripts/tests/unit/task-tracker/verbs/help.test.mjs ... ok (130ms)
Fast lane (format, lint, unit + integration)	Unit tests	2026-10-03T10:26:08.2359837Z ▶ scripts/tests/unit/task-tracker/verbs/incident-ledger.test.mjs ... ok (180ms)
Fast lane (format, lint, unit + integration)	Unit tests	2026-10-03T10:26:08.2360518Z ▶ scripts/tests/unit/task-tracker/verbs/inflate-estimate.test.mjs ... ok (133ms)
Fast lane (format, lint, unit + integration)	Unit tests	2026-10-03T10:26:08.2361174Z ▶ scripts/tests/unit/task-tracker/verbs/issue-body.test.mjs ... ok (125ms)
Fast lane (format, lint, unit + integration)	Unit tests	2026-10-03T10:26:08.2361855Z ▶ scripts/tests/unit/task-tracker/verbs/migrate-dependencies.test.mjs ... ok (156ms)
Fast lane (format, lint, unit + integration)	Unit tests	2026-10-03T10:26:08.2362577Z ▶ scripts/tests/unit/task-tracker/verbs/move-inprocess-parity.test.mjs ... ok (467ms)
Fast lane (format, lint, unit + integration)	Unit tests	2026-10-03T10:26:08.2363526Z ▶ scripts/tests/unit/task-tracker/verbs/new-help-probe-guard.test.mjs ... ok (124ms)
Fast lane (format, lint, unit + integration)	Unit tests	2026-10-03T10:26:08.2364283Z ▶ scripts/tests/unit/task-tracker/verbs/new-routes-create-issue.test.mjs ... ok (114ms)
Fast lane (format, lint, unit + integration)	Unit tests	2026-10-03T10:26:08.2364933Z ▶ scripts/tests/unit/task-tracker/verbs/new.test.mjs ... ok (89ms)
Fast lane (format, lint, unit + integration)	Unit tests	2026-10-03T10:26:08.2365551Z ▶ scripts/tests/unit/task-tracker/verbs/next-alias.test.mjs ... ok (103ms)
Fast lane (format, lint, unit + integration)	Unit tests	2026-10-03T10:26:08.2366155Z ▶ scripts/tests/unit/task-tracker/verbs/park.test.mjs ... ok (350ms)
Fast lane (format, lint, unit + integration)	Unit tests	2026-10-03T10:26:08.2366819Z ▶ scripts/tests/unit/task-tracker/verbs/plan-approve-collapse.test.mjs ... ok (317ms)
Fast lane (format, lint, unit + integration)	Unit tests	2026-10-03T10:26:08.2367523Z ▶ scripts/tests/unit/task-tracker/verbs/plan-approve-core.test.mjs ... ok (1.5s)
Fast lane (format, lint, unit + integration)	Unit tests	2026-10-03T10:26:08.2368188Z ▶ scripts/tests/unit/task-tracker/verbs/plan-approve.test.mjs ... ok (813ms)
Fast lane (format, lint, unit + integration)	Unit tests	2026-10-03T10:26:08.2368840Z ▶ scripts/tests/unit/task-tracker/verbs/plan-estimate.test.mjs ... ok (226ms)
Fast lane (format, lint, unit + integration)	Unit tests	2026-10-03T10:26:08.2369809Z ▶ scripts/tests/unit/task-tracker/verbs/promote-discuss-refusal.test.mjs ... ok (422ms)
Fast lane (format, lint, unit + integration)	Unit tests	2026-10-03T10:26:08.2370552Z ▶ scripts/tests/unit/task-tracker/verbs/promote-inprocess.test.mjs ... ok (348ms)
Fast lane (format, lint, unit + integration)	Unit tests	2026-10-03T10:26:08.2371528Z ▶ scripts/tests/unit/task-tracker/verbs/promote-review-close-agent-review-gate.test.mjs ... ok (424ms)
Fast lane (format, lint, unit + integration)	Unit tests	2026-10-03T10:26:08.2372343Z ▶ scripts/tests/unit/task-tracker/verbs/promote-spawn-timeout.test.mjs ... ok (323ms)
Fast lane (format, lint, unit + integration)	Unit tests	2026-10-03T10:26:08.2373087Z ▶ scripts/tests/unit/task-tracker/verbs/promote-test-delegation.test.mjs ... ok (410ms)
Fast lane (format, lint, unit + integration)	Unit tests	2026-10-03T10:26:08.2373845Z ▶ scripts/tests/unit/task-tracker/verbs/promote-test-review-alias.test.mjs ... ok (331ms)
Fast lane (format, lint, unit + integration)	Unit tests	2026-10-03T10:26:08.2374646Z ▶ scripts/tests/unit/task-tracker/verbs/promote-test-to-review-gate.test.mjs ... ok (394ms)
Fast lane (format, lint, unit + integration)	Unit tests	2026-10-03T10:26:08.2375450Z ▶ scripts/tests/unit/task-tracker/verbs/pull-next-background-profile.test.mjs ... ok (389ms)
Fast lane (format, lint, unit + integration)	Unit tests	2026-10-03T10:26:08.2376242Z ▶ scripts/tests/unit/task-tracker/verbs/pull-next-close-convergence.test.mjs ... ok (781ms)
Fast lane (format, lint, unit + integration)	Unit tests	2026-10-03T10:26:08.2376974Z ▶ scripts/tests/unit/task-tracker/verbs/pull-next-verb.test.mjs ... ok (483ms)
Fast lane (format, lint, unit + integration)	Unit tests	2026-10-03T10:26:08.2377682Z ▶ scripts/tests/unit/task-tracker/verbs/reconcile-inprocess.test.mjs ... ok (318ms)
Fast lane (format, lint, unit + integration)	Unit tests	2026-10-03T10:26:08.2378417Z ▶ scripts/tests/unit/task-tracker/verbs/reconcile-multistep-walk.test.mjs ... ok (310ms)
Fast lane (format, lint, unit + integration)	Unit tests	2026-10-03T10:26:08.2379129Z ▶ scripts/tests/unit/task-tracker/verbs/reconcile-verb.test.mjs ... ok (332ms)
Fast lane (format, lint, unit + integration)	Unit tests	2026-10-03T10:26:08.2380106Z ▶ scripts/tests/unit/task-tracker/verbs/refine-atomic-rollback.test.mjs ... ok (395ms)
Fast lane (format, lint, unit + integration)	Unit tests	2026-10-03T10:26:08.2380878Z ▶ scripts/tests/unit/task-tracker/verbs/refine-fields-cache-refresh.test.mjs ... ok (340ms)
Fast lane (format, lint, unit + integration)	Unit tests	2026-10-03T10:26:08.2381647Z ▶ scripts/tests/unit/task-tracker/verbs/refine-fresh-body-retry.test.mjs ... ok (256ms)
Fast lane (format, lint, unit + integration)	Unit tests	2026-10-03T10:26:08.2382389Z ▶ scripts/tests/unit/task-tracker/verbs/refine-stage-completion.test.mjs ... ok (537ms)
Fast lane (format, lint, unit + integration)	Unit tests	2026-10-03T10:26:08.2383072Z ▶ scripts/tests/unit/task-tracker/verbs/refine-verb.test.mjs ... ok (386ms)
Fast lane (format, lint, unit + integration)	Unit tests	2026-10-03T10:26:08.2383703Z ▶ scripts/tests/unit/task-tracker/verbs/reject.test.mjs ... ok (184ms)
Fast lane (format, lint, unit + integration)	Unit tests	2026-10-03T10:26:08.2384384Z ▶ scripts/tests/unit/task-tracker/verbs/review-receipt-lane-skip.test.mjs ... ok (77ms)
Fast lane (format, lint, unit + integration)	Unit tests	2026-10-03T10:26:08.2385156Z ▶ scripts/tests/unit/task-tracker/verbs/review-sandbox-demote-slug.test.mjs ... ok (295ms)
Fast lane (format, lint, unit + integration)	Unit tests	2026-10-03T10:26:08.2385904Z ▶ scripts/tests/unit/task-tracker/verbs/review-state-action.test.mjs ... ok (337ms)
Fast lane (format, lint, unit + integration)	Unit tests	2026-10-03T10:26:08.2386627Z ▶ scripts/tests/unit/task-tracker/verbs/review-timing-monotonic.test.mjs ... ok (345ms)
Fast lane (format, lint, unit + integration)	Unit tests	2026-10-03T10:26:08.2387407Z ▶ scripts/tests/unit/task-tracker/verbs/review-unverified-tick-hatch.test.mjs ... ok (324ms)
Fast lane (format, lint, unit + integration)	Unit tests	2026-10-03T10:26:08.2388167Z ▶ scripts/tests/unit/task-tracker/verbs/sandbox-env-isolation.test.mjs ... ok (286ms)
Fast lane (format, lint, unit + integration)	Unit tests	2026-10-03T10:26:08.2388837Z ▶ scripts/tests/unit/task-tracker/verbs/split-plan.test.mjs ... ok (1.6s)
Fast lane (format, lint, unit + integration)	Unit tests	2026-10-03T10:26:08.2389831Z ▶ scripts/tests/unit/task-tracker/verbs/state-cursor-promotion-parity.test.mjs ... ok (110ms)
Fast lane (format, lint, unit + integration)	Unit tests	2026-10-03T10:26:08.2390808Z ▶ scripts/tests/unit/task-tracker/verbs/supersede-inprocess.test.mjs ... ok (322ms)
Fast lane (format, lint, unit + integration)	Unit tests	2026-10-03T10:26:08.2391512Z ▶ scripts/tests/unit/task-tracker/verbs/supersede-verb.test.mjs ... ok (320ms)
Fast lane (format, lint, unit + integration)	Unit tests	2026-10-03T10:26:08.2392296Z ▶ scripts/tests/unit/task-tracker/verbs/test-project-provider-npm-ci-args.test.mjs ... ok (286ms)
Fast lane (format, lint, unit + integration)	Unit tests	2026-10-03T10:26:08.2393187Z ▶ scripts/tests/unit/task-tracker/verbs/test-rejected-vc-not-scored-as-failed.test.mjs ... ok (480ms)
Fast lane (format, lint, unit + integration)	Unit tests	2026-10-03T10:26:08.2393985Z ▶ scripts/tests/unit/task-tracker/verbs/test-state-action.test.mjs ... ok (173ms)
Fast lane (format, lint, unit + integration)	Unit tests	2026-10-03T10:26:08.2394735Z ▶ scripts/tests/unit/task-tracker/verbs/test-verb-kind-aware-lanes.test.mjs ... ok (355ms)
Fast lane (format, lint, unit + integration)	Unit tests	2026-10-03T10:26:08.2395535Z ▶ scripts/tests/unit/task-tracker/verbs/test-verb-lane-split-migration.test.mjs ... ok (386ms)
Fast lane (format, lint, unit + integration)	Unit tests	2026-10-03T10:26:08.2396371Z ▶ scripts/tests/unit/task-tracker/verbs/test-verb-sandbox-worktree-path.test.mjs ... ok (322ms)
Fast lane (format, lint, unit + integration)	Unit tests	2026-10-03T10:26:08.2397086Z ▶ scripts/tests/unit/task-tracker/verbs/unassign.test.mjs ... ok (288ms)
Fast lane (format, lint, unit + integration)	Unit tests	2026-10-03T10:26:08.2397714Z ▶ scripts/tests/unit/task-tracker/verbs/user-story.test.mjs ... ok (130ms)
Fast lane (format, lint, unit + integration)	Unit tests	2026-10-03T10:26:08.2398513Z ▶ scripts/tests/unit/task-tracker/verbs/verb-discover-help.test.mjs ... ok (107ms)
Fast lane (format, lint, unit + integration)	Unit tests	2026-10-03T10:26:08.2399218Z ▶ scripts/tests/unit/task-tracker/verbs/verb-plan-promote.test.mjs ... ok (321ms)
Fast lane (format, lint, unit + integration)	Unit tests	2026-10-03T10:26:08.2400241Z ▶ scripts/tests/unit/task-tracker/verbs/verb-test-sandbox-env.test.mjs ... ok (370ms)
Fast lane (format, lint, unit + integration)	Unit tests	2026-10-03T10:26:08.2400924Z ▶ scripts/tests/unit/tools/compare-test-fixtures.test.mjs ... ok (122ms)
Fast lane (format, lint, unit + integration)	Unit tests	2026-10-03T10:26:08.2401577Z ▶ scripts/tests/unit/tools/coverage-threshold-parse.test.mjs ... ok (114ms)
Fast lane (format, lint, unit + integration)	Unit tests	2026-10-03T10:26:08.2401892Z 
Fast lane (format, lint, unit + integration)	Unit tests	2026-10-03T10:26:08.2403058Z ▶ scheduling: 902 pure unit file(s) at pool concurrency 3 (peak 3); 39 direct-subprocess file(s) at pool concurrency 2 (peak 2); 0 explicit-safe slow file(s) at pool concurrency 2 (peak 0); 0 explicit-unsafe/integration/unmarked-slow file(s) serial
Fast lane (format, lint, unit + integration)	Unit tests	2026-10-03T10:26:08.2415276Z ##[error]Process completed with exit code 1.
npm 11.8.0 / Node 24 pack compatibility	UNKNOWN STEP	﻿2026-10-03T10:26:04.5770420Z Current runner version: '2.337.0'
npm 11.8.0 / Node 24 pack compatibility	UNKNOWN STEP	2026-10-03T10:26:04.5801783Z ##[group]Runner Image Provisioner
npm 11.8.0 / Node 24 pack compatibility	UNKNOWN STEP	2026-10-03T10:26:04.5802885Z Hosted Compute Agent
npm 11.8.0 / Node 24 pack compatibility	UNKNOWN STEP	2026-10-03T10:26:04.5803614Z Version: 20260901.588
npm 11.8.0 / Node 24 pack compatibility	UNKNOWN STEP	2026-10-03T10:26:04.5804293Z Commit: f88ec8081b781fac6c440065ac7ff9e710ce3d0b
npm 11.8.0 / Node 24 pack compatibility	UNKNOWN STEP	2026-10-03T10:26:04.5805029Z Build Date: 2026-09-01T19:56:44Z
npm 11.8.0 / Node 24 pack compatibility	UNKNOWN STEP	2026-10-03T10:26:04.5805899Z Worker ID: {5c1195f5-2c77-40fc-9b7f-5ced2a51c5f3}
npm 11.8.0 / Node 24 pack compatibility	UNKNOWN STEP	2026-10-03T10:26:04.5806645Z Azure Region: northcentralus
npm 11.8.0 / Node 24 pack compatibility	UNKNOWN STEP	2026-10-03T10:26:04.5807342Z ##[endgroup]
npm 11.8.0 / Node 24 pack compatibility	UNKNOWN STEP	2026-10-03T10:26:04.5808763Z ##[group]Operating System
npm 11.8.0 / Node 24 pack compatibility	UNKNOWN STEP	2026-10-03T10:26:04.5809401Z Ubuntu
npm 11.8.0 / Node 24 pack compatibility	UNKNOWN STEP	2026-10-03T10:26:04.5810086Z 24.04.5
npm 11.8.0 / Node 24 pack compatibility	UNKNOWN STEP	2026-10-03T10:26:04.5810632Z LTS
npm 11.8.0 / Node 24 pack compatibility	UNKNOWN STEP	2026-10-03T10:26:04.5811204Z ##[endgroup]
npm 11.8.0 / Node 24 pack compatibility	UNKNOWN STEP	2026-10-03T10:26:04.5811798Z ##[group]Runner Image
npm 11.8.0 / Node 24 pack compatibility	UNKNOWN STEP	2026-10-03T10:26:04.5812420Z Image: ubuntu-24.04
npm 11.8.0 / Node 24 pack compatibility	UNKNOWN STEP	2026-10-03T10:26:04.5813358Z Version: 20260927.320.1
npm 11.8.0 / Node 24 pack compatibility	UNKNOWN STEP	2026-10-03T10:26:04.5814600Z Included Software: https://github.com/actions/runner-images/blob/ubuntu24/20260927.320/images/ubuntu/Ubuntu2404-Readme.md
npm 11.8.0 / Node 24 pack compatibility	UNKNOWN STEP	2026-10-03T10:26:04.5816268Z Image Release: https://github.com/actions/runner-images/releases/tag/ubuntu24%2F20260927.320
npm 11.8.0 / Node 24 pack compatibility	UNKNOWN STEP	2026-10-03T10:26:04.5817270Z ##[endgroup]
npm 11.8.0 / Node 24 pack compatibility	UNKNOWN STEP	2026-10-03T10:26:04.5818507Z ##[group]GITHUB_TOKEN Permissions
npm 11.8.0 / Node 24 pack compatibility	UNKNOWN STEP	2026-10-03T10:26:04.5820677Z Contents: read
npm 11.8.0 / Node 24 pack compatibility	UNKNOWN STEP	2026-10-03T10:26:04.5821405Z Metadata: read
npm 11.8.0 / Node 24 pack compatibility	UNKNOWN STEP	2026-10-03T10:26:04.5821999Z ##[endgroup]
npm 11.8.0 / Node 24 pack compatibility	UNKNOWN STEP	2026-10-03T10:26:04.5824520Z Secret source: Actions
npm 11.8.0 / Node 24 pack compatibility	UNKNOWN STEP	2026-10-03T10:26:04.5825507Z Cache mode: write
npm 11.8.0 / Node 24 pack compatibility	UNKNOWN STEP	2026-10-03T10:26:04.5826838Z Prepare workflow directory
npm 11.8.0 / Node 24 pack compatibility	UNKNOWN STEP	2026-10-03T10:26:04.6331934Z Prepare all required actions
npm 11.8.0 / Node 24 pack compatibility	UNKNOWN STEP	2026-10-03T10:26:04.6398044Z Getting action download info
npm 11.8.0 / Node 24 pack compatibility	UNKNOWN STEP	2026-10-03T10:26:04.8726723Z Download action repository 'actions/checkout@v5' (SHA:fbc6f3992d24b796d5a048ff273f7fcc4a7b6c09)
npm 11.8.0 / Node 24 pack compatibility	UNKNOWN STEP	2026-10-03T10:26:05.0574003Z Download action repository 'actions/setup-node@v5' (SHA:a0853c24544627f65ddf259abe73b1d18a591444)
npm 11.8.0 / Node 24 pack compatibility	UNKNOWN STEP	2026-10-03T10:26:05.2966998Z Complete job name: npm 11.8.0 / Node 24 pack compatibility
npm 11.8.0 / Node 24 pack compatibility	UNKNOWN STEP	2026-10-03T10:26:05.3641694Z ##[group]Run actions/checkout@v5
npm 11.8.0 / Node 24 pack compatibility	UNKNOWN STEP	2026-10-03T10:26:05.3642844Z with:
npm 11.8.0 / Node 24 pack compatibility	UNKNOWN STEP	2026-10-03T10:26:05.3643405Z   repository: kburson/ai-task-manager
npm 11.8.0 / Node 24 pack compatibility	UNKNOWN STEP	2026-10-03T10:26:05.3647284Z   token: ***
npm 11.8.0 / Node 24 pack compatibility	UNKNOWN STEP	2026-10-03T10:26:05.3647725Z   ssh-strict: true
npm 11.8.0 / Node 24 pack compatibility	UNKNOWN STEP	2026-10-03T10:26:05.3648175Z   ssh-user: git
npm 11.8.0 / Node 24 pack compatibility	UNKNOWN STEP	2026-10-03T10:26:05.3648624Z   persist-credentials: true
npm 11.8.0 / Node 24 pack compatibility	UNKNOWN STEP	2026-10-03T10:26:05.3649119Z   clean: true
npm 11.8.0 / Node 24 pack compatibility	UNKNOWN STEP	2026-10-03T10:26:05.3649564Z   sparse-checkout-cone-mode: true
npm 11.8.0 / Node 24 pack compatibility	UNKNOWN STEP	2026-10-03T10:26:05.3650079Z   fetch-depth: 1
npm 11.8.0 / Node 24 pack compatibility	UNKNOWN STEP	2026-10-03T10:26:05.3650505Z   fetch-tags: false
npm 11.8.0 / Node 24 pack compatibility	UNKNOWN STEP	2026-10-03T10:26:05.3650947Z   show-progress: true
npm 11.8.0 / Node 24 pack compatibility	UNKNOWN STEP	2026-10-03T10:26:05.3651397Z   lfs: false
npm 11.8.0 / Node 24 pack compatibility	UNKNOWN STEP	2026-10-03T10:26:05.3651814Z   submodules: false
npm 11.8.0 / Node 24 pack compatibility	UNKNOWN STEP	2026-10-03T10:26:05.3652273Z   set-safe-directory: true
npm 11.8.0 / Node 24 pack compatibility	UNKNOWN STEP	2026-10-03T10:26:05.3652919Z   allow-unsafe-pr-checkout: false
npm 11.8.0 / Node 24 pack compatibility	UNKNOWN STEP	2026-10-03T10:26:05.3653729Z env:
npm 11.8.0 / Node 24 pack compatibility	UNKNOWN STEP	2026-10-03T10:26:05.3654149Z   GIT_AUTHOR_NAME: kendrick burson
npm 11.8.0 / Node 24 pack compatibility	UNKNOWN STEP	2026-10-03T10:26:05.3654681Z   GIT_AUTHOR_EMAIL: kpburson@pm.me
npm 11.8.0 / Node 24 pack compatibility	UNKNOWN STEP	2026-10-03T10:26:05.3655249Z   GIT_COMMITTER_NAME: kendrick burson
npm 11.8.0 / Node 24 pack compatibility	UNKNOWN STEP	2026-10-03T10:26:05.3655801Z   GIT_COMMITTER_EMAIL: kpburson@pm.me
npm 11.8.0 / Node 24 pack compatibility	UNKNOWN STEP	2026-10-03T10:26:05.3656326Z ##[endgroup]
npm 11.8.0 / Node 24 pack compatibility	UNKNOWN STEP	2026-10-03T10:26:05.4660512Z Syncing repository: kburson/ai-task-manager
npm 11.8.0 / Node 24 pack compatibility	UNKNOWN STEP	2026-10-03T10:26:05.4663153Z ##[group]Getting Git version info
npm 11.8.0 / Node 24 pack compatibility	UNKNOWN STEP	2026-10-03T10:26:05.4663985Z Working directory is '/home/runner/work/ai-task-manager/ai-task-manager'
npm 11.8.0 / Node 24 pack compatibility	UNKNOWN STEP	2026-10-03T10:26:05.4665488Z [command]/usr/bin/git version
npm 11.8.0 / Node 24 pack compatibility	UNKNOWN STEP	2026-10-03T10:26:05.4717755Z git version 2.55.0
npm 11.8.0 / Node 24 pack compatibility	UNKNOWN STEP	2026-10-03T10:26:05.4738602Z ##[endgroup]
npm 11.8.0 / Node 24 pack compatibility	UNKNOWN STEP	2026-10-03T10:26:05.4753873Z Temporarily overriding HOME='/home/runner/work/_temp/d942cd5c-4e20-4278-b441-bbae129c1142' before making global git config changes
npm 11.8.0 / Node 24 pack compatibility	UNKNOWN STEP	2026-10-03T10:26:05.4756194Z Adding repository directory to the temporary git global config as a safe directory
npm 11.8.0 / Node 24 pack compatibility	UNKNOWN STEP	2026-10-03T10:26:05.4759604Z [command]/usr/bin/git config --global --add safe.directory /home/runner/work/ai-task-manager/ai-task-manager
npm 11.8.0 / Node 24 pack compatibility	UNKNOWN STEP	2026-10-03T10:26:05.4816639Z Deleting the contents of '/home/runner/work/ai-task-manager/ai-task-manager'
npm 11.8.0 / Node 24 pack compatibility	UNKNOWN STEP	2026-10-03T10:26:05.4820937Z ##[group]Initializing the repository
npm 11.8.0 / Node 24 pack compatibility	UNKNOWN STEP	2026-10-03T10:26:05.4826349Z [command]/usr/bin/git init /home/runner/work/ai-task-manager/ai-task-manager
npm 11.8.0 / Node 24 pack compatibility	UNKNOWN STEP	2026-10-03T10:26:05.4908367Z hint: Using 'master' as the name for the initial branch. This default branch name
npm 11.8.0 / Node 24 pack compatibility	UNKNOWN STEP	2026-10-03T10:26:05.4910153Z hint: will change to "main" in Git 3.0. To configure the initial branch name
npm 11.8.0 / Node 24 pack compatibility	UNKNOWN STEP	2026-10-03T10:26:05.4911710Z hint: to use in all of your new repositories, which will suppress this warning,
npm 11.8.0 / Node 24 pack compatibility	UNKNOWN STEP	2026-10-03T10:26:05.4913237Z hint: call:
npm 11.8.0 / Node 24 pack compatibility	UNKNOWN STEP	2026-10-03T10:26:05.4913949Z hint:
npm 11.8.0 / Node 24 pack compatibility	UNKNOWN STEP	2026-10-03T10:26:05.4914932Z hint: 	git config --global init.defaultBranch <name>
npm 11.8.0 / Node 24 pack compatibility	UNKNOWN STEP	2026-10-03T10:26:05.4916093Z hint:
npm 11.8.0 / Node 24 pack compatibility	UNKNOWN STEP	2026-10-03T10:26:05.4917077Z hint: Names commonly chosen instead of 'master' are 'main', 'trunk' and
npm 11.8.0 / Node 24 pack compatibility	UNKNOWN STEP	2026-10-03T10:26:05.4918146Z hint: 'development'. The just-created branch can be renamed via this command:
npm 11.8.0 / Node 24 pack compatibility	UNKNOWN STEP	2026-10-03T10:26:05.4918901Z hint:
npm 11.8.0 / Node 24 pack compatibility	UNKNOWN STEP	2026-10-03T10:26:05.4919328Z hint: 	git branch -m <name>
npm 11.8.0 / Node 24 pack compatibility	UNKNOWN STEP	2026-10-03T10:26:05.4919830Z hint:
npm 11.8.0 / Node 24 pack compatibility	UNKNOWN STEP	2026-10-03T10:26:05.4920626Z hint: Disable this message with "git config set advice.defaultBranchName false"
npm 11.8.0 / Node 24 pack compatibility	UNKNOWN STEP	2026-10-03T10:26:05.4922188Z Initialized empty Git repository in /home/runner/work/ai-task-manager/ai-task-manager/.git/
npm 11.8.0 / Node 24 pack compatibility	UNKNOWN STEP	2026-10-03T10:26:05.4924326Z [command]/usr/bin/git remote add origin https://github.com/kburson/ai-task-manager
npm 11.8.0 / Node 24 pack compatibility	UNKNOWN STEP	2026-10-03T10:26:05.4967552Z ##[endgroup]
npm 11.8.0 / Node 24 pack compatibility	UNKNOWN STEP	2026-10-03T10:26:05.4968345Z ##[group]Disabling automatic garbage collection
npm 11.8.0 / Node 24 pack compatibility	UNKNOWN STEP	2026-10-03T10:26:05.4971959Z [command]/usr/bin/git config --local gc.auto 0
npm 11.8.0 / Node 24 pack compatibility	UNKNOWN STEP	2026-10-03T10:26:05.5004359Z ##[endgroup]
npm 11.8.0 / Node 24 pack compatibility	UNKNOWN STEP	2026-10-03T10:26:05.5012693Z ##[group]Setting up auth
npm 11.8.0 / Node 24 pack compatibility	UNKNOWN STEP	2026-10-03T10:26:05.5013462Z [command]/usr/bin/git config --local --name-only --get-regexp core\.sshCommand
npm 11.8.0 / Node 24 pack compatibility	UNKNOWN STEP	2026-10-03T10:26:05.5053648Z [command]/usr/bin/git submodule foreach --recursive sh -c "git config --local --name-only --get-regexp 'core\.sshCommand' && git config --local --unset-all 'core.sshCommand' || :"
npm 11.8.0 / Node 24 pack compatibility	UNKNOWN STEP	2026-10-03T10:26:05.5403352Z [command]/usr/bin/git config --local --name-only --get-regexp http\.https\:\/\/github\.com\/\.extraheader
npm 11.8.0 / Node 24 pack compatibility	UNKNOWN STEP	2026-10-03T10:26:05.5456158Z [command]/usr/bin/git submodule foreach --recursive sh -c "git config --local --name-only --get-regexp 'http\.https\:\/\/github\.com\/\.extraheader' && git config --local --unset-all 'http.https://github.com/.extraheader' || :"
npm 11.8.0 / Node 24 pack compatibility	UNKNOWN STEP	2026-10-03T10:26:05.5716290Z [command]/usr/bin/git config --local --name-only --get-regexp ^includeIf\.gitdir:
npm 11.8.0 / Node 24 pack compatibility	UNKNOWN STEP	2026-10-03T10:26:05.5757120Z [command]/usr/bin/git submodule foreach --recursive git config --local --show-origin --name-only --get-regexp remote.origin.url
npm 11.8.0 / Node 24 pack compatibility	UNKNOWN STEP	2026-10-03T10:26:05.6019030Z [command]/usr/bin/git config --local http.https://github.com/.extraheader AUTHORIZATION: basic ***
npm 11.8.0 / Node 24 pack compatibility	UNKNOWN STEP	2026-10-03T10:26:05.6064036Z ##[endgroup]
npm 11.8.0 / Node 24 pack compatibility	UNKNOWN STEP	2026-10-03T10:26:05.6065471Z ##[group]Fetching the repository
npm 11.8.0 / Node 24 pack compatibility	UNKNOWN STEP	2026-10-03T10:26:05.6075080Z [command]/usr/bin/git -c protocol.version=2 fetch --no-tags --prune --no-recurse-submodules --depth=1 origin +dd6a9469ce6fdc149ee0a6d82f0a62fe742189c8:refs/remotes/origin/codex/1857-continuation
npm 11.8.0 / Node 24 pack compatibility	UNKNOWN STEP	2026-10-03T10:26:07.1725125Z From https://github.com/kburson/ai-task-manager
npm 11.8.0 / Node 24 pack compatibility	UNKNOWN STEP	2026-10-03T10:26:07.1727201Z  * [new ref]         dd6a9469ce6fdc149ee0a6d82f0a62fe742189c8 -> origin/codex/1857-continuation
npm 11.8.0 / Node 24 pack compatibility	UNKNOWN STEP	2026-10-03T10:26:07.1735128Z ##[endgroup]
npm 11.8.0 / Node 24 pack compatibility	UNKNOWN STEP	2026-10-03T10:26:07.1736394Z ##[group]Determining the checkout info
npm 11.8.0 / Node 24 pack compatibility	UNKNOWN STEP	2026-10-03T10:26:07.1737775Z ##[endgroup]
npm 11.8.0 / Node 24 pack compatibility	UNKNOWN STEP	2026-10-03T10:26:07.1739322Z [command]/usr/bin/git sparse-checkout disable
npm 11.8.0 / Node 24 pack compatibility	UNKNOWN STEP	2026-10-03T10:26:07.1794114Z [command]/usr/bin/git config --local --unset-all extensions.worktreeConfig
npm 11.8.0 / Node 24 pack compatibility	UNKNOWN STEP	2026-10-03T10:26:07.1842387Z ##[group]Checking out the ref
npm 11.8.0 / Node 24 pack compatibility	UNKNOWN STEP	2026-10-03T10:26:07.1848973Z [command]/usr/bin/git checkout --progress --force -B codex/1857-continuation refs/remotes/origin/codex/1857-continuation
npm 11.8.0 / Node 24 pack compatibility	UNKNOWN STEP	2026-10-03T10:26:07.4933928Z Switched to a new branch 'codex/1857-continuation'
npm 11.8.0 / Node 24 pack compatibility	UNKNOWN STEP	2026-10-03T10:26:07.4936443Z branch 'codex/1857-continuation' set up to track 'origin/codex/1857-continuation'.
npm 11.8.0 / Node 24 pack compatibility	UNKNOWN STEP	2026-10-03T10:26:07.4949104Z ##[endgroup]
npm 11.8.0 / Node 24 pack compatibility	UNKNOWN STEP	2026-10-03T10:26:07.4998665Z [command]/usr/bin/git log -1 --format=%H
npm 11.8.0 / Node 24 pack compatibility	UNKNOWN STEP	2026-10-03T10:26:07.5027563Z dd6a9469ce6fdc149ee0a6d82f0a62fe742189c8
npm 11.8.0 / Node 24 pack compatibility	UNKNOWN STEP	2026-10-03T10:26:07.5301525Z ##[group]Run actions/setup-node@v5
npm 11.8.0 / Node 24 pack compatibility	UNKNOWN STEP	2026-10-03T10:26:07.5301955Z with:
npm 11.8.0 / Node 24 pack compatibility	UNKNOWN STEP	2026-10-03T10:26:07.5302248Z   node-version: 24
npm 11.8.0 / Node 24 pack compatibility	UNKNOWN STEP	2026-10-03T10:26:07.5302787Z   cache: npm
npm 11.8.0 / Node 24 pack compatibility	UNKNOWN STEP	2026-10-03T10:26:07.5303083Z   always-auth: false
npm 11.8.0 / Node 24 pack compatibility	UNKNOWN STEP	2026-10-03T10:26:07.5303402Z   check-latest: false
npm 11.8.0 / Node 24 pack compatibility	UNKNOWN STEP	2026-10-03T10:26:07.5306314Z   token: ***
npm 11.8.0 / Node 24 pack compatibility	UNKNOWN STEP	2026-10-03T10:26:07.5306639Z   package-manager-cache: true
npm 11.8.0 / Node 24 pack compatibility	UNKNOWN STEP	2026-10-03T10:26:07.5306996Z env:
npm 11.8.0 / Node 24 pack compatibility	UNKNOWN STEP	2026-10-03T10:26:07.5307295Z   GIT_AUTHOR_NAME: kendrick burson
npm 11.8.0 / Node 24 pack compatibility	UNKNOWN STEP	2026-10-03T10:26:07.5307669Z   GIT_AUTHOR_EMAIL: kpburson@pm.me
npm 11.8.0 / Node 24 pack compatibility	UNKNOWN STEP	2026-10-03T10:26:07.5308049Z   GIT_COMMITTER_NAME: kendrick burson
npm 11.8.0 / Node 24 pack compatibility	UNKNOWN STEP	2026-10-03T10:26:07.5308437Z   GIT_COMMITTER_EMAIL: kpburson@pm.me
npm 11.8.0 / Node 24 pack compatibility	UNKNOWN STEP	2026-10-03T10:26:07.5308800Z ##[endgroup]
npm 11.8.0 / Node 24 pack compatibility	UNKNOWN STEP	2026-10-03T10:26:07.6775405Z Found in cache @ /opt/hostedtoolcache/node/24.21.0/x64
npm 11.8.0 / Node 24 pack compatibility	UNKNOWN STEP	2026-10-03T10:26:07.6777959Z (node:2310) [DEP0040] DeprecationWarning: The `punycode` module is deprecated. Please use a userland alternative instead.
npm 11.8.0 / Node 24 pack compatibility	UNKNOWN STEP	2026-10-03T10:26:07.6779577Z (Use `node --trace-deprecation ...` to show where the warning was created)
npm 11.8.0 / Node 24 pack compatibility	UNKNOWN STEP	2026-10-03T10:26:07.6781190Z ##[group]Environment details
npm 11.8.0 / Node 24 pack compatibility	UNKNOWN STEP	2026-10-03T10:26:10.4499881Z node: v24.21.0
npm 11.8.0 / Node 24 pack compatibility	UNKNOWN STEP	2026-10-03T10:26:10.4500330Z npm: 11.19.0
npm 11.8.0 / Node 24 pack compatibility	UNKNOWN STEP	2026-10-03T10:26:10.4500600Z yarn: 1.22.22
npm 11.8.0 / Node 24 pack compatibility	UNKNOWN STEP	2026-10-03T10:26:10.4501582Z ##[endgroup]
npm 11.8.0 / Node 24 pack compatibility	UNKNOWN STEP	2026-10-03T10:26:10.4524089Z [command]/opt/hostedtoolcache/node/24.21.0/x64/bin/npm config get cache
npm 11.8.0 / Node 24 pack compatibility	UNKNOWN STEP	2026-10-03T10:26:10.7572899Z /home/runner/.npm
npm 11.8.0 / Node 24 pack compatibility	UNKNOWN STEP	2026-10-03T10:26:10.8718838Z Cache hit for: node-cache-Linux-x64-npm-bd03a24e4fb6ea9135263ddfda5f6f14aceea5c97773b78dfd4f842230cc9a5f
npm 11.8.0 / Node 24 pack compatibility	UNKNOWN STEP	2026-10-03T10:26:10.8816505Z (node:2310) [DEP0169] DeprecationWarning: `url.parse()` behavior is not standardized and prone to errors that have security implications. Use the WHATWG URL API instead. CVEs are not issued for `url.parse()` vulnerabilities.
npm 11.8.0 / Node 24 pack compatibility	UNKNOWN STEP	2026-10-03T10:26:11.5330396Z Received 33193731 of 33193731 (100.0%), 57.3 MBs/sec
npm 11.8.0 / Node 24 pack compatibility	UNKNOWN STEP	2026-10-03T10:26:11.5413994Z Cache Size: ~32 MB (33193731 B)
npm 11.8.0 / Node 24 pack compatibility	UNKNOWN STEP	2026-10-03T10:26:11.5416167Z [command]/usr/bin/tar -xf /home/runner/work/_temp/09f53cb7-0433-4ba2-9b0f-ce4e30b28af8/cache.tzst -P -C /home/runner/work/ai-task-manager/ai-task-manager --use-compress-program unzstd
npm 11.8.0 / Node 24 pack compatibility	UNKNOWN STEP	2026-10-03T10:26:11.6787880Z Cache restored successfully
npm 11.8.0 / Node 24 pack compatibility	UNKNOWN STEP	2026-10-03T10:26:11.6808807Z Cache restored from key: node-cache-Linux-x64-npm-bd03a24e4fb6ea9135263ddfda5f6f14aceea5c97773b78dfd4f842230cc9a5f
npm 11.8.0 / Node 24 pack compatibility	UNKNOWN STEP	2026-10-03T10:26:11.7008290Z ##[group]Run npm install --global "npm@11.8.0"
npm 11.8.0 / Node 24 pack compatibility	UNKNOWN STEP	2026-10-03T10:26:11.7008744Z ^[[36;1mnpm install --global "npm@11.8.0"^[[0m
npm 11.8.0 / Node 24 pack compatibility	UNKNOWN STEP	2026-10-03T10:26:11.7294054Z shell: /usr/bin/bash -e {0}
npm 11.8.0 / Node 24 pack compatibility	UNKNOWN STEP	2026-10-03T10:26:11.7294372Z env:
npm 11.8.0 / Node 24 pack compatibility	UNKNOWN STEP	2026-10-03T10:26:11.7294621Z   GIT_AUTHOR_NAME: kendrick burson
npm 11.8.0 / Node 24 pack compatibility	UNKNOWN STEP	2026-10-03T10:26:11.7294926Z   GIT_AUTHOR_EMAIL: kpburson@pm.me
npm 11.8.0 / Node 24 pack compatibility	UNKNOWN STEP	2026-10-03T10:26:11.7295210Z   GIT_COMMITTER_NAME: kendrick burson
npm 11.8.0 / Node 24 pack compatibility	UNKNOWN STEP	2026-10-03T10:26:11.7295511Z   GIT_COMMITTER_EMAIL: kpburson@pm.me
npm 11.8.0 / Node 24 pack compatibility	UNKNOWN STEP	2026-10-03T10:26:11.7295774Z ##[endgroup]
npm 11.8.0 / Node 24 pack compatibility	UNKNOWN STEP	2026-10-03T10:26:16.1133327Z 
npm 11.8.0 / Node 24 pack compatibility	UNKNOWN STEP	2026-10-03T10:26:16.1140364Z removed 5 packages, and changed 58 packages in 4s
npm 11.8.0 / Node 24 pack compatibility	UNKNOWN STEP	2026-10-03T10:26:16.1140767Z 
npm 11.8.0 / Node 24 pack compatibility	UNKNOWN STEP	2026-10-03T10:26:16.1140996Z 15 packages are looking for funding
npm 11.8.0 / Node 24 pack compatibility	UNKNOWN STEP	2026-10-03T10:26:16.1141357Z   run `npm fund` for details
npm 11.8.0 / Node 24 pack compatibility	UNKNOWN STEP	2026-10-03T10:26:16.1651794Z ##[group]Run test "$(npm --version)" = "11.8.0"
npm 11.8.0 / Node 24 pack compatibility	UNKNOWN STEP	2026-10-03T10:26:16.1652187Z ^[[36;1mtest "$(npm --version)" = "11.8.0"^[[0m
npm 11.8.0 / Node 24 pack compatibility	UNKNOWN STEP	2026-10-03T10:26:16.1724909Z shell: /usr/bin/bash -e {0}
npm 11.8.0 / Node 24 pack compatibility	UNKNOWN STEP	2026-10-03T10:26:16.1725206Z env:
npm 11.8.0 / Node 24 pack compatibility	UNKNOWN STEP	2026-10-03T10:26:16.1725426Z   GIT_AUTHOR_NAME: kendrick burson
npm 11.8.0 / Node 24 pack compatibility	UNKNOWN STEP	2026-10-03T10:26:16.1725758Z   GIT_AUTHOR_EMAIL: kpburson@pm.me
npm 11.8.0 / Node 24 pack compatibility	UNKNOWN STEP	2026-10-03T10:26:16.1726042Z   GIT_COMMITTER_NAME: kendrick burson
npm 11.8.0 / Node 24 pack compatibility	UNKNOWN STEP	2026-10-03T10:26:16.1726326Z   GIT_COMMITTER_EMAIL: kpburson@pm.me
npm 11.8.0 / Node 24 pack compatibility	UNKNOWN STEP	2026-10-03T10:26:16.1726582Z ##[endgroup]
npm 11.8.0 / Node 24 pack compatibility	UNKNOWN STEP	2026-10-03T10:26:16.2709436Z ##[group]Run npm ci
npm 11.8.0 / Node 24 pack compatibility	UNKNOWN STEP	2026-10-03T10:26:16.2709720Z ^[[36;1mnpm ci^[[0m
npm 11.8.0 / Node 24 pack compatibility	UNKNOWN STEP	2026-10-03T10:26:16.2781191Z shell: /usr/bin/bash -e {0}
npm 11.8.0 / Node 24 pack compatibility	UNKNOWN STEP	2026-10-03T10:26:16.2781493Z env:
npm 11.8.0 / Node 24 pack compatibility	UNKNOWN STEP	2026-10-03T10:26:16.2781724Z   GIT_AUTHOR_NAME: kendrick burson
npm 11.8.0 / Node 24 pack compatibility	UNKNOWN STEP	2026-10-03T10:26:16.2782018Z   GIT_AUTHOR_EMAIL: kpburson@pm.me
npm 11.8.0 / Node 24 pack compatibility	UNKNOWN STEP	2026-10-03T10:26:16.2782805Z   GIT_COMMITTER_NAME: kendrick burson
npm 11.8.0 / Node 24 pack compatibility	UNKNOWN STEP	2026-10-03T10:26:16.2783092Z   GIT_COMMITTER_EMAIL: kpburson@pm.me
npm 11.8.0 / Node 24 pack compatibility	UNKNOWN STEP	2026-10-03T10:26:16.2783361Z ##[endgroup]
npm 11.8.0 / Node 24 pack compatibility	UNKNOWN STEP	2026-10-03T10:26:23.7377271Z 
npm 11.8.0 / Node 24 pack compatibility	UNKNOWN STEP	2026-10-03T10:26:23.7378328Z added 318 packages, and audited 319 packages in 7s
npm 11.8.0 / Node 24 pack compatibility	UNKNOWN STEP	2026-10-03T10:26:23.7378775Z 
npm 11.8.0 / Node 24 pack compatibility	UNKNOWN STEP	2026-10-03T10:26:23.7383778Z 101 packages are looking for funding
npm 11.8.0 / Node 24 pack compatibility	UNKNOWN STEP	2026-10-03T10:26:23.7384317Z   run `npm fund` for details
npm 11.8.0 / Node 24 pack compatibility	UNKNOWN STEP	2026-10-03T10:26:23.7427875Z 
npm 11.8.0 / Node 24 pack compatibility	UNKNOWN STEP	2026-10-03T10:26:23.7428383Z 8 vulnerabilities (2 moderate, 6 high)
npm 11.8.0 / Node 24 pack compatibility	UNKNOWN STEP	2026-10-03T10:26:23.7428738Z 
npm 11.8.0 / Node 24 pack compatibility	UNKNOWN STEP	2026-10-03T10:26:23.7428973Z To address all issues, run:
npm 11.8.0 / Node 24 pack compatibility	UNKNOWN STEP	2026-10-03T10:26:23.7429394Z   npm audit fix
npm 11.8.0 / Node 24 pack compatibility	UNKNOWN STEP	2026-10-03T10:26:23.7429613Z 
npm 11.8.0 / Node 24 pack compatibility	UNKNOWN STEP	2026-10-03T10:26:23.7429938Z Run `npm audit` for details.
npm 11.8.0 / Node 24 pack compatibility	UNKNOWN STEP	2026-10-03T10:26:23.8487473Z ##[group]Run node --test scripts/tests/unit/task-tracker/core/npm-pack-report.test.mjs scripts/tests/unit/task-tracker/core/package-boundary.test.mjs scripts/tests/unit/task-tracker/core/memory-seed-packaged.test.mjs scripts/tests/unit/task-tracker/core/scope-pack.test.mjs scripts/tests/integration/meta/package-test-corpus.test.mjs scripts/tests/slow/task-tracker/core/packaged-doctor-consumer.test.mjs scripts/tests/slow/task-tracker/core/packaged-tail-profile-consumer.test.mjs
npm 11.8.0 / Node 24 pack compatibility	UNKNOWN STEP	2026-10-03T10:26:23.8490828Z ^[[36;1mnode --test scripts/tests/unit/task-tracker/core/npm-pack-report.test.mjs scripts/tests/unit/task-tracker/core/package-boundary.test.mjs scripts/tests/unit/task-tracker/core/memory-seed-packaged.test.mjs scripts/tests/unit/task-tracker/core/scope-pack.test.mjs scripts/tests/integration/meta/package-test-corpus.test.mjs scripts/tests/slow/task-tracker/core/packaged-doctor-consumer.test.mjs scripts/tests/slow/task-tracker/core/packaged-tail-profile-consumer.test.mjs^[[0m
npm 11.8.0 / Node 24 pack compatibility	UNKNOWN STEP	2026-10-03T10:26:23.8569754Z shell: /usr/bin/bash -e {0}
npm 11.8.0 / Node 24 pack compatibility	UNKNOWN STEP	2026-10-03T10:26:23.8570120Z env:
npm 11.8.0 / Node 24 pack compatibility	UNKNOWN STEP	2026-10-03T10:26:23.8570345Z   GIT_AUTHOR_NAME: kendrick burson
npm 11.8.0 / Node 24 pack compatibility	UNKNOWN STEP	2026-10-03T10:26:23.8570637Z   GIT_AUTHOR_EMAIL: kpburson@pm.me
npm 11.8.0 / Node 24 pack compatibility	UNKNOWN STEP	2026-10-03T10:26:23.8571029Z   GIT_COMMITTER_NAME: kendrick burson
npm 11.8.0 / Node 24 pack compatibility	UNKNOWN STEP	2026-10-03T10:26:23.8571334Z   GIT_COMMITTER_EMAIL: kpburson@pm.me
npm 11.8.0 / Node 24 pack compatibility	UNKNOWN STEP	2026-10-03T10:26:23.8571675Z ##[endgroup]
npm 11.8.0 / Node 24 pack compatibility	UNKNOWN STEP	2026-10-03T10:26:26.2704321Z ✔ package files explicitly exclude the canonical test support root (0.946466ms)
npm 11.8.0 / Node 24 pack compatibility	UNKNOWN STEP	2026-10-03T10:26:26.2705901Z ✔ npm pack excludes the test corpus while retaining required runtime files and assets (2304.536602ms)
npm 11.8.0 / Node 24 pack compatibility	UNKNOWN STEP	2026-10-03T10:26:32.0229991Z ✔ packed consumer verifies committed bootstrap after npm ci and reports drift read-only (8025.675784ms)
npm 11.8.0 / Node 24 pack compatibility	UNKNOWN STEP	2026-10-03T10:26:32.0320336Z ✔ packed consumer can select and execute effect-scoped move tails (4774.309026ms)
npm 11.8.0 / Node 24 pack compatibility	UNKNOWN STEP	2026-10-03T10:26:32.0321632Z ✔ package.json files[] ships docs/ai-memory but excludes archive/ (1.608547ms)
npm 11.8.0 / Node 24 pack compatibility	UNKNOWN STEP	2026-10-03T10:26:32.0322927Z ✔ npm pack tarball contains the seed index + durable facts, no archive (2239.53671ms)
npm 11.8.0 / Node 24 pack compatibility	UNKNOWN STEP	2026-10-03T10:26:32.0323651Z ✔ normalizes the observed npm 11 single-package array report (3.998961ms)
npm 11.8.0 / Node 24 pack compatibility	UNKNOWN STEP	2026-10-03T10:26:32.0324255Z ✔ normalizes the observed npm 12 package-keyed report (0.302111ms)
npm 11.8.0 / Node 24 pack compatibility	UNKNOWN STEP	2026-10-03T10:26:32.0329885Z ✔ requires callers to bind the expected package identity (0.874971ms)
npm 11.8.0 / Node 24 pack compatibility	UNKNOWN STEP	2026-10-03T10:26:32.0330917Z ✔ rejects malformed JSON and unsupported outer values (0.429636ms)
npm 11.8.0 / Node 24 pack compatibility	UNKNOWN STEP	2026-10-03T10:26:32.0331757Z ✔ rejects zero or multiple reports (0.656158ms)
npm 11.8.0 / Node 24 pack compatibility	UNKNOWN STEP	2026-10-03T10:26:32.0332372Z ✔ rejects an unexpected npm 12 package key or inner report identity (0.520172ms)
npm 11.8.0 / Node 24 pack compatibility	UNKNOWN STEP	2026-10-03T10:26:32.0333461Z ✔ requires a files array and optionally a non-empty filename (0.606034ms)
npm 11.8.0 / Node 24 pack compatibility	UNKNOWN STEP	2026-10-03T10:26:32.0334052Z ✔ all pack consumers import the shared normalizer (1.173547ms)
npm 11.8.0 / Node 24 pack compatibility	UNKNOWN STEP	2026-10-03T10:26:32.0334616Z ✔ package-boundary: no test files are packed (2188.439811ms)
npm 11.8.0 / Node 24 pack compatibility	UNKNOWN STEP	2026-10-03T10:26:32.0335478Z ✔ package-boundary: excluded directories do not reappear (2.134067ms)
npm 11.8.0 / Node 24 pack compatibility	UNKNOWN STEP	2026-10-03T10:26:32.0336545Z ✔ package-boundary: ships the exact docs/introduction/ set (1.217215ms)
npm 11.8.0 / Node 24 pack compatibility	UNKNOWN STEP	2026-10-03T10:26:32.0337644Z ✔ package-boundary: shipped README has no dead docs/introduction link (0.593205ms)
npm 11.8.0 / Node 24 pack compatibility	UNKNOWN STEP	2026-10-03T10:26:32.0339150Z ✖ package-boundary: total entry count stays under the ceiling (1.337031ms)
npm 11.8.0 / Node 24 pack compatibility	UNKNOWN STEP	2026-10-03T10:26:32.0340315Z ✔ package-boundary: development-only context calibration is not shipped (0.605172ms)
npm 11.8.0 / Node 24 pack compatibility	UNKNOWN STEP	2026-10-03T10:26:32.0341473Z ✔ package-boundary: runtime entry points are still shipped (0.306752ms)
npm 11.8.0 / Node 24 pack compatibility	UNKNOWN STEP	2026-10-03T10:26:32.0343140Z ✔ package-boundary: production parser and guidance release guard are declared (0.692471ms)
npm 11.8.0 / Node 24 pack compatibility	UNKNOWN STEP	2026-10-03T10:26:32.0344571Z ✔ package-boundary: tag and explicit release CI retain the B2 consumer gate (0.461982ms)
npm 11.8.0 / Node 24 pack compatibility	UNKNOWN STEP	2026-10-03T10:26:32.0345830Z ✔ npm pack --dry-run resolves the scoped @kburson/ai-task-manager name (2195.09578ms)
npm 11.8.0 / Node 24 pack compatibility	UNKNOWN STEP	2026-10-03T10:26:32.0346607Z ℹ tests 24
npm 11.8.0 / Node 24 pack compatibility	UNKNOWN STEP	2026-10-03T10:26:32.0346968Z ℹ suites 0
npm 11.8.0 / Node 24 pack compatibility	UNKNOWN STEP	2026-10-03T10:26:32.0347313Z ℹ pass 23
npm 11.8.0 / Node 24 pack compatibility	UNKNOWN STEP	2026-10-03T10:26:32.0348129Z ℹ fail 1
npm 11.8.0 / Node 24 pack compatibility	UNKNOWN STEP	2026-10-03T10:26:32.0348493Z ℹ cancelled 0
npm 11.8.0 / Node 24 pack compatibility	UNKNOWN STEP	2026-10-03T10:26:32.0348851Z ℹ skipped 0
npm 11.8.0 / Node 24 pack compatibility	UNKNOWN STEP	2026-10-03T10:26:32.0349205Z ℹ todo 0
npm 11.8.0 / Node 24 pack compatibility	UNKNOWN STEP	2026-10-03T10:26:32.0349614Z ℹ duration_ms 8132.695889
npm 11.8.0 / Node 24 pack compatibility	UNKNOWN STEP	2026-10-03T10:26:32.0349895Z 
npm 11.8.0 / Node 24 pack compatibility	UNKNOWN STEP	2026-10-03T10:26:32.0350081Z ✖ failing tests:
npm 11.8.0 / Node 24 pack compatibility	UNKNOWN STEP	2026-10-03T10:26:32.0350294Z 
npm 11.8.0 / Node 24 pack compatibility	UNKNOWN STEP	2026-10-03T10:26:32.0350846Z test at scripts/tests/unit/task-tracker/core/package-boundary.test.mjs:219:1
npm 11.8.0 / Node 24 pack compatibility	UNKNOWN STEP	2026-10-03T10:26:32.0351998Z ✖ package-boundary: total entry count stays under the ceiling (1.337031ms)
npm 11.8.0 / Node 24 pack compatibility	UNKNOWN STEP	2026-10-03T10:26:32.0353850Z   AssertionError [ERR_ASSERTION]: packed entry count 895 exceeds ceiling 880; the package surface grew — confirm intentional and raise the ceiling, or prune.
npm 11.8.0 / Node 24 pack compatibility	UNKNOWN STEP	2026-10-03T10:26:32.0355924Z       at TestContext.<anonymous> (file:///home/runner/work/ai-task-manager/ai-task-manager/scripts/tests/unit/task-tracker/core/package-boundary.test.mjs:384:10)
npm 11.8.0 / Node 24 pack compatibility	UNKNOWN STEP	2026-10-03T10:26:32.0357277Z       at Test.runInAsyncScope (node:async_hooks:227:14)
npm 11.8.0 / Node 24 pack compatibility	UNKNOWN STEP	2026-10-03T10:26:32.0358007Z       at Test.run (node:internal/test_runner/test:1402:25)
npm 11.8.0 / Node 24 pack compatibility	UNKNOWN STEP	2026-10-03T10:26:32.0358826Z       at Test.processPendingSubtests (node:internal/test_runner/test:974:18)
npm 11.8.0 / Node 24 pack compatibility	UNKNOWN STEP	2026-10-03T10:26:32.0359706Z       at Test.postRun (node:internal/test_runner/test:1542:19)
npm 11.8.0 / Node 24 pack compatibility	UNKNOWN STEP	2026-10-03T10:26:32.0360459Z       at Test.run (node:internal/test_runner/test:1467:12)
npm 11.8.0 / Node 24 pack compatibility	UNKNOWN STEP	2026-10-03T10:26:32.0361394Z       at async Test.processPendingSubtests (node:internal/test_runner/test:974:7) {
npm 11.8.0 / Node 24 pack compatibility	UNKNOWN STEP	2026-10-03T10:26:32.0362234Z     generatedMessage: false,
npm 11.8.0 / Node 24 pack compatibility	UNKNOWN STEP	2026-10-03T10:26:32.0362909Z     code: 'ERR_ASSERTION',
npm 11.8.0 / Node 24 pack compatibility	UNKNOWN STEP	2026-10-03T10:26:32.0363334Z     actual: false,
npm 11.8.0 / Node 24 pack compatibility	UNKNOWN STEP	2026-10-03T10:26:32.0363745Z     expected: true,
npm 11.8.0 / Node 24 pack compatibility	UNKNOWN STEP	2026-10-03T10:26:32.0364132Z     operator: '==',
npm 11.8.0 / Node 24 pack compatibility	UNKNOWN STEP	2026-10-03T10:26:32.0364542Z     diff: 'simple'
npm 11.8.0 / Node 24 pack compatibility	UNKNOWN STEP	2026-10-03T10:26:32.0364900Z   }
npm 11.8.0 / Node 24 pack compatibility	UNKNOWN STEP	2026-10-03T10:26:32.0417986Z ##[error]Process completed with exit code 1.
npm 11.8.0 / Node 24 pack compatibility	UNKNOWN STEP	2026-10-03T10:26:32.0555744Z Post job cleanup.
npm 11.8.0 / Node 24 pack compatibility	UNKNOWN STEP	2026-10-03T10:26:32.1407845Z [command]/usr/bin/git version
npm 11.8.0 / Node 24 pack compatibility	UNKNOWN STEP	2026-10-03T10:26:32.1450950Z git version 2.55.0
npm 11.8.0 / Node 24 pack compatibility	UNKNOWN STEP	2026-10-03T10:26:32.1487413Z Temporarily overriding HOME='/home/runner/work/_temp/a0e51024-2b86-4174-8868-e666923df1a0' before making global git config changes
npm 11.8.0 / Node 24 pack compatibility	UNKNOWN STEP	2026-10-03T10:26:32.1488910Z Adding repository directory to the temporary git global config as a safe directory
npm 11.8.0 / Node 24 pack compatibility	UNKNOWN STEP	2026-10-03T10:26:32.1492853Z [command]/usr/bin/git config --global --add safe.directory /home/runner/work/ai-task-manager/ai-task-manager
npm 11.8.0 / Node 24 pack compatibility	UNKNOWN STEP	2026-10-03T10:26:32.1531193Z [command]/usr/bin/git config --local --name-only --get-regexp core\.sshCommand
npm 11.8.0 / Node 24 pack compatibility	UNKNOWN STEP	2026-10-03T10:26:32.1567590Z [command]/usr/bin/git submodule foreach --recursive sh -c "git config --local --name-only --get-regexp 'core\.sshCommand' && git config --local --unset-all 'core.sshCommand' || :"
npm 11.8.0 / Node 24 pack compatibility	UNKNOWN STEP	2026-10-03T10:26:32.1832668Z [command]/usr/bin/git config --local --name-only --get-regexp http\.https\:\/\/github\.com\/\.extraheader
npm 11.8.0 / Node 24 pack compatibility	UNKNOWN STEP	2026-10-03T10:26:32.1861811Z http.https://github.com/.extraheader
npm 11.8.0 / Node 24 pack compatibility	UNKNOWN STEP	2026-10-03T10:26:32.1874200Z [command]/usr/bin/git config --local --unset-all http.https://github.com/.extraheader
npm 11.8.0 / Node 24 pack compatibility	UNKNOWN STEP	2026-10-03T10:26:32.1909978Z [command]/usr/bin/git submodule foreach --recursive sh -c "git config --local --name-only --get-regexp 'http\.https\:\/\/github\.com\/\.extraheader' && git config --local --unset-all 'http.https://github.com/.extraheader' || :"
npm 11.8.0 / Node 24 pack compatibility	UNKNOWN STEP	2026-10-03T10:26:32.2187672Z [command]/usr/bin/git config --local --name-only --get-regexp ^includeIf\.gitdir:
npm 11.8.0 / Node 24 pack compatibility	UNKNOWN STEP	2026-10-03T10:26:32.2228384Z [command]/usr/bin/git submodule foreach --recursive git config --local --show-origin --name-only --get-regexp remote.origin.url
npm 11.8.0 / Node 24 pack compatibility	UNKNOWN STEP	2026-10-03T10:26:32.2652082Z Cleaning up orphan processes
Slow lane (slow tests only)	Run npm run test:slow	﻿2026-10-03T10:25:59.0839298Z ##[group]Run npm run test:slow
Slow lane (slow tests only)	Run npm run test:slow	2026-10-03T10:25:59.0839641Z ^[[36;1mnpm run test:slow^[[0m
Slow lane (slow tests only)	Run npm run test:slow	2026-10-03T10:25:59.0914259Z shell: /usr/bin/bash -e {0}
Slow lane (slow tests only)	Run npm run test:slow	2026-10-03T10:25:59.0914559Z env:
Slow lane (slow tests only)	Run npm run test:slow	2026-10-03T10:25:59.0914798Z   GIT_AUTHOR_NAME: kendrick burson
Slow lane (slow tests only)	Run npm run test:slow	2026-10-03T10:25:59.0915086Z   GIT_AUTHOR_EMAIL: kpburson@pm.me
Slow lane (slow tests only)	Run npm run test:slow	2026-10-03T10:25:59.0915361Z   GIT_COMMITTER_NAME: kendrick burson
Slow lane (slow tests only)	Run npm run test:slow	2026-10-03T10:25:59.0915666Z   GIT_COMMITTER_EMAIL: kpburson@pm.me
Slow lane (slow tests only)	Run npm run test:slow	2026-10-03T10:25:59.0915937Z ##[endgroup]
Slow lane (slow tests only)	Run npm run test:slow	2026-10-03T10:25:59.2045764Z 
Slow lane (slow tests only)	Run npm run test:slow	2026-10-03T10:25:59.2046510Z > @kburson/ai-task-manager@0.1.0 test:slow
Slow lane (slow tests only)	Run npm run test:slow	2026-10-03T10:25:59.2047221Z > node scripts/run-tests.mjs --lane slow
Slow lane (slow tests only)	Run npm run test:slow	2026-10-03T10:25:59.2047570Z 
Slow lane (slow tests only)	Run npm run test:slow	2026-10-03T10:25:59.3139195Z ▶ lane=slow (55 files)
Slow lane (slow tests only)	Run npm run test:slow	2026-10-03T10:25:59.3139603Z 
Slow lane (slow tests only)	Run npm run test:slow	2026-10-03T10:31:37.9587539Z ▶ scripts/tests/slow/task-tracker/core/ci-lane-wiring.test.mjs ... ok (62ms)
Slow lane (slow tests only)	Run npm run test:slow	2026-10-03T10:31:37.9589079Z ▶ scripts/tests/slow/task-tracker/core/fleet-registry-concurrent.test.mjs ... ok (5.0s)
Slow lane (slow tests only)	Run npm run test:slow	2026-10-03T10:31:37.9590421Z ▶ scripts/tests/slow/task-tracker/core/lifecycle-traversal-e2e.test.mjs ... ok (99ms)
Slow lane (slow tests only)	Run npm run test:slow	2026-10-03T10:31:37.9592119Z ▶ scripts/tests/slow/task-tracker/core/maintenance-scripts-strict-argv.test.mjs ... ok (3.7s)
Slow lane (slow tests only)	Run npm run test:slow	2026-10-03T10:31:37.9593516Z ▶ scripts/tests/slow/task-tracker/core/packaged-doctor-consumer.test.mjs ... ok (6.1s)
Slow lane (slow tests only)	Run npm run test:slow	2026-10-03T10:31:37.9594853Z ▶ scripts/tests/slow/task-tracker/core/packaged-tail-profile-consumer.test.mjs ... ok (3.2s)
Slow lane (slow tests only)	Run npm run test:slow	2026-10-03T10:31:37.9603877Z ▶ scripts/tests/slow/task-tracker/core/verify-develop.test.mjs ... ok (869ms)
Slow lane (slow tests only)	Run npm run test:slow	2026-10-03T10:31:37.9616898Z ▶ scripts/tests/slow/task-tracker/lib/ac-evidence-gate.test.mjs ... ok (1.1s)
Slow lane (slow tests only)	Run npm run test:slow	2026-10-03T10:31:37.9618167Z ▶ scripts/tests/slow/task-tracker/lib/action-capture-integration.test.mjs ... ok (1.1s)
Slow lane (slow tests only)	Run npm run test:slow	2026-10-03T10:31:37.9619364Z ▶ scripts/tests/slow/task-tracker/lib/activity-guard.test.mjs ... ok (18.2s)
Slow lane (slow tests only)	Run npm run test:slow	2026-10-03T10:31:37.9620408Z ▶ scripts/tests/slow/task-tracker/lib/agent-guard.test.mjs ... ok (729ms)
Slow lane (slow tests only)	Run npm run test:slow	2026-10-03T10:31:37.9621560Z ▶ scripts/tests/slow/task-tracker/lib/agentic-help-runtime.test.mjs ... FAIL (exit 1)
Slow lane (slow tests only)	Run npm run test:slow	2026-10-03T10:31:37.9622994Z ▶ scripts/tests/slow/task-tracker/lib/aitm-dispatcher.test.mjs ... ok (7.9s)
Slow lane (slow tests only)	Run npm run test:slow	2026-10-03T10:31:37.9624141Z ▶ scripts/tests/slow/task-tracker/lib/body-write-roundtrip.test.mjs ... ok (53ms)
Slow lane (slow tests only)	Run npm run test:slow	2026-10-03T10:31:37.9625324Z ▶ scripts/tests/slow/task-tracker/lib/chore-mode-activity-guard.test.mjs ... ok (581ms)
Slow lane (slow tests only)	Run npm run test:slow	2026-10-03T10:31:37.9626436Z ▶ scripts/tests/slow/task-tracker/lib/cli.test.mjs ... ok (12.0s)
Slow lane (slow tests only)	Run npm run test:slow	2026-10-03T10:31:37.9627823Z ▶ scripts/tests/slow/task-tracker/lib/commit-trail-handler.test.mjs ... ok (1.7s)
Slow lane (slow tests only)	Run npm run test:slow	2026-10-03T10:31:37.9629244Z ▶ scripts/tests/slow/task-tracker/lib/config-completeness-invariant.test.mjs ... ok (344ms)
Slow lane (slow tests only)	Run npm run test:slow	2026-10-03T10:31:37.9630596Z ▶ scripts/tests/slow/task-tracker/lib/coverage-close-gates.test.mjs ... ok (2.0s)
Slow lane (slow tests only)	Run npm run test:slow	2026-10-03T10:31:37.9632060Z ▶ scripts/tests/slow/task-tracker/lib/coverage-hook-handler.test.mjs ... ok (4.9s)
Slow lane (slow tests only)	Run npm run test:slow	2026-10-03T10:31:37.9633359Z ▶ scripts/tests/slow/task-tracker/lib/coverage-orchestrator-lock.test.mjs ... ok (1.0s)
Slow lane (slow tests only)	Run npm run test:slow	2026-10-03T10:31:37.9634537Z ▶ scripts/tests/slow/task-tracker/lib/create-issue.test.mjs ... ok (2.7s)
Slow lane (slow tests only)	Run npm run test:slow	2026-10-03T10:31:37.9635654Z ▶ scripts/tests/slow/task-tracker/lib/demonstrable-ac-gate.test.mjs ... ok (88ms)
Slow lane (slow tests only)	Run npm run test:slow	2026-10-03T10:31:37.9636979Z ▶ scripts/tests/slow/task-tracker/lib/dirty-review-promote-false-success.test.mjs ... ok (942ms)
Slow lane (slow tests only)	Run npm run test:slow	2026-10-03T10:31:37.9638762Z ▶ scripts/tests/slow/task-tracker/lib/dirty-workspace-gate.test.mjs ... ok (4.9s)
Slow lane (slow tests only)	Run npm run test:slow	2026-10-03T10:31:37.9639908Z ▶ scripts/tests/slow/task-tracker/lib/discover-autosave.test.mjs ... ok (108ms)
Slow lane (slow tests only)	Run npm run test:slow	2026-10-03T10:31:37.9640938Z ▶ scripts/tests/slow/task-tracker/lib/draft-branch.test.mjs ... ok (368ms)
Slow lane (slow tests only)	Run npm run test:slow	2026-10-03T10:31:37.9642366Z ▶ scripts/tests/slow/task-tracker/lib/ensure-wave-parent.test.mjs ... ok (4.8s)
Slow lane (slow tests only)	Run npm run test:slow	2026-10-03T10:31:37.9643720Z ▶ scripts/tests/slow/task-tracker/lib/epic-children-review-lifecycle.test.mjs ... ok (254ms)
Slow lane (slow tests only)	Run npm run test:slow	2026-10-03T10:31:37.9645022Z ▶ scripts/tests/slow/task-tracker/lib/epic-tree.test.mjs ... ok (850ms)
Slow lane (slow tests only)	Run npm run test:slow	2026-10-03T10:31:37.9646872Z ▶ scripts/tests/slow/task-tracker/lib/evidence-v2/frozen-worktree-rehearsal.test.mjs ... ok (5.6s)
Slow lane (slow tests only)	Run npm run test:slow	2026-10-03T10:31:37.9648228Z ▶ scripts/tests/slow/task-tracker/lib/gate-message-attribution.test.mjs ... ok (226ms)
Slow lane (slow tests only)	Run npm run test:slow	2026-10-03T10:31:37.9649334Z ▶ scripts/tests/slow/task-tracker/lib/gates.test.mjs ... ok (4.6s)
Slow lane (slow tests only)	Run npm run test:slow	2026-10-03T10:31:37.9650451Z ▶ scripts/tests/slow/task-tracker/lib/init-status-palette.test.mjs ... ok (5.6s)
Slow lane (slow tests only)	Run npm run test:slow	2026-10-03T10:31:37.9651555Z ▶ scripts/tests/slow/task-tracker/lib/issue-authoring.test.mjs ... ok (2.7s)
Slow lane (slow tests only)	Run npm run test:slow	2026-10-03T10:31:37.9652829Z ▶ scripts/tests/slow/task-tracker/lib/lifecycle.test.mjs ... ok (3.3s)
Slow lane (slow tests only)	Run npm run test:slow	2026-10-03T10:31:37.9653884Z ▶ scripts/tests/slow/task-tracker/lib/log-issue-time.test.mjs ... ok (1.7s)
Slow lane (slow tests only)	Run npm run test:slow	2026-10-03T10:31:37.9655042Z ▶ scripts/tests/slow/task-tracker/lib/move-state-approval-gate.test.mjs ... ok (7.9s)
Slow lane (slow tests only)	Run npm run test:slow	2026-10-03T10:31:37.9656206Z ▶ scripts/tests/slow/task-tracker/lib/move-state-gate.test.mjs ... ok (5.6s)
Slow lane (slow tests only)	Run npm run test:slow	2026-10-03T10:31:37.9657280Z ▶ scripts/tests/slow/task-tracker/lib/move-state.test.mjs ... ok (4.0s)
Slow lane (slow tests only)	Run npm run test:slow	2026-10-03T10:31:37.9658485Z ▶ scripts/tests/slow/task-tracker/lib/move-state/board-field-readback.test.mjs ... ok (2.9s)
Slow lane (slow tests only)	Run npm run test:slow	2026-10-03T10:31:37.9659772Z ▶ scripts/tests/slow/task-tracker/lib/proof-gate-reconciliation.test.mjs ... ok (648ms)
Slow lane (slow tests only)	Run npm run test:slow	2026-10-03T10:31:37.9661101Z ▶ scripts/tests/slow/task-tracker/lib/ready-for-plan-live-migration.test.mjs ... ok (493ms)
Slow lane (slow tests only)	Run npm run test:slow	2026-10-03T10:31:37.9662710Z ▶ scripts/tests/slow/task-tracker/lib/review-approval-prompt.test.mjs ... ok (20.9s)
Slow lane (slow tests only)	Run npm run test:slow	2026-10-03T10:31:37.9663927Z ▶ scripts/tests/slow/task-tracker/lib/verb-preflight-wiring.test.mjs ... ok (3.6s)
Slow lane (slow tests only)	Run npm run test:slow	2026-10-03T10:31:37.9665076Z ▶ scripts/tests/slow/task-tracker/lib/worktree-isolation.test.mjs ... ok (3.5s)
Slow lane (slow tests only)	Run npm run test:slow	2026-10-03T10:31:37.9666290Z ▶ scripts/tests/slow/task-tracker/lib/worktree-seed-integration.test.mjs ... ok (966ms)
Slow lane (slow tests only)	Run npm run test:slow	2026-10-03T10:31:37.9667508Z ▶ scripts/tests/slow/task-tracker/verbs/close-lifecycle-tick.test.mjs ... ok (205ms)
Slow lane (slow tests only)	Run npm run test:slow	2026-10-03T10:31:37.9668716Z ▶ scripts/tests/slow/task-tracker/verbs/coverage-close.test.mjs ... ok (2.7s)
Slow lane (slow tests only)	Run npm run test:slow	2026-10-03T10:31:37.9669894Z ▶ scripts/tests/slow/task-tracker/verbs/deadlock-regression.test.mjs ... ok (275ms)
Slow lane (slow tests only)	Run npm run test:slow	2026-10-03T10:31:37.9671015Z ▶ scripts/tests/slow/task-tracker/verbs/promote-verb.test.mjs ... ok (1.0s)
Slow lane (slow tests only)	Run npm run test:slow	2026-10-03T10:31:37.9672459Z ▶ scripts/tests/slow/task-tracker/verbs/recovery-path-independence.test.mjs ... ok (436ms)
Slow lane (slow tests only)	Run npm run test:slow	2026-10-03T10:31:37.9673834Z ▶ scripts/tests/slow/task-tracker/verbs/state-marker-single-writer.test.mjs ... ok (352ms)
Slow lane (slow tests only)	Run npm run test:slow	2026-10-03T10:31:37.9675134Z ▶ scripts/tests/slow/task-tracker/verbs/verb-test-remove-worktree.test.mjs ... ok (292ms)
Slow lane (slow tests only)	Run npm run test:slow	2026-10-03T10:31:37.9676408Z ▶ scripts/tests/slow/task-tracker/workflow-exception-lifecycle.test.mjs ... ok (111ms)
Slow lane (slow tests only)	Run npm run test:slow	2026-10-03T10:31:37.9676997Z 
Slow lane (slow tests only)	Run npm run test:slow	2026-10-03T10:31:37.9678984Z ▶ scheduling: 0 pure unit file(s) at pool concurrency 3 (peak 0); 0 direct-subprocess file(s) at pool concurrency 2 (peak 0); 1 explicit-safe slow file(s) at pool concurrency 2 (peak 1); 54 explicit-unsafe/integration/unmarked-slow file(s) serial
Slow lane (slow tests only)	Run npm run test:slow	2026-10-03T10:31:37.9680502Z 
Slow lane (slow tests only)	Run npm run test:slow	2026-10-03T10:31:37.9680757Z 1 of 55 test file(s) failed:
Slow lane (slow tests only)	Run npm run test:slow	2026-10-03T10:31:37.9681025Z 
Slow lane (slow tests only)	Run npm run test:slow	2026-10-03T10:31:37.9681670Z ── scripts/tests/slow/task-tracker/lib/agentic-help-runtime.test.mjs ──
Slow lane (slow tests only)	Run npm run test:slow	2026-10-03T10:31:37.9684310Z ✔ every public direct entry point exits safely for --help and -h (19274.498256ms)
Slow lane (slow tests only)	Run npm run test:slow	2026-10-03T10:31:37.9685356Z ✔ every package bin emits detailed help through an install-style symlink (791.499571ms)
Slow lane (slow tests only)	Run npm run test:slow	2026-10-03T10:31:37.9686086Z ✔ every package lifecycle subcommand help exits before mutation (1331.166119ms)
Slow lane (slow tests only)	Run npm run test:slow	2026-10-03T10:31:37.9686796Z ✔ help probes do not consume option values and run before subprocess work (977.911077ms)
Slow lane (slow tests only)	Run npm run test:slow	2026-10-03T10:31:37.9687472Z ✔ every routed verb supports help, ?, --help, and -h (146862.04605ms)
Slow lane (slow tests only)	Run npm run test:slow	2026-10-03T10:31:37.9688467Z ✔ equivalent direct, routed, and package-bin forms render the same contract (2094.38893ms)
Slow lane (slow tests only)	Run npm run test:slow	2026-10-03T10:31:37.9689683Z ✔ direct task help forms exit before project configuration is read (460.080876ms)
Slow lane (slow tests only)	Run npm run test:slow	2026-10-03T10:31:37.9690997Z ✖ routed task wrappers propagate command return codes (602.797304ms)
Slow lane (slow tests only)	Run npm run test:slow	2026-10-03T10:31:37.9691985Z ✔ unknown commands return usage error with compact ANSI-free aggregate help (476.614926ms)
Slow lane (slow tests only)	Run npm run test:slow	2026-10-03T10:31:37.9692483Z ℹ tests 9
Slow lane (slow tests only)	Run npm run test:slow	2026-10-03T10:31:37.9692779Z ℹ suites 0
Slow lane (slow tests only)	Run npm run test:slow	2026-10-03T10:31:37.9693095Z ℹ pass 8
Slow lane (slow tests only)	Run npm run test:slow	2026-10-03T10:31:37.9693400Z ℹ fail 1
Slow lane (slow tests only)	Run npm run test:slow	2026-10-03T10:31:37.9693828Z ℹ cancelled 0
Slow lane (slow tests only)	Run npm run test:slow	2026-10-03T10:31:37.9694162Z ℹ skipped 0
Slow lane (slow tests only)	Run npm run test:slow	2026-10-03T10:31:37.9694484Z ℹ todo 0
Slow lane (slow tests only)	Run npm run test:slow	2026-10-03T10:31:37.9694873Z ℹ duration_ms 172879.798466
Slow lane (slow tests only)	Run npm run test:slow	2026-10-03T10:31:37.9695114Z 
Slow lane (slow tests only)	Run npm run test:slow	2026-10-03T10:31:37.9695295Z ✖ failing tests:
Slow lane (slow tests only)	Run npm run test:slow	2026-10-03T10:31:37.9695487Z 
Slow lane (slow tests only)	Run npm run test:slow	2026-10-03T10:31:37.9696021Z test at scripts/tests/slow/task-tracker/lib/agentic-help-runtime.test.mjs:273:1
Slow lane (slow tests only)	Run npm run test:slow	2026-10-03T10:31:37.9697037Z ✖ routed task wrappers propagate command return codes (602.797304ms)
Slow lane (slow tests only)	Run npm run test:slow	2026-10-03T10:31:37.9698963Z   AssertionError [ERR_ASSERTION]: [task-tracker] validated projectDir override: AI_TASK_MANAGER_PROJECT_DIR=/home/runner/work/ai-task-manager/ai-task-manager/.ai-task-manager/runtime/test-fixtures/test/aitm-task-exit-7BfL5s for the active issue
Slow lane (slow tests only)	Run npm run test:slow	2026-10-03T10:31:37.9700859Z   [task-tracker] Board features unavailable: project not configured (projectId missing).
Slow lane (slow tests only)	Run npm run test:slow	2026-10-03T10:31:37.9701689Z     Run: npx ai-task-manager init   or   /task config init
Slow lane (slow tests only)	Run npm run test:slow	2026-10-03T10:31:37.9702796Z   file:///home/runner/work/ai-task-manager/ai-task-manager/scripts/task-tracker/lib/timing-actor.mjs:8
Slow lane (slow tests only)	Run npm run test:slow	2026-10-03T10:31:37.9703781Z     const error = new TypeError('Invalid timing actor identity or marker');
Slow lane (slow tests only)	Run npm run test:slow	2026-10-03T10:31:37.9704480Z                   ^
Slow lane (slow tests only)	Run npm run test:slow	2026-10-03T10:31:37.9704789Z   
Slow lane (slow tests only)	Run npm run test:slow	2026-10-03T10:31:37.9705197Z   TypeError: Invalid timing actor identity or marker
Slow lane (slow tests only)	Run npm run test:slow	2026-10-03T10:31:37.9706260Z       at invalid (file:///home/runner/work/ai-task-manager/ai-task-manager/scripts/task-tracker/lib/timing-actor.mjs:8:17)
Slow lane (slow tests only)	Run npm run test:slow	2026-10-03T10:31:37.9707678Z       at timingActorKey (file:///home/runner/work/ai-task-manager/ai-task-manager/scripts/task-tracker/lib/timing-actor.mjs:22:5)
Slow lane (slow tests only)	Run npm run test:slow	2026-10-03T10:31:37.9709203Z       at actorTimingStatePath (file:///home/runner/work/ai-task-manager/ai-task-manager/scripts/task-tracker/lib/actor-timing-state.mjs:34:15)
Slow lane (slow tests only)	Run npm run test:slow	2026-10-03T10:31:37.9710735Z       at readActorTimingState (file:///home/runner/work/ai-task-manager/ai-task-manager/scripts/task-tracker/lib/actor-timing-state.mjs:80:16)
Slow lane (slow tests only)	Run npm run test:slow	2026-10-03T10:31:37.9712273Z       at loadState (file:///home/runner/work/ai-task-manager/ai-task-manager/scripts/task-tracker/state.mjs:256:21)
Slow lane (slow tests only)	Run npm run test:slow	2026-10-03T10:31:37.9713576Z       at runVerbPreflight (file:///home/runner/work/ai-task-manager/ai-task-manager/scripts/task-tracker/task-tracker.mjs:298:23)
Slow lane (slow tests only)	Run npm run test:slow	2026-10-03T10:31:37.9714872Z       at async file:///home/runner/work/ai-task-manager/ai-task-manager/scripts/task-tracker/task-tracker.mjs:578:5 {
Slow lane (slow tests only)	Run npm run test:slow	2026-10-03T10:31:37.9715669Z     code: 'TIMING_ACTOR_INVALID'
Slow lane (slow tests only)	Run npm run test:slow	2026-10-03T10:31:37.9716006Z   }
Slow lane (slow tests only)	Run npm run test:slow	2026-10-03T10:31:37.9716268Z   
Slow lane (slow tests only)	Run npm run test:slow	2026-10-03T10:31:37.9716540Z   Node.js v24.21.0
Slow lane (slow tests only)	Run npm run test:slow	2026-10-03T10:31:37.9716833Z   
Slow lane (slow tests only)	Run npm run test:slow	2026-10-03T10:31:37.9717066Z   
Slow lane (slow tests only)	Run npm run test:slow	2026-10-03T10:31:37.9717298Z   1 !== 2
Slow lane (slow tests only)	Run npm run test:slow	2026-10-03T10:31:37.9717550Z   
Slow lane (slow tests only)	Run npm run test:slow	2026-10-03T10:31:37.9718601Z       at TestContext.<anonymous> (file:///home/runner/work/ai-task-manager/ai-task-manager/scripts/tests/slow/task-tracker/lib/agentic-help-runtime.test.mjs:292:12)
Slow lane (slow tests only)	Run npm run test:slow	2026-10-03T10:31:37.9719816Z       at Test.runInAsyncScope (node:async_hooks:227:14)
Slow lane (slow tests only)	Run npm run test:slow	2026-10-03T10:31:37.9720712Z       at Test.run (node:internal/test_runner/test:1402:25)
Slow lane (slow tests only)	Run npm run test:slow	2026-10-03T10:31:37.9721469Z       at Test.processPendingSubtests (node:internal/test_runner/test:974:18)
Slow lane (slow tests only)	Run npm run test:slow	2026-10-03T10:31:37.9722369Z       at Test.postRun (node:internal/test_runner/test:1542:19)
Slow lane (slow tests only)	Run npm run test:slow	2026-10-03T10:31:37.9723007Z       at Test.run (node:internal/test_runner/test:1467:12)
Slow lane (slow tests only)	Run npm run test:slow	2026-10-03T10:31:37.9723815Z       at async Test.processPendingSubtests (node:internal/test_runner/test:974:7) {
Slow lane (slow tests only)	Run npm run test:slow	2026-10-03T10:31:37.9724515Z     generatedMessage: false,
Slow lane (slow tests only)	Run npm run test:slow	2026-10-03T10:31:37.9724911Z     code: 'ERR_ASSERTION',
Slow lane (slow tests only)	Run npm run test:slow	2026-10-03T10:31:37.9725466Z     actual: 1,
Slow lane (slow tests only)	Run npm run test:slow	2026-10-03T10:31:37.9725775Z     expected: 2,
Slow lane (slow tests only)	Run npm run test:slow	2026-10-03T10:31:37.9726115Z     operator: 'strictEqual',
Slow lane (slow tests only)	Run npm run test:slow	2026-10-03T10:31:37.9726484Z     diff: 'simple'
Slow lane (slow tests only)	Run npm run test:slow	2026-10-03T10:31:37.9726786Z   }
Slow lane (slow tests only)	Run npm run test:slow	2026-10-03T10:31:37.9726945Z 
Slow lane (slow tests only)	Run npm run test:slow	2026-10-03T10:31:37.9843001Z ##[error]Process completed with exit code 1.
npm 12.0.2 / Node 26 pack compatibility	UNKNOWN STEP	﻿2026-10-03T10:26:02.9283814Z Current runner version: '2.337.0'
npm 12.0.2 / Node 26 pack compatibility	UNKNOWN STEP	2026-10-03T10:26:02.9306916Z ##[group]Runner Image Provisioner
npm 12.0.2 / Node 26 pack compatibility	UNKNOWN STEP	2026-10-03T10:26:02.9307794Z Hosted Compute Agent
npm 12.0.2 / Node 26 pack compatibility	UNKNOWN STEP	2026-10-03T10:26:02.9308384Z Version: 20260901.588
npm 12.0.2 / Node 26 pack compatibility	UNKNOWN STEP	2026-10-03T10:26:02.9308930Z Commit: f88ec8081b781fac6c440065ac7ff9e710ce3d0b
npm 12.0.2 / Node 26 pack compatibility	UNKNOWN STEP	2026-10-03T10:26:02.9309610Z Build Date: 2026-09-01T19:56:44Z
npm 12.0.2 / Node 26 pack compatibility	UNKNOWN STEP	2026-10-03T10:26:02.9310341Z Worker ID: {5ee633c1-c28d-45b2-a151-e0c445a4fedc}
npm 12.0.2 / Node 26 pack compatibility	UNKNOWN STEP	2026-10-03T10:26:02.9310986Z Azure Region: westus3
npm 12.0.2 / Node 26 pack compatibility	UNKNOWN STEP	2026-10-03T10:26:02.9311521Z ##[endgroup]
npm 12.0.2 / Node 26 pack compatibility	UNKNOWN STEP	2026-10-03T10:26:02.9312882Z ##[group]Operating System
npm 12.0.2 / Node 26 pack compatibility	UNKNOWN STEP	2026-10-03T10:26:02.9313476Z Ubuntu
npm 12.0.2 / Node 26 pack compatibility	UNKNOWN STEP	2026-10-03T10:26:02.9313961Z 24.04.5
npm 12.0.2 / Node 26 pack compatibility	UNKNOWN STEP	2026-10-03T10:26:02.9314418Z LTS
npm 12.0.2 / Node 26 pack compatibility	UNKNOWN STEP	2026-10-03T10:26:02.9314909Z ##[endgroup]
npm 12.0.2 / Node 26 pack compatibility	UNKNOWN STEP	2026-10-03T10:26:02.9315390Z ##[group]Runner Image
npm 12.0.2 / Node 26 pack compatibility	UNKNOWN STEP	2026-10-03T10:26:02.9315940Z Image: ubuntu-24.04
npm 12.0.2 / Node 26 pack compatibility	UNKNOWN STEP	2026-10-03T10:26:02.9316436Z Version: 20260927.320.1
npm 12.0.2 / Node 26 pack compatibility	UNKNOWN STEP	2026-10-03T10:26:02.9317582Z Included Software: https://github.com/actions/runner-images/blob/ubuntu24/20260927.320/images/ubuntu/Ubuntu2404-Readme.md
npm 12.0.2 / Node 26 pack compatibility	UNKNOWN STEP	2026-10-03T10:26:02.9318955Z Image Release: https://github.com/actions/runner-images/releases/tag/ubuntu24%2F20260927.320
npm 12.0.2 / Node 26 pack compatibility	UNKNOWN STEP	2026-10-03T10:26:02.9319809Z ##[endgroup]
npm 12.0.2 / Node 26 pack compatibility	UNKNOWN STEP	2026-10-03T10:26:02.9321008Z ##[group]GITHUB_TOKEN Permissions
npm 12.0.2 / Node 26 pack compatibility	UNKNOWN STEP	2026-10-03T10:26:02.9323134Z Contents: read
npm 12.0.2 / Node 26 pack compatibility	UNKNOWN STEP	2026-10-03T10:26:02.9323653Z Metadata: read
npm 12.0.2 / Node 26 pack compatibility	UNKNOWN STEP	2026-10-03T10:26:02.9324140Z ##[endgroup]
npm 12.0.2 / Node 26 pack compatibility	UNKNOWN STEP	2026-10-03T10:26:02.9326158Z Secret source: Actions
npm 12.0.2 / Node 26 pack compatibility	UNKNOWN STEP	2026-10-03T10:26:02.9327022Z Cache mode: write
npm 12.0.2 / Node 26 pack compatibility	UNKNOWN STEP	2026-10-03T10:26:02.9327712Z Prepare workflow directory
npm 12.0.2 / Node 26 pack compatibility	UNKNOWN STEP	2026-10-03T10:26:02.9683335Z Prepare all required actions
npm 12.0.2 / Node 26 pack compatibility	UNKNOWN STEP	2026-10-03T10:26:02.9730856Z Getting action download info
npm 12.0.2 / Node 26 pack compatibility	UNKNOWN STEP	2026-10-03T10:26:03.3445152Z Download action repository 'actions/checkout@v5' (SHA:fbc6f3992d24b796d5a048ff273f7fcc4a7b6c09)
npm 12.0.2 / Node 26 pack compatibility	UNKNOWN STEP	2026-10-03T10:26:03.4234887Z Download action repository 'actions/setup-node@v5' (SHA:a0853c24544627f65ddf259abe73b1d18a591444)
npm 12.0.2 / Node 26 pack compatibility	UNKNOWN STEP	2026-10-03T10:26:03.6223755Z Complete job name: npm 12.0.2 / Node 26 pack compatibility
npm 12.0.2 / Node 26 pack compatibility	UNKNOWN STEP	2026-10-03T10:26:03.6807465Z ##[group]Run actions/checkout@v5
npm 12.0.2 / Node 26 pack compatibility	UNKNOWN STEP	2026-10-03T10:26:03.6808360Z with:
npm 12.0.2 / Node 26 pack compatibility	UNKNOWN STEP	2026-10-03T10:26:03.6808897Z   repository: kburson/ai-task-manager
npm 12.0.2 / Node 26 pack compatibility	UNKNOWN STEP	2026-10-03T10:26:03.6813102Z   token: ***
npm 12.0.2 / Node 26 pack compatibility	UNKNOWN STEP	2026-10-03T10:26:03.6813550Z   ssh-strict: true
npm 12.0.2 / Node 26 pack compatibility	UNKNOWN STEP	2026-10-03T10:26:03.6814094Z   ssh-user: git
npm 12.0.2 / Node 26 pack compatibility	UNKNOWN STEP	2026-10-03T10:26:03.6814569Z   persist-credentials: true
npm 12.0.2 / Node 26 pack compatibility	UNKNOWN STEP	2026-10-03T10:26:03.6815086Z   clean: true
npm 12.0.2 / Node 26 pack compatibility	UNKNOWN STEP	2026-10-03T10:26:03.6815573Z   sparse-checkout-cone-mode: true
npm 12.0.2 / Node 26 pack compatibility	UNKNOWN STEP	2026-10-03T10:26:03.6816107Z   fetch-depth: 1
npm 12.0.2 / Node 26 pack compatibility	UNKNOWN STEP	2026-10-03T10:26:03.6816604Z   fetch-tags: false
npm 12.0.2 / Node 26 pack compatibility	UNKNOWN STEP	2026-10-03T10:26:03.6817080Z   show-progress: true
npm 12.0.2 / Node 26 pack compatibility	UNKNOWN STEP	2026-10-03T10:26:03.6817538Z   lfs: false
npm 12.0.2 / Node 26 pack compatibility	UNKNOWN STEP	2026-10-03T10:26:03.6818212Z   submodules: false
npm 12.0.2 / Node 26 pack compatibility	UNKNOWN STEP	2026-10-03T10:26:03.6818689Z   set-safe-directory: true
npm 12.0.2 / Node 26 pack compatibility	UNKNOWN STEP	2026-10-03T10:26:03.6819249Z   allow-unsafe-pr-checkout: false
npm 12.0.2 / Node 26 pack compatibility	UNKNOWN STEP	2026-10-03T10:26:03.6820267Z env:
npm 12.0.2 / Node 26 pack compatibility	UNKNOWN STEP	2026-10-03T10:26:03.6820719Z   GIT_AUTHOR_NAME: kendrick burson
npm 12.0.2 / Node 26 pack compatibility	UNKNOWN STEP	2026-10-03T10:26:03.6821316Z   GIT_AUTHOR_EMAIL: kpburson@pm.me
npm 12.0.2 / Node 26 pack compatibility	UNKNOWN STEP	2026-10-03T10:26:03.6821948Z   GIT_COMMITTER_NAME: kendrick burson
npm 12.0.2 / Node 26 pack compatibility	UNKNOWN STEP	2026-10-03T10:26:03.6822569Z   GIT_COMMITTER_EMAIL: kpburson@pm.me
npm 12.0.2 / Node 26 pack compatibility	UNKNOWN STEP	2026-10-03T10:26:03.6823110Z ##[endgroup]
npm 12.0.2 / Node 26 pack compatibility	UNKNOWN STEP	2026-10-03T10:26:03.7907750Z Syncing repository: kburson/ai-task-manager
npm 12.0.2 / Node 26 pack compatibility	UNKNOWN STEP	2026-10-03T10:26:03.7909474Z ##[group]Getting Git version info
npm 12.0.2 / Node 26 pack compatibility	UNKNOWN STEP	2026-10-03T10:26:03.7910685Z Working directory is '/home/runner/work/ai-task-manager/ai-task-manager'
npm 12.0.2 / Node 26 pack compatibility	UNKNOWN STEP	2026-10-03T10:26:03.7911861Z [command]/usr/bin/git version
npm 12.0.2 / Node 26 pack compatibility	UNKNOWN STEP	2026-10-03T10:26:03.7963304Z git version 2.55.0
npm 12.0.2 / Node 26 pack compatibility	UNKNOWN STEP	2026-10-03T10:26:03.7985975Z ##[endgroup]
npm 12.0.2 / Node 26 pack compatibility	UNKNOWN STEP	2026-10-03T10:26:03.8001736Z Temporarily overriding HOME='/home/runner/work/_temp/42109726-cc60-434f-b2bf-19f3f7f46630' before making global git config changes
npm 12.0.2 / Node 26 pack compatibility	UNKNOWN STEP	2026-10-03T10:26:03.8003766Z Adding repository directory to the temporary git global config as a safe directory
npm 12.0.2 / Node 26 pack compatibility	UNKNOWN STEP	2026-10-03T10:26:03.8008788Z [command]/usr/bin/git config --global --add safe.directory /home/runner/work/ai-task-manager/ai-task-manager
npm 12.0.2 / Node 26 pack compatibility	UNKNOWN STEP	2026-10-03T10:26:03.8062962Z Deleting the contents of '/home/runner/work/ai-task-manager/ai-task-manager'
npm 12.0.2 / Node 26 pack compatibility	UNKNOWN STEP	2026-10-03T10:26:03.8066654Z ##[group]Initializing the repository
npm 12.0.2 / Node 26 pack compatibility	UNKNOWN STEP	2026-10-03T10:26:03.8070379Z [command]/usr/bin/git init /home/runner/work/ai-task-manager/ai-task-manager
npm 12.0.2 / Node 26 pack compatibility	UNKNOWN STEP	2026-10-03T10:26:03.8152352Z hint: Using 'master' as the name for the initial branch. This default branch name
npm 12.0.2 / Node 26 pack compatibility	UNKNOWN STEP	2026-10-03T10:26:03.8154123Z hint: will change to "main" in Git 3.0. To configure the initial branch name
npm 12.0.2 / Node 26 pack compatibility	UNKNOWN STEP	2026-10-03T10:26:03.8155679Z hint: to use in all of your new repositories, which will suppress this warning,
npm 12.0.2 / Node 26 pack compatibility	UNKNOWN STEP	2026-10-03T10:26:03.8156862Z hint: call:
npm 12.0.2 / Node 26 pack compatibility	UNKNOWN STEP	2026-10-03T10:26:03.8157525Z hint:
npm 12.0.2 / Node 26 pack compatibility	UNKNOWN STEP	2026-10-03T10:26:03.8158386Z hint: 	git config --global init.defaultBranch <name>
npm 12.0.2 / Node 26 pack compatibility	UNKNOWN STEP	2026-10-03T10:26:03.8159460Z hint:
npm 12.0.2 / Node 26 pack compatibility	UNKNOWN STEP	2026-10-03T10:26:03.8160609Z hint: Names commonly chosen instead of 'master' are 'main', 'trunk' and
npm 12.0.2 / Node 26 pack compatibility	UNKNOWN STEP	2026-10-03T10:26:03.8162165Z hint: 'development'. The just-created branch can be renamed via this command:
npm 12.0.2 / Node 26 pack compatibility	UNKNOWN STEP	2026-10-03T10:26:03.8163356Z hint:
npm 12.0.2 / Node 26 pack compatibility	UNKNOWN STEP	2026-10-03T10:26:03.8164090Z hint: 	git branch -m <name>
npm 12.0.2 / Node 26 pack compatibility	UNKNOWN STEP	2026-10-03T10:26:03.8164960Z hint:
npm 12.0.2 / Node 26 pack compatibility	UNKNOWN STEP	2026-10-03T10:26:03.8166064Z hint: Disable this message with "git config set advice.defaultBranchName false"
npm 12.0.2 / Node 26 pack compatibility	UNKNOWN STEP	2026-10-03T10:26:03.8167621Z Initialized empty Git repository in /home/runner/work/ai-task-manager/ai-task-manager/.git/
npm 12.0.2 / Node 26 pack compatibility	UNKNOWN STEP	2026-10-03T10:26:03.8170290Z [command]/usr/bin/git remote add origin https://github.com/kburson/ai-task-manager
npm 12.0.2 / Node 26 pack compatibility	UNKNOWN STEP	2026-10-03T10:26:03.8204181Z ##[endgroup]
npm 12.0.2 / Node 26 pack compatibility	UNKNOWN STEP	2026-10-03T10:26:03.8205511Z ##[group]Disabling automatic garbage collection
npm 12.0.2 / Node 26 pack compatibility	UNKNOWN STEP	2026-10-03T10:26:03.8207099Z [command]/usr/bin/git config --local gc.auto 0
npm 12.0.2 / Node 26 pack compatibility	UNKNOWN STEP	2026-10-03T10:26:03.8232378Z ##[endgroup]
npm 12.0.2 / Node 26 pack compatibility	UNKNOWN STEP	2026-10-03T10:26:03.8233618Z ##[group]Setting up auth
npm 12.0.2 / Node 26 pack compatibility	UNKNOWN STEP	2026-10-03T10:26:03.8238093Z [command]/usr/bin/git config --local --name-only --get-regexp core\.sshCommand
npm 12.0.2 / Node 26 pack compatibility	UNKNOWN STEP	2026-10-03T10:26:03.8266790Z [command]/usr/bin/git submodule foreach --recursive sh -c "git config --local --name-only --get-regexp 'core\.sshCommand' && git config --local --unset-all 'core.sshCommand' || :"
npm 12.0.2 / Node 26 pack compatibility	UNKNOWN STEP	2026-10-03T10:26:03.8556299Z [command]/usr/bin/git config --local --name-only --get-regexp http\.https\:\/\/github\.com\/\.extraheader
npm 12.0.2 / Node 26 pack compatibility	UNKNOWN STEP	2026-10-03T10:26:03.8591760Z [command]/usr/bin/git submodule foreach --recursive sh -c "git config --local --name-only --get-regexp 'http\.https\:\/\/github\.com\/\.extraheader' && git config --local --unset-all 'http.https://github.com/.extraheader' || :"
npm 12.0.2 / Node 26 pack compatibility	UNKNOWN STEP	2026-10-03T10:26:03.8799472Z [command]/usr/bin/git config --local --name-only --get-regexp ^includeIf\.gitdir:
npm 12.0.2 / Node 26 pack compatibility	UNKNOWN STEP	2026-10-03T10:26:03.8827844Z [command]/usr/bin/git submodule foreach --recursive git config --local --show-origin --name-only --get-regexp remote.origin.url
npm 12.0.2 / Node 26 pack compatibility	UNKNOWN STEP	2026-10-03T10:26:03.9007040Z [command]/usr/bin/git config --local http.https://github.com/.extraheader AUTHORIZATION: basic ***
npm 12.0.2 / Node 26 pack compatibility	UNKNOWN STEP	2026-10-03T10:26:03.9043619Z ##[endgroup]
npm 12.0.2 / Node 26 pack compatibility	UNKNOWN STEP	2026-10-03T10:26:03.9044494Z ##[group]Fetching the repository
npm 12.0.2 / Node 26 pack compatibility	UNKNOWN STEP	2026-10-03T10:26:03.9056729Z [command]/usr/bin/git -c protocol.version=2 fetch --no-tags --prune --no-recurse-submodules --depth=1 origin +dd6a9469ce6fdc149ee0a6d82f0a62fe742189c8:refs/remotes/origin/codex/1857-continuation
npm 12.0.2 / Node 26 pack compatibility	UNKNOWN STEP	2026-10-03T10:26:06.0833349Z From https://github.com/kburson/ai-task-manager
npm 12.0.2 / Node 26 pack compatibility	UNKNOWN STEP	2026-10-03T10:26:06.0835632Z  * [new ref]         dd6a9469ce6fdc149ee0a6d82f0a62fe742189c8 -> origin/codex/1857-continuation
npm 12.0.2 / Node 26 pack compatibility	UNKNOWN STEP	2026-10-03T10:26:06.0839780Z ##[endgroup]
npm 12.0.2 / Node 26 pack compatibility	UNKNOWN STEP	2026-10-03T10:26:06.0841870Z ##[group]Determining the checkout info
npm 12.0.2 / Node 26 pack compatibility	UNKNOWN STEP	2026-10-03T10:26:06.0843974Z ##[endgroup]
npm 12.0.2 / Node 26 pack compatibility	UNKNOWN STEP	2026-10-03T10:26:06.0847646Z [command]/usr/bin/git sparse-checkout disable
npm 12.0.2 / Node 26 pack compatibility	UNKNOWN STEP	2026-10-03T10:26:06.0890816Z [command]/usr/bin/git config --local --unset-all extensions.worktreeConfig
npm 12.0.2 / Node 26 pack compatibility	UNKNOWN STEP	2026-10-03T10:26:06.0915819Z ##[group]Checking out the ref
npm 12.0.2 / Node 26 pack compatibility	UNKNOWN STEP	2026-10-03T10:26:06.0920647Z [command]/usr/bin/git checkout --progress --force -B codex/1857-continuation refs/remotes/origin/codex/1857-continuation
npm 12.0.2 / Node 26 pack compatibility	UNKNOWN STEP	2026-10-03T10:26:06.3280344Z Switched to a new branch 'codex/1857-continuation'
npm 12.0.2 / Node 26 pack compatibility	UNKNOWN STEP	2026-10-03T10:26:06.3286443Z branch 'codex/1857-continuation' set up to track 'origin/codex/1857-continuation'.
npm 12.0.2 / Node 26 pack compatibility	UNKNOWN STEP	2026-10-03T10:26:06.3297345Z ##[endgroup]
npm 12.0.2 / Node 26 pack compatibility	UNKNOWN STEP	2026-10-03T10:26:06.3333488Z [command]/usr/bin/git log -1 --format=%H
npm 12.0.2 / Node 26 pack compatibility	UNKNOWN STEP	2026-10-03T10:26:06.3355702Z dd6a9469ce6fdc149ee0a6d82f0a62fe742189c8
npm 12.0.2 / Node 26 pack compatibility	UNKNOWN STEP	2026-10-03T10:26:06.3703263Z ##[group]Run actions/setup-node@v5
npm 12.0.2 / Node 26 pack compatibility	UNKNOWN STEP	2026-10-03T10:26:06.3704525Z with:
npm 12.0.2 / Node 26 pack compatibility	UNKNOWN STEP	2026-10-03T10:26:06.3705447Z   node-version: 26
npm 12.0.2 / Node 26 pack compatibility	UNKNOWN STEP	2026-10-03T10:26:06.3706438Z   cache: npm
npm 12.0.2 / Node 26 pack compatibility	UNKNOWN STEP	2026-10-03T10:26:06.3707397Z   always-auth: false
npm 12.0.2 / Node 26 pack compatibility	UNKNOWN STEP	2026-10-03T10:26:06.3708436Z   check-latest: false
npm 12.0.2 / Node 26 pack compatibility	UNKNOWN STEP	2026-10-03T10:26:06.3718705Z   token: ***
npm 12.0.2 / Node 26 pack compatibility	UNKNOWN STEP	2026-10-03T10:26:06.3719726Z   package-manager-cache: true
npm 12.0.2 / Node 26 pack compatibility	UNKNOWN STEP	2026-10-03T10:26:06.3721083Z env:
npm 12.0.2 / Node 26 pack compatibility	UNKNOWN STEP	2026-10-03T10:26:06.3722011Z   GIT_AUTHOR_NAME: kendrick burson
npm 12.0.2 / Node 26 pack compatibility	UNKNOWN STEP	2026-10-03T10:26:06.3723224Z   GIT_AUTHOR_EMAIL: kpburson@pm.me
npm 12.0.2 / Node 26 pack compatibility	UNKNOWN STEP	2026-10-03T10:26:06.3724428Z   GIT_COMMITTER_NAME: kendrick burson
npm 12.0.2 / Node 26 pack compatibility	UNKNOWN STEP	2026-10-03T10:26:06.3725676Z   GIT_COMMITTER_EMAIL: kpburson@pm.me
npm 12.0.2 / Node 26 pack compatibility	UNKNOWN STEP	2026-10-03T10:26:06.3726863Z ##[endgroup]
npm 12.0.2 / Node 26 pack compatibility	UNKNOWN STEP	2026-10-03T10:26:06.5175968Z Attempting to download 26...
npm 12.0.2 / Node 26 pack compatibility	UNKNOWN STEP	2026-10-03T10:26:06.5276891Z (node:2214) [DEP0040] DeprecationWarning: The `punycode` module is deprecated. Please use a userland alternative instead.
npm 12.0.2 / Node 26 pack compatibility	UNKNOWN STEP	2026-10-03T10:26:06.5280140Z (Use `node --trace-deprecation ...` to show where the warning was created)
npm 12.0.2 / Node 26 pack compatibility	UNKNOWN STEP	2026-10-03T10:26:07.6592250Z Acquiring 26.10.0 - x64 from https://github.com/actions/node-versions/releases/download/26.10.0-35737674515/node-26.10.0-linux-x64.tar.gz
npm 12.0.2 / Node 26 pack compatibility	UNKNOWN STEP	2026-10-03T10:26:08.4391518Z Extracting ...
npm 12.0.2 / Node 26 pack compatibility	UNKNOWN STEP	2026-10-03T10:26:08.4496078Z [command]/usr/bin/tar xz --strip 1 --warning=no-unknown-keyword --overwrite -C /home/runner/work/_temp/6fee2fad-0d83-4648-9f51-e577ccd80944 -f /home/runner/work/_temp/49a7d19f-abfb-4824-a3e3-bcdeca7356fe
npm 12.0.2 / Node 26 pack compatibility	UNKNOWN STEP	2026-10-03T10:26:09.7407688Z Adding to the cache ...
npm 12.0.2 / Node 26 pack compatibility	UNKNOWN STEP	2026-10-03T10:26:11.3663220Z ##[group]Environment details
npm 12.0.2 / Node 26 pack compatibility	UNKNOWN STEP	2026-10-03T10:26:11.5709341Z node: v26.10.0
npm 12.0.2 / Node 26 pack compatibility	UNKNOWN STEP	2026-10-03T10:26:11.5709877Z npm: 11.19.1
npm 12.0.2 / Node 26 pack compatibility	UNKNOWN STEP	2026-10-03T10:26:11.5710350Z yarn: 1.22.22
npm 12.0.2 / Node 26 pack compatibility	UNKNOWN STEP	2026-10-03T10:26:11.5711120Z ##[endgroup]
npm 12.0.2 / Node 26 pack compatibility	UNKNOWN STEP	2026-10-03T10:26:11.5731019Z [command]/opt/hostedtoolcache/node/26.10.0/x64/bin/npm config get cache
npm 12.0.2 / Node 26 pack compatibility	UNKNOWN STEP	2026-10-03T10:26:11.6556537Z /home/runner/.npm
npm 12.0.2 / Node 26 pack compatibility	UNKNOWN STEP	2026-10-03T10:26:11.8721754Z Cache hit for: node-cache-Linux-x64-npm-bd03a24e4fb6ea9135263ddfda5f6f14aceea5c97773b78dfd4f842230cc9a5f
npm 12.0.2 / Node 26 pack compatibility	UNKNOWN STEP	2026-10-03T10:26:11.8815575Z (node:2214) [DEP0169] DeprecationWarning: `url.parse()` behavior is not standardized and prone to errors that have security implications. Use the WHATWG URL API instead. CVEs are not issued for `url.parse()` vulnerabilities.
npm 12.0.2 / Node 26 pack compatibility	UNKNOWN STEP	2026-10-03T10:26:13.1112303Z Received 29360128 of 33193731 (88.5%), 28.0 MBs/sec
npm 12.0.2 / Node 26 pack compatibility	UNKNOWN STEP	2026-10-03T10:26:13.3098501Z Received 33193731 of 33193731 (100.0%), 26.4 MBs/sec
npm 12.0.2 / Node 26 pack compatibility	UNKNOWN STEP	2026-10-03T10:26:13.3099166Z Cache Size: ~32 MB (33193731 B)
npm 12.0.2 / Node 26 pack compatibility	UNKNOWN STEP	2026-10-03T10:26:13.3231677Z [command]/usr/bin/tar -xf /home/runner/work/_temp/d7f24ec0-fdc8-4a7c-a031-d4d80bca6e50/cache.tzst -P -C /home/runner/work/ai-task-manager/ai-task-manager --use-compress-program unzstd
npm 12.0.2 / Node 26 pack compatibility	UNKNOWN STEP	2026-10-03T10:26:13.4105836Z Cache restored successfully
npm 12.0.2 / Node 26 pack compatibility	UNKNOWN STEP	2026-10-03T10:26:13.4126840Z Cache restored from key: node-cache-Linux-x64-npm-bd03a24e4fb6ea9135263ddfda5f6f14aceea5c97773b78dfd4f842230cc9a5f
npm 12.0.2 / Node 26 pack compatibility	UNKNOWN STEP	2026-10-03T10:26:13.4272825Z ##[group]Run npm install --global "npm@12.0.2"
npm 12.0.2 / Node 26 pack compatibility	UNKNOWN STEP	2026-10-03T10:26:13.4273269Z ^[[36;1mnpm install --global "npm@12.0.2"^[[0m
npm 12.0.2 / Node 26 pack compatibility	UNKNOWN STEP	2026-10-03T10:26:13.4449300Z shell: /usr/bin/bash -e {0}
npm 12.0.2 / Node 26 pack compatibility	UNKNOWN STEP	2026-10-03T10:26:13.4449588Z env:
npm 12.0.2 / Node 26 pack compatibility	UNKNOWN STEP	2026-10-03T10:26:13.4449806Z   GIT_AUTHOR_NAME: kendrick burson
npm 12.0.2 / Node 26 pack compatibility	UNKNOWN STEP	2026-10-03T10:26:13.4450377Z   GIT_AUTHOR_EMAIL: kpburson@pm.me
npm 12.0.2 / Node 26 pack compatibility	UNKNOWN STEP	2026-10-03T10:26:13.4450656Z   GIT_COMMITTER_NAME: kendrick burson
npm 12.0.2 / Node 26 pack compatibility	UNKNOWN STEP	2026-10-03T10:26:13.4450937Z   GIT_COMMITTER_EMAIL: kpburson@pm.me
npm 12.0.2 / Node 26 pack compatibility	UNKNOWN STEP	2026-10-03T10:26:13.4451193Z ##[endgroup]
npm 12.0.2 / Node 26 pack compatibility	UNKNOWN STEP	2026-10-03T10:26:17.0932075Z 
npm 12.0.2 / Node 26 pack compatibility	UNKNOWN STEP	2026-10-03T10:26:17.0938787Z removed 8 packages, and changed 76 packages in 4s
npm 12.0.2 / Node 26 pack compatibility	UNKNOWN STEP	2026-10-03T10:26:17.0939156Z 
npm 12.0.2 / Node 26 pack compatibility	UNKNOWN STEP	2026-10-03T10:26:17.0939343Z 15 packages are looking for funding
npm 12.0.2 / Node 26 pack compatibility	UNKNOWN STEP	2026-10-03T10:26:17.0939689Z   run `npm fund` for details
npm 12.0.2 / Node 26 pack compatibility	UNKNOWN STEP	2026-10-03T10:26:17.1193642Z ##[group]Run test "$(npm --version)" = "12.0.2"
npm 12.0.2 / Node 26 pack compatibility	UNKNOWN STEP	2026-10-03T10:26:17.1193996Z ^[[36;1mtest "$(npm --version)" = "12.0.2"^[[0m
npm 12.0.2 / Node 26 pack compatibility	UNKNOWN STEP	2026-10-03T10:26:17.1234442Z shell: /usr/bin/bash -e {0}
npm 12.0.2 / Node 26 pack compatibility	UNKNOWN STEP	2026-10-03T10:26:17.1234712Z env:
npm 12.0.2 / Node 26 pack compatibility	UNKNOWN STEP	2026-10-03T10:26:17.1234926Z   GIT_AUTHOR_NAME: kendrick burson
npm 12.0.2 / Node 26 pack compatibility	UNKNOWN STEP	2026-10-03T10:26:17.1235370Z   GIT_AUTHOR_EMAIL: kpburson@pm.me
npm 12.0.2 / Node 26 pack compatibility	UNKNOWN STEP	2026-10-03T10:26:17.1235636Z   GIT_COMMITTER_NAME: kendrick burson
npm 12.0.2 / Node 26 pack compatibility	UNKNOWN STEP	2026-10-03T10:26:17.1235903Z   GIT_COMMITTER_EMAIL: kpburson@pm.me
npm 12.0.2 / Node 26 pack compatibility	UNKNOWN STEP	2026-10-03T10:26:17.1236166Z ##[endgroup]
npm 12.0.2 / Node 26 pack compatibility	UNKNOWN STEP	2026-10-03T10:26:17.2098391Z ##[group]Run npm ci
npm 12.0.2 / Node 26 pack compatibility	UNKNOWN STEP	2026-10-03T10:26:17.2098663Z ^[[36;1mnpm ci^[[0m
npm 12.0.2 / Node 26 pack compatibility	UNKNOWN STEP	2026-10-03T10:26:17.2137420Z shell: /usr/bin/bash -e {0}
npm 12.0.2 / Node 26 pack compatibility	UNKNOWN STEP	2026-10-03T10:26:17.2137701Z env:
npm 12.0.2 / Node 26 pack compatibility	UNKNOWN STEP	2026-10-03T10:26:17.2137918Z   GIT_AUTHOR_NAME: kendrick burson
npm 12.0.2 / Node 26 pack compatibility	UNKNOWN STEP	2026-10-03T10:26:17.2138189Z   GIT_AUTHOR_EMAIL: kpburson@pm.me
npm 12.0.2 / Node 26 pack compatibility	UNKNOWN STEP	2026-10-03T10:26:17.2138452Z   GIT_COMMITTER_NAME: kendrick burson
npm 12.0.2 / Node 26 pack compatibility	UNKNOWN STEP	2026-10-03T10:26:17.2138720Z   GIT_COMMITTER_EMAIL: kpburson@pm.me
npm 12.0.2 / Node 26 pack compatibility	UNKNOWN STEP	2026-10-03T10:26:17.2138973Z ##[endgroup]
npm 12.0.2 / Node 26 pack compatibility	UNKNOWN STEP	2026-10-03T10:26:19.4764804Z 
npm 12.0.2 / Node 26 pack compatibility	UNKNOWN STEP	2026-10-03T10:26:19.4766556Z added 318 packages, and audited 319 packages in 2s
npm 12.0.2 / Node 26 pack compatibility	UNKNOWN STEP	2026-10-03T10:26:19.4767039Z 
npm 12.0.2 / Node 26 pack compatibility	UNKNOWN STEP	2026-10-03T10:26:19.4767345Z 101 packages are looking for funding
npm 12.0.2 / Node 26 pack compatibility	UNKNOWN STEP	2026-10-03T10:26:19.4767850Z   run `npm fund` for details
npm 12.0.2 / Node 26 pack compatibility	UNKNOWN STEP	2026-10-03T10:26:19.4801692Z 
npm 12.0.2 / Node 26 pack compatibility	UNKNOWN STEP	2026-10-03T10:26:19.4803719Z 8 vulnerabilities (2 moderate, 6 high)
npm 12.0.2 / Node 26 pack compatibility	UNKNOWN STEP	2026-10-03T10:26:19.4804089Z 
npm 12.0.2 / Node 26 pack compatibility	UNKNOWN STEP	2026-10-03T10:26:19.4804302Z To address all issues, run:
npm 12.0.2 / Node 26 pack compatibility	UNKNOWN STEP	2026-10-03T10:26:19.4804572Z   npm audit fix
npm 12.0.2 / Node 26 pack compatibility	UNKNOWN STEP	2026-10-03T10:26:19.4804695Z 
npm 12.0.2 / Node 26 pack compatibility	UNKNOWN STEP	2026-10-03T10:26:19.4804893Z Run `npm audit` for details.
npm 12.0.2 / Node 26 pack compatibility	UNKNOWN STEP	2026-10-03T10:26:19.4811242Z npm warn install-scripts 1 package had install scripts blocked because they are not covered by allowScripts:
npm 12.0.2 / Node 26 pack compatibility	UNKNOWN STEP	2026-10-03T10:26:19.4812544Z npm warn install-scripts   puppeteer@25.11.0 (postinstall: node install.mjs)
npm 12.0.2 / Node 26 pack compatibility	UNKNOWN STEP	2026-10-03T10:26:19.4813143Z npm warn install-scripts
npm 12.0.2 / Node 26 pack compatibility	UNKNOWN STEP	2026-10-03T10:26:19.4813710Z npm warn install-scripts Run `npm install-scripts ls` to review, or `npm install-scripts approve <pkg>` to allow.
npm 12.0.2 / Node 26 pack compatibility	UNKNOWN STEP	2026-10-03T10:26:19.5017343Z ##[group]Run node --test scripts/tests/unit/task-tracker/core/npm-pack-report.test.mjs scripts/tests/unit/task-tracker/core/package-boundary.test.mjs scripts/tests/unit/task-tracker/core/memory-seed-packaged.test.mjs scripts/tests/unit/task-tracker/core/scope-pack.test.mjs scripts/tests/integration/meta/package-test-corpus.test.mjs scripts/tests/slow/task-tracker/core/packaged-doctor-consumer.test.mjs scripts/tests/slow/task-tracker/core/packaged-tail-profile-consumer.test.mjs
npm 12.0.2 / Node 26 pack compatibility	UNKNOWN STEP	2026-10-03T10:26:19.5020788Z ^[[36;1mnode --test scripts/tests/unit/task-tracker/core/npm-pack-report.test.mjs scripts/tests/unit/task-tracker/core/package-boundary.test.mjs scripts/tests/unit/task-tracker/core/memory-seed-packaged.test.mjs scripts/tests/unit/task-tracker/core/scope-pack.test.mjs scripts/tests/integration/meta/package-test-corpus.test.mjs scripts/tests/slow/task-tracker/core/packaged-doctor-consumer.test.mjs scripts/tests/slow/task-tracker/core/packaged-tail-profile-consumer.test.mjs^[[0m
npm 12.0.2 / Node 26 pack compatibility	UNKNOWN STEP	2026-10-03T10:26:19.5060850Z shell: /usr/bin/bash -e {0}
npm 12.0.2 / Node 26 pack compatibility	UNKNOWN STEP	2026-10-03T10:26:19.5061109Z env:
npm 12.0.2 / Node 26 pack compatibility	UNKNOWN STEP	2026-10-03T10:26:19.5061318Z   GIT_AUTHOR_NAME: kendrick burson
npm 12.0.2 / Node 26 pack compatibility	UNKNOWN STEP	2026-10-03T10:26:19.5061586Z   GIT_AUTHOR_EMAIL: kpburson@pm.me
npm 12.0.2 / Node 26 pack compatibility	UNKNOWN STEP	2026-10-03T10:26:19.5061857Z   GIT_COMMITTER_NAME: kendrick burson
npm 12.0.2 / Node 26 pack compatibility	UNKNOWN STEP	2026-10-03T10:26:19.5062132Z   GIT_COMMITTER_EMAIL: kpburson@pm.me
npm 12.0.2 / Node 26 pack compatibility	UNKNOWN STEP	2026-10-03T10:26:19.5062378Z ##[endgroup]
npm 12.0.2 / Node 26 pack compatibility	UNKNOWN STEP	2026-10-03T10:26:35.2002248Z ✔ package files explicitly exclude the canonical test support root (1.847919ms)
npm 12.0.2 / Node 26 pack compatibility	UNKNOWN STEP	2026-10-03T10:26:35.2031206Z ✔ npm pack excludes the test corpus while retaining required runtime files and assets (15592.325176ms)
npm 12.0.2 / Node 26 pack compatibility	UNKNOWN STEP	2026-10-03T10:26:41.8642294Z ✔ packed consumer verifies committed bootstrap after npm ci and reports drift read-only (22223.869284ms)
npm 12.0.2 / Node 26 pack compatibility	UNKNOWN STEP	2026-10-03T10:26:41.8753441Z ✔ packed consumer can select and execute effect-scoped move tails (14969.047096ms)
npm 12.0.2 / Node 26 pack compatibility	UNKNOWN STEP	2026-10-03T10:26:50.1046460Z ✔ package.json files[] ships docs/ai-memory but excludes archive/ (4.903158ms)
npm 12.0.2 / Node 26 pack compatibility	UNKNOWN STEP	2026-10-03T10:26:50.1053448Z ✔ npm pack tarball contains the seed index + durable facts, no archive (15413.535664ms)
npm 12.0.2 / Node 26 pack compatibility	UNKNOWN STEP	2026-10-03T10:26:50.1125793Z ✔ normalizes the observed npm 11 single-package array report (3.418064ms)
npm 12.0.2 / Node 26 pack compatibility	UNKNOWN STEP	2026-10-03T10:26:50.1127067Z ✔ normalizes the observed npm 12 package-keyed report (0.303777ms)
npm 12.0.2 / Node 26 pack compatibility	UNKNOWN STEP	2026-10-03T10:26:50.1128322Z ✔ requires callers to bind the expected package identity (0.650592ms)
npm 12.0.2 / Node 26 pack compatibility	UNKNOWN STEP	2026-10-03T10:26:50.1129146Z ✔ rejects malformed JSON and unsupported outer values (0.417827ms)
npm 12.0.2 / Node 26 pack compatibility	UNKNOWN STEP	2026-10-03T10:26:50.1129807Z ✔ rejects zero or multiple reports (0.496577ms)
npm 12.0.2 / Node 26 pack compatibility	UNKNOWN STEP	2026-10-03T10:26:50.1130694Z ✔ rejects an unexpected npm 12 package key or inner report identity (0.371569ms)
npm 12.0.2 / Node 26 pack compatibility	UNKNOWN STEP	2026-10-03T10:26:50.1131634Z ✔ requires a files array and optionally a non-empty filename (0.4213ms)
npm 12.0.2 / Node 26 pack compatibility	UNKNOWN STEP	2026-10-03T10:26:50.1134046Z ✔ all pack consumers import the shared normalizer (1.202044ms)
npm 12.0.2 / Node 26 pack compatibility	UNKNOWN STEP	2026-10-03T10:26:50.1135129Z ✔ package-boundary: no test files are packed (13617.568379ms)
npm 12.0.2 / Node 26 pack compatibility	UNKNOWN STEP	2026-10-03T10:26:50.1136272Z ✔ package-boundary: excluded directories do not reappear (0.406116ms)
npm 12.0.2 / Node 26 pack compatibility	UNKNOWN STEP	2026-10-03T10:26:50.1137615Z ✔ package-boundary: ships the exact docs/introduction/ set (0.476765ms)
npm 12.0.2 / Node 26 pack compatibility	UNKNOWN STEP	2026-10-03T10:26:50.1138897Z ✔ package-boundary: shipped README has no dead docs/introduction link (0.409278ms)
npm 12.0.2 / Node 26 pack compatibility	UNKNOWN STEP	2026-10-03T10:26:50.1140394Z ✖ package-boundary: total entry count stays under the ceiling (0.834623ms)
npm 12.0.2 / Node 26 pack compatibility	UNKNOWN STEP	2026-10-03T10:26:50.1141752Z ✔ package-boundary: development-only context calibration is not shipped (0.407849ms)
npm 12.0.2 / Node 26 pack compatibility	UNKNOWN STEP	2026-10-03T10:26:50.1143071Z ✔ package-boundary: runtime entry points are still shipped (0.175915ms)
npm 12.0.2 / Node 26 pack compatibility	UNKNOWN STEP	2026-10-03T10:26:50.1144450Z ✔ package-boundary: production parser and guidance release guard are declared (0.455435ms)
npm 12.0.2 / Node 26 pack compatibility	UNKNOWN STEP	2026-10-03T10:26:50.1145903Z ✔ package-boundary: tag and explicit release CI retain the B2 consumer gate (0.436884ms)
npm 12.0.2 / Node 26 pack compatibility	UNKNOWN STEP	2026-10-03T10:26:52.3287413Z ✔ npm pack --dry-run resolves the scoped @kburson/ai-task-manager name (10402.765896ms)
npm 12.0.2 / Node 26 pack compatibility	UNKNOWN STEP	2026-10-03T10:26:52.3356765Z ℹ tests 24
npm 12.0.2 / Node 26 pack compatibility	UNKNOWN STEP	2026-10-03T10:26:52.3357029Z ℹ suites 0
npm 12.0.2 / Node 26 pack compatibility	UNKNOWN STEP	2026-10-03T10:26:52.3357602Z ℹ pass 23
npm 12.0.2 / Node 26 pack compatibility	UNKNOWN STEP	2026-10-03T10:26:52.3357821Z ℹ fail 1
npm 12.0.2 / Node 26 pack compatibility	UNKNOWN STEP	2026-10-03T10:26:52.3358034Z ℹ cancelled 0
npm 12.0.2 / Node 26 pack compatibility	UNKNOWN STEP	2026-10-03T10:26:52.3358423Z ℹ skipped 0
npm 12.0.2 / Node 26 pack compatibility	UNKNOWN STEP	2026-10-03T10:26:52.3358711Z ℹ todo 0
npm 12.0.2 / Node 26 pack compatibility	UNKNOWN STEP	2026-10-03T10:26:52.3359056Z ℹ duration_ms 32796.002815
npm 12.0.2 / Node 26 pack compatibility	UNKNOWN STEP	2026-10-03T10:26:52.3364964Z 
npm 12.0.2 / Node 26 pack compatibility	UNKNOWN STEP	2026-10-03T10:26:52.3365594Z ✖ failing tests:
npm 12.0.2 / Node 26 pack compatibility	UNKNOWN STEP	2026-10-03T10:26:52.3365976Z 
npm 12.0.2 / Node 26 pack compatibility	UNKNOWN STEP	2026-10-03T10:26:52.3366681Z test at scripts/tests/unit/task-tracker/core/package-boundary.test.mjs:219:1
npm 12.0.2 / Node 26 pack compatibility	UNKNOWN STEP	2026-10-03T10:26:52.3367916Z ✖ package-boundary: total entry count stays under the ceiling (0.834623ms)
npm 12.0.2 / Node 26 pack compatibility	UNKNOWN STEP	2026-10-03T10:26:52.3369210Z   AssertionError [ERR_ASSERTION]: packed entry count 895 exceeds ceiling 880; the package surface grew — confirm intentional and raise the ceiling, or prune.
npm 12.0.2 / Node 26 pack compatibility	UNKNOWN STEP	2026-10-03T10:26:52.3370758Z       at TestContext.<anonymous> (file:///home/runner/work/ai-task-manager/ai-task-manager/scripts/tests/unit/task-tracker/core/package-boundary.test.mjs:384:10)
npm 12.0.2 / Node 26 pack compatibility	UNKNOWN STEP	2026-10-03T10:26:52.3372052Z       at Test.runInAsyncScope (node:async_hooks:226:14)
npm 12.0.2 / Node 26 pack compatibility	UNKNOWN STEP	2026-10-03T10:26:52.3372720Z       at Test.run (node:internal/test_runner/test:1402:25)
npm 12.0.2 / Node 26 pack compatibility	UNKNOWN STEP	2026-10-03T10:26:52.3373408Z       at Test.processPendingSubtests (node:internal/test_runner/test:974:18)
npm 12.0.2 / Node 26 pack compatibility	UNKNOWN STEP	2026-10-03T10:26:52.3373859Z       at Test.postRun (node:internal/test_runner/test:1542:19)
npm 12.0.2 / Node 26 pack compatibility	UNKNOWN STEP	2026-10-03T10:26:52.3374259Z       at Test.run (node:internal/test_runner/test:1467:12)
npm 12.0.2 / Node 26 pack compatibility	UNKNOWN STEP	2026-10-03T10:26:52.3374716Z       at async Test.processPendingSubtests (node:internal/test_runner/test:974:7) {
npm 12.0.2 / Node 26 pack compatibility	UNKNOWN STEP	2026-10-03T10:26:52.3375118Z     generatedMessage: false,
npm 12.0.2 / Node 26 pack compatibility	UNKNOWN STEP	2026-10-03T10:26:52.3375373Z     code: 'ERR_ASSERTION',
npm 12.0.2 / Node 26 pack compatibility	UNKNOWN STEP	2026-10-03T10:26:52.3375608Z     actual: false,
npm 12.0.2 / Node 26 pack compatibility	UNKNOWN STEP	2026-10-03T10:26:52.3375819Z     expected: true,
npm 12.0.2 / Node 26 pack compatibility	UNKNOWN STEP	2026-10-03T10:26:52.3376037Z     operator: '==',
npm 12.0.2 / Node 26 pack compatibility	UNKNOWN STEP	2026-10-03T10:26:52.3376350Z     diff: 'simple'
npm 12.0.2 / Node 26 pack compatibility	UNKNOWN STEP	2026-10-03T10:26:52.3376701Z   }
npm 12.0.2 / Node 26 pack compatibility	UNKNOWN STEP	2026-10-03T10:26:52.3418457Z ##[error]Process completed with exit code 1.
npm 12.0.2 / Node 26 pack compatibility	UNKNOWN STEP	2026-10-03T10:26:52.3551230Z Post job cleanup.
npm 12.0.2 / Node 26 pack compatibility	UNKNOWN STEP	2026-10-03T10:26:52.4373923Z [command]/usr/bin/git version
npm 12.0.2 / Node 26 pack compatibility	UNKNOWN STEP	2026-10-03T10:26:52.4410837Z git version 2.55.0
npm 12.0.2 / Node 26 pack compatibility	UNKNOWN STEP	2026-10-03T10:26:52.4445741Z Temporarily overriding HOME='/home/runner/work/_temp/3a0c8925-b89d-4a10-aa71-3c241cc72f1e' before making global git config changes
npm 12.0.2 / Node 26 pack compatibility	UNKNOWN STEP	2026-10-03T10:26:52.4447437Z Adding repository directory to the temporary git global config as a safe directory
npm 12.0.2 / Node 26 pack compatibility	UNKNOWN STEP	2026-10-03T10:26:52.4451308Z [command]/usr/bin/git config --global --add safe.directory /home/runner/work/ai-task-manager/ai-task-manager
npm 12.0.2 / Node 26 pack compatibility	UNKNOWN STEP	2026-10-03T10:26:52.4497360Z [command]/usr/bin/git config --local --name-only --get-regexp core\.sshCommand
npm 12.0.2 / Node 26 pack compatibility	UNKNOWN STEP	2026-10-03T10:26:52.4530641Z [command]/usr/bin/git submodule foreach --recursive sh -c "git config --local --name-only --get-regexp 'core\.sshCommand' && git config --local --unset-all 'core.sshCommand' || :"
npm 12.0.2 / Node 26 pack compatibility	UNKNOWN STEP	2026-10-03T10:26:52.4739150Z [command]/usr/bin/git config --local --name-only --get-regexp http\.https\:\/\/github\.com\/\.extraheader
npm 12.0.2 / Node 26 pack compatibility	UNKNOWN STEP	2026-10-03T10:26:52.4770605Z http.https://github.com/.extraheader
npm 12.0.2 / Node 26 pack compatibility	UNKNOWN STEP	2026-10-03T10:26:52.4781291Z [command]/usr/bin/git config --local --unset-all http.https://github.com/.extraheader
npm 12.0.2 / Node 26 pack compatibility	UNKNOWN STEP	2026-10-03T10:26:52.4819669Z [command]/usr/bin/git submodule foreach --recursive sh -c "git config --local --name-only --get-regexp 'http\.https\:\/\/github\.com\/\.extraheader' && git config --local --unset-all 'http.https://github.com/.extraheader' || :"
npm 12.0.2 / Node 26 pack compatibility	UNKNOWN STEP	2026-10-03T10:26:52.5027540Z [command]/usr/bin/git config --local --name-only --get-regexp ^includeIf\.gitdir:
npm 12.0.2 / Node 26 pack compatibility	UNKNOWN STEP	2026-10-03T10:26:52.5057732Z [command]/usr/bin/git submodule foreach --recursive git config --local --show-origin --name-only --get-regexp remote.origin.url
npm 12.0.2 / Node 26 pack compatibility	UNKNOWN STEP	2026-10-03T10:26:52.5497084Z Cleaning up orphan processes
