Fast lane (format, lint, unit + integration)	Unit tests	﻿2026-10-03T10:20:24.2003255Z ##[group]Run npm run test:unit
Fast lane (format, lint, unit + integration)	Unit tests	2026-10-03T10:20:24.2003447Z ^[[36;1mnpm run test:unit^[[0m
Fast lane (format, lint, unit + integration)	Unit tests	2026-10-03T10:20:24.2052188Z shell: /usr/bin/bash -e {0}
Fast lane (format, lint, unit + integration)	Unit tests	2026-10-03T10:20:24.2052333Z env:
Fast lane (format, lint, unit + integration)	Unit tests	2026-10-03T10:20:24.2052450Z   GIT_AUTHOR_NAME: kendrick burson
Fast lane (format, lint, unit + integration)	Unit tests	2026-10-03T10:20:24.2052598Z   GIT_AUTHOR_EMAIL: kpburson@pm.me
Fast lane (format, lint, unit + integration)	Unit tests	2026-10-03T10:20:24.2052746Z   GIT_COMMITTER_NAME: kendrick burson
Fast lane (format, lint, unit + integration)	Unit tests	2026-10-03T10:20:24.2052902Z   GIT_COMMITTER_EMAIL: kpburson@pm.me
Fast lane (format, lint, unit + integration)	Unit tests	2026-10-03T10:20:24.2053045Z ##[endgroup]
Fast lane (format, lint, unit + integration)	Unit tests	2026-10-03T10:20:24.2732173Z 
Fast lane (format, lint, unit + integration)	Unit tests	2026-10-03T10:20:24.2732808Z > @kburson/ai-task-manager@0.1.0 test:unit
Fast lane (format, lint, unit + integration)	Unit tests	2026-10-03T10:20:24.2733094Z > node scripts/run-tests.mjs --lane unit
Fast lane (format, lint, unit + integration)	Unit tests	2026-10-03T10:20:24.2733208Z 
Fast lane (format, lint, unit + integration)	Unit tests	2026-10-03T10:20:24.3391195Z ▶ lane=unit (941 files)
Fast lane (format, lint, unit + integration)	Unit tests	2026-10-03T10:20:24.3391402Z 
Fast lane (format, lint, unit + integration)	Unit tests	2026-10-03T10:21:36.9524041Z ▶ scripts/tests/unit/gh/create-issue.test.mjs ... ok (193ms)
Fast lane (format, lint, unit + integration)	Unit tests	2026-10-03T10:21:36.9524610Z ▶ scripts/tests/unit/gh/gh-client-injection.test.mjs ... ok (199ms)
Fast lane (format, lint, unit + integration)	Unit tests	2026-10-03T10:21:36.9524992Z ▶ scripts/tests/unit/gh/gh-client-leak-sites.test.mjs ... ok (65ms)
Fast lane (format, lint, unit + integration)	Unit tests	2026-10-03T10:21:36.9527283Z ▶ scripts/tests/unit/gh/gh-fail-closed-guard.test.mjs ... ok (142ms)
Fast lane (format, lint, unit + integration)	Unit tests	2026-10-03T10:21:36.9547744Z ▶ scripts/tests/unit/gh/stub-gh-helper.test.mjs ... ok (190ms)
Fast lane (format, lint, unit + integration)	Unit tests	2026-10-03T10:21:36.9548367Z ▶ scripts/tests/unit/guidance/annotation.test.mjs ... ok (177ms)
Fast lane (format, lint, unit + integration)	Unit tests	2026-10-03T10:21:36.9548914Z ▶ scripts/tests/unit/inspect/delivery-doc-parity.test.mjs ... ok (48ms)
Fast lane (format, lint, unit + integration)	Unit tests	2026-10-03T10:21:36.9549835Z ▶ scripts/tests/unit/maintenance/audit-trunk-integration.test.mjs ... ok (104ms)
Fast lane (format, lint, unit + integration)	Unit tests	2026-10-03T10:21:36.9550537Z ▶ scripts/tests/unit/meta/slow-lane-partition-policy.test.mjs ... ok (106ms)
Fast lane (format, lint, unit + integration)	Unit tests	2026-10-03T10:21:36.9551171Z ▶ scripts/tests/unit/meta/tia-reaches-integration-lane.test.mjs ... ok (564ms)
Fast lane (format, lint, unit + integration)	Unit tests	2026-10-03T10:21:36.9551737Z ▶ scripts/tests/unit/meta/unit-lane-purity.test.mjs ... ok (138ms)
Fast lane (format, lint, unit + integration)	Unit tests	2026-10-03T10:21:36.9552236Z ▶ scripts/tests/unit/package/doctor.test.mjs ... ok (196ms)
Fast lane (format, lint, unit + integration)	Unit tests	2026-10-03T10:21:36.9552786Z ▶ scripts/tests/unit/package/install-content.test.mjs ... ok (65ms)
Fast lane (format, lint, unit + integration)	Unit tests	2026-10-03T10:21:36.9553335Z ▶ scripts/tests/unit/package/install-contract.test.mjs ... ok (74ms)
Fast lane (format, lint, unit + integration)	Unit tests	2026-10-03T10:21:36.9553875Z ▶ scripts/tests/unit/package/install-inventory.test.mjs ... ok (97ms)
Fast lane (format, lint, unit + integration)	Unit tests	2026-10-03T10:21:36.9554455Z ▶ scripts/tests/unit/package/install-manifest-store.test.mjs ... ok (64ms)
Fast lane (format, lint, unit + integration)	Unit tests	2026-10-03T10:21:36.9555017Z ▶ scripts/tests/unit/package/install-observer.test.mjs ... ok (73ms)
Fast lane (format, lint, unit + integration)	Unit tests	2026-10-03T10:21:36.9555604Z ▶ scripts/tests/unit/providers/coverage-provider-adapter.test.mjs ... ok (43ms)
Fast lane (format, lint, unit + integration)	Unit tests	2026-10-03T10:21:36.9556193Z ▶ scripts/tests/unit/providers/parity.test.mjs ... ok (184ms)
Fast lane (format, lint, unit + integration)	Unit tests	2026-10-03T10:21:36.9556828Z ▶ scripts/tests/unit/providers/registry.test.mjs ... ok (29ms)
Fast lane (format, lint, unit + integration)	Unit tests	2026-10-03T10:21:36.9557383Z ▶ scripts/tests/unit/providers/skill-version-stamp.test.mjs ... ok (76ms)
Fast lane (format, lint, unit + integration)	Unit tests	2026-10-03T10:21:36.9557927Z ▶ scripts/tests/unit/reports/daily-activity.test.mjs ... ok (98ms)
Fast lane (format, lint, unit + integration)	Unit tests	2026-10-03T10:21:36.9558894Z ▶ scripts/tests/unit/reports/generate-value-report-daily.test.mjs ... ok (87ms)
Fast lane (format, lint, unit + integration)	Unit tests	2026-10-03T10:21:36.9559525Z ▶ scripts/tests/unit/reports/generate-value-report-order.test.mjs ... ok (238ms)
Fast lane (format, lint, unit + integration)	Unit tests	2026-10-03T10:21:36.9560140Z ▶ scripts/tests/unit/reports/generate-value-report.test.mjs ... ok (49ms)
Fast lane (format, lint, unit + integration)	Unit tests	2026-10-03T10:21:36.9560730Z ▶ scripts/tests/unit/reports/heal-backlog-attribution.test.mjs ... ok (176ms)
Fast lane (format, lint, unit + integration)	Unit tests	2026-10-03T10:21:36.9561335Z ▶ scripts/tests/unit/reports/lib/estimation-records.test.mjs ... ok (54ms)
Fast lane (format, lint, unit + integration)	Unit tests	2026-10-03T10:21:36.9561891Z ▶ scripts/tests/unit/reports/session-field.test.mjs ... ok (45ms)
Fast lane (format, lint, unit + integration)	Unit tests	2026-10-03T10:21:36.9562520Z ▶ scripts/tests/unit/task-tracker/characterization/orchestrators.test.mjs ... ok (756ms)
Fast lane (format, lint, unit + integration)	Unit tests	2026-10-03T10:21:36.9563208Z ▶ scripts/tests/unit/task-tracker/check-allow-unverified-ticks.test.mjs ... ok (99ms)
Fast lane (format, lint, unit + integration)	Unit tests	2026-10-03T10:21:36.9563897Z ▶ scripts/tests/unit/task-tracker/core/activity-policy-extra-globs.test.mjs ... ok (203ms)
Fast lane (format, lint, unit + integration)	Unit tests	2026-10-03T10:21:36.9564553Z ▶ scripts/tests/unit/task-tracker/core/actor-bind-history.test.mjs ... ok (114ms)
Fast lane (format, lint, unit + integration)	Unit tests	2026-10-03T10:21:36.9565184Z ▶ scripts/tests/unit/task-tracker/core/actor-word-cursor.test.mjs ... ok (80ms)
Fast lane (format, lint, unit + integration)	Unit tests	2026-10-03T10:21:36.9565998Z ▶ scripts/tests/unit/task-tracker/core/adapter-dedup.test.mjs ... ok (41ms)
Fast lane (format, lint, unit + integration)	Unit tests	2026-10-03T10:21:36.9566709Z ▶ scripts/tests/unit/task-tracker/core/adapter-token-floor.test.mjs ... ok (42ms)
Fast lane (format, lint, unit + integration)	Unit tests	2026-10-03T10:21:36.9567344Z ▶ scripts/tests/unit/task-tracker/core/aitm-ismain-symlink.test.mjs ... ok (173ms)
Fast lane (format, lint, unit + integration)	Unit tests	2026-10-03T10:21:36.9567986Z ▶ scripts/tests/unit/task-tracker/core/assert-fields-persisted.test.mjs ... ok (28ms)
Fast lane (format, lint, unit + integration)	Unit tests	2026-10-03T10:21:36.9568657Z ▶ scripts/tests/unit/task-tracker/core/assignee-default-docs-793.test.mjs ... ok (42ms)
Fast lane (format, lint, unit + integration)	Unit tests	2026-10-03T10:21:36.9569319Z ▶ scripts/tests/unit/task-tracker/core/backfill-disposition.test.mjs ... ok (170ms)
Fast lane (format, lint, unit + integration)	Unit tests	2026-10-03T10:21:36.9569972Z ▶ scripts/tests/unit/task-tracker/core/backfill-plan-metadata.test.mjs ... ok (161ms)
Fast lane (format, lint, unit + integration)	Unit tests	2026-10-03T10:21:36.9570656Z ▶ scripts/tests/unit/task-tracker/core/backfill-story-origin.test.mjs ... ok (191ms)
Fast lane (format, lint, unit + integration)	Unit tests	2026-10-03T10:21:36.9571343Z ▶ scripts/tests/unit/task-tracker/core/backfill-timing-logs.test.mjs ... ok (164ms)
Fast lane (format, lint, unit + integration)	Unit tests	2026-10-03T10:21:36.9572061Z ▶ scripts/tests/unit/task-tracker/core/backfill-vc-sections-help.test.mjs ... ok (165ms)
Fast lane (format, lint, unit + integration)	Unit tests	2026-10-03T10:21:36.9572822Z ▶ scripts/tests/unit/task-tracker/core/backfill-vc-sections-strict-argv.test.mjs ... ok (182ms)
Fast lane (format, lint, unit + integration)	Unit tests	2026-10-03T10:21:36.9573560Z ▶ scripts/tests/unit/task-tracker/core/backfill-vc-sections.test.mjs ... ok (166ms)
Fast lane (format, lint, unit + integration)	Unit tests	2026-10-03T10:21:36.9574255Z ▶ scripts/tests/unit/task-tracker/core/beta-report-templates-497.test.mjs ... ok (50ms)
Fast lane (format, lint, unit + integration)	Unit tests	2026-10-03T10:21:36.9574999Z ▶ scripts/tests/unit/task-tracker/core/child-cannot-lead-epic-migration.test.mjs ... ok (36ms)
Fast lane (format, lint, unit + integration)	Unit tests	2026-10-03T10:21:36.9575708Z ▶ scripts/tests/unit/task-tracker/core/child-process-api.test.mjs ... ok (39ms)
Fast lane (format, lint, unit + integration)	Unit tests	2026-10-03T10:21:36.9576333Z ▶ scripts/tests/unit/task-tracker/core/ci-745-trunk-ref.test.mjs ... ok (46ms)
Fast lane (format, lint, unit + integration)	Unit tests	2026-10-03T10:21:36.9577078Z ▶ scripts/tests/unit/task-tracker/core/ci-actions-node-pins.test.mjs ... ok (47ms)
Fast lane (format, lint, unit + integration)	Unit tests	2026-10-03T10:21:36.9577762Z ▶ scripts/tests/unit/task-tracker/core/ci-memory-parity-index.test.mjs ... ok (35ms)
Fast lane (format, lint, unit + integration)	Unit tests	2026-10-03T10:21:36.9578402Z ▶ scripts/tests/unit/task-tracker/core/cli-colorize.test.mjs ... ok (165ms)
Fast lane (format, lint, unit + integration)	Unit tests	2026-10-03T10:21:36.9579014Z ▶ scripts/tests/unit/task-tracker/core/cli-help-flag.test.mjs ... ok (181ms)
Fast lane (format, lint, unit + integration)	Unit tests	2026-10-03T10:21:36.9579691Z ▶ scripts/tests/unit/task-tracker/core/close-board-body-agreement.test.mjs ... ok (25ms)
Fast lane (format, lint, unit + integration)	Unit tests	2026-10-03T10:21:36.9580375Z ▶ scripts/tests/unit/task-tracker/core/close-emission-order.test.mjs ... ok (320ms)
Fast lane (format, lint, unit + integration)	Unit tests	2026-10-03T10:21:36.9581024Z ▶ scripts/tests/unit/task-tracker/core/close-flush-timing.test.mjs ... ok (46ms)
Fast lane (format, lint, unit + integration)	Unit tests	2026-10-03T10:21:36.9581689Z ▶ scripts/tests/unit/task-tracker/core/close-gate-marker-robust.test.mjs ... ok (100ms)
Fast lane (format, lint, unit + integration)	Unit tests	2026-10-03T10:21:36.9582325Z ▶ scripts/tests/unit/task-tracker/core/close-gate.test.mjs ... ok (95ms)
Fast lane (format, lint, unit + integration)	Unit tests	2026-10-03T10:21:36.9582940Z ▶ scripts/tests/unit/task-tracker/core/codex-support-matrix.test.mjs ... ok (29ms)
Fast lane (format, lint, unit + integration)	Unit tests	2026-10-03T10:21:36.9583748Z ▶ scripts/tests/unit/task-tracker/core/command-manifest.test.mjs ... ok (219ms)
Fast lane (format, lint, unit + integration)	Unit tests	2026-10-03T10:21:36.9584417Z ▶ scripts/tests/unit/task-tracker/core/config-full-auto-merge.test.mjs ... ok (134ms)
Fast lane (format, lint, unit + integration)	Unit tests	2026-10-03T10:21:36.9585120Z ▶ scripts/tests/unit/task-tracker/core/contiguity-guard-migration.test.mjs ... ok (40ms)
Fast lane (format, lint, unit + integration)	Unit tests	2026-10-03T10:21:36.9585775Z ▶ scripts/tests/unit/task-tracker/core/contiguity-hole-message.test.mjs ... ok (46ms)
Fast lane (format, lint, unit + integration)	Unit tests	2026-10-03T10:21:36.9586572Z ▶ scripts/tests/unit/task-tracker/core/coverage-backfill-plan-metadata.test.mjs ... ok (163ms)
Fast lane (format, lint, unit + integration)	Unit tests	2026-10-03T10:21:36.9587297Z ▶ scripts/tests/unit/task-tracker/core/coverage-backfill-timing-logs.test.mjs ... ok (183ms)
Fast lane (format, lint, unit + integration)	Unit tests	2026-10-03T10:21:36.9588028Z ▶ scripts/tests/unit/task-tracker/core/coverage-backfill-vc-sections.test.mjs ... ok (180ms)
Fast lane (format, lint, unit + integration)	Unit tests	2026-10-03T10:21:36.9588717Z ▶ scripts/tests/unit/task-tracker/core/coverage-heal-backlog.test.mjs ... ok (170ms)
Fast lane (format, lint, unit + integration)	Unit tests	2026-10-03T10:21:36.9589417Z ▶ scripts/tests/unit/task-tracker/core/coverage-heal-entry-markers.test.mjs ... ok (207ms)
Fast lane (format, lint, unit + integration)	Unit tests	2026-10-03T10:21:36.9590154Z ▶ scripts/tests/unit/task-tracker/core/coverage-heal-functional-dod.test.mjs ... ok (164ms)
Fast lane (format, lint, unit + integration)	Unit tests	2026-10-03T10:21:36.9591068Z ▶ scripts/tests/unit/task-tracker/core/coverage-heal-refine-entry-marker.test.mjs ... ok (172ms)
Fast lane (format, lint, unit + integration)	Unit tests	2026-10-03T10:21:36.9591817Z ▶ scripts/tests/unit/task-tracker/core/coverage-heal-timing-starts.test.mjs ... ok (162ms)
Fast lane (format, lint, unit + integration)	Unit tests	2026-10-03T10:21:36.9592561Z ▶ scripts/tests/unit/task-tracker/core/coverage-migrate-fields-encoding.test.mjs ... ok (184ms)
Fast lane (format, lint, unit + integration)	Unit tests	2026-10-03T10:21:36.9593330Z ▶ scripts/tests/unit/task-tracker/core/coverage-migrate-plan-approved.test.mjs ... ok (165ms)
Fast lane (format, lint, unit + integration)	Unit tests	2026-10-03T10:21:36.9594061Z ▶ scripts/tests/unit/task-tracker/core/deep-dive-no-direct-gh-edit.test.mjs ... ok (36ms)
Fast lane (format, lint, unit + integration)	Unit tests	2026-10-03T10:21:36.9594713Z ▶ scripts/tests/unit/task-tracker/core/defect-first-doc.test.mjs ... ok (42ms)
Fast lane (format, lint, unit + integration)	Unit tests	2026-10-03T10:21:36.9595345Z ▶ scripts/tests/unit/task-tracker/core/demonstrable-ac-doc.test.mjs ... ok (46ms)
Fast lane (format, lint, unit + integration)	Unit tests	2026-10-03T10:21:36.9596006Z ▶ scripts/tests/unit/task-tracker/core/discuss-banner-wiring.test.mjs ... ok (31ms)
Fast lane (format, lint, unit + integration)	Unit tests	2026-10-03T10:21:36.9596766Z ▶ scripts/tests/unit/task-tracker/core/discuss-label-action-499.test.mjs ... ok (77ms)
Fast lane (format, lint, unit + integration)	Unit tests	2026-10-03T10:21:36.9597381Z ▶ scripts/tests/unit/task-tracker/core/disposition-field-contract.test.mjs ... ok (87ms)
Fast lane (format, lint, unit + integration)	Unit tests	2026-10-03T10:21:36.9597974Z ▶ scripts/tests/unit/task-tracker/core/docs-735-attribution.test.mjs ... ok (65ms)
Fast lane (format, lint, unit + integration)	Unit tests	2026-10-03T10:21:36.9598583Z ▶ scripts/tests/unit/task-tracker/core/docs-issue-body-forbiddance.test.mjs ... ok (70ms)
Fast lane (format, lint, unit + integration)	Unit tests	2026-10-03T10:21:36.9599211Z ▶ scripts/tests/unit/task-tracker/core/docs-no-raw-gh-create.test.mjs ... ok (189ms)
Fast lane (format, lint, unit + integration)	Unit tests	2026-10-03T10:21:36.9599922Z ▶ scripts/tests/unit/task-tracker/core/docs-only-lane-skip-completeness.test.mjs ... ok (211ms)
Fast lane (format, lint, unit + integration)	Unit tests	2026-10-03T10:21:36.9600538Z ▶ scripts/tests/unit/task-tracker/core/empty-catch-audit.test.mjs ... ok (62ms)
Fast lane (format, lint, unit + integration)	Unit tests	2026-10-03T10:21:36.9601135Z ▶ scripts/tests/unit/task-tracker/core/evidence-marker-guidance.test.mjs ... ok (28ms)
Fast lane (format, lint, unit + integration)	Unit tests	2026-10-03T10:21:36.9601744Z ▶ scripts/tests/unit/task-tracker/core/flush-active-anchor.test.mjs ... ok (42ms)
Fast lane (format, lint, unit + integration)	Unit tests	2026-10-03T10:21:36.9602361Z ▶ scripts/tests/unit/task-tracker/core/full-auto-close-doctrine.test.mjs ... ok (383ms)
Fast lane (format, lint, unit + integration)	Unit tests	2026-10-03T10:21:36.9603041Z ▶ scripts/tests/unit/task-tracker/core/full-auto-default-doc.test.mjs ... ok (50ms)
Fast lane (format, lint, unit + integration)	Unit tests	2026-10-03T10:21:36.9603625Z ▶ scripts/tests/unit/task-tracker/core/full-auto-doctrine-doc.test.mjs ... ok (46ms)
Fast lane (format, lint, unit + integration)	Unit tests	2026-10-03T10:21:36.9604224Z ▶ scripts/tests/unit/task-tracker/core/full-auto-dogfood-config.test.mjs ... ok (44ms)
Fast lane (format, lint, unit + integration)	Unit tests	2026-10-03T10:21:36.9604896Z ▶ scripts/tests/unit/task-tracker/core/gh-timing-comment-actors.test.mjs ... ok (123ms)
Fast lane (format, lint, unit + integration)	Unit tests	2026-10-03T10:21:36.9605630Z ▶ scripts/tests/unit/task-tracker/core/gh-timing-comment-backdated-row.test.mjs ... ok (82ms)
Fast lane (format, lint, unit + integration)	Unit tests	2026-10-03T10:21:36.9606373Z ▶ scripts/tests/unit/task-tracker/core/gh-timing-comment-blank-zero.test.mjs ... ok (110ms)
Fast lane (format, lint, unit + integration)	Unit tests	2026-10-03T10:21:36.9607352Z ▶ scripts/tests/unit/task-tracker/core/gh-timing-comment-duplicate-start.test.mjs ... ok (107ms)
Fast lane (format, lint, unit + integration)	Unit tests	2026-10-03T10:21:36.9608307Z ▶ scripts/tests/unit/task-tracker/core/gh-timing-comment-full-column.test.mjs ... ok (100ms)
Fast lane (format, lint, unit + integration)	Unit tests	2026-10-03T10:21:36.9609102Z ▶ scripts/tests/unit/task-tracker/core/gh-timing-comment-issue-number.test.mjs ... ok (114ms)
Fast lane (format, lint, unit + integration)	Unit tests	2026-10-03T10:21:36.9609865Z ▶ scripts/tests/unit/task-tracker/core/gh-timing-comment.test.mjs ... ok (100ms)
Fast lane (format, lint, unit + integration)	Unit tests	2026-10-03T10:21:36.9610506Z ▶ scripts/tests/unit/task-tracker/core/governed-plan-policy.test.mjs ... ok (50ms)
Fast lane (format, lint, unit + integration)	Unit tests	2026-10-03T10:21:36.9611150Z ▶ scripts/tests/unit/task-tracker/core/guard-comment-truth.test.mjs ... ok (44ms)
Fast lane (format, lint, unit + integration)	Unit tests	2026-10-03T10:21:36.9611767Z ▶ scripts/tests/unit/task-tracker/core/guard-registry.test.mjs ... ok (73ms)
Fast lane (format, lint, unit + integration)	Unit tests	2026-10-03T10:21:36.9612420Z ▶ scripts/tests/unit/task-tracker/core/guard-stdin-portability.test.mjs ... ok (46ms)
Fast lane (format, lint, unit + integration)	Unit tests	2026-10-03T10:21:36.9613109Z ▶ scripts/tests/unit/task-tracker/core/guard-trust-boundary-doc.test.mjs ... ok (38ms)
Fast lane (format, lint, unit + integration)	Unit tests	2026-10-03T10:21:36.9613781Z ▶ scripts/tests/unit/task-tracker/core/guard-unbypassable.test.mjs ... ok (29ms)
Fast lane (format, lint, unit + integration)	Unit tests	2026-10-03T10:21:36.9614450Z ▶ scripts/tests/unit/task-tracker/core/handle-migrate-result.test.mjs ... ok (191ms)
Fast lane (format, lint, unit + integration)	Unit tests	2026-10-03T10:21:36.9615227Z ▶ scripts/tests/unit/task-tracker/core/heal-backlog-core.test.mjs ... ok (171ms)
Fast lane (format, lint, unit + integration)	Unit tests	2026-10-03T10:21:36.9615903Z ▶ scripts/tests/unit/task-tracker/core/heal-backlog-entry-marker.test.mjs ... ok (166ms)
Fast lane (format, lint, unit + integration)	Unit tests	2026-10-03T10:21:36.9616676Z ▶ scripts/tests/unit/task-tracker/core/heal-backlog-fields.test.mjs ... ok (170ms)
Fast lane (format, lint, unit + integration)	Unit tests	2026-10-03T10:21:36.9617339Z ▶ scripts/tests/unit/task-tracker/core/heal-backlog-schema-drift.test.mjs ... ok (170ms)
Fast lane (format, lint, unit + integration)	Unit tests	2026-10-03T10:21:36.9618082Z ▶ scripts/tests/unit/task-tracker/core/heal-entry-markers-backlog-fallback.test.mjs ... ok (172ms)
Fast lane (format, lint, unit + integration)	Unit tests	2026-10-03T10:21:36.9618826Z ▶ scripts/tests/unit/task-tracker/core/heal-entry-markers-monotonize.test.mjs ... ok (179ms)
Fast lane (format, lint, unit + integration)	Unit tests	2026-10-03T10:21:36.9619551Z ▶ scripts/tests/unit/task-tracker/core/heal-entry-markers-visit-aware.test.mjs ... ok (176ms)
Fast lane (format, lint, unit + integration)	Unit tests	2026-10-03T10:21:36.9620332Z ▶ scripts/tests/unit/task-tracker/core/heal-entry-markers-zero-marker-backlog.test.mjs ... ok (167ms)
Fast lane (format, lint, unit + integration)	Unit tests	2026-10-03T10:21:36.9621051Z ▶ scripts/tests/unit/task-tracker/core/heal-functional-dod.test.mjs ... ok (146ms)
Fast lane (format, lint, unit + integration)	Unit tests	2026-10-03T10:21:36.9621702Z ▶ scripts/tests/unit/task-tracker/core/heal-refine-entry-marker.test.mjs ... ok (175ms)
Fast lane (format, lint, unit + integration)	Unit tests	2026-10-03T10:21:36.9622373Z ▶ scripts/tests/unit/task-tracker/core/heal-timing-log-command.test.mjs ... ok (170ms)
Fast lane (format, lint, unit + integration)	Unit tests	2026-10-03T10:21:36.9623054Z ▶ scripts/tests/unit/task-tracker/core/heal-timing-starts-command.test.mjs ... ok (163ms)
Fast lane (format, lint, unit + integration)	Unit tests	2026-10-03T10:21:36.9623681Z ▶ scripts/tests/unit/task-tracker/core/issue-field-db.test.mjs ... ok (29ms)
Fast lane (format, lint, unit + integration)	Unit tests	2026-10-03T10:21:36.9624276Z ▶ scripts/tests/unit/task-tracker/core/lane-split-seed.test.mjs ... ok (169ms)
Fast lane (format, lint, unit + integration)	Unit tests	2026-10-03T10:21:36.9624904Z ▶ scripts/tests/unit/task-tracker/core/lifecycle-integration.test.mjs ... ok (96ms)
Fast lane (format, lint, unit + integration)	Unit tests	2026-10-03T10:21:36.9625525Z ▶ scripts/tests/unit/task-tracker/core/lock-primitive-doc.test.mjs ... ok (34ms)
Fast lane (format, lint, unit + integration)	Unit tests	2026-10-03T10:21:36.9626189Z ▶ scripts/tests/unit/task-tracker/core/log-issue-time-paired-slugs.test.mjs ... ok (89ms)
Fast lane (format, lint, unit + integration)	Unit tests	2026-10-03T10:21:36.9626950Z ▶ scripts/tests/unit/task-tracker/core/measure-context.test.mjs ... ok (1.0s)
Fast lane (format, lint, unit + integration)	Unit tests	2026-10-03T10:21:36.9627563Z ▶ scripts/tests/unit/task-tracker/core/memory-seed-docs.test.mjs ... ok (47ms)
Fast lane (format, lint, unit + integration)	Unit tests	2026-10-03T10:21:36.9628195Z ▶ scripts/tests/unit/task-tracker/core/memory-seed-packaged.test.mjs ... ok (1.1s)
Fast lane (format, lint, unit + integration)	Unit tests	2026-10-03T10:21:36.9628844Z ▶ scripts/tests/unit/task-tracker/core/migrate-fields-encoding.test.mjs ... ok (155ms)
Fast lane (format, lint, unit + integration)	Unit tests	2026-10-03T10:21:36.9629472Z ▶ scripts/tests/unit/task-tracker/core/migrate-plan-approved.test.mjs ... ok (158ms)
Fast lane (format, lint, unit + integration)	Unit tests	2026-10-03T10:21:36.9630075Z ▶ scripts/tests/unit/task-tracker/core/move-state-assigned.test.mjs ... ok (117ms)
Fast lane (format, lint, unit + integration)	Unit tests	2026-10-03T10:21:36.9630712Z ▶ scripts/tests/unit/task-tracker/core/move-state-force-flag.test.mjs ... ok (44ms)
Fast lane (format, lint, unit + integration)	Unit tests	2026-10-03T10:21:36.9631365Z ▶ scripts/tests/unit/task-tracker/core/move-state-no-main-shim.test.mjs ... ok (41ms)
Fast lane (format, lint, unit + integration)	Unit tests	2026-10-03T10:21:36.9632047Z ▶ scripts/tests/unit/task-tracker/core/move-state-structured-result.test.mjs ... ok (175ms)
Fast lane (format, lint, unit + integration)	Unit tests	2026-10-03T10:21:36.9632935Z ▶ scripts/tests/unit/task-tracker/core/mutate-issue-body-scripts-help-audit.test.mjs ... ok (174ms)
Fast lane (format, lint, unit + integration)	Unit tests	2026-10-03T10:21:36.9633682Z ▶ scripts/tests/unit/task-tracker/core/no-legacy-timing-access.test.mjs ... ok (77ms)
Fast lane (format, lint, unit + integration)	Unit tests	2026-10-03T10:21:36.9634353Z ▶ scripts/tests/unit/task-tracker/core/no-mutation-guarantee.test.mjs ... ok (38ms)
Fast lane (format, lint, unit + integration)	Unit tests	2026-10-03T10:21:36.9635018Z ▶ scripts/tests/unit/task-tracker/core/node-runtime-policy.test.mjs ... ok (86ms)
Fast lane (format, lint, unit + integration)	Unit tests	2026-10-03T10:21:36.9635636Z ▶ scripts/tests/unit/task-tracker/core/npm-pack-report.test.mjs ... ok (51ms)
Fast lane (format, lint, unit + integration)	Unit tests	2026-10-03T10:21:36.9636282Z ▶ scripts/tests/unit/task-tracker/core/operational-jit-audit.test.mjs ... ok (47ms)
Fast lane (format, lint, unit + integration)	Unit tests	2026-10-03T10:21:36.9637011Z ▶ scripts/tests/unit/task-tracker/core/orphan-finalize-chrono-order.test.mjs ... ok (110ms)
Fast lane (format, lint, unit + integration)	Unit tests	2026-10-03T10:21:36.9637651Z ▶ scripts/tests/unit/task-tracker/core/package-boundary.test.mjs ... FAIL (exit 1)
Fast lane (format, lint, unit + integration)	Unit tests	2026-10-03T10:21:36.9638306Z ▶ scripts/tests/unit/task-tracker/core/parse-timing-rows-legacy.test.mjs ... ok (89ms)
Fast lane (format, lint, unit + integration)	Unit tests	2026-10-03T10:21:36.9639072Z ▶ scripts/tests/unit/task-tracker/core/pause-resume-reason.test.mjs ... ok (117ms)
Fast lane (format, lint, unit + integration)	Unit tests	2026-10-03T10:21:36.9639719Z ▶ scripts/tests/unit/task-tracker/core/pause-row-duration.test.mjs ... ok (103ms)
Fast lane (format, lint, unit + integration)	Unit tests	2026-10-03T10:21:36.9640354Z ▶ scripts/tests/unit/task-tracker/core/phase-events-doc.test.mjs ... ok (44ms)
Fast lane (format, lint, unit + integration)	Unit tests	2026-10-03T10:21:36.9640962Z ▶ scripts/tests/unit/task-tracker/core/phase-events.test.mjs ... ok (189ms)
Fast lane (format, lint, unit + integration)	Unit tests	2026-10-03T10:21:36.9641647Z ▶ scripts/tests/unit/task-tracker/core/pickup-directive-has-checkpoint.test.mjs ... ok (32ms)
Fast lane (format, lint, unit + integration)	Unit tests	2026-10-03T10:21:36.9642370Z ▶ scripts/tests/unit/task-tracker/core/pickup-directive-recovery.test.mjs ... ok (51ms)
Fast lane (format, lint, unit + integration)	Unit tests	2026-10-03T10:21:36.9643865Z ▶ scripts/tests/unit/task-tracker/core/pickup-directive-token-floor.test.mjs ... ok (45ms)
Fast lane (format, lint, unit + integration)	Unit tests	2026-10-03T10:21:36.9644521Z ▶ scripts/tests/unit/task-tracker/core/quality-config.test.mjs ... ok (47ms)
Fast lane (format, lint, unit + integration)	Unit tests	2026-10-03T10:21:36.9645182Z ▶ scripts/tests/unit/task-tracker/core/read-timing-comment-body.test.mjs ... ok (93ms)
Fast lane (format, lint, unit + integration)	Unit tests	2026-10-03T10:21:36.9645889Z ▶ scripts/tests/unit/task-tracker/core/recovery-gap-dependency-structure.test.mjs ... ok (49ms)
Fast lane (format, lint, unit + integration)	Unit tests	2026-10-03T10:21:36.9646778Z ▶ scripts/tests/unit/task-tracker/core/refine-exit-complete-marker-migration.test.mjs ... ok (46ms)
Fast lane (format, lint, unit + integration)	Unit tests	2026-10-03T10:21:36.9647524Z ▶ scripts/tests/unit/task-tracker/core/regression-pause-compact.test.mjs ... ok (101ms)
Fast lane (format, lint, unit + integration)	Unit tests	2026-10-03T10:21:36.9648183Z ▶ scripts/tests/unit/task-tracker/core/relicense-manifest.test.mjs ... ok (41ms)
Fast lane (format, lint, unit + integration)	Unit tests	2026-10-03T10:21:36.9648798Z ▶ scripts/tests/unit/task-tracker/core/relicense-no-mit.test.mjs ... ok (62ms)
Fast lane (format, lint, unit + integration)	Unit tests	2026-10-03T10:21:36.9649421Z ▶ scripts/tests/unit/task-tracker/core/residue-audit-scope.test.mjs ... ok (49ms)
Fast lane (format, lint, unit + integration)	Unit tests	2026-10-03T10:21:36.9650069Z ▶ scripts/tests/unit/task-tracker/core/review-delta-source-lock.test.mjs ... ok (28ms)
Fast lane (format, lint, unit + integration)	Unit tests	2026-10-03T10:21:36.9650774Z ▶ scripts/tests/unit/task-tracker/core/review-failure-block-structure.test.mjs ... ok (41ms)
Fast lane (format, lint, unit + integration)	Unit tests	2026-10-03T10:21:36.9651470Z ▶ scripts/tests/unit/task-tracker/core/router-compression-493.test.mjs ... ok (44ms)
Fast lane (format, lint, unit + integration)	Unit tests	2026-10-03T10:21:36.9652105Z ▶ scripts/tests/unit/task-tracker/core/run-tests-ceiling.test.mjs ... ok (39ms)
Fast lane (format, lint, unit + integration)	Unit tests	2026-10-03T10:21:36.9652735Z ▶ scripts/tests/unit/task-tracker/core/run-tests-discovery.test.mjs ... ok (112ms)
Fast lane (format, lint, unit + integration)	Unit tests	2026-10-03T10:21:36.9653379Z ▶ scripts/tests/unit/task-tracker/core/run-tests-elapsed.test.mjs ... ok (41ms)
Fast lane (format, lint, unit + integration)	Unit tests	2026-10-03T10:21:36.9653998Z ▶ scripts/tests/unit/task-tracker/core/run-tests-pool.bench.test.mjs ... ok (1.3s)
Fast lane (format, lint, unit + integration)	Unit tests	2026-10-03T10:21:36.9654589Z ▶ scripts/tests/unit/task-tracker/core/run-tests-schedule.test.mjs ... ok (58ms)
Fast lane (format, lint, unit + integration)	Unit tests	2026-10-03T10:21:36.9655151Z ▶ scripts/tests/unit/task-tracker/core/run-tests-timing.test.mjs ... ok (46ms)
Fast lane (format, lint, unit + integration)	Unit tests	2026-10-03T10:21:36.9655772Z ▶ scripts/tests/unit/task-tracker/core/run-tests-unit-section-split.test.mjs ... ok (37ms)
Fast lane (format, lint, unit + integration)	Unit tests	2026-10-03T10:21:36.9656403Z ▶ scripts/tests/unit/task-tracker/core/runtime-move-inprocess.test.mjs ... ok (147ms)
Fast lane (format, lint, unit + integration)	Unit tests	2026-10-03T10:21:36.9657296Z ▶ scripts/tests/unit/task-tracker/core/scope-pack.test.mjs ... ok (1.0s)
Fast lane (format, lint, unit + integration)	Unit tests	2026-10-03T10:21:36.9657862Z ▶ scripts/tests/unit/task-tracker/core/scope-rename.test.mjs ... ok (36ms)
Fast lane (format, lint, unit + integration)	Unit tests	2026-10-03T10:21:36.9658493Z ▶ scripts/tests/unit/task-tracker/core/scratch-tooling-ignore.test.mjs ... ok (39ms)
Fast lane (format, lint, unit + integration)	Unit tests	2026-10-03T10:21:36.9659140Z ▶ scripts/tests/unit/task-tracker/core/sequence-rules-docs.test.mjs ... ok (35ms)
Fast lane (format, lint, unit + integration)	Unit tests	2026-10-03T10:21:36.9659723Z ▶ scripts/tests/unit/task-tracker/core/session-boot.test.mjs ... ok (41ms)
Fast lane (format, lint, unit + integration)	Unit tests	2026-10-03T10:21:36.9660319Z ▶ scripts/tests/unit/task-tracker/core/session-state-template.test.mjs ... ok (35ms)
Fast lane (format, lint, unit + integration)	Unit tests	2026-10-03T10:21:36.9660936Z ▶ scripts/tests/unit/task-tracker/core/silent-catch-regression.test.mjs ... ok (37ms)
Fast lane (format, lint, unit + integration)	Unit tests	2026-10-03T10:21:36.9661504Z ▶ scripts/tests/unit/task-tracker/core/skill-carve.test.mjs ... ok (125ms)
Fast lane (format, lint, unit + integration)	Unit tests	2026-10-03T10:21:36.9662072Z ▶ scripts/tests/unit/task-tracker/core/skill-relocation-492.test.mjs ... ok (34ms)
Fast lane (format, lint, unit + integration)	Unit tests	2026-10-03T10:21:36.9662690Z ▶ scripts/tests/unit/task-tracker/core/skill-stub-seed-directive.test.mjs ... ok (137ms)
Fast lane (format, lint, unit + integration)	Unit tests	2026-10-03T10:21:36.9663359Z ▶ scripts/tests/unit/task-tracker/core/source-edit-post-develop-lock.test.mjs ... ok (83ms)
Fast lane (format, lint, unit + integration)	Unit tests	2026-10-03T10:21:36.9664241Z ▶ scripts/tests/unit/task-tracker/core/stage-rollup-seconds.test.mjs ... ok (70ms)
Fast lane (format, lint, unit + integration)	Unit tests	2026-10-03T10:21:36.9664811Z ▶ scripts/tests/unit/task-tracker/core/stage-rollup-visits.test.mjs ... ok (65ms)
Fast lane (format, lint, unit + integration)	Unit tests	2026-10-03T10:21:36.9665469Z ▶ scripts/tests/unit/task-tracker/core/state-machine-self-transition.test.mjs ... ok (151ms)
Fast lane (format, lint, unit + integration)	Unit tests	2026-10-03T10:21:36.9666118Z ▶ scripts/tests/unit/task-tracker/core/state-machine.test.mjs ... ok (46ms)
Fast lane (format, lint, unit + integration)	Unit tests	2026-10-03T10:21:36.9666829Z ▶ scripts/tests/unit/task-tracker/core/state-project-dir.test.mjs ... ok (55ms)
Fast lane (format, lint, unit + integration)	Unit tests	2026-10-03T10:21:36.9667506Z ▶ scripts/tests/unit/task-tracker/core/state-walk-ac-stamp-test-carveout.test.mjs ... ok (36ms)
Fast lane (format, lint, unit + integration)	Unit tests	2026-10-03T10:21:36.9668147Z ▶ scripts/tests/unit/task-tracker/core/switch-scenario.test.mjs ... ok (72ms)
Fast lane (format, lint, unit + integration)	Unit tests	2026-10-03T10:21:36.9668724Z ▶ scripts/tests/unit/task-tracker/core/sync-zero-values.test.mjs ... ok (54ms)
Fast lane (format, lint, unit + integration)	Unit tests	2026-10-03T10:21:36.9669347Z ▶ scripts/tests/unit/task-tracker/core/task-tracker-preflight-target.test.mjs ... ok (148ms)
Fast lane (format, lint, unit + integration)	Unit tests	2026-10-03T10:21:36.9670012Z ▶ scripts/tests/unit/task-tracker/core/timing-active-zero-regression.test.mjs ... ok (39ms)
Fast lane (format, lint, unit + integration)	Unit tests	2026-10-03T10:21:36.9670746Z ▶ scripts/tests/unit/task-tracker/core/timing-delta-source-regression.test.mjs ... ok (36ms)
Fast lane (format, lint, unit + integration)	Unit tests	2026-10-03T10:21:36.9671352Z ▶ scripts/tests/unit/task-tracker/core/timing-field-result.test.mjs ... ok (40ms)
Fast lane (format, lint, unit + integration)	Unit tests	2026-10-03T10:21:36.9671915Z ▶ scripts/tests/unit/task-tracker/core/timing-first-start.test.mjs ... ok (69ms)
Fast lane (format, lint, unit + integration)	Unit tests	2026-10-03T10:21:36.9672453Z ▶ scripts/tests/unit/task-tracker/core/timing-rollup.test.mjs ... ok (81ms)
Fast lane (format, lint, unit + integration)	Unit tests	2026-10-03T10:21:36.9673043Z ▶ scripts/tests/unit/task-tracker/core/timing-row-reader-structure.test.mjs ... ok (35ms)
Fast lane (format, lint, unit + integration)	Unit tests	2026-10-03T10:21:36.9673689Z ▶ scripts/tests/unit/task-tracker/core/timing-unknown-projection.test.mjs ... ok (135ms)
Fast lane (format, lint, unit + integration)	Unit tests	2026-10-03T10:21:36.9674342Z ▶ scripts/tests/unit/task-tracker/core/timing-word-marker-monotonic.test.mjs ... ok (72ms)
Fast lane (format, lint, unit + integration)	Unit tests	2026-10-03T10:21:36.9675048Z ▶ scripts/tests/unit/task-tracker/core/timing-word-marker-regression.test.mjs ... ok (35ms)
Fast lane (format, lint, unit + integration)	Unit tests	2026-10-03T10:21:36.9675882Z ▶ scripts/tests/unit/task-tracker/core/verb-locks.test.mjs ... ok (29ms)
Fast lane (format, lint, unit + integration)	Unit tests	2026-10-03T10:21:36.9676271Z ▶ scripts/tests/unit/task-tracker/core/verb-orphan-finalize.test.mjs ... ok (39ms)
Fast lane (format, lint, unit + integration)	Unit tests	2026-10-03T10:21:36.9676857Z ▶ scripts/tests/unit/task-tracker/core/verify-delivery-incident-reconciliation.test.mjs ... ok (164ms)
Fast lane (format, lint, unit + integration)	Unit tests	2026-10-03T10:21:36.9677272Z ▶ scripts/tests/unit/task-tracker/core/word-marker-advance.test.mjs ... ok (90ms)
Fast lane (format, lint, unit + integration)	Unit tests	2026-10-03T10:21:36.9677829Z ▶ scripts/tests/unit/task-tracker/core/worker-context-contract.test.mjs ... ok (42ms)
Fast lane (format, lint, unit + integration)	Unit tests	2026-10-03T10:21:36.9678375Z ▶ scripts/tests/unit/task-tracker/coverage-config.test.mjs ... ok (45ms)
Fast lane (format, lint, unit + integration)	Unit tests	2026-10-03T10:21:36.9678908Z ▶ scripts/tests/unit/task-tracker/cut-child-worktree.test.mjs ... ok (165ms)
Fast lane (format, lint, unit + integration)	Unit tests	2026-10-03T10:21:36.9679455Z ▶ scripts/tests/unit/task-tracker/cut-epic-branch.test.mjs ... ok (174ms)
Fast lane (format, lint, unit + integration)	Unit tests	2026-10-03T10:21:36.9680186Z ▶ scripts/tests/unit/task-tracker/epic-base-edit-guard.test.mjs ... ok (76ms)
Fast lane (format, lint, unit + integration)	Unit tests	2026-10-03T10:21:36.9680795Z ▶ scripts/tests/unit/task-tracker/epic-verify-trail-render.test.mjs ... ok (272ms)
Fast lane (format, lint, unit + integration)	Unit tests	2026-10-03T10:21:36.9681361Z ▶ scripts/tests/unit/task-tracker/gh/coverage-dispatch-prep.test.mjs ... ok (217ms)
Fast lane (format, lint, unit + integration)	Unit tests	2026-10-03T10:21:36.9681726Z ▶ scripts/tests/unit/task-tracker/gh/coverage-init-repair.test.mjs ... ok (152ms)
Fast lane (format, lint, unit + integration)	Unit tests	2026-10-03T10:21:36.9682087Z ▶ scripts/tests/unit/task-tracker/gh/coverage-set-priority.test.mjs ... ok (201ms)
Fast lane (format, lint, unit + integration)	Unit tests	2026-10-03T10:21:36.9682487Z ▶ scripts/tests/unit/task-tracker/gh/coverage-verify-open-issue-bodies.test.mjs ... ok (170ms)
Fast lane (format, lint, unit + integration)	Unit tests	2026-10-03T10:21:36.9682887Z ▶ scripts/tests/unit/task-tracker/gh/create-issue-kind-prefix.test.mjs ... ok (173ms)
Fast lane (format, lint, unit + integration)	Unit tests	2026-10-03T10:21:36.9683284Z ▶ scripts/tests/unit/task-tracker/gh/create-issue-resolve-assignee.test.mjs ... ok (195ms)
Fast lane (format, lint, unit + integration)	Unit tests	2026-10-03T10:21:36.9683675Z ▶ scripts/tests/unit/task-tracker/gh/dispatch-prep-inprocess.test.mjs ... ok (187ms)
Fast lane (format, lint, unit + integration)	Unit tests	2026-10-03T10:21:36.9684065Z ▶ scripts/tests/unit/task-tracker/gh/disposition-install-repair.test.mjs ... ok (178ms)
Fast lane (format, lint, unit + integration)	Unit tests	2026-10-03T10:21:36.9684545Z ▶ scripts/tests/unit/task-tracker/gh/entry-marker-scaffold.test.mjs ... ok (160ms)
Fast lane (format, lint, unit + integration)	Unit tests	2026-10-03T10:21:36.9684903Z ▶ scripts/tests/unit/task-tracker/gh/lib/bug-emoji-prefix.test.mjs ... ok (51ms)
Fast lane (format, lint, unit + integration)	Unit tests	2026-10-03T10:21:36.9685276Z ▶ scripts/tests/unit/task-tracker/gh/lib/coverage-github-projects.test.mjs ... ok (60ms)
Fast lane (format, lint, unit + integration)	Unit tests	2026-10-03T10:21:36.9685654Z ▶ scripts/tests/unit/task-tracker/gh/lib/coverage-list-issues.test.mjs ... ok (37ms)
Fast lane (format, lint, unit + integration)	Unit tests	2026-10-03T10:21:36.9686005Z ▶ scripts/tests/unit/task-tracker/gh/lib/epic-metadata.test.mjs ... ok (84ms)
Fast lane (format, lint, unit + integration)	Unit tests	2026-10-03T10:21:36.9686395Z ▶ scripts/tests/unit/task-tracker/gh/lib/epic-retitle.test.mjs ... ok (88ms)
Fast lane (format, lint, unit + integration)	Unit tests	2026-10-03T10:21:36.9687014Z ▶ scripts/tests/unit/task-tracker/gh/lib/field-defs-drift.test.mjs ... ok (34ms)
Fast lane (format, lint, unit + integration)	Unit tests	2026-10-03T10:21:36.9687371Z ▶ scripts/tests/unit/task-tracker/gh/lib/gh-retry-test-cap.test.mjs ... ok (46ms)
Fast lane (format, lint, unit + integration)	Unit tests	2026-10-03T10:21:36.9687732Z ▶ scripts/tests/unit/task-tracker/gh/lib/github-projects.test.mjs ... ok (59ms)
Fast lane (format, lint, unit + integration)	Unit tests	2026-10-03T10:21:36.9688101Z ▶ scripts/tests/unit/task-tracker/gh/lib/issue-template-prefix.test.mjs ... ok (64ms)
Fast lane (format, lint, unit + integration)	Unit tests	2026-10-03T10:21:36.9688463Z ▶ scripts/tests/unit/task-tracker/gh/lib/project-tether.test.mjs ... ok (75ms)
Fast lane (format, lint, unit + integration)	Unit tests	2026-10-03T10:21:36.9688813Z ▶ scripts/tests/unit/task-tracker/gh/lib/tether-rank-write.test.mjs ... ok (78ms)
Fast lane (format, lint, unit + integration)	Unit tests	2026-10-03T10:21:36.9689155Z ▶ scripts/tests/unit/task-tracker/gh/lib/title-prefix.test.mjs ... ok (50ms)
Fast lane (format, lint, unit + integration)	Unit tests	2026-10-03T10:21:36.9689497Z ▶ scripts/tests/unit/task-tracker/gh/lib/wave-admission.test.mjs ... ok (89ms)
Fast lane (format, lint, unit + integration)	Unit tests	2026-10-03T10:21:36.9689834Z ▶ scripts/tests/unit/task-tracker/gh/lib/wave-detect.test.mjs ... ok (55ms)
Fast lane (format, lint, unit + integration)	Unit tests	2026-10-03T10:21:36.9690164Z ▶ scripts/tests/unit/task-tracker/gh/lib/with-retry.test.mjs ... ok (45ms)
Fast lane (format, lint, unit + integration)	Unit tests	2026-10-03T10:21:36.9690513Z ▶ scripts/tests/unit/task-tracker/gh/log-issue-time-labels.test.mjs ... ok (170ms)
Fast lane (format, lint, unit + integration)	Unit tests	2026-10-03T10:21:36.9690886Z ▶ scripts/tests/unit/task-tracker/gh/move-state-host-returns.test.mjs ... ok (287ms)
Fast lane (format, lint, unit + integration)	Unit tests	2026-10-03T10:21:36.9691245Z ▶ scripts/tests/unit/task-tracker/gh/review-in-place.test.mjs ... ok (317ms)
Fast lane (format, lint, unit + integration)	Unit tests	2026-10-03T10:21:36.9691608Z ▶ scripts/tests/unit/task-tracker/gh/status-config-projections.test.mjs ... ok (169ms)
Fast lane (format, lint, unit + integration)	Unit tests	2026-10-03T10:21:36.9691988Z ▶ scripts/tests/unit/task-tracker/gh/verify-open-issue-bodies.test.mjs ... ok (169ms)
Fast lane (format, lint, unit + integration)	Unit tests	2026-10-03T10:21:36.9692381Z ▶ scripts/tests/unit/task-tracker/hooks/codex-prompt-timestamp-hook.test.mjs ... ok (30ms)
Fast lane (format, lint, unit + integration)	Unit tests	2026-10-03T10:21:36.9692777Z ▶ scripts/tests/unit/task-tracker/hooks/stop-audit-pause-resume.test.mjs ... ok (114ms)
Fast lane (format, lint, unit + integration)	Unit tests	2026-10-03T10:21:36.9693132Z ▶ scripts/tests/unit/task-tracker/kind-aware-dod.test.mjs ... ok (1.4s)
Fast lane (format, lint, unit + integration)	Unit tests	2026-10-03T10:21:36.9693521Z ▶ scripts/tests/unit/task-tracker/lib/ac-evidence-non-demonstrable-marker.test.mjs ... ok (94ms)
Fast lane (format, lint, unit + integration)	Unit tests	2026-10-03T10:21:36.9693919Z ▶ scripts/tests/unit/task-tracker/lib/ac-evidence-vc-list-774.test.mjs ... ok (66ms)
Fast lane (format, lint, unit + integration)	Unit tests	2026-10-03T10:21:36.9694370Z ▶ scripts/tests/unit/task-tracker/lib/ac-evidence.test.mjs ... ok (100ms)
Fast lane (format, lint, unit + integration)	Unit tests	2026-10-03T10:21:36.9694724Z ▶ scripts/tests/unit/task-tracker/lib/action-authority-cost.test.mjs ... ok (206ms)
Fast lane (format, lint, unit + integration)	Unit tests	2026-10-03T10:21:36.9695256Z ▶ scripts/tests/unit/task-tracker/lib/action-decision-contract.test.mjs ... ok (189ms)
Fast lane (format, lint, unit + integration)	Unit tests	2026-10-03T10:21:36.9695655Z ▶ scripts/tests/unit/task-tracker/lib/action-decision-v2.test.mjs ... ok (57ms)
Fast lane (format, lint, unit + integration)	Unit tests	2026-10-03T10:21:36.9696004Z ▶ scripts/tests/unit/task-tracker/lib/action-observations.test.mjs ... ok (74ms)
Fast lane (format, lint, unit + integration)	Unit tests	2026-10-03T10:21:36.9696355Z ▶ scripts/tests/unit/task-tracker/lib/action-presentation.test.mjs ... ok (95ms)
Fast lane (format, lint, unit + integration)	Unit tests	2026-10-03T10:21:36.9696996Z ▶ scripts/tests/unit/task-tracker/lib/action-session-observations.test.mjs ... ok (61ms)
Fast lane (format, lint, unit + integration)	Unit tests	2026-10-03T10:21:36.9697660Z ▶ scripts/tests/unit/task-tracker/lib/active-by-phase-spans.test.mjs ... ok (84ms)
Fast lane (format, lint, unit + integration)	Unit tests	2026-10-03T10:21:36.9698204Z ▶ scripts/tests/unit/task-tracker/lib/active-time.test.mjs ... ok (80ms)
Fast lane (format, lint, unit + integration)	Unit tests	2026-10-03T10:21:36.9698770Z ▶ scripts/tests/unit/task-tracker/lib/activity-guard-error.test.mjs ... ok (68ms)
Fast lane (format, lint, unit + integration)	Unit tests	2026-10-03T10:21:36.9699377Z ▶ scripts/tests/unit/task-tracker/lib/activity-guard-self-mod.test.mjs ... ok (42ms)
Fast lane (format, lint, unit + integration)	Unit tests	2026-10-03T10:21:36.9700156Z ▶ scripts/tests/unit/task-tracker/lib/activity-policy-classify-bash.test.mjs ... ok (190ms)
Fast lane (format, lint, unit + integration)	Unit tests	2026-10-03T10:21:36.9700850Z ▶ scripts/tests/unit/task-tracker/lib/activity-policy-classify-edit.test.mjs ... ok (102ms)
Fast lane (format, lint, unit + integration)	Unit tests	2026-10-03T10:21:36.9701479Z ▶ scripts/tests/unit/task-tracker/lib/actor-flush-journal.test.mjs ... ok (114ms)
Fast lane (format, lint, unit + integration)	Unit tests	2026-10-03T10:21:36.9702065Z ▶ scripts/tests/unit/task-tracker/lib/actor-queue-isolation.test.mjs ... ok (106ms)
Fast lane (format, lint, unit + integration)	Unit tests	2026-10-03T10:21:36.9702713Z ▶ scripts/tests/unit/task-tracker/lib/actor-state-isolation.test.mjs ... ok (98ms)
Fast lane (format, lint, unit + integration)	Unit tests	2026-10-03T10:21:36.9703300Z ▶ scripts/tests/unit/task-tracker/lib/adjacent-word-delta.test.mjs ... ok (108ms)
Fast lane (format, lint, unit + integration)	Unit tests	2026-10-03T10:21:36.9704015Z ▶ scripts/tests/unit/task-tracker/lib/agent-review-nat-escape.test.mjs ... ok (94ms)
Fast lane (format, lint, unit + integration)	Unit tests	2026-10-03T10:21:36.9704767Z ▶ scripts/tests/unit/task-tracker/lib/agent-review/approve-agent-review-complete.test.mjs ... ok (532ms)
Fast lane (format, lint, unit + integration)	Unit tests	2026-10-03T10:21:36.9705601Z ▶ scripts/tests/unit/task-tracker/lib/agent-review/registry.test.mjs ... ok (49ms)
Fast lane (format, lint, unit + integration)	Unit tests	2026-10-03T10:21:36.9706255Z ▶ scripts/tests/unit/task-tracker/lib/agent-review/review-gate.test.mjs ... ok (100ms)
Fast lane (format, lint, unit + integration)	Unit tests	2026-10-03T10:21:36.9707071Z ▶ scripts/tests/unit/task-tracker/lib/agent-review/review-proven-box.test.mjs ... ok (93ms)
Fast lane (format, lint, unit + integration)	Unit tests	2026-10-03T10:21:36.9707808Z ▶ scripts/tests/unit/task-tracker/lib/agent-review/validators/ac-dod-vc-attributes.test.mjs ... ok (99ms)
Fast lane (format, lint, unit + integration)	Unit tests	2026-10-03T10:21:36.9708584Z ▶ scripts/tests/unit/task-tracker/lib/agent-review/validators/body-sections.test.mjs ... ok (109ms)
Fast lane (format, lint, unit + integration)	Unit tests	2026-10-03T10:21:36.9709392Z ▶ scripts/tests/unit/task-tracker/lib/agent-review/validators/gate-refused-audit-slug.test.mjs ... ok (64ms)
Fast lane (format, lint, unit + integration)	Unit tests	2026-10-03T10:21:36.9710233Z ▶ scripts/tests/unit/task-tracker/lib/agent-review/validators/new-tests-content.test.mjs ... ok (111ms)
Fast lane (format, lint, unit + integration)	Unit tests	2026-10-03T10:21:36.9711046Z ▶ scripts/tests/unit/task-tracker/lib/agent-review/validators/required-comments.test.mjs ... ok (108ms)
Fast lane (format, lint, unit + integration)	Unit tests	2026-10-03T10:21:36.9711928Z ▶ scripts/tests/unit/task-tracker/lib/agent-review/validators/timing-log-sequence-audit-rows.test.mjs ... ok (62ms)
Fast lane (format, lint, unit + integration)	Unit tests	2026-10-03T10:21:36.9712841Z ▶ scripts/tests/unit/task-tracker/lib/agent-review/validators/timing-log-sequence-update-slug.test.mjs ... ok (59ms)
Fast lane (format, lint, unit + integration)	Unit tests	2026-10-03T10:21:36.9713707Z ▶ scripts/tests/unit/task-tracker/lib/agent-review/validators/timing-log-sequence.test.mjs ... ok (139ms)
Fast lane (format, lint, unit + integration)	Unit tests	2026-10-03T10:21:36.9714545Z ▶ scripts/tests/unit/task-tracker/lib/agent-review/validators/v6-marker-organization.test.mjs ... ok (112ms)
Fast lane (format, lint, unit + integration)	Unit tests	2026-10-03T10:21:36.9715243Z ▶ scripts/tests/unit/task-tracker/lib/aitm-path-guard.test.mjs ... ok (137ms)
Fast lane (format, lint, unit + integration)	Unit tests	2026-10-03T10:21:36.9715861Z ▶ scripts/tests/unit/task-tracker/lib/apply-patch-targets.test.mjs ... ok (43ms)
Fast lane (format, lint, unit + integration)	Unit tests	2026-10-03T10:21:36.9716628Z ▶ scripts/tests/unit/task-tracker/lib/apply-refinement-estimate.test.mjs ... ok (86ms)
Fast lane (format, lint, unit + integration)	Unit tests	2026-10-03T10:21:36.9717535Z ▶ scripts/tests/unit/task-tracker/lib/apply-review-delta.test.mjs ... ok (47ms)
Fast lane (format, lint, unit + integration)	Unit tests	2026-10-03T10:21:36.9718128Z ▶ scripts/tests/unit/task-tracker/lib/argv-strict.test.mjs ... ok (55ms)
Fast lane (format, lint, unit + integration)	Unit tests	2026-10-03T10:21:36.9718776Z ▶ scripts/tests/unit/task-tracker/lib/assigned-status-migration.test.mjs ... ok (96ms)
Fast lane (format, lint, unit + integration)	Unit tests	2026-10-03T10:21:36.9719397Z ▶ scripts/tests/unit/task-tracker/lib/assignee-guard.test.mjs ... ok (50ms)
Fast lane (format, lint, unit + integration)	Unit tests	2026-10-03T10:21:36.9719972Z ▶ scripts/tests/unit/task-tracker/lib/assignment-lock.test.mjs ... ok (112ms)
Fast lane (format, lint, unit + integration)	Unit tests	2026-10-03T10:21:36.9720564Z ▶ scripts/tests/unit/task-tracker/lib/assignment-snapshot.test.mjs ... ok (74ms)
Fast lane (format, lint, unit + integration)	Unit tests	2026-10-03T10:21:36.9721165Z ▶ scripts/tests/unit/task-tracker/lib/audit-lane-e2e-494.test.mjs ... ok (148ms)
Fast lane (format, lint, unit + integration)	Unit tests	2026-10-03T10:21:36.9721779Z ▶ scripts/tests/unit/task-tracker/lib/audit-line-cap-loc.test.mjs ... ok (52ms)
Fast lane (format, lint, unit + integration)	Unit tests	2026-10-03T10:21:36.9722394Z ▶ scripts/tests/unit/task-tracker/lib/audit-top-level-writes.test.mjs ... ok (53ms)
Fast lane (format, lint, unit + integration)	Unit tests	2026-10-03T10:21:36.9722981Z ▶ scripts/tests/unit/task-tracker/lib/auto-mode.test.mjs ... ok (183ms)
Fast lane (format, lint, unit + integration)	Unit tests	2026-10-03T10:21:36.9723646Z ▶ scripts/tests/unit/task-tracker/lib/auto-tick-functional-vc-list.test.mjs ... ok (69ms)
Fast lane (format, lint, unit + integration)	Unit tests	2026-10-03T10:21:36.9724569Z ▶ scripts/tests/unit/task-tracker/lib/auto-tick-legacy-cmd-compat.test.mjs ... ok (59ms)
Fast lane (format, lint, unit + integration)	Unit tests	2026-10-03T10:21:36.9725240Z ▶ scripts/tests/unit/task-tracker/lib/auto-tick-vc-ref-fanin.test.mjs ... ok (71ms)
Fast lane (format, lint, unit + integration)	Unit tests	2026-10-03T10:21:36.9725874Z ▶ scripts/tests/unit/task-tracker/lib/auto-tick-verified.test.mjs ... ok (56ms)
Fast lane (format, lint, unit + integration)	Unit tests	2026-10-03T10:21:36.9726593Z ▶ scripts/tests/unit/task-tracker/lib/backfill-holes.test.mjs ... ok (204ms)
Fast lane (format, lint, unit + integration)	Unit tests	2026-10-03T10:21:36.9727304Z ▶ scripts/tests/unit/task-tracker/lib/backlog-exit-child-parent-state-guard.test.mjs ... ok (64ms)
Fast lane (format, lint, unit + integration)	Unit tests	2026-10-03T10:21:36.9728050Z ▶ scripts/tests/unit/task-tracker/lib/beta-report-title-reconcile.test.mjs ... ok (50ms)
Fast lane (format, lint, unit + integration)	Unit tests	2026-10-03T10:21:36.9728700Z ▶ scripts/tests/unit/task-tracker/lib/bind-context.test.mjs ... ok (127ms)
Fast lane (format, lint, unit + integration)	Unit tests	2026-10-03T10:21:36.9729269Z ▶ scripts/tests/unit/task-tracker/lib/bind-event.test.mjs ... ok (63ms)
Fast lane (format, lint, unit + integration)	Unit tests	2026-10-03T10:21:36.9729858Z ▶ scripts/tests/unit/task-tracker/lib/bind-reseed-e2e.test.mjs ... ok (118ms)
Fast lane (format, lint, unit + integration)	Unit tests	2026-10-03T10:21:36.9730514Z ▶ scripts/tests/unit/task-tracker/lib/blast-radius-guard-adoption.test.mjs ... ok (46ms)
Fast lane (format, lint, unit + integration)	Unit tests	2026-10-03T10:21:36.9731179Z ▶ scripts/tests/unit/task-tracker/lib/blast-radius-guard.test.mjs ... ok (44ms)
Fast lane (format, lint, unit + integration)	Unit tests	2026-10-03T10:21:36.9731781Z ▶ scripts/tests/unit/task-tracker/lib/blocked-by-field.test.mjs ... ok (48ms)
Fast lane (format, lint, unit + integration)	Unit tests	2026-10-03T10:21:36.9732379Z ▶ scripts/tests/unit/task-tracker/lib/blocked-by-guard.test.mjs ... ok (153ms)
Fast lane (format, lint, unit + integration)	Unit tests	2026-10-03T10:21:36.9732963Z ▶ scripts/tests/unit/task-tracker/lib/blocked-marker.test.mjs ... ok (56ms)
Fast lane (format, lint, unit + integration)	Unit tests	2026-10-03T10:21:36.9733604Z ▶ scripts/tests/unit/task-tracker/lib/body-gates-entry-guard.test.mjs ... ok (102ms)
Fast lane (format, lint, unit + integration)	Unit tests	2026-10-03T10:21:36.9734204Z ▶ scripts/tests/unit/task-tracker/lib/body-gates.test.mjs ... ok (95ms)
Fast lane (format, lint, unit + integration)	Unit tests	2026-10-03T10:21:36.9734909Z ▶ scripts/tests/unit/task-tracker/lib/body-invariants-non-demonstrable-marker.test.mjs ... ok (75ms)
Fast lane (format, lint, unit + integration)	Unit tests	2026-10-03T10:21:36.9735687Z ▶ scripts/tests/unit/task-tracker/lib/body-invariants-section-loss.test.mjs ... ok (95ms)
Fast lane (format, lint, unit + integration)	Unit tests	2026-10-03T10:21:36.9736335Z ▶ scripts/tests/unit/task-tracker/lib/body-invariants.test.mjs ... ok (88ms)
Fast lane (format, lint, unit + integration)	Unit tests	2026-10-03T10:21:36.9737035Z ▶ scripts/tests/unit/task-tracker/lib/body-version.test.mjs ... ok (47ms)
Fast lane (format, lint, unit + integration)	Unit tests	2026-10-03T10:21:36.9737733Z ▶ scripts/tests/unit/task-tracker/lib/bound-state-session-authoritative.test.mjs ... ok (69ms)
Fast lane (format, lint, unit + integration)	Unit tests	2026-10-03T10:21:36.9738437Z ▶ scripts/tests/unit/task-tracker/lib/bound-worktree-project-dir.test.mjs ... ok (92ms)
Fast lane (format, lint, unit + integration)	Unit tests	2026-10-03T10:21:36.9739029Z ▶ scripts/tests/unit/task-tracker/lib/branch-name.test.mjs ... ok (52ms)
Fast lane (format, lint, unit + integration)	Unit tests	2026-10-03T10:21:36.9739615Z ▶ scripts/tests/unit/task-tracker/lib/bug-bash-disposition.test.mjs ... ok (44ms)
Fast lane (format, lint, unit + integration)	Unit tests	2026-10-03T10:21:36.9740311Z ▶ scripts/tests/unit/task-tracker/lib/cascade-child-close-fail-closed.test.mjs ... ok (50ms)
Fast lane (format, lint, unit + integration)	Unit tests	2026-10-03T10:21:36.9740995Z ▶ scripts/tests/unit/task-tracker/lib/checkbox-proof-marker.test.mjs ... ok (92ms)
Fast lane (format, lint, unit + integration)	Unit tests	2026-10-03T10:21:36.9741830Z ▶ scripts/tests/unit/task-tracker/lib/checklist-command-lint.test.mjs ... ok (55ms)
Fast lane (format, lint, unit + integration)	Unit tests	2026-10-03T10:21:36.9758691Z ▶ scripts/tests/unit/task-tracker/lib/child-cannot-lead-epic-gate.test.mjs ... ok (69ms)
Fast lane (format, lint, unit + integration)	Unit tests	2026-10-03T10:21:36.9759387Z ▶ scripts/tests/unit/task-tracker/lib/claude-bash-allowlist.test.mjs ... ok (549ms)
Fast lane (format, lint, unit + integration)	Unit tests	2026-10-03T10:21:36.9760006Z ▶ scripts/tests/unit/task-tracker/lib/cleanup-base-aware.test.mjs ... ok (48ms)
Fast lane (format, lint, unit + integration)	Unit tests	2026-10-03T10:21:36.9760645Z ▶ scripts/tests/unit/task-tracker/lib/close-convergence-finalize.test.mjs ... ok (89ms)
Fast lane (format, lint, unit + integration)	Unit tests	2026-10-03T10:21:36.9761279Z ▶ scripts/tests/unit/task-tracker/lib/close-convergence.test.mjs ... ok (90ms)
Fast lane (format, lint, unit + integration)	Unit tests	2026-10-03T10:21:36.9761907Z ▶ scripts/tests/unit/task-tracker/lib/close-cross-close.test.mjs ... ok (363ms)
Fast lane (format, lint, unit + integration)	Unit tests	2026-10-03T10:21:36.9762467Z ▶ scripts/tests/unit/task-tracker/lib/close-disposition.test.mjs ... ok (80ms)
Fast lane (format, lint, unit + integration)	Unit tests	2026-10-03T10:21:36.9762823Z ▶ scripts/tests/unit/task-tracker/lib/close-drain.test.mjs ... ok (169ms)
Fast lane (format, lint, unit + integration)	Unit tests	2026-10-03T10:21:36.9763380Z ▶ scripts/tests/unit/task-tracker/lib/close-fail-closed.test.mjs ... ok (90ms)
Fast lane (format, lint, unit + integration)	Unit tests	2026-10-03T10:21:36.9763961Z ▶ scripts/tests/unit/task-tracker/lib/close-force-atomic.test.mjs ... ok (90ms)
Fast lane (format, lint, unit + integration)	Unit tests	2026-10-03T10:21:36.9764625Z ▶ scripts/tests/unit/task-tracker/lib/close-gate-order.test.mjs ... ok (81ms)
Fast lane (format, lint, unit + integration)	Unit tests	2026-10-03T10:21:36.9765090Z ▶ scripts/tests/unit/task-tracker/lib/close-gates-lineage.test.mjs ... ok (141ms)
Fast lane (format, lint, unit + integration)	Unit tests	2026-10-03T10:21:36.9765432Z ▶ scripts/tests/unit/task-tracker/lib/close-gates.test.mjs ... ok (96ms)
Fast lane (format, lint, unit + integration)	Unit tests	2026-10-03T10:21:36.9765758Z ▶ scripts/tests/unit/task-tracker/lib/close-repair.test.mjs ... ok (315ms)
Fast lane (format, lint, unit + integration)	Unit tests	2026-10-03T10:21:36.9766151Z ▶ scripts/tests/unit/task-tracker/lib/close-terminal-false-open-guard.test.mjs ... ok (91ms)
Fast lane (format, lint, unit + integration)	Unit tests	2026-10-03T10:21:36.9766732Z ▶ scripts/tests/unit/task-tracker/lib/close-terminal-stderr-classification.test.mjs ... ok (83ms)
Fast lane (format, lint, unit + integration)	Unit tests	2026-10-03T10:21:36.9767146Z ▶ scripts/tests/unit/task-tracker/lib/close-timeout-killed-move.test.mjs ... ok (82ms)
Fast lane (format, lint, unit + integration)	Unit tests	2026-10-03T10:21:36.9767553Z ▶ scripts/tests/unit/task-tracker/lib/close-waived-delivery-receipt.test.mjs ... ok (87ms)
Fast lane (format, lint, unit + integration)	Unit tests	2026-10-03T10:21:36.9767944Z ▶ scripts/tests/unit/task-tracker/lib/closed-issue-actions.test.mjs ... ok (103ms)
Fast lane (format, lint, unit + integration)	Unit tests	2026-10-03T10:21:36.9768322Z ▶ scripts/tests/unit/task-tracker/lib/closed-issue-integrity.test.mjs ... ok (93ms)
Fast lane (format, lint, unit + integration)	Unit tests	2026-10-03T10:21:36.9768722Z ▶ scripts/tests/unit/task-tracker/lib/closed-issue-recovery-live-state.test.mjs ... ok (87ms)
Fast lane (format, lint, unit + integration)	Unit tests	2026-10-03T10:21:36.9769131Z ▶ scripts/tests/unit/task-tracker/lib/closed-issue-recovery-reason.test.mjs ... ok (96ms)
Fast lane (format, lint, unit + integration)	Unit tests	2026-10-03T10:21:36.9769516Z ▶ scripts/tests/unit/task-tracker/lib/closed-issue-recovery.test.mjs ... ok (110ms)
Fast lane (format, lint, unit + integration)	Unit tests	2026-10-03T10:21:36.9769913Z ▶ scripts/tests/unit/task-tracker/lib/cloud-test/performance-baseline.test.mjs ... ok (66ms)
Fast lane (format, lint, unit + integration)	Unit tests	2026-10-03T10:21:36.9770313Z ▶ scripts/tests/unit/task-tracker/lib/code-complete-gate-audit-494.test.mjs ... ok (87ms)
Fast lane (format, lint, unit + integration)	Unit tests	2026-10-03T10:21:36.9770737Z ▶ scripts/tests/unit/task-tracker/lib/code-complete-gate-non-demonstrable.test.mjs ... ok (77ms)
Fast lane (format, lint, unit + integration)	Unit tests	2026-10-03T10:21:36.9771134Z ▶ scripts/tests/unit/task-tracker/lib/code-complete-gate.test.mjs ... ok (99ms)
Fast lane (format, lint, unit + integration)	Unit tests	2026-10-03T10:21:36.9771489Z ▶ scripts/tests/unit/task-tracker/lib/codex-superpowers.test.mjs ... ok (91ms)
Fast lane (format, lint, unit + integration)	Unit tests	2026-10-03T10:21:36.9771870Z ▶ scripts/tests/unit/task-tracker/lib/command-catalog-parser-policy.test.mjs ... ok (89ms)
Fast lane (format, lint, unit + integration)	Unit tests	2026-10-03T10:21:36.9772258Z ▶ scripts/tests/unit/task-tracker/lib/command-catalog-policy.test.mjs ... ok (98ms)
Fast lane (format, lint, unit + integration)	Unit tests	2026-10-03T10:21:36.9772633Z ▶ scripts/tests/unit/task-tracker/lib/commit-attribution-format.test.mjs ... ok (47ms)
Fast lane (format, lint, unit + integration)	Unit tests	2026-10-03T10:21:36.9772996Z ▶ scripts/tests/unit/task-tracker/lib/commit-attribution.test.mjs ... ok (52ms)
Fast lane (format, lint, unit + integration)	Unit tests	2026-10-03T10:21:36.9773356Z ▶ scripts/tests/unit/task-tracker/lib/commit-trail-head-gate.test.mjs ... ok (91ms)
Fast lane (format, lint, unit + integration)	Unit tests	2026-10-03T10:21:36.9773714Z ▶ scripts/tests/unit/task-tracker/lib/commit-trail-ledger.test.mjs ... ok (56ms)
Fast lane (format, lint, unit + integration)	Unit tests	2026-10-03T10:21:36.9774050Z ▶ scripts/tests/unit/task-tracker/lib/commit-trail.test.mjs ... ok (53ms)
Fast lane (format, lint, unit + integration)	Unit tests	2026-10-03T10:21:36.9774503Z ▶ scripts/tests/unit/task-tracker/lib/commits-on-trunk-gate.test.mjs ... ok (1.7s)
Fast lane (format, lint, unit + integration)	Unit tests	2026-10-03T10:21:36.9774868Z ▶ scripts/tests/unit/task-tracker/lib/config-init/config-init.test.mjs ... ok (69ms)
Fast lane (format, lint, unit + integration)	Unit tests	2026-10-03T10:21:36.9775301Z ▶ scripts/tests/unit/task-tracker/lib/config-init/project-workflow-compatibility.test.mjs ... ok (52ms)
Fast lane (format, lint, unit + integration)	Unit tests	2026-10-03T10:21:36.9775689Z ▶ scripts/tests/unit/task-tracker/lib/config.test.mjs ... ok (269ms)
Fast lane (format, lint, unit + integration)	Unit tests	2026-10-03T10:21:36.9776069Z ▶ scripts/tests/unit/task-tracker/lib/consecutive-promotes-no-reconcile.test.mjs ... ok (638ms)
Fast lane (format, lint, unit + integration)	Unit tests	2026-10-03T10:21:36.9776567Z ▶ scripts/tests/unit/task-tracker/lib/context-budgets.test.mjs ... ok (44ms)
Fast lane (format, lint, unit + integration)	Unit tests	2026-10-03T10:21:36.9776963Z ▶ scripts/tests/unit/task-tracker/lib/contiguity-guard.test.mjs ... ok (86ms)
Fast lane (format, lint, unit + integration)	Unit tests	2026-10-03T10:21:36.9777331Z ▶ scripts/tests/unit/task-tracker/lib/coverage-apply-reevaluate.test.mjs ... ok (74ms)
Fast lane (format, lint, unit + integration)	Unit tests	2026-10-03T10:21:36.9777722Z ▶ scripts/tests/unit/task-tracker/lib/coverage-apply-review-delta.test.mjs ... ok (60ms)
Fast lane (format, lint, unit + integration)	Unit tests	2026-10-03T10:21:36.9778100Z ▶ scripts/tests/unit/task-tracker/lib/coverage-approve.test.mjs ... ok (517ms)
Fast lane (format, lint, unit + integration)	Unit tests	2026-10-03T10:21:36.9778438Z ▶ scripts/tests/unit/task-tracker/lib/coverage-block.test.mjs ... ok (134ms)
Fast lane (format, lint, unit + integration)	Unit tests	2026-10-03T10:21:36.9778887Z ▶ scripts/tests/unit/task-tracker/lib/coverage-blocked-by-field.test.mjs ... ok (43ms)
Fast lane (format, lint, unit + integration)	Unit tests	2026-10-03T10:21:36.9779249Z ▶ scripts/tests/unit/task-tracker/lib/coverage-demote.test.mjs ... ok (248ms)
Fast lane (format, lint, unit + integration)	Unit tests	2026-10-03T10:21:36.9779615Z ▶ scripts/tests/unit/task-tracker/lib/coverage-heal-backlog-cli.test.mjs ... ok (322ms)
Fast lane (format, lint, unit + integration)	Unit tests	2026-10-03T10:21:36.9780002Z ▶ scripts/tests/unit/task-tracker/lib/coverage-plan.test.mjs ... ok (279ms)
Fast lane (format, lint, unit + integration)	Unit tests	2026-10-03T10:21:36.9780353Z ▶ scripts/tests/unit/task-tracker/lib/coverage-reconcile.test.mjs ... ok (326ms)
Fast lane (format, lint, unit + integration)	Unit tests	2026-10-03T10:21:36.9780730Z ▶ scripts/tests/unit/task-tracker/lib/coverage-refine-to-plan-gate.test.mjs ... ok (82ms)
Fast lane (format, lint, unit + integration)	Unit tests	2026-10-03T10:21:36.9781093Z ▶ scripts/tests/unit/task-tracker/lib/coverage-review.test.mjs ... ok (356ms)
Fast lane (format, lint, unit + integration)	Unit tests	2026-10-03T10:21:36.9781461Z ▶ scripts/tests/unit/task-tracker/lib/coverage-stamp-start-time.test.mjs ... ok (67ms)
Fast lane (format, lint, unit + integration)	Unit tests	2026-10-03T10:21:36.9781847Z ▶ scripts/tests/unit/task-tracker/lib/coverage-state-recording.test.mjs ... ok (82ms)
Fast lane (format, lint, unit + integration)	Unit tests	2026-10-03T10:21:36.9782214Z ▶ scripts/tests/unit/task-tracker/lib/coverage-supersede.test.mjs ... ok (347ms)
Fast lane (format, lint, unit + integration)	Unit tests	2026-10-03T10:21:36.9782559Z ▶ scripts/tests/unit/task-tracker/lib/coverage-unblock.test.mjs ... ok (78ms)
Fast lane (format, lint, unit + integration)	Unit tests	2026-10-03T10:21:36.9782926Z ▶ scripts/tests/unit/task-tracker/lib/coverage-unpark-dependents.test.mjs ... ok (55ms)
Fast lane (format, lint, unit + integration)	Unit tests	2026-10-03T10:21:36.9783311Z ▶ scripts/tests/unit/task-tracker/lib/coverage-verb-preflight.test.mjs ... ok (171ms)
Fast lane (format, lint, unit + integration)	Unit tests	2026-10-03T10:21:36.9783735Z ▶ scripts/tests/unit/task-tracker/lib/create-issue-parent-state-fail-closed.test.mjs ... ok (49ms)
Fast lane (format, lint, unit + integration)	Unit tests	2026-10-03T10:21:36.9784169Z ▶ scripts/tests/unit/task-tracker/lib/current-schema-issue-authoring.test.mjs ... ok (4.7s)
Fast lane (format, lint, unit + integration)	Unit tests	2026-10-03T10:21:36.9784600Z ▶ scripts/tests/unit/task-tracker/lib/decomposition-delivery-readiness.test.mjs ... ok (119ms)
Fast lane (format, lint, unit + integration)	Unit tests	2026-10-03T10:21:36.9785018Z ▶ scripts/tests/unit/task-tracker/lib/decomposition-plan-exit-gate.test.mjs ... ok (557ms)
Fast lane (format, lint, unit + integration)	Unit tests	2026-10-03T10:21:36.9785402Z ▶ scripts/tests/unit/task-tracker/lib/decomposition-policy.test.mjs ... ok (113ms)
Fast lane (format, lint, unit + integration)	Unit tests	2026-10-03T10:21:36.9785787Z ▶ scripts/tests/unit/task-tracker/lib/deep-dive-appendix-validation.test.mjs ... ok (77ms)
Fast lane (format, lint, unit + integration)	Unit tests	2026-10-03T10:21:36.9786183Z ▶ scripts/tests/unit/task-tracker/lib/deep-dive-gate-size-floor.test.mjs ... ok (94ms)
Fast lane (format, lint, unit + integration)	Unit tests	2026-10-03T10:21:36.9786668Z ▶ scripts/tests/unit/task-tracker/lib/deep-dive-gate.test.mjs ... ok (83ms)
Fast lane (format, lint, unit + integration)	Unit tests	2026-10-03T10:21:36.9787050Z ▶ scripts/tests/unit/task-tracker/lib/deep-dive-section-boundary-724.test.mjs ... ok (95ms)
Fast lane (format, lint, unit + integration)	Unit tests	2026-10-03T10:21:36.9787416Z ▶ scripts/tests/unit/task-tracker/lib/defect-hint-498.test.mjs ... ok (96ms)
Fast lane (format, lint, unit + integration)	Unit tests	2026-10-03T10:21:36.9787791Z ▶ scripts/tests/unit/task-tracker/lib/delivered-close-supersession.test.mjs ... ok (107ms)
Fast lane (format, lint, unit + integration)	Unit tests	2026-10-03T10:21:36.9788221Z ▶ scripts/tests/unit/task-tracker/lib/delivery-attribution-exception-record.test.mjs ... ok (74ms)
Fast lane (format, lint, unit + integration)	Unit tests	2026-10-03T10:21:36.9788744Z ▶ scripts/tests/unit/task-tracker/lib/delivery-attribution-exception.test.mjs ... ok (50ms)
Fast lane (format, lint, unit + integration)	Unit tests	2026-10-03T10:21:36.9789135Z ▶ scripts/tests/unit/task-tracker/lib/delivery-attribution.test.mjs ... ok (94ms)
Fast lane (format, lint, unit + integration)	Unit tests	2026-10-03T10:21:36.9789493Z ▶ scripts/tests/unit/task-tracker/lib/delivery-authority.test.mjs ... ok (59ms)
Fast lane (format, lint, unit + integration)	Unit tests	2026-10-03T10:21:36.9789862Z ▶ scripts/tests/unit/task-tracker/lib/delivery-default-refusals.test.mjs ... ok (183ms)
Fast lane (format, lint, unit + integration)	Unit tests	2026-10-03T10:21:36.9790279Z ▶ scripts/tests/unit/task-tracker/lib/delivery-default-squash-attribution.test.mjs ... ok (88ms)
Fast lane (format, lint, unit + integration)	Unit tests	2026-10-03T10:21:36.9790722Z ▶ scripts/tests/unit/task-tracker/lib/delivery-incident-delivered-selection.test.mjs ... ok (96ms)
Fast lane (format, lint, unit + integration)	Unit tests	2026-10-03T10:21:36.9791156Z ▶ scripts/tests/unit/task-tracker/lib/delivery-incident-reconciliation.test.mjs ... ok (111ms)
Fast lane (format, lint, unit + integration)	Unit tests	2026-10-03T10:21:36.9791556Z ▶ scripts/tests/unit/task-tracker/lib/delivery-incident-records.test.mjs ... ok (106ms)
Fast lane (format, lint, unit + integration)	Unit tests	2026-10-03T10:21:36.9791948Z ▶ scripts/tests/unit/task-tracker/lib/delivery-integration-proof.test.mjs ... ok (55ms)
Fast lane (format, lint, unit + integration)	Unit tests	2026-10-03T10:21:36.9792391Z ▶ scripts/tests/unit/task-tracker/lib/delivery-method-reconciliation-regression.test.mjs ... ok (85ms)
Fast lane (format, lint, unit + integration)	Unit tests	2026-10-03T10:21:36.9792908Z ▶ scripts/tests/unit/task-tracker/lib/delivery-method-reconciliation.test.mjs ... ok (47ms)
Fast lane (format, lint, unit + integration)	Unit tests	2026-10-03T10:21:36.9793317Z ▶ scripts/tests/unit/task-tracker/lib/delivery-multi-source-squash.test.mjs ... ok (86ms)
Fast lane (format, lint, unit + integration)	Unit tests	2026-10-03T10:21:36.9793739Z ▶ scripts/tests/unit/task-tracker/lib/delivery-observe-merge-method.test.mjs ... ok (87ms)
Fast lane (format, lint, unit + integration)	Unit tests	2026-10-03T10:21:36.9794131Z ▶ scripts/tests/unit/task-tracker/lib/delivery-observed-receipt.test.mjs ... ok (106ms)
Fast lane (format, lint, unit + integration)	Unit tests	2026-10-03T10:21:36.9794514Z ▶ scripts/tests/unit/task-tracker/lib/delivery-provider-action.test.mjs ... ok (79ms)
Fast lane (format, lint, unit + integration)	Unit tests	2026-10-03T10:21:36.9794892Z ▶ scripts/tests/unit/task-tracker/lib/delivery-real-pr-evidence.test.mjs ... ok (73ms)
Fast lane (format, lint, unit + integration)	Unit tests	2026-10-03T10:21:36.9795255Z ▶ scripts/tests/unit/task-tracker/lib/delivery-records.test.mjs ... ok (117ms)
Fast lane (format, lint, unit + integration)	Unit tests	2026-10-03T10:21:36.9795650Z ▶ scripts/tests/unit/task-tracker/lib/delivery-review-authority-runtime.test.mjs ... ok (82ms)
Fast lane (format, lint, unit + integration)	Unit tests	2026-10-03T10:21:36.9796085Z ▶ scripts/tests/unit/task-tracker/lib/delivery-verification-attribution.test.mjs ... ok (116ms)
Fast lane (format, lint, unit + integration)	Unit tests	2026-10-03T10:21:36.9796627Z ▶ scripts/tests/unit/task-tracker/lib/delivery-verification-catalog-ids.test.mjs ... ok (99ms)
Fast lane (format, lint, unit + integration)	Unit tests	2026-10-03T10:21:36.9797023Z ▶ scripts/tests/unit/task-tracker/lib/delivery-waived-receipt.test.mjs ... ok (163ms)
Fast lane (format, lint, unit + integration)	Unit tests	2026-10-03T10:21:36.9797403Z ▶ scripts/tests/unit/task-tracker/lib/delivery-waiver-authority.test.mjs ... ok (77ms)
Fast lane (format, lint, unit + integration)	Unit tests	2026-10-03T10:21:36.9797804Z ▶ scripts/tests/unit/task-tracker/lib/delivery-waiver-close-recovery.test.mjs ... ok (270ms)
Fast lane (format, lint, unit + integration)	Unit tests	2026-10-03T10:21:36.9798210Z ▶ scripts/tests/unit/task-tracker/lib/delivery-waiver-consumption.test.mjs ... ok (120ms)
Fast lane (format, lint, unit + integration)	Unit tests	2026-10-03T10:21:36.9798615Z ▶ scripts/tests/unit/task-tracker/lib/delivery-waiver-reverification.test.mjs ... ok (140ms)
Fast lane (format, lint, unit + integration)	Unit tests	2026-10-03T10:21:36.9799001Z ▶ scripts/tests/unit/task-tracker/lib/delivery-waiver-scope.test.mjs ... ok (60ms)
Fast lane (format, lint, unit + integration)	Unit tests	2026-10-03T10:21:36.9799364Z ▶ scripts/tests/unit/task-tracker/lib/demonstrable-ac-gate.test.mjs ... ok (82ms)
Fast lane (format, lint, unit + integration)	Unit tests	2026-10-03T10:21:36.9799708Z ▶ scripts/tests/unit/task-tracker/lib/derive-drivers.test.mjs ... ok (48ms)
Fast lane (format, lint, unit + integration)	Unit tests	2026-10-03T10:21:36.9800094Z ▶ scripts/tests/unit/task-tracker/lib/develop-epic-children-done-guard.test.mjs ... ok (105ms)
Fast lane (format, lint, unit + integration)	Unit tests	2026-10-03T10:21:36.9800507Z ▶ scripts/tests/unit/task-tracker/lib/develop-exit-explanation-1781.test.mjs ... ok (106ms)
Fast lane (format, lint, unit + integration)	Unit tests	2026-10-03T10:21:36.9800922Z ▶ scripts/tests/unit/task-tracker/lib/develop-exit-sandbox-proof-guard.test.mjs ... ok (115ms)
Fast lane (format, lint, unit + integration)	Unit tests	2026-10-03T10:21:36.9801316Z ▶ scripts/tests/unit/task-tracker/lib/develop-test-boundary.test.mjs ... ok (103ms)
Fast lane (format, lint, unit + integration)	Unit tests	2026-10-03T10:21:36.9801695Z ▶ scripts/tests/unit/task-tracker/lib/develop-verification-steps.test.mjs ... ok (54ms)
Fast lane (format, lint, unit + integration)	Unit tests	2026-10-03T10:21:36.9802075Z ▶ scripts/tests/unit/task-tracker/lib/dirty-workspace.test.mjs ... ok (84ms)
Fast lane (format, lint, unit + integration)	Unit tests	2026-10-03T10:21:36.9802410Z ▶ scripts/tests/unit/task-tracker/lib/discover-cancel.test.mjs ... ok (83ms)
Fast lane (format, lint, unit + integration)	Unit tests	2026-10-03T10:21:36.9802853Z ▶ scripts/tests/unit/task-tracker/lib/discuss-banner-format.test.mjs ... ok (87ms)
Fast lane (format, lint, unit + integration)	Unit tests	2026-10-03T10:21:36.9803215Z ▶ scripts/tests/unit/task-tracker/lib/discuss-block-guard.test.mjs ... ok (166ms)
Fast lane (format, lint, unit + integration)	Unit tests	2026-10-03T10:21:36.9803557Z ▶ scripts/tests/unit/task-tracker/lib/discuss-label.test.mjs ... ok (104ms)
Fast lane (format, lint, unit + integration)	Unit tests	2026-10-03T10:21:36.9803888Z ▶ scripts/tests/unit/task-tracker/lib/discuss-marker.test.mjs ... ok (101ms)
Fast lane (format, lint, unit + integration)	Unit tests	2026-10-03T10:21:36.9804233Z ▶ scripts/tests/unit/task-tracker/lib/docs-only-kind-dod.test.mjs ... ok (861ms)
Fast lane (format, lint, unit + integration)	Unit tests	2026-10-03T10:21:36.9804574Z ▶ scripts/tests/unit/task-tracker/lib/dod-kind-heal.test.mjs ... ok (78ms)
Fast lane (format, lint, unit + integration)	Unit tests	2026-10-03T10:21:36.9804914Z ▶ scripts/tests/unit/task-tracker/lib/dod-stamp-lock-env.test.mjs ... ok (76ms)
Fast lane (format, lint, unit + integration)	Unit tests	2026-10-03T10:21:36.9805262Z ▶ scripts/tests/unit/task-tracker/lib/dod-stamp-vc-list.test.mjs ... ok (81ms)
Fast lane (format, lint, unit + integration)	Unit tests	2026-10-03T10:21:36.9805625Z ▶ scripts/tests/unit/task-tracker/lib/dod-stamp-vc-reconcile.test.mjs ... ok (84ms)
Fast lane (format, lint, unit + integration)	Unit tests	2026-10-03T10:21:36.9806001Z ▶ scripts/tests/unit/task-tracker/lib/drift-reconcile-reason.test.mjs ... ok (134ms)
Fast lane (format, lint, unit + integration)	Unit tests	2026-10-03T10:21:36.9806585Z ▶ scripts/tests/unit/task-tracker/lib/dual-form-declaration.test.mjs ... ok (95ms)
Fast lane (format, lint, unit + integration)	Unit tests	2026-10-03T10:21:36.9806921Z ▶ scripts/tests/unit/task-tracker/lib/duration.test.mjs ... ok (79ms)
Fast lane (format, lint, unit + integration)	Unit tests	2026-10-03T10:21:36.9807272Z ▶ scripts/tests/unit/task-tracker/lib/ensure-deep-dive-replace.test.mjs ... ok (104ms)
Fast lane (format, lint, unit + integration)	Unit tests	2026-10-03T10:21:36.9807628Z ▶ scripts/tests/unit/task-tracker/lib/ensure-deep-dive.test.mjs ... ok (87ms)
Fast lane (format, lint, unit + integration)	Unit tests	2026-10-03T10:21:36.9807971Z ▶ scripts/tests/unit/task-tracker/lib/ensure-self-link.test.mjs ... ok (182ms)
Fast lane (format, lint, unit + integration)	Unit tests	2026-10-03T10:21:36.9808327Z ▶ scripts/tests/unit/task-tracker/lib/ensure-worktree-seeded.test.mjs ... ok (166ms)
Fast lane (format, lint, unit + integration)	Unit tests	2026-10-03T10:21:36.9808726Z ▶ scripts/tests/unit/task-tracker/lib/entry-marker-contiguity-recovery.test.mjs ... ok (225ms)
Fast lane (format, lint, unit + integration)	Unit tests	2026-10-03T10:21:36.9809136Z ▶ scripts/tests/unit/task-tracker/lib/entrypoint-guard-convention.test.mjs ... ok (34ms)
Fast lane (format, lint, unit + integration)	Unit tests	2026-10-03T10:21:36.9809519Z ▶ scripts/tests/unit/task-tracker/lib/enumerator-migration.test.mjs ... ok (124ms)
Fast lane (format, lint, unit + integration)	Unit tests	2026-10-03T10:21:36.9809884Z ▶ scripts/tests/unit/task-tracker/lib/epic-ac-child-bijection.test.mjs ... ok (59ms)
Fast lane (format, lint, unit + integration)	Unit tests	2026-10-03T10:21:36.9810261Z ▶ scripts/tests/unit/task-tracker/lib/epic-ac-commit-citation.test.mjs ... ok (113ms)
Fast lane (format, lint, unit + integration)	Unit tests	2026-10-03T10:21:36.9810631Z ▶ scripts/tests/unit/task-tracker/lib/epic-ac-reconciled-gate.test.mjs ... ok (96ms)
Fast lane (format, lint, unit + integration)	Unit tests	2026-10-03T10:21:36.9810978Z ▶ scripts/tests/unit/task-tracker/lib/epic-base-guard.test.mjs ... ok (36ms)
Fast lane (format, lint, unit + integration)	Unit tests	2026-10-03T10:21:36.9811351Z ▶ scripts/tests/unit/task-tracker/lib/epic-child-disposition-gate.test.mjs ... ok (128ms)
Fast lane (format, lint, unit + integration)	Unit tests	2026-10-03T10:21:36.9811744Z ▶ scripts/tests/unit/task-tracker/lib/epic-children-gate-blocked.test.mjs ... ok (331ms)
Fast lane (format, lint, unit + integration)	Unit tests	2026-10-03T10:21:36.9812122Z ▶ scripts/tests/unit/task-tracker/lib/epic-children-gate-core.test.mjs ... ok (107ms)
Fast lane (format, lint, unit + integration)	Unit tests	2026-10-03T10:21:36.9812498Z ▶ scripts/tests/unit/task-tracker/lib/epic-derived-commit-trail.test.mjs ... ok (49ms)
Fast lane (format, lint, unit + integration)	Unit tests	2026-10-03T10:21:36.9812878Z ▶ scripts/tests/unit/task-tracker/lib/epic-orchestration-plan.test.mjs ... ok (173ms)
Fast lane (format, lint, unit + integration)	Unit tests	2026-10-03T10:21:36.9813252Z ▶ scripts/tests/unit/task-tracker/lib/epic-r4p-orchestration.test.mjs ... ok (229ms)
Fast lane (format, lint, unit + integration)	Unit tests	2026-10-03T10:21:36.9813659Z ▶ scripts/tests/unit/task-tracker/lib/estimation/cascade-outcome-authority.test.mjs ... ok (72ms)
Fast lane (format, lint, unit + integration)	Unit tests	2026-10-03T10:21:36.9814060Z ▶ scripts/tests/unit/task-tracker/lib/estimation/forecast-model.test.mjs ... ok (68ms)
Fast lane (format, lint, unit + integration)	Unit tests	2026-10-03T10:21:36.9814435Z ▶ scripts/tests/unit/task-tracker/lib/estimation/outcome-builder.test.mjs ... ok (61ms)
Fast lane (format, lint, unit + integration)	Unit tests	2026-10-03T10:21:36.9814843Z ▶ scripts/tests/unit/task-tracker/lib/estimation/outcome-delivery-proof.test.mjs ... ok (46ms)
Fast lane (format, lint, unit + integration)	Unit tests	2026-10-03T10:21:36.9815247Z ▶ scripts/tests/unit/task-tracker/lib/estimation/outcome-telemetry.test.mjs ... ok (158ms)
Fast lane (format, lint, unit + integration)	Unit tests	2026-10-03T10:21:36.9815631Z ▶ scripts/tests/unit/task-tracker/lib/estimation/outcome-writer.test.mjs ... ok (90ms)
Fast lane (format, lint, unit + integration)	Unit tests	2026-10-03T10:21:36.9816042Z ▶ scripts/tests/unit/task-tracker/lib/estimation/plan-estimate-authority.test.mjs ... ok (104ms)
Fast lane (format, lint, unit + integration)	Unit tests	2026-10-03T10:21:36.9816649Z ▶ scripts/tests/unit/task-tracker/lib/estimation/records.test.mjs ... ok (128ms)
Fast lane (format, lint, unit + integration)	Unit tests	2026-10-03T10:21:36.9817009Z ▶ scripts/tests/unit/task-tracker/lib/estimation/rubric-model.test.mjs ... ok (70ms)
Fast lane (format, lint, unit + integration)	Unit tests	2026-10-03T10:21:36.9817383Z ▶ scripts/tests/unit/task-tracker/lib/estimation/rubric-refresh.test.mjs ... ok (102ms)
Fast lane (format, lint, unit + integration)	Unit tests	2026-10-03T10:21:36.9817758Z ▶ scripts/tests/unit/task-tracker/lib/evidence-marker-backfill.test.mjs ... ok (85ms)
Fast lane (format, lint, unit + integration)	Unit tests	2026-10-03T10:21:36.9818139Z ▶ scripts/tests/unit/task-tracker/lib/evidence-marker-preflight.test.mjs ... ok (92ms)
Fast lane (format, lint, unit + integration)	Unit tests	2026-10-03T10:21:36.9818533Z ▶ scripts/tests/unit/task-tracker/lib/evidence-markers-consolidated.test.mjs ... ok (36ms)
Fast lane (format, lint, unit + integration)	Unit tests	2026-10-03T10:21:36.9818916Z ▶ scripts/tests/unit/task-tracker/lib/evidence-markers-emit.test.mjs ... ok (80ms)
Fast lane (format, lint, unit + integration)	Unit tests	2026-10-03T10:21:36.9819268Z ▶ scripts/tests/unit/task-tracker/lib/evidence-markers.test.mjs ... ok (34ms)
Fast lane (format, lint, unit + integration)	Unit tests	2026-10-03T10:21:36.9819625Z ▶ scripts/tests/unit/task-tracker/lib/evidence-runner-splitcmd.test.mjs ... ok (49ms)
Fast lane (format, lint, unit + integration)	Unit tests	2026-10-03T10:21:36.9819997Z ▶ scripts/tests/unit/task-tracker/lib/evidence-v2/acceptance.test.mjs ... ok (60ms)
Fast lane (format, lint, unit + integration)	Unit tests	2026-10-03T10:21:36.9820450Z ▶ scripts/tests/unit/task-tracker/lib/evidence-v2/close-machine.test.mjs ... ok (50ms)
Fast lane (format, lint, unit + integration)	Unit tests	2026-10-03T10:21:36.9820802Z ▶ scripts/tests/unit/task-tracker/lib/evidence-v2/codec.test.mjs ... ok (76ms)
Fast lane (format, lint, unit + integration)	Unit tests	2026-10-03T10:21:36.9821142Z ▶ scripts/tests/unit/task-tracker/lib/evidence-v2/cycles.test.mjs ... ok (65ms)
Fast lane (format, lint, unit + integration)	Unit tests	2026-10-03T10:21:36.9821493Z ▶ scripts/tests/unit/task-tracker/lib/evidence-v2/delivery.test.mjs ... ok (105ms)
Fast lane (format, lint, unit + integration)	Unit tests	2026-10-03T10:21:36.9821850Z ▶ scripts/tests/unit/task-tracker/lib/evidence-v2/eligibility.test.mjs ... ok (69ms)
Fast lane (format, lint, unit + integration)	Unit tests	2026-10-03T10:21:36.9822235Z ▶ scripts/tests/unit/task-tracker/lib/evidence-v2/execution-context.test.mjs ... ok (104ms)
Fast lane (format, lint, unit + integration)	Unit tests	2026-10-03T10:21:36.9822613Z ▶ scripts/tests/unit/task-tracker/lib/evidence-v2/migration.test.mjs ... ok (63ms)
Fast lane (format, lint, unit + integration)	Unit tests	2026-10-03T10:21:36.9822965Z ▶ scripts/tests/unit/task-tracker/lib/evidence-v2/protocol.test.mjs ... ok (85ms)
Fast lane (format, lint, unit + integration)	Unit tests	2026-10-03T10:21:36.9823353Z ▶ scripts/tests/unit/task-tracker/lib/evidence-v2/runtime-capabilities.test.mjs ... ok (49ms)
Fast lane (format, lint, unit + integration)	Unit tests	2026-10-03T10:21:36.9823731Z ▶ scripts/tests/unit/task-tracker/lib/evidence-v2/subject.test.mjs ... ok (55ms)
Fast lane (format, lint, unit + integration)	Unit tests	2026-10-03T10:21:36.9824137Z ▶ scripts/tests/unit/task-tracker/lib/executable-entrypoint-classification.test.mjs ... ok (165ms)
Fast lane (format, lint, unit + integration)	Unit tests	2026-10-03T10:21:36.9824525Z ▶ scripts/tests/unit/task-tracker/lib/fabrication-guard.test.mjs ... ok (100ms)
Fast lane (format, lint, unit + integration)	Unit tests	2026-10-03T10:21:36.9824913Z ▶ scripts/tests/unit/task-tracker/lib/false-delivery-close-recovery.test.mjs ... ok (105ms)
Fast lane (format, lint, unit + integration)	Unit tests	2026-10-03T10:21:36.9825281Z ▶ scripts/tests/unit/task-tracker/lib/find-unit-tests.test.mjs ... ok (103ms)
Fast lane (format, lint, unit + integration)	Unit tests	2026-10-03T10:21:36.9825621Z ▶ scripts/tests/unit/task-tracker/lib/flock-contention.test.mjs ... ok (436ms)
Fast lane (format, lint, unit + integration)	Unit tests	2026-10-03T10:21:36.9825965Z ▶ scripts/tests/unit/task-tracker/lib/full-auto-footnote.test.mjs ... ok (86ms)
Fast lane (format, lint, unit + integration)	Unit tests	2026-10-03T10:21:36.9826323Z ▶ scripts/tests/unit/task-tracker/lib/full-auto-merge-config.test.mjs ... ok (52ms)
Fast lane (format, lint, unit + integration)	Unit tests	2026-10-03T10:21:36.9826827Z ▶ scripts/tests/unit/task-tracker/lib/full-auto-merge-execute.test.mjs ... ok (58ms)
Fast lane (format, lint, unit + integration)	Unit tests	2026-10-03T10:21:36.9827194Z ▶ scripts/tests/unit/task-tracker/lib/full-auto-merge-path.test.mjs ... ok (35ms)
Fast lane (format, lint, unit + integration)	Unit tests	2026-10-03T10:21:36.9827576Z ▶ scripts/tests/unit/task-tracker/lib/functional-dod-evidence.test.mjs ... ok (52ms)
Fast lane (format, lint, unit + integration)	Unit tests	2026-10-03T10:21:36.9827940Z ▶ scripts/tests/unit/task-tracker/lib/functional-dod-exec.test.mjs ... ok (49ms)
Fast lane (format, lint, unit + integration)	Unit tests	2026-10-03T10:21:36.9828301Z ▶ scripts/tests/unit/task-tracker/lib/functional-dod-pretick.test.mjs ... ok (27ms)
Fast lane (format, lint, unit + integration)	Unit tests	2026-10-03T10:21:36.9828662Z ▶ scripts/tests/unit/task-tracker/lib/functional-dod-project.test.mjs ... ok (69ms)
Fast lane (format, lint, unit + integration)	Unit tests	2026-10-03T10:21:36.9829024Z ▶ scripts/tests/unit/task-tracker/lib/functional-dod-vc-list.test.mjs ... ok (65ms)
Fast lane (format, lint, unit + integration)	Unit tests	2026-10-03T10:21:36.9829370Z ▶ scripts/tests/unit/task-tracker/lib/gated-delivery.test.mjs ... ok (40ms)
Fast lane (format, lint, unit + integration)	Unit tests	2026-10-03T10:21:36.9829724Z ▶ scripts/tests/unit/task-tracker/lib/gh-edit-guard-api-create.test.mjs ... ok (38ms)
Fast lane (format, lint, unit + integration)	Unit tests	2026-10-03T10:21:36.9830177Z ▶ scripts/tests/unit/task-tracker/lib/gh-edit-guard-body.test.mjs ... ok (32ms)
Fast lane (format, lint, unit + integration)	Unit tests	2026-10-03T10:21:36.9830569Z ▶ scripts/tests/unit/task-tracker/lib/gh-edit-guard-chain-segmentation.test.mjs ... ok (45ms)
Fast lane (format, lint, unit + integration)	Unit tests	2026-10-03T10:21:36.9830963Z ▶ scripts/tests/unit/task-tracker/lib/gh-edit-guard-create-core.test.mjs ... ok (31ms)
Fast lane (format, lint, unit + integration)	Unit tests	2026-10-03T10:21:36.9831342Z ▶ scripts/tests/unit/task-tracker/lib/gh-edit-guard-create-guard.test.mjs ... ok (29ms)
Fast lane (format, lint, unit + integration)	Unit tests	2026-10-03T10:21:36.9831730Z ▶ scripts/tests/unit/task-tracker/lib/gh-edit-guard-no-diff-path.test.mjs ... ok (44ms)
Fast lane (format, lint, unit + integration)	Unit tests	2026-10-03T10:21:36.9832135Z ▶ scripts/tests/unit/task-tracker/lib/gh-edit-guard-protected-comments.test.mjs ... ok (42ms)
Fast lane (format, lint, unit + integration)	Unit tests	2026-10-03T10:21:36.9832555Z ▶ scripts/tests/unit/task-tracker/lib/gh-timing-comment-timeout-default.test.mjs ... ok (77ms)
Fast lane (format, lint, unit + integration)	Unit tests	2026-10-03T10:21:36.9832980Z ▶ scripts/tests/unit/task-tracker/lib/github-comment-store-error-cause.test.mjs ... ok (67ms)
Fast lane (format, lint, unit + integration)	Unit tests	2026-10-03T10:21:36.9833392Z ▶ scripts/tests/unit/task-tracker/lib/github-records/authority-locator.test.mjs ... ok (51ms)
Fast lane (format, lint, unit + integration)	Unit tests	2026-10-03T10:21:36.9833798Z ▶ scripts/tests/unit/task-tracker/lib/github-records/capsule-chain.test.mjs ... ok (66ms)
Fast lane (format, lint, unit + integration)	Unit tests	2026-10-03T10:21:36.9834277Z ▶ scripts/tests/unit/task-tracker/lib/github-records/contract-source.test.mjs ... ok (131ms)
Fast lane (format, lint, unit + integration)	Unit tests	2026-10-03T10:21:36.9834701Z ▶ scripts/tests/unit/task-tracker/lib/github-records/coordination-authority.test.mjs ... ok (98ms)
Fast lane (format, lint, unit + integration)	Unit tests	2026-10-03T10:21:36.9835116Z ▶ scripts/tests/unit/task-tracker/lib/github-records/delivery-contract.test.mjs ... ok (80ms)
Fast lane (format, lint, unit + integration)	Unit tests	2026-10-03T10:21:36.9835535Z ▶ scripts/tests/unit/task-tracker/lib/github-records/github-comment-store.test.mjs ... ok (131ms)
Fast lane (format, lint, unit + integration)	Unit tests	2026-10-03T10:21:36.9835950Z ▶ scripts/tests/unit/task-tracker/lib/github-records/insights-export.test.mjs ... ok (161ms)
Fast lane (format, lint, unit + integration)	Unit tests	2026-10-03T10:21:36.9836351Z ▶ scripts/tests/unit/task-tracker/lib/github-records/issue-directory.test.mjs ... ok (57ms)
Fast lane (format, lint, unit + integration)	Unit tests	2026-10-03T10:21:36.9836889Z ▶ scripts/tests/unit/task-tracker/lib/github-records/lifecycle-gate-source.test.mjs ... ok (82ms)
Fast lane (format, lint, unit + integration)	Unit tests	2026-10-03T10:21:36.9837317Z ▶ scripts/tests/unit/task-tracker/lib/github-records/lifecycle-transition.test.mjs ... ok (93ms)
Fast lane (format, lint, unit + integration)	Unit tests	2026-10-03T10:21:36.9837739Z ▶ scripts/tests/unit/task-tracker/lib/github-records/record-envelope.test.mjs ... ok (211ms)
Fast lane (format, lint, unit + integration)	Unit tests	2026-10-03T10:21:36.9838211Z ▶ scripts/tests/unit/task-tracker/lib/github-records/work-assignment-authority-adversarial.test.mjs ... ok (212ms)
Fast lane (format, lint, unit + integration)	Unit tests	2026-10-03T10:21:36.9838723Z ▶ scripts/tests/unit/task-tracker/lib/github-records/work-assignment-multi-replacement.test.mjs ... ok (507ms)
Fast lane (format, lint, unit + integration)	Unit tests	2026-10-03T10:21:36.9839217Z ▶ scripts/tests/unit/task-tracker/lib/github-records/work-assignment-nested-authority.test.mjs ... ok (230ms)
Fast lane (format, lint, unit + integration)	Unit tests	2026-10-03T10:21:36.9839724Z ▶ scripts/tests/unit/task-tracker/lib/github-records/work-assignment-predecessor-capability.test.mjs ... ok (100ms)
Fast lane (format, lint, unit + integration)	Unit tests	2026-10-03T10:21:36.9840245Z ▶ scripts/tests/unit/task-tracker/lib/github-records/work-assignment-replacement-capability.test.mjs ... ok (382ms)
Fast lane (format, lint, unit + integration)	Unit tests	2026-10-03T10:21:36.9840757Z ▶ scripts/tests/unit/task-tracker/lib/github-records/work-assignment-snapshot-boundary.test.mjs ... ok (334ms)
Fast lane (format, lint, unit + integration)	Unit tests	2026-10-03T10:21:36.9841353Z ▶ scripts/tests/unit/task-tracker/lib/github-records/work-assignment-temporal.test.mjs ... ok (231ms)
Fast lane (format, lint, unit + integration)	Unit tests	2026-10-03T10:21:36.9841779Z ▶ scripts/tests/unit/task-tracker/lib/github-records/work-assignment.test.mjs ... ok (727ms)
Fast lane (format, lint, unit + integration)	Unit tests	2026-10-03T10:21:36.9842163Z ▶ scripts/tests/unit/task-tracker/lib/graph-node-authority.test.mjs ... ok (59ms)
Fast lane (format, lint, unit + integration)	Unit tests	2026-10-03T10:21:36.9842507Z ▶ scripts/tests/unit/task-tracker/lib/graphql-float.test.mjs ... ok (191ms)
Fast lane (format, lint, unit + integration)	Unit tests	2026-10-03T10:21:36.9842839Z ▶ scripts/tests/unit/task-tracker/lib/graphql-params.test.mjs ... ok (293ms)
Fast lane (format, lint, unit + integration)	Unit tests	2026-10-03T10:21:36.9843210Z ▶ scripts/tests/unit/task-tracker/lib/guard-entrypoint-resolution.test.mjs ... ok (90ms)
Fast lane (format, lint, unit + integration)	Unit tests	2026-10-03T10:21:36.9843599Z ▶ scripts/tests/unit/task-tracker/lib/guard-parity-done-stages.test.mjs ... ok (201ms)
Fast lane (format, lint, unit + integration)	Unit tests	2026-10-03T10:21:36.9843983Z ▶ scripts/tests/unit/task-tracker/lib/guard-parity-early-stages.test.mjs ... ok (215ms)
Fast lane (format, lint, unit + integration)	Unit tests	2026-10-03T10:21:36.9844373Z ▶ scripts/tests/unit/task-tracker/lib/guard-parity-mid-stages.test.mjs ... ok (223ms)
Fast lane (format, lint, unit + integration)	Unit tests	2026-10-03T10:21:36.9844832Z ▶ scripts/tests/unit/task-tracker/lib/guard-parity-plan-develop.test.mjs ... ok (239ms)
Fast lane (format, lint, unit + integration)	Unit tests	2026-10-03T10:21:36.9845218Z ▶ scripts/tests/unit/task-tracker/lib/guard-parity-review-done.test.mjs ... ok (248ms)
Fast lane (format, lint, unit + integration)	Unit tests	2026-10-03T10:21:36.9845607Z ▶ scripts/tests/unit/task-tracker/lib/guard-registry-entry-fields.test.mjs ... ok (178ms)
Fast lane (format, lint, unit + integration)	Unit tests	2026-10-03T10:21:36.9845994Z ▶ scripts/tests/unit/task-tracker/lib/guard-registry-plan-exit.test.mjs ... ok (263ms)
Fast lane (format, lint, unit + integration)	Unit tests	2026-10-03T10:21:36.9846379Z ▶ scripts/tests/unit/task-tracker/lib/guard-registry-review-exit.test.mjs ... ok (229ms)
Fast lane (format, lint, unit + integration)	Unit tests	2026-10-03T10:21:36.9846909Z ▶ scripts/tests/unit/task-tracker/lib/guard-structural-completeness.test.mjs ... ok (102ms)
Fast lane (format, lint, unit + integration)	Unit tests	2026-10-03T10:21:36.9847276Z ▶ scripts/tests/unit/task-tracker/lib/guidance-cache.test.mjs ... ok (164ms)
Fast lane (format, lint, unit + integration)	Unit tests	2026-10-03T10:21:36.9847659Z ▶ scripts/tests/unit/task-tracker/lib/guidance-candidate-measurement.test.mjs ... ok (10.8s)
Fast lane (format, lint, unit + integration)	Unit tests	2026-10-03T10:21:36.9848064Z ▶ scripts/tests/unit/task-tracker/lib/guidance-candidate-oracle.test.mjs ... ok (112ms)
Fast lane (format, lint, unit + integration)	Unit tests	2026-10-03T10:21:36.9848454Z ▶ scripts/tests/unit/task-tracker/lib/guidance-characterization.test.mjs ... ok (30.9s)
Fast lane (format, lint, unit + integration)	Unit tests	2026-10-03T10:21:36.9848827Z ▶ scripts/tests/unit/task-tracker/lib/guidance-clause-index.test.mjs ... ok (74ms)
Fast lane (format, lint, unit + integration)	Unit tests	2026-10-03T10:21:36.9849201Z ▶ scripts/tests/unit/task-tracker/lib/guidance-legacy-authority.test.mjs ... ok (65ms)
Fast lane (format, lint, unit + integration)	Unit tests	2026-10-03T10:21:36.9849578Z ▶ scripts/tests/unit/task-tracker/lib/guidance-legacy-baseline.test.mjs ... ok (65ms)
Fast lane (format, lint, unit + integration)	Unit tests	2026-10-03T10:21:36.9849958Z ▶ scripts/tests/unit/task-tracker/lib/guidance-legacy-inventory.test.mjs ... ok (2.8s)
Fast lane (format, lint, unit + integration)	Unit tests	2026-10-03T10:21:36.9850336Z ▶ scripts/tests/unit/task-tracker/lib/guidance-legacy-transport.test.mjs ... ok (43ms)
Fast lane (format, lint, unit + integration)	Unit tests	2026-10-03T10:21:36.9850693Z ▶ scripts/tests/unit/task-tracker/lib/guidance-receipts.test.mjs ... ok (56ms)
Fast lane (format, lint, unit + integration)	Unit tests	2026-10-03T10:21:36.9851052Z ▶ scripts/tests/unit/task-tracker/lib/guidance-rule-coverage.test.mjs ... ok (267ms)
Fast lane (format, lint, unit + integration)	Unit tests	2026-10-03T10:21:36.9851412Z ▶ scripts/tests/unit/task-tracker/lib/guidance-validator.test.mjs ... ok (1.0s)
Fast lane (format, lint, unit + integration)	Unit tests	2026-10-03T10:21:36.9851792Z ▶ scripts/tests/unit/task-tracker/lib/heal-entry-markers-delegates.test.mjs ... ok (232ms)
Fast lane (format, lint, unit + integration)	Unit tests	2026-10-03T10:21:36.9852167Z ▶ scripts/tests/unit/task-tracker/lib/heal-lifecycle-dod.test.mjs ... ok (147ms)
Fast lane (format, lint, unit + integration)	Unit tests	2026-10-03T10:21:36.9852547Z ▶ scripts/tests/unit/task-tracker/lib/heal-timing-departure-repair.test.mjs ... ok (173ms)
Fast lane (format, lint, unit + integration)	Unit tests	2026-10-03T10:21:36.9852921Z ▶ scripts/tests/unit/task-tracker/lib/heal-timing-interval.test.mjs ... ok (93ms)
Fast lane (format, lint, unit + integration)	Unit tests	2026-10-03T10:21:36.9853265Z ▶ scripts/tests/unit/task-tracker/lib/heal-timing-log.test.mjs ... ok (94ms)
Fast lane (format, lint, unit + integration)	Unit tests	2026-10-03T10:21:36.9853605Z ▶ scripts/tests/unit/task-tracker/lib/heal-timing-starts.test.mjs ... ok (31ms)
Fast lane (format, lint, unit + integration)	Unit tests	2026-10-03T10:21:36.9853950Z ▶ scripts/tests/unit/task-tracker/lib/heal-timing-sweep.test.mjs ... ok (38ms)
Fast lane (format, lint, unit + integration)	Unit tests	2026-10-03T10:21:36.9854284Z ▶ scripts/tests/unit/task-tracker/lib/heal-vc-refs.test.mjs ... ok (175ms)
Fast lane (format, lint, unit + integration)	Unit tests	2026-10-03T10:21:36.9854726Z ▶ scripts/tests/unit/task-tracker/lib/human-reviewer-audit.test.mjs ... ok (108ms)
Fast lane (format, lint, unit + integration)	Unit tests	2026-10-03T10:21:36.9855086Z ▶ scripts/tests/unit/task-tracker/lib/incident-epic-close.test.mjs ... ok (103ms)
Fast lane (format, lint, unit + integration)	Unit tests	2026-10-03T10:21:36.9855439Z ▶ scripts/tests/unit/task-tracker/lib/incorporated-close.test.mjs ... ok (133ms)
Fast lane (format, lint, unit + integration)	Unit tests	2026-10-03T10:21:36.9855810Z ▶ scripts/tests/unit/task-tracker/lib/init-project-config-create.test.mjs ... ok (874ms)
Fast lane (format, lint, unit + integration)	Unit tests	2026-10-03T10:21:36.9856181Z ▶ scripts/tests/unit/task-tracker/lib/init-project-config.test.mjs ... ok (887ms)
Fast lane (format, lint, unit + integration)	Unit tests	2026-10-03T10:21:36.9856636Z ▶ scripts/tests/unit/task-tracker/lib/init-repair.test.mjs ... ok (951ms)
Fast lane (format, lint, unit + integration)	Unit tests	2026-10-03T10:21:36.9856985Z ▶ scripts/tests/unit/task-tracker/lib/install-claude-command.test.mjs ... ok (220ms)
Fast lane (format, lint, unit + integration)	Unit tests	2026-10-03T10:21:36.9857373Z ▶ scripts/tests/unit/task-tracker/lib/install-skill-version.test.mjs ... ok (244ms)
Fast lane (format, lint, unit + integration)	Unit tests	2026-10-03T10:21:36.9857712Z ▶ scripts/tests/unit/task-tracker/lib/install.test.mjs ... ok (1.9s)
Fast lane (format, lint, unit + integration)	Unit tests	2026-10-03T10:21:36.9858034Z ▶ scripts/tests/unit/task-tracker/lib/issue-body-push.test.mjs ... ok (47ms)
Fast lane (format, lint, unit + integration)	Unit tests	2026-10-03T10:21:36.9858354Z ▶ scripts/tests/unit/task-tracker/lib/issue-kind.test.mjs ... ok (61ms)
Fast lane (format, lint, unit + integration)	Unit tests	2026-10-03T10:21:36.9858792Z ▶ scripts/tests/unit/task-tracker/lib/issue-lock-reentrancy.test.mjs ... ok (192ms)
Fast lane (format, lint, unit + integration)	Unit tests	2026-10-03T10:21:36.9859156Z ▶ scripts/tests/unit/task-tracker/lib/issue-worktree-location.test.mjs ... ok (86ms)
Fast lane (format, lint, unit + integration)	Unit tests	2026-10-03T10:21:36.9859516Z ▶ scripts/tests/unit/task-tracker/lib/lane-split-ac-floor.test.mjs ... ok (90ms)
Fast lane (format, lint, unit + integration)	Unit tests	2026-10-03T10:21:36.9859872Z ▶ scripts/tests/unit/task-tracker/lib/lane-split-dod-stamp.test.mjs ... ok (52ms)
Fast lane (format, lint, unit + integration)	Unit tests	2026-10-03T10:21:36.9860214Z ▶ scripts/tests/unit/task-tracker/lib/lane-split-heal.test.mjs ... ok (54ms)
Fast lane (format, lint, unit + integration)	Unit tests	2026-10-03T10:21:36.9860562Z ▶ scripts/tests/unit/task-tracker/lib/lane-split-recognition.test.mjs ... ok (73ms)
Fast lane (format, lint, unit + integration)	Unit tests	2026-10-03T10:21:36.9860906Z ▶ scripts/tests/unit/task-tracker/lib/lane-taxonomy.test.mjs ... ok (87ms)
Fast lane (format, lint, unit + integration)	Unit tests	2026-10-03T10:21:36.9861230Z ▶ scripts/tests/unit/task-tracker/lib/lifecycle-dod.test.mjs ... ok (60ms)
Fast lane (format, lint, unit + integration)	Unit tests	2026-10-03T10:21:36.9861600Z ▶ scripts/tests/unit/task-tracker/lib/lifecycle-history-actions.test.mjs ... ok (218ms)
Fast lane (format, lint, unit + integration)	Unit tests	2026-10-03T10:21:36.9861967Z ▶ scripts/tests/unit/task-tracker/lib/lifecycle-policy.test.mjs ... ok (56ms)
Fast lane (format, lint, unit + integration)	Unit tests	2026-10-03T10:21:36.9862323Z ▶ scripts/tests/unit/task-tracker/lib/lifecycle-satisfaction.test.mjs ... ok (105ms)
Fast lane (format, lint, unit + integration)	Unit tests	2026-10-03T10:21:36.9862701Z ▶ scripts/tests/unit/task-tracker/lib/local-trunk-close-receipt.test.mjs ... ok (240ms)
Fast lane (format, lint, unit + integration)	Unit tests	2026-10-03T10:21:36.9863083Z ▶ scripts/tests/unit/task-tracker/lib/local-trunk-close-scope.test.mjs ... ok (140ms)
Fast lane (format, lint, unit + integration)	Unit tests	2026-10-03T10:21:36.9863471Z ▶ scripts/tests/unit/task-tracker/lib/local-trunk-historical-grant.test.mjs ... ok (100ms)
Fast lane (format, lint, unit + integration)	Unit tests	2026-10-03T10:21:36.9863814Z ▶ scripts/tests/unit/task-tracker/lib/locks.test.mjs ... ok (313ms)
Fast lane (format, lint, unit + integration)	Unit tests	2026-10-03T10:21:36.9864170Z ▶ scripts/tests/unit/task-tracker/lib/manual-code-review-delivery.test.mjs ... ok (136ms)
Fast lane (format, lint, unit + integration)	Unit tests	2026-10-03T10:21:36.9864551Z ▶ scripts/tests/unit/task-tracker/lib/mark-deep-dive-complete.test.mjs ... ok (81ms)
Fast lane (format, lint, unit + integration)	Unit tests	2026-10-03T10:21:36.9864904Z ▶ scripts/tests/unit/task-tracker/lib/marker-grammar.test.mjs ... ok (33ms)
Fast lane (format, lint, unit + integration)	Unit tests	2026-10-03T10:21:36.9865252Z ▶ scripts/tests/unit/task-tracker/lib/marker-write-retry.test.mjs ... ok (102ms)
Fast lane (format, lint, unit + integration)	Unit tests	2026-10-03T10:21:36.9865620Z ▶ scripts/tests/unit/task-tracker/lib/markers-full-auto-footnote.test.mjs ... ok (91ms)
Fast lane (format, lint, unit + integration)	Unit tests	2026-10-03T10:21:36.9865999Z ▶ scripts/tests/unit/task-tracker/lib/markers-progress-cluster.test.mjs ... ok (87ms)
Fast lane (format, lint, unit + integration)	Unit tests	2026-10-03T10:21:36.9866335Z ▶ scripts/tests/unit/task-tracker/lib/markers.test.mjs ... ok (77ms)
Fast lane (format, lint, unit + integration)	Unit tests	2026-10-03T10:21:36.9866769Z ▶ scripts/tests/unit/task-tracker/lib/memory-index-hook.test.mjs ... ok (277ms)
Fast lane (format, lint, unit + integration)	Unit tests	2026-10-03T10:21:36.9867121Z ▶ scripts/tests/unit/task-tracker/lib/memory-resync-apply.test.mjs ... ok (237ms)
Fast lane (format, lint, unit + integration)	Unit tests	2026-10-03T10:21:36.9867483Z ▶ scripts/tests/unit/task-tracker/lib/memory-resync-classify.test.mjs ... ok (330ms)
Fast lane (format, lint, unit + integration)	Unit tests	2026-10-03T10:21:36.9867843Z ▶ scripts/tests/unit/task-tracker/lib/memory-resync-render.test.mjs ... ok (51ms)
Fast lane (format, lint, unit + integration)	Unit tests	2026-10-03T10:21:36.9868321Z ▶ scripts/tests/unit/task-tracker/lib/memory-seed-install-menu.test.mjs ... ok (185ms)
Fast lane (format, lint, unit + integration)	Unit tests	2026-10-03T10:21:36.9868695Z ▶ scripts/tests/unit/task-tracker/lib/memory-seed-manifest.test.mjs ... ok (99ms)
Fast lane (format, lint, unit + integration)	Unit tests	2026-10-03T10:21:36.9869038Z ▶ scripts/tests/unit/task-tracker/lib/mirror-deep-dive.test.mjs ... ok (96ms)
Fast lane (format, lint, unit + integration)	Unit tests	2026-10-03T10:21:36.9869422Z ▶ scripts/tests/unit/task-tracker/lib/move-state-body-fetch-fail-closed.test.mjs ... ok (50ms)
Fast lane (format, lint, unit + integration)	Unit tests	2026-10-03T10:21:36.9869826Z ▶ scripts/tests/unit/task-tracker/lib/move-state-internal-gate.test.mjs ... ok (922ms)
Fast lane (format, lint, unit + integration)	Unit tests	2026-10-03T10:21:36.9870227Z ▶ scripts/tests/unit/task-tracker/lib/move-state/coverage-audit-timing.test.mjs ... ok (122ms)
Fast lane (format, lint, unit + integration)	Unit tests	2026-10-03T10:21:36.9870640Z ▶ scripts/tests/unit/task-tracker/lib/move-state/move-regression.test.mjs ... ok (176ms)
Fast lane (format, lint, unit + integration)	Unit tests	2026-10-03T10:21:36.9871081Z ▶ scripts/tests/unit/task-tracker/lib/move-state/move-state-board-marker-atomicity.test.mjs ... ok (198ms)
Fast lane (format, lint, unit + integration)	Unit tests	2026-10-03T10:21:36.9871502Z ▶ scripts/tests/unit/task-tracker/lib/move-state/move-state-core.test.mjs ... ok (430ms)
Fast lane (format, lint, unit + integration)	Unit tests	2026-10-03T10:21:36.9871926Z ▶ scripts/tests/unit/task-tracker/lib/move-state/move-state-idempotent.test.mjs ... ok (249ms)
Fast lane (format, lint, unit + integration)	Unit tests	2026-10-03T10:21:36.9872406Z ▶ scripts/tests/unit/task-tracker/lib/move-state/move-state-output.test.mjs ... ok (41ms)
Fast lane (format, lint, unit + integration)	Unit tests	2026-10-03T10:21:36.9872798Z ▶ scripts/tests/unit/task-tracker/lib/move-state/move-state-policy.test.mjs ... ok (248ms)
Fast lane (format, lint, unit + integration)	Unit tests	2026-10-03T10:21:36.9873220Z ▶ scripts/tests/unit/task-tracker/lib/move-state/move-state-sentinel-write.test.mjs ... ok (231ms)
Fast lane (format, lint, unit + integration)	Unit tests	2026-10-03T10:21:36.9873679Z ▶ scripts/tests/unit/task-tracker/lib/move-state/move-state-tail-error-diagnostics.test.mjs ... ok (102ms)
Fast lane (format, lint, unit + integration)	Unit tests	2026-10-03T10:21:36.9874140Z ▶ scripts/tests/unit/task-tracker/lib/move-state/move-state-tail-profiles.test.mjs ... ok (224ms)
Fast lane (format, lint, unit + integration)	Unit tests	2026-10-03T10:21:36.9874601Z ▶ scripts/tests/unit/task-tracker/lib/move-state/move-state-terminal-tail-isolation.test.mjs ... ok (94ms)
Fast lane (format, lint, unit + integration)	Unit tests	2026-10-03T10:21:36.9875056Z ▶ scripts/tests/unit/task-tracker/lib/move-state/move-state-verify-then-stamp.test.mjs ... ok (2.9s)
Fast lane (format, lint, unit + integration)	Unit tests	2026-10-03T10:21:36.9875513Z ▶ scripts/tests/unit/task-tracker/lib/move-state/move-state-worktree-trunk-ref.test.mjs ... ok (155ms)
Fast lane (format, lint, unit + integration)	Unit tests	2026-10-03T10:21:36.9875914Z ▶ scripts/tests/unit/task-tracker/lib/move-state/sentinel.test.mjs ... ok (37ms)
Fast lane (format, lint, unit + integration)	Unit tests	2026-10-03T10:21:36.9876278Z ▶ scripts/tests/unit/task-tracker/lib/move-state/transition-plan.test.mjs ... ok (40ms)
Fast lane (format, lint, unit + integration)	Unit tests	2026-10-03T10:21:36.9876784Z ▶ scripts/tests/unit/task-tracker/lib/mutate-issue-body-marker-loss.test.mjs ... ok (72ms)
Fast lane (format, lint, unit + integration)	Unit tests	2026-10-03T10:21:36.9877157Z ▶ scripts/tests/unit/task-tracker/lib/mutate-issue-body.test.mjs ... ok (75ms)
Fast lane (format, lint, unit + integration)	Unit tests	2026-10-03T10:21:36.9877502Z ▶ scripts/tests/unit/task-tracker/lib/nat-gate-diff-aware.test.mjs ... ok (82ms)
Fast lane (format, lint, unit + integration)	Unit tests	2026-10-03T10:21:36.9877854Z ▶ scripts/tests/unit/task-tracker/lib/native-dependencies.test.mjs ... ok (41ms)
Fast lane (format, lint, unit + integration)	Unit tests	2026-10-03T10:21:36.9878219Z ▶ scripts/tests/unit/task-tracker/lib/native-dependency-docs.test.mjs ... ok (43ms)
Fast lane (format, lint, unit + integration)	Unit tests	2026-10-03T10:21:36.9878612Z ▶ scripts/tests/unit/task-tracker/lib/native-dependency-projection.test.mjs ... ok (56ms)
Fast lane (format, lint, unit + integration)	Unit tests	2026-10-03T10:21:36.9879033Z ▶ scripts/tests/unit/task-tracker/lib/native-dependency-reconciliation.test.mjs ... ok (53ms)
Fast lane (format, lint, unit + integration)	Unit tests	2026-10-03T10:21:36.9879431Z ▶ scripts/tests/unit/task-tracker/lib/nested-epic-semantics.test.mjs ... ok (152ms)
Fast lane (format, lint, unit + integration)	Unit tests	2026-10-03T10:21:36.9879815Z ▶ scripts/tests/unit/task-tracker/lib/new-automated-tests-comment.test.mjs ... ok (77ms)
Fast lane (format, lint, unit + integration)	Unit tests	2026-10-03T10:21:36.9880190Z ▶ scripts/tests/unit/task-tracker/lib/no-idle-emitters.test.mjs ... ok (51ms)
Fast lane (format, lint, unit + integration)	Unit tests	2026-10-03T10:21:36.9880517Z ▶ scripts/tests/unit/task-tracker/lib/occupancy.test.mjs ... ok (247ms)
Fast lane (format, lint, unit + integration)	Unit tests	2026-10-03T10:21:36.9880825Z ▶ scripts/tests/unit/task-tracker/lib/on-ask.test.mjs ... ok (112ms)
Fast lane (format, lint, unit + integration)	Unit tests	2026-10-03T10:21:36.9881121Z ▶ scripts/tests/unit/task-tracker/lib/on-stop.test.mjs ... ok (66ms)
Fast lane (format, lint, unit + integration)	Unit tests	2026-10-03T10:21:36.9881443Z ▶ scripts/tests/unit/task-tracker/lib/on-user-prompt.test.mjs ... ok (67ms)
Fast lane (format, lint, unit + integration)	Unit tests	2026-10-03T10:21:36.9881778Z ▶ scripts/tests/unit/task-tracker/lib/orphan-finalize.test.mjs ... ok (64ms)
Fast lane (format, lint, unit + integration)	Unit tests	2026-10-03T10:21:36.9882342Z ▶ scripts/tests/unit/task-tracker/lib/orphan-pairing-guard.test.mjs ... ok (48ms)
Fast lane (format, lint, unit + integration)	Unit tests	2026-10-03T10:21:36.9882743Z ▶ scripts/tests/unit/task-tracker/lib/parent-admission.test.mjs ... ok (42ms)
Fast lane (format, lint, unit + integration)	Unit tests	2026-10-03T10:21:36.9883167Z ▶ scripts/tests/unit/task-tracker/lib/paths.test.mjs ... ok (52ms)
Fast lane (format, lint, unit + integration)	Unit tests	2026-10-03T10:21:36.9883561Z ▶ scripts/tests/unit/task-tracker/lib/pause-markers.test.mjs ... ok (83ms)
Fast lane (format, lint, unit + integration)	Unit tests	2026-10-03T10:21:36.9883921Z ▶ scripts/tests/unit/task-tracker/lib/pause-resume-hybrid.test.mjs ... ok (55ms)
Fast lane (format, lint, unit + integration)	Unit tests	2026-10-03T10:21:36.9884283Z ▶ scripts/tests/unit/task-tracker/lib/phase-word-attribution.test.mjs ... ok (47ms)
Fast lane (format, lint, unit + integration)	Unit tests	2026-10-03T10:21:36.9884669Z ▶ scripts/tests/unit/task-tracker/lib/pickup-directive-state-gate.test.mjs ... ok (74ms)
Fast lane (format, lint, unit + integration)	Unit tests	2026-10-03T10:21:36.9885061Z ▶ scripts/tests/unit/task-tracker/lib/plan-approval-story-audit.test.mjs ... ok (72ms)
Fast lane (format, lint, unit + integration)	Unit tests	2026-10-03T10:21:36.9885621Z ▶ scripts/tests/unit/task-tracker/lib/plan-metadata-exit-guard.test.mjs ... ok (118ms)
Fast lane (format, lint, unit + integration)	Unit tests	2026-10-03T10:21:36.9886244Z ▶ scripts/tests/unit/task-tracker/lib/plan-metadata-lib.test.mjs ... ok (37ms)
Fast lane (format, lint, unit + integration)	Unit tests	2026-10-03T10:21:36.9886990Z ▶ scripts/tests/unit/task-tracker/lib/plan-transition-authority.test.mjs ... ok (78ms)
Fast lane (format, lint, unit + integration)	Unit tests	2026-10-03T10:21:36.9887659Z ▶ scripts/tests/unit/task-tracker/lib/policy-convergence.test.mjs ... ok (2.1s)
Fast lane (format, lint, unit + integration)	Unit tests	2026-10-03T10:21:36.9888042Z ▶ scripts/tests/unit/task-tracker/lib/policy-dependency-boundaries.test.mjs ... ok (68ms)
Fast lane (format, lint, unit + integration)	Unit tests	2026-10-03T10:21:36.9888415Z ▶ scripts/tests/unit/task-tracker/lib/preflight-issue.test.mjs ... ok (5.9s)
Fast lane (format, lint, unit + integration)	Unit tests	2026-10-03T10:21:36.9888770Z ▶ scripts/tests/unit/task-tracker/lib/project-root-readers.test.mjs ... ok (108ms)
Fast lane (format, lint, unit + integration)	Unit tests	2026-10-03T10:21:36.9889134Z ▶ scripts/tests/unit/task-tracker/lib/promote-deep-dive-gate.test.mjs ... ok (234ms)
Fast lane (format, lint, unit + integration)	Unit tests	2026-10-03T10:21:36.9889480Z ▶ scripts/tests/unit/task-tracker/lib/proof-marker.test.mjs ... ok (41ms)
Fast lane (format, lint, unit + integration)	Unit tests	2026-10-03T10:21:36.9889791Z ▶ scripts/tests/unit/task-tracker/lib/queue.test.mjs ... ok (195ms)
Fast lane (format, lint, unit + integration)	Unit tests	2026-10-03T10:21:36.9890121Z ▶ scripts/tests/unit/task-tracker/lib/r4p-jit-boundaries.test.mjs ... ok (234ms)
Fast lane (format, lint, unit + integration)	Unit tests	2026-10-03T10:21:36.9890471Z ▶ scripts/tests/unit/task-tracker/lib/readback-verify.test.mjs ... ok (102ms)
Fast lane (format, lint, unit + integration)	Unit tests	2026-10-03T10:21:36.9890840Z ▶ scripts/tests/unit/task-tracker/lib/ready-for-plan-migration.test.mjs ... ok (102ms)
Fast lane (format, lint, unit + integration)	Unit tests	2026-10-03T10:21:36.9891217Z ▶ scripts/tests/unit/task-tracker/lib/ready-for-plan-topology.test.mjs ... ok (151ms)
Fast lane (format, lint, unit + integration)	Unit tests	2026-10-03T10:21:36.9891601Z ▶ scripts/tests/unit/task-tracker/lib/reconcile-no-drift-seed.test.mjs ... ok (184ms)
Fast lane (format, lint, unit + integration)	Unit tests	2026-10-03T10:21:36.9891989Z ▶ scripts/tests/unit/task-tracker/lib/reconcile-sentinel-drift.test.mjs ... ok (201ms)
Fast lane (format, lint, unit + integration)	Unit tests	2026-10-03T10:21:36.9892354Z ▶ scripts/tests/unit/task-tracker/lib/reevaluate-estimate.test.mjs ... ok (35ms)
Fast lane (format, lint, unit + integration)	Unit tests	2026-10-03T10:21:36.9892715Z ▶ scripts/tests/unit/task-tracker/lib/refine-estimate-comment.test.mjs ... ok (85ms)
Fast lane (format, lint, unit + integration)	Unit tests	2026-10-03T10:21:36.9893131Z ▶ scripts/tests/unit/task-tracker/lib/refine-exit-child-parent-state-guard.test.mjs ... ok (80ms)
Fast lane (format, lint, unit + integration)	Unit tests	2026-10-03T10:21:36.9893565Z ▶ scripts/tests/unit/task-tracker/lib/refine-exit-vc-citation-guardrail.test.mjs ... ok (89ms)
Fast lane (format, lint, unit + integration)	Unit tests	2026-10-03T10:21:36.9893972Z ▶ scripts/tests/unit/task-tracker/lib/refine-tbd-placeholder.test.mjs ... ok (252ms)
Fast lane (format, lint, unit + integration)	Unit tests	2026-10-03T10:21:36.9894333Z ▶ scripts/tests/unit/task-tracker/lib/refine-to-plan-gate.test.mjs ... ok (89ms)
Fast lane (format, lint, unit + integration)	Unit tests	2026-10-03T10:21:36.9894703Z ▶ scripts/tests/unit/task-tracker/lib/refinement-snapshot-schema.test.mjs ... ok (52ms)
Fast lane (format, lint, unit + integration)	Unit tests	2026-10-03T10:21:36.9895070Z ▶ scripts/tests/unit/task-tracker/lib/release-detection.test.mjs ... ok (76ms)
Fast lane (format, lint, unit + integration)	Unit tests	2026-10-03T10:21:36.9895428Z ▶ scripts/tests/unit/task-tracker/lib/reopened-close-recovery.test.mjs ... ok (118ms)
Fast lane (format, lint, unit + integration)	Unit tests	2026-10-03T10:21:36.9895793Z ▶ scripts/tests/unit/task-tracker/lib/resolve-epic-lineage.test.mjs ... ok (60ms)
Fast lane (format, lint, unit + integration)	Unit tests	2026-10-03T10:21:36.9896128Z ▶ scripts/tests/unit/task-tracker/lib/review-delta.test.mjs ... ok (38ms)
Fast lane (format, lint, unit + integration)	Unit tests	2026-10-03T10:21:36.9896597Z ▶ scripts/tests/unit/task-tracker/lib/review-derive-rescan.test.mjs ... ok (163ms)
Fast lane (format, lint, unit + integration)	Unit tests	2026-10-03T10:21:36.9896955Z ▶ scripts/tests/unit/task-tracker/lib/review-derived-dod.test.mjs ... ok (115ms)
Fast lane (format, lint, unit + integration)	Unit tests	2026-10-03T10:21:36.9897533Z ▶ scripts/tests/unit/task-tracker/lib/review-exit-epic-children-done-guard.test.mjs ... ok (104ms)
Fast lane (format, lint, unit + integration)	Unit tests	2026-10-03T10:21:36.9898055Z ▶ scripts/tests/unit/task-tracker/lib/review-failure-block.test.mjs ... ok (42ms)
Fast lane (format, lint, unit + integration)	Unit tests	2026-10-03T10:21:36.9899472Z ▶ scripts/tests/unit/task-tracker/lib/review-notes.test.mjs ... ok (50ms)
Fast lane (format, lint, unit + integration)	Unit tests	2026-10-03T10:21:36.9899932Z ▶ scripts/tests/unit/task-tracker/lib/review-preflight-epic-aware.test.mjs ... ok (104ms)
Fast lane (format, lint, unit + integration)	Unit tests	2026-10-03T10:21:36.9900326Z ▶ scripts/tests/unit/task-tracker/lib/review-preflight.test.mjs ... ok (94ms)
Fast lane (format, lint, unit + integration)	Unit tests	2026-10-03T10:21:36.9900675Z ▶ scripts/tests/unit/task-tracker/lib/review-probe-policy.test.mjs ... ok (176ms)
Fast lane (format, lint, unit + integration)	Unit tests	2026-10-03T10:21:36.9901034Z ▶ scripts/tests/unit/task-tracker/lib/review-receipt-reuse.test.mjs ... ok (210ms)
Fast lane (format, lint, unit + integration)	Unit tests	2026-10-03T10:21:36.9901441Z ▶ scripts/tests/unit/task-tracker/lib/review-verb-consolidated-declaration.test.mjs ... ok (41ms)
Fast lane (format, lint, unit + integration)	Unit tests	2026-10-03T10:21:36.9901887Z ▶ scripts/tests/unit/task-tracker/lib/review-verb-evidence-commands.test.mjs ... ok (83ms)
Fast lane (format, lint, unit + integration)	Unit tests	2026-10-03T10:21:36.9902288Z ▶ scripts/tests/unit/task-tracker/lib/review-verb-timing-order.test.mjs ... ok (234ms)
Fast lane (format, lint, unit + integration)	Unit tests	2026-10-03T10:21:36.9902743Z ▶ scripts/tests/unit/task-tracker/lib/review-waived-ac.test.mjs ... ok (76ms)
Fast lane (format, lint, unit + integration)	Unit tests	2026-10-03T10:21:36.9903096Z ▶ scripts/tests/unit/task-tracker/lib/reviewed-scope-comments.test.mjs ... ok (91ms)
Fast lane (format, lint, unit + integration)	Unit tests	2026-10-03T10:21:36.9903460Z ▶ scripts/tests/unit/task-tracker/lib/reviewed-scope-model.test.mjs ... ok (49ms)
Fast lane (format, lint, unit + integration)	Unit tests	2026-10-03T10:21:36.9903828Z ▶ scripts/tests/unit/task-tracker/lib/reviewed-scope-readiness.test.mjs ... ok (122ms)
Fast lane (format, lint, unit + integration)	Unit tests	2026-10-03T10:21:36.9904201Z ▶ scripts/tests/unit/task-tracker/lib/reviewed-scope-record.test.mjs ... ok (130ms)
Fast lane (format, lint, unit + integration)	Unit tests	2026-10-03T10:21:36.9904569Z ▶ scripts/tests/unit/task-tracker/lib/reviewed-scope-runtime.test.mjs ... ok (132ms)
Fast lane (format, lint, unit + integration)	Unit tests	2026-10-03T10:21:36.9904935Z ▶ scripts/tests/unit/task-tracker/lib/reviewed-scope-targets.test.mjs ... ok (76ms)
Fast lane (format, lint, unit + integration)	Unit tests	2026-10-03T10:21:36.9905295Z ▶ scripts/tests/unit/task-tracker/lib/run-move-state-timeout.test.mjs ... ok (48ms)
Fast lane (format, lint, unit + integration)	Unit tests	2026-10-03T10:21:36.9905708Z ▶ scripts/tests/unit/task-tracker/lib/runtime-adapter-receipt-lane-skip.test.mjs ... ok (105ms)
Fast lane (format, lint, unit + integration)	Unit tests	2026-10-03T10:21:36.9906110Z ▶ scripts/tests/unit/task-tracker/lib/runtime-capture-catalog.test.mjs ... ok (54ms)
Fast lane (format, lint, unit + integration)	Unit tests	2026-10-03T10:21:36.9906636Z ▶ scripts/tests/unit/task-tracker/lib/runtime-migration-timing.test.mjs ... ok (100ms)
Fast lane (format, lint, unit + integration)	Unit tests	2026-10-03T10:21:36.9907044Z ▶ scripts/tests/unit/task-tracker/lib/runtime-process-census.test.mjs ... ok (70ms)
Fast lane (format, lint, unit + integration)	Unit tests	2026-10-03T10:21:36.9907404Z ▶ scripts/tests/unit/task-tracker/lib/runtime-record-catalog.test.mjs ... ok (68ms)
Fast lane (format, lint, unit + integration)	Unit tests	2026-10-03T10:21:36.9907767Z ▶ scripts/tests/unit/task-tracker/lib/runtime-root-adapters.test.mjs ... ok (61ms)
Fast lane (format, lint, unit + integration)	Unit tests	2026-10-03T10:21:36.9908130Z ▶ scripts/tests/unit/task-tracker/lib/runtime-writer-census.test.mjs ... ok (62ms)
Fast lane (format, lint, unit + integration)	Unit tests	2026-10-03T10:21:36.9908482Z ▶ scripts/tests/unit/task-tracker/lib/sandbox-exec-render.test.mjs ... ok (40ms)
Fast lane (format, lint, unit + integration)	Unit tests	2026-10-03T10:21:36.9908844Z ▶ scripts/tests/unit/task-tracker/lib/sandbox-timeout-resolve.test.mjs ... ok (56ms)
Fast lane (format, lint, unit + integration)	Unit tests	2026-10-03T10:21:36.9909190Z ▶ scripts/tests/unit/task-tracker/lib/save-plan.test.mjs ... ok (83ms)
Fast lane (format, lint, unit + integration)	Unit tests	2026-10-03T10:21:36.9909526Z ▶ scripts/tests/unit/task-tracker/lib/scope-guard-active.test.mjs ... ok (41ms)
Fast lane (format, lint, unit + integration)	Unit tests	2026-10-03T10:21:36.9909882Z ▶ scripts/tests/unit/task-tracker/lib/scratch-contract-docs.test.mjs ... ok (70ms)
Fast lane (format, lint, unit + integration)	Unit tests	2026-10-03T10:21:36.9910219Z ▶ scripts/tests/unit/task-tracker/lib/scratch-dir.test.mjs ... ok (61ms)
Fast lane (format, lint, unit + integration)	Unit tests	2026-10-03T10:21:36.9910551Z ▶ scripts/tests/unit/task-tracker/lib/seed-kanban-cache.test.mjs ... ok (146ms)
Fast lane (format, lint, unit + integration)	Unit tests	2026-10-03T10:21:36.9910904Z ▶ scripts/tests/unit/task-tracker/lib/session-id-resolution.test.mjs ... ok (147ms)
Fast lane (format, lint, unit + integration)	Unit tests	2026-10-03T10:21:36.9911243Z ▶ scripts/tests/unit/task-tracker/lib/session-ref.test.mjs ... ok (82ms)
Fast lane (format, lint, unit + integration)	Unit tests	2026-10-03T10:21:36.9911563Z ▶ scripts/tests/unit/task-tracker/lib/session-state.test.mjs ... ok (85ms)
Fast lane (format, lint, unit + integration)	Unit tests	2026-10-03T10:21:36.9911886Z ▶ scripts/tests/unit/task-tracker/lib/session-sweep.test.mjs ... ok (89ms)
Fast lane (format, lint, unit + integration)	Unit tests	2026-10-03T10:21:36.9912309Z ▶ scripts/tests/unit/task-tracker/lib/set-priority.test.mjs ... ok (1.8s)
Fast lane (format, lint, unit + integration)	Unit tests	2026-10-03T10:21:36.9912622Z ▶ scripts/tests/unit/task-tracker/lib/set-rank.test.mjs ... ok (1.2s)
Fast lane (format, lint, unit + integration)	Unit tests	2026-10-03T10:21:36.9912977Z ▶ scripts/tests/unit/task-tracker/lib/settings-hook-bootstrap.test.mjs ... ok (218ms)
Fast lane (format, lint, unit + integration)	Unit tests	2026-10-03T10:21:36.9913340Z ▶ scripts/tests/unit/task-tracker/lib/shelve-boundaries.test.mjs ... ok (208ms)
Fast lane (format, lint, unit + integration)	Unit tests	2026-10-03T10:21:36.9913732Z ▶ scripts/tests/unit/task-tracker/lib/shelve-stale-refinement-migration.test.mjs ... ok (67ms)
Fast lane (format, lint, unit + integration)	Unit tests	2026-10-03T10:21:36.9914110Z ▶ scripts/tests/unit/task-tracker/lib/stage-bound-reason.test.mjs ... ok (43ms)
Fast lane (format, lint, unit + integration)	Unit tests	2026-10-03T10:21:36.9914491Z ▶ scripts/tests/unit/task-tracker/lib/stage-entry-grammar-ownership.test.mjs ... ok (94ms)
Fast lane (format, lint, unit + integration)	Unit tests	2026-10-03T10:21:36.9914879Z ▶ scripts/tests/unit/task-tracker/lib/stage-entry-markers-core.test.mjs ... ok (84ms)
Fast lane (format, lint, unit + integration)	Unit tests	2026-10-03T10:21:36.9915263Z ▶ scripts/tests/unit/task-tracker/lib/stage-entry-markers-reentry.test.mjs ... ok (91ms)
Fast lane (format, lint, unit + integration)	Unit tests	2026-10-03T10:21:36.9915682Z ▶ scripts/tests/unit/task-tracker/lib/stage-entry-markers-review-test-arc.test.mjs ... ok (77ms)
Fast lane (format, lint, unit + integration)	Unit tests	2026-10-03T10:21:36.9916074Z ▶ scripts/tests/unit/task-tracker/lib/stamp-receipt-reuse.test.mjs ... ok (79ms)
Fast lane (format, lint, unit + integration)	Unit tests	2026-10-03T10:21:36.9916686Z ▶ scripts/tests/unit/task-tracker/lib/state-action-conformance.test.mjs ... ok (184ms)
Fast lane (format, lint, unit + integration)	Unit tests	2026-10-03T10:21:36.9917183Z ▶ scripts/tests/unit/task-tracker/lib/state-action-resume.test.mjs ... ok (123ms)
Fast lane (format, lint, unit + integration)	Unit tests	2026-10-03T10:21:36.9917561Z ▶ scripts/tests/unit/task-tracker/lib/state-boundary-order.test.mjs ... ok (87ms)
Fast lane (format, lint, unit + integration)	Unit tests	2026-10-03T10:21:36.9917945Z ▶ scripts/tests/unit/task-tracker/lib/state-cursor-interruption.test.mjs ... ok (230ms)
Fast lane (format, lint, unit + integration)	Unit tests	2026-10-03T10:21:36.9918295Z ▶ scripts/tests/unit/task-tracker/lib/state-cursor.test.mjs ... ok (109ms)
Fast lane (format, lint, unit + integration)	Unit tests	2026-10-03T10:21:36.9918689Z ▶ scripts/tests/unit/task-tracker/lib/state-engine-policy-characterization.test.mjs ... ok (302ms)
Fast lane (format, lint, unit + integration)	Unit tests	2026-10-03T10:21:36.9919055Z ▶ scripts/tests/unit/task-tracker/lib/state.test.mjs ... ok (186ms)
Fast lane (format, lint, unit + integration)	Unit tests	2026-10-03T10:21:36.9919412Z ▶ scripts/tests/unit/task-tracker/lib/story-approval-binding-guard.test.mjs ... ok (148ms)
Fast lane (format, lint, unit + integration)	Unit tests	2026-10-03T10:21:36.9919793Z ▶ scripts/tests/unit/task-tracker/lib/story-intent-source.test.mjs ... ok (96ms)
Fast lane (format, lint, unit + integration)	Unit tests	2026-10-03T10:21:36.9920156Z ▶ scripts/tests/unit/task-tracker/lib/story-origin-authoring.test.mjs ... ok (1.5s)
Fast lane (format, lint, unit + integration)	Unit tests	2026-10-03T10:21:36.9920504Z ▶ scripts/tests/unit/task-tracker/lib/story-origin-lib.test.mjs ... ok (50ms)
Fast lane (format, lint, unit + integration)	Unit tests	2026-10-03T10:21:36.9920842Z ▶ scripts/tests/unit/task-tracker/lib/story-tag-header.test.mjs ... ok (45ms)
Fast lane (format, lint, unit + integration)	Unit tests	2026-10-03T10:21:36.9921202Z ▶ scripts/tests/unit/task-tracker/lib/sub-issue-board-snapshot.test.mjs ... ok (43ms)
Fast lane (format, lint, unit + integration)	Unit tests	2026-10-03T10:21:36.9921559Z ▶ scripts/tests/unit/task-tracker/lib/superseded-marker.test.mjs ... ok (44ms)
Fast lane (format, lint, unit + integration)	Unit tests	2026-10-03T10:21:36.9921912Z ▶ scripts/tests/unit/task-tracker/lib/switch-paired-events.test.mjs ... ok (51ms)
Fast lane (format, lint, unit + integration)	Unit tests	2026-10-03T10:21:36.9922281Z ▶ scripts/tests/unit/task-tracker/lib/switch-resumed-on-history.test.mjs ... ok (41ms)
Fast lane (format, lint, unit + integration)	Unit tests	2026-10-03T10:21:36.9922634Z ▶ scripts/tests/unit/task-tracker/lib/sync-templates.test.mjs ... ok (166ms)
Fast lane (format, lint, unit + integration)	Unit tests	2026-10-03T10:21:36.9923006Z ▶ scripts/tests/unit/task-tracker/lib/terminal-binding-authority.test.mjs ... ok (100ms)
Fast lane (format, lint, unit + integration)	Unit tests	2026-10-03T10:21:36.9923385Z ▶ scripts/tests/unit/task-tracker/lib/terminal-disposition.test.mjs ... ok (180ms)
Fast lane (format, lint, unit + integration)	Unit tests	2026-10-03T10:21:36.9923755Z ▶ scripts/tests/unit/task-tracker/lib/test-407-binding-survives.test.mjs ... ok (70ms)
Fast lane (format, lint, unit + integration)	Unit tests	2026-10-03T10:21:36.9924112Z ▶ scripts/tests/unit/task-tracker/lib/test-corpus-paths.test.mjs ... ok (44ms)
Fast lane (format, lint, unit + integration)	Unit tests	2026-10-03T10:21:36.9924469Z ▶ scripts/tests/unit/task-tracker/lib/test-parallel-safety.test.mjs ... ok (113ms)
Fast lane (format, lint, unit + integration)	Unit tests	2026-10-03T10:21:36.9924822Z ▶ scripts/tests/unit/task-tracker/lib/test-sandbox-reaper.test.mjs ... ok (68ms)
Fast lane (format, lint, unit + integration)	Unit tests	2026-10-03T10:21:36.9925174Z ▶ scripts/tests/unit/task-tracker/lib/test-sha-drift-gate.test.mjs ... ok (192ms)
Fast lane (format, lint, unit + integration)	Unit tests	2026-10-03T10:21:36.9925528Z ▶ scripts/tests/unit/task-tracker/lib/test-stage-ac-defer.test.mjs ... ok (90ms)
Fast lane (format, lint, unit + integration)	Unit tests	2026-10-03T10:21:36.9925880Z ▶ scripts/tests/unit/task-tracker/lib/test-verb-injection.test.mjs ... ok (913ms)
Fast lane (format, lint, unit + integration)	Unit tests	2026-10-03T10:21:36.9926369Z ▶ scripts/tests/unit/task-tracker/lib/test-verb-receipt-refusal-audit.test.mjs ... ok (229ms)
Fast lane (format, lint, unit + integration)	Unit tests	2026-10-03T10:21:36.9927063Z ▶ scripts/tests/unit/task-tracker/lib/test-verb-receipt-retirement.test.mjs ... ok (283ms)
Fast lane (format, lint, unit + integration)	Unit tests	2026-10-03T10:21:36.9927448Z ▶ scripts/tests/unit/task-tracker/lib/test-verb-receipt-reuse.test.mjs ... ok (402ms)
Fast lane (format, lint, unit + integration)	Unit tests	2026-10-03T10:21:36.9927806Z ▶ scripts/tests/unit/task-tracker/lib/test-verb-result.test.mjs ... ok (462ms)
Fast lane (format, lint, unit + integration)	Unit tests	2026-10-03T10:21:36.9928145Z ▶ scripts/tests/unit/task-tracker/lib/test-verb-retry.test.mjs ... ok (275ms)
Fast lane (format, lint, unit + integration)	Unit tests	2026-10-03T10:21:36.9928486Z ▶ scripts/tests/unit/task-tracker/lib/test-verb-sandbox.test.mjs ... ok (355ms)
Fast lane (format, lint, unit + integration)	Unit tests	2026-10-03T10:21:36.9928844Z ▶ scripts/tests/unit/task-tracker/lib/timing-actor-accounting.test.mjs ... ok (76ms)
Fast lane (format, lint, unit + integration)	Unit tests	2026-10-03T10:21:36.9929233Z ▶ scripts/tests/unit/task-tracker/lib/timing-actor.test.mjs ... ok (59ms)
Fast lane (format, lint, unit + integration)	Unit tests	2026-10-03T10:21:36.9929644Z ▶ scripts/tests/unit/task-tracker/lib/timing-departure-guard.test.mjs ... ok (94ms)
Fast lane (format, lint, unit + integration)	Unit tests	2026-10-03T10:21:36.9930095Z ▶ scripts/tests/unit/task-tracker/lib/timing-emitted-bare-slugs.test.mjs ... ok (57ms)
Fast lane (format, lint, unit + integration)	Unit tests	2026-10-03T10:21:36.9930660Z ▶ scripts/tests/unit/task-tracker/lib/timing-event-emitter-characterization.test.mjs ... ok (131ms)
Fast lane (format, lint, unit + integration)	Unit tests	2026-10-03T10:21:36.9931092Z ▶ scripts/tests/unit/task-tracker/lib/timing-event-map.test.mjs ... ok (56ms)
Fast lane (format, lint, unit + integration)	Unit tests	2026-10-03T10:21:36.9931460Z ▶ scripts/tests/unit/task-tracker/lib/timing-events-policy.test.mjs ... ok (97ms)
Fast lane (format, lint, unit + integration)	Unit tests	2026-10-03T10:21:36.9931805Z ▶ scripts/tests/unit/task-tracker/lib/timing-ladder.test.mjs ... ok (61ms)
Fast lane (format, lint, unit + integration)	Unit tests	2026-10-03T10:21:36.9932160Z ▶ scripts/tests/unit/task-tracker/lib/timing-phase-close-delta.test.mjs ... ok (73ms)
Fast lane (format, lint, unit + integration)	Unit tests	2026-10-03T10:21:36.9932534Z ▶ scripts/tests/unit/task-tracker/lib/timing-queue-retention.test.mjs ... ok (119ms)
Fast lane (format, lint, unit + integration)	Unit tests	2026-10-03T10:21:36.9932892Z ▶ scripts/tests/unit/task-tracker/lib/timing-row-reader.test.mjs ... ok (52ms)
Fast lane (format, lint, unit + integration)	Unit tests	2026-10-03T10:21:36.9933241Z ▶ scripts/tests/unit/task-tracker/lib/timing-rows-seconds.test.mjs ... ok (50ms)
Fast lane (format, lint, unit + integration)	Unit tests	2026-10-03T10:21:36.9933581Z ▶ scripts/tests/unit/task-tracker/lib/timing-rows.test.mjs ... ok (64ms)
Fast lane (format, lint, unit + integration)	Unit tests	2026-10-03T10:21:36.9933921Z ▶ scripts/tests/unit/task-tracker/lib/timing-slug-rename.test.mjs ... ok (50ms)
Fast lane (format, lint, unit + integration)	Unit tests	2026-10-03T10:21:36.9934247Z ▶ scripts/tests/unit/task-tracker/lib/trunk-ref.test.mjs ... ok (52ms)
Fast lane (format, lint, unit + integration)	Unit tests	2026-10-03T10:21:36.9934597Z ▶ scripts/tests/unit/task-tracker/lib/trunk-resync-no-desync.test.mjs ... ok (43ms)
Fast lane (format, lint, unit + integration)	Unit tests	2026-10-03T10:21:36.9934948Z ▶ scripts/tests/unit/task-tracker/lib/two-axis-delivery.test.mjs ... ok (86ms)
Fast lane (format, lint, unit + integration)	Unit tests	2026-10-03T10:21:36.9935287Z ▶ scripts/tests/unit/task-tracker/lib/unpark-dependents.test.mjs ... ok (64ms)
Fast lane (format, lint, unit + integration)	Unit tests	2026-10-03T10:21:36.9935626Z ▶ scripts/tests/unit/task-tracker/lib/upstream-report.test.mjs ... ok (45ms)
Fast lane (format, lint, unit + integration)	Unit tests	2026-10-03T10:21:36.9935966Z ▶ scripts/tests/unit/task-tracker/lib/user-story-author.test.mjs ... ok (79ms)
Fast lane (format, lint, unit + integration)	Unit tests	2026-10-03T10:21:36.9936301Z ▶ scripts/tests/unit/task-tracker/lib/user-story-guard.test.mjs ... ok (56ms)
Fast lane (format, lint, unit + integration)	Unit tests	2026-10-03T10:21:36.9936823Z ▶ scripts/tests/unit/task-tracker/lib/user-story-quality.test.mjs ... ok (125ms)
Fast lane (format, lint, unit + integration)	Unit tests	2026-10-03T10:21:36.9937167Z ▶ scripts/tests/unit/task-tracker/lib/vc-authoring.test.mjs ... ok (88ms)
Fast lane (format, lint, unit + integration)	Unit tests	2026-10-03T10:21:36.9937477Z ▶ scripts/tests/unit/task-tracker/lib/vc-id.test.mjs ... ok (45ms)
Fast lane (format, lint, unit + integration)	Unit tests	2026-10-03T10:21:36.9937824Z ▶ scripts/tests/unit/task-tracker/lib/vc-parser-trailing-marker.test.mjs ... ok (62ms)
Fast lane (format, lint, unit + integration)	Unit tests	2026-10-03T10:21:36.9938173Z ▶ scripts/tests/unit/task-tracker/lib/vc-ref-by-id.test.mjs ... ok (47ms)
Fast lane (format, lint, unit + integration)	Unit tests	2026-10-03T10:21:36.9938499Z ▶ scripts/tests/unit/task-tracker/lib/vc-ref-parsing.test.mjs ... ok (27ms)
Fast lane (format, lint, unit + integration)	Unit tests	2026-10-03T10:21:36.9938844Z ▶ scripts/tests/unit/task-tracker/lib/verb-home-state-guard.test.mjs ... ok (52ms)
Fast lane (format, lint, unit + integration)	Unit tests	2026-10-03T10:21:36.9939247Z ▶ scripts/tests/unit/task-tracker/lib/verb-pipeline-enforcement.test.mjs ... ok (906ms)
Fast lane (format, lint, unit + integration)	Unit tests	2026-10-03T10:21:36.9939605Z ▶ scripts/tests/unit/task-tracker/lib/verb-preflight.test.mjs ... ok (115ms)
Fast lane (format, lint, unit + integration)	Unit tests	2026-10-03T10:21:36.9939954Z ▶ scripts/tests/unit/task-tracker/lib/verification-allowlist.test.mjs ... ok (85ms)
Fast lane (format, lint, unit + integration)	Unit tests	2026-10-03T10:21:36.9940465Z ▶ scripts/tests/unit/task-tracker/lib/verification-commands-partition.test.mjs ... ok (39ms)
Fast lane (format, lint, unit + integration)	Unit tests	2026-10-03T10:21:36.9940905Z ▶ scripts/tests/unit/task-tracker/lib/verification-provider-registry.test.mjs ... ok (64ms)
Fast lane (format, lint, unit + integration)	Unit tests	2026-10-03T10:21:36.9941426Z ▶ scripts/tests/unit/task-tracker/lib/verification-receipt-carry-forward.test.mjs ... ok (190ms)
Fast lane (format, lint, unit + integration)	Unit tests	2026-10-03T10:21:36.9941857Z ▶ scripts/tests/unit/task-tracker/lib/verification-receipt-retirement.test.mjs ... ok (107ms)
Fast lane (format, lint, unit + integration)	Unit tests	2026-10-03T10:21:36.9942274Z ▶ scripts/tests/unit/task-tracker/lib/verification-stage-ownership.test.mjs ... ok (160ms)
Fast lane (format, lint, unit + integration)	Unit tests	2026-10-03T10:21:36.9942638Z ▶ scripts/tests/unit/task-tracker/lib/verifier-cache.test.mjs ... ok (182ms)
Fast lane (format, lint, unit + integration)	Unit tests	2026-10-03T10:21:36.9943255Z ▶ scripts/tests/unit/task-tracker/lib/verifier-provenance-sentinel.test.mjs ... ok (86ms)
Fast lane (format, lint, unit + integration)	Unit tests	2026-10-03T10:21:36.9943877Z ▶ scripts/tests/unit/task-tracker/lib/verify-move-invariants.test.mjs ... ok (94ms)
Fast lane (format, lint, unit + integration)	Unit tests	2026-10-03T10:21:36.9944502Z ▶ scripts/tests/unit/task-tracker/lib/versioned-issue-write-core.test.mjs ... ok (48ms)
Fast lane (format, lint, unit + integration)	Unit tests	2026-10-03T10:21:36.9945188Z ▶ scripts/tests/unit/task-tracker/lib/versioned-issue-write-deps-guard.test.mjs ... ok (55ms)
Fast lane (format, lint, unit + integration)	Unit tests	2026-10-03T10:21:36.9946042Z ▶ scripts/tests/unit/task-tracker/lib/versioned-issue-write-deps-stale.test.mjs ... ok (47ms)
Fast lane (format, lint, unit + integration)	Unit tests	2026-10-03T10:21:36.9946858Z ▶ scripts/tests/unit/task-tracker/lib/versioned-issue-write-first-noop.test.mjs ... ok (42ms)
Fast lane (format, lint, unit + integration)	Unit tests	2026-10-03T10:21:36.9947381Z ▶ scripts/tests/unit/task-tracker/lib/versioned-issue-write-pexec.test.mjs ... ok (95ms)
Fast lane (format, lint, unit + integration)	Unit tests	2026-10-03T10:21:36.9947792Z ▶ scripts/tests/unit/task-tracker/lib/versioned-issue-write-repo-flag.test.mjs ... ok (37ms)
Fast lane (format, lint, unit + integration)	Unit tests	2026-10-03T10:21:36.9948178Z ▶ scripts/tests/unit/task-tracker/lib/wave-guard-fail-closed.test.mjs ... ok (80ms)
Fast lane (format, lint, unit + integration)	Unit tests	2026-10-03T10:21:36.9948562Z ▶ scripts/tests/unit/task-tracker/lib/word-accounting-regressions.test.mjs ... ok (100ms)
Fast lane (format, lint, unit + integration)	Unit tests	2026-10-03T10:21:36.9948929Z ▶ scripts/tests/unit/task-tracker/lib/word-counter-codex.test.mjs ... ok (76ms)
Fast lane (format, lint, unit + integration)	Unit tests	2026-10-03T10:21:36.9949312Z ▶ scripts/tests/unit/task-tracker/lib/word-counter-full-expansion.test.mjs ... ok (64ms)
Fast lane (format, lint, unit + integration)	Unit tests	2026-10-03T10:21:36.9949679Z ▶ scripts/tests/unit/task-tracker/lib/word-counter-grok.test.mjs ... ok (67ms)
Fast lane (format, lint, unit + integration)	Unit tests	2026-10-03T10:21:36.9950009Z ▶ scripts/tests/unit/task-tracker/lib/word-counter.test.mjs ... ok (68ms)
Fast lane (format, lint, unit + integration)	Unit tests	2026-10-03T10:21:36.9950361Z ▶ scripts/tests/unit/task-tracker/lib/word-marker-compaction.test.mjs ... ok (83ms)
Fast lane (format, lint, unit + integration)	Unit tests	2026-10-03T10:21:36.9950727Z ▶ scripts/tests/unit/task-tracker/lib/workflow-policy/catalog.test.mjs ... ok (48ms)
Fast lane (format, lint, unit + integration)	Unit tests	2026-10-03T10:21:36.9951101Z ▶ scripts/tests/unit/task-tracker/lib/workflow-policy/enforcement.test.mjs ... ok (86ms)
Fast lane (format, lint, unit + integration)	Unit tests	2026-10-03T10:21:36.9951485Z ▶ scripts/tests/unit/task-tracker/lib/workflow-policy/evaluator.test.mjs ... ok (48ms)
Fast lane (format, lint, unit + integration)	Unit tests	2026-10-03T10:21:36.9951895Z ▶ scripts/tests/unit/task-tracker/lib/workflow-policy/exception-partitions.test.mjs ... ok (138ms)
Fast lane (format, lint, unit + integration)	Unit tests	2026-10-03T10:21:36.9952321Z ▶ scripts/tests/unit/task-tracker/lib/workflow-policy/exception-record.test.mjs ... ok (108ms)
Fast lane (format, lint, unit + integration)	Unit tests	2026-10-03T10:21:36.9952714Z ▶ scripts/tests/unit/task-tracker/lib/worktree-binding-guard.test.mjs ... ok (67ms)
Fast lane (format, lint, unit + integration)	Unit tests	2026-10-03T10:21:36.9953094Z ▶ scripts/tests/unit/task-tracker/lib/worktree-relocation-guard.test.mjs ... ok (88ms)
Fast lane (format, lint, unit + integration)	Unit tests	2026-10-03T10:21:36.9953447Z ▶ scripts/tests/unit/task-tracker/lib/worktree-seed.test.mjs ... ok (183ms)
Fast lane (format, lint, unit + integration)	Unit tests	2026-10-03T10:21:36.9953828Z ▶ scripts/tests/unit/task-tracker/lib/writer-consolidated-declaration.test.mjs ... ok (163ms)
Fast lane (format, lint, unit + integration)	Unit tests	2026-10-03T10:21:36.9954254Z ▶ scripts/tests/unit/task-tracker/maintenance/heal-timing-departure-cli.test.mjs ... ok (184ms)
Fast lane (format, lint, unit + integration)	Unit tests	2026-10-03T10:21:36.9954680Z ▶ scripts/tests/unit/task-tracker/maintenance/heal-timing-interval-cli.test.mjs ... ok (200ms)
Fast lane (format, lint, unit + integration)	Unit tests	2026-10-03T10:21:36.9955145Z ▶ scripts/tests/unit/task-tracker/maintenance/lib/corpus-marker-transforms-read-chain.test.mjs ... ok (84ms)
Fast lane (format, lint, unit + integration)	Unit tests	2026-10-03T10:21:36.9955636Z ▶ scripts/tests/unit/task-tracker/maintenance/lib/corpus-marker-transforms-read-core.test.mjs ... ok (94ms)
Fast lane (format, lint, unit + integration)	Unit tests	2026-10-03T10:21:36.9956107Z ▶ scripts/tests/unit/task-tracker/maintenance/lib/corpus-marker-transforms-write.test.mjs ... ok (80ms)
Fast lane (format, lint, unit + integration)	Unit tests	2026-10-03T10:21:36.9956858Z ▶ scripts/tests/unit/task-tracker/maintenance/lib/heal-stage-rollups.test.mjs ... ok (84ms)
Fast lane (format, lint, unit + integration)	Unit tests	2026-10-03T10:21:36.9957297Z ▶ scripts/tests/unit/task-tracker/maintenance/migrate-markers-corpus-redaction.test.mjs ... ok (82ms)
Fast lane (format, lint, unit + integration)	Unit tests	2026-10-03T10:21:36.9957771Z ▶ scripts/tests/unit/task-tracker/maintenance/migrate-non-demonstrable-tag-position.test.mjs ... ok (35ms)
Fast lane (format, lint, unit + integration)	Unit tests	2026-10-03T10:21:36.9958218Z ▶ scripts/tests/unit/task-tracker/maintenance/rename-estimation-headers.test.mjs ... ok (67ms)
Fast lane (format, lint, unit + integration)	Unit tests	2026-10-03T10:21:36.9958578Z ▶ scripts/tests/unit/task-tracker/merge-back.test.mjs ... ok (176ms)
Fast lane (format, lint, unit + integration)	Unit tests	2026-10-03T10:21:36.9958936Z ▶ scripts/tests/unit/task-tracker/package-lockfile-version-parity.test.mjs ... ok (55ms)
Fast lane (format, lint, unit + integration)	Unit tests	2026-10-03T10:21:36.9959302Z ▶ scripts/tests/unit/task-tracker/states/state-factory.test.mjs ... ok (53ms)
Fast lane (format, lint, unit + integration)	Unit tests	2026-10-03T10:21:36.9959650Z ▶ scripts/tests/unit/task-tracker/states/states-skeleton.test.mjs ... ok (165ms)
Fast lane (format, lint, unit + integration)	Unit tests	2026-10-03T10:21:36.9959980Z ▶ scripts/tests/unit/task-tracker/sync-epic.test.mjs ... ok (174ms)
Fast lane (format, lint, unit + integration)	Unit tests	2026-10-03T10:21:36.9960376Z ▶ scripts/tests/unit/task-tracker/verbs/ac-stamp.test.mjs ... ok (101ms)
Fast lane (format, lint, unit + integration)	Unit tests	2026-10-03T10:21:36.9960700Z ▶ scripts/tests/unit/task-tracker/verbs/action-ledger.test.mjs ... ok (87ms)
Fast lane (format, lint, unit + integration)	Unit tests	2026-10-03T10:21:36.9961034Z ▶ scripts/tests/unit/task-tracker/verbs/approve-core.test.mjs ... ok (516ms)
Fast lane (format, lint, unit + integration)	Unit tests	2026-10-03T10:21:36.9961400Z ▶ scripts/tests/unit/task-tracker/verbs/approve-full-auto-detect.test.mjs ... ok (520ms)
Fast lane (format, lint, unit + integration)	Unit tests	2026-10-03T10:21:36.9961778Z ▶ scripts/tests/unit/task-tracker/verbs/approve-review-notes.test.mjs ... ok (238ms)
Fast lane (format, lint, unit + integration)	Unit tests	2026-10-03T10:21:36.9962155Z ▶ scripts/tests/unit/task-tracker/verbs/approve-timing-boundary.test.mjs ... ok (314ms)
Fast lane (format, lint, unit + integration)	Unit tests	2026-10-03T10:21:36.9962499Z ▶ scripts/tests/unit/task-tracker/verbs/assign.test.mjs ... ok (167ms)
Fast lane (format, lint, unit + integration)	Unit tests	2026-10-03T10:21:36.9962813Z ▶ scripts/tests/unit/task-tracker/verbs/block-verb.test.mjs ... ok (72ms)
Fast lane (format, lint, unit + integration)	Unit tests	2026-10-03T10:21:36.9963167Z ▶ scripts/tests/unit/task-tracker/verbs/board-and-project-guard.test.mjs ... ok (108ms)
Fast lane (format, lint, unit + integration)	Unit tests	2026-10-03T10:21:36.9963549Z ▶ scripts/tests/unit/task-tracker/verbs/check-verb-migration.test.mjs ... ok (148ms)
Fast lane (format, lint, unit + integration)	Unit tests	2026-10-03T10:21:36.9963884Z ▶ scripts/tests/unit/task-tracker/verbs/check.test.mjs ... ok (98ms)
Fast lane (format, lint, unit + integration)	Unit tests	2026-10-03T10:21:36.9964229Z ▶ scripts/tests/unit/task-tracker/verbs/close-authority-refresh.test.mjs ... ok (198ms)
Fast lane (format, lint, unit + integration)	Unit tests	2026-10-03T10:21:36.9964608Z ▶ scripts/tests/unit/task-tracker/verbs/close-binding-cleanup.test.mjs ... ok (195ms)
Fast lane (format, lint, unit + integration)	Unit tests	2026-10-03T10:21:36.9964974Z ▶ scripts/tests/unit/task-tracker/verbs/close-child-refresh.test.mjs ... ok (198ms)
Fast lane (format, lint, unit + integration)	Unit tests	2026-10-03T10:21:36.9965366Z ▶ scripts/tests/unit/task-tracker/verbs/close-converge-audit-emission.test.mjs ... ok (341ms)
Fast lane (format, lint, unit + integration)	Unit tests	2026-10-03T10:21:36.9965797Z ▶ scripts/tests/unit/task-tracker/verbs/close-convergence-wiring-finalize.test.mjs ... ok (325ms)
Fast lane (format, lint, unit + integration)	Unit tests	2026-10-03T10:21:36.9966205Z ▶ scripts/tests/unit/task-tracker/verbs/close-convergence-wiring.test.mjs ... ok (498ms)
Fast lane (format, lint, unit + integration)	Unit tests	2026-10-03T10:21:36.9966773Z ▶ scripts/tests/unit/task-tracker/verbs/close-delivered-idempotence.test.mjs ... ok (1.1s)
Fast lane (format, lint, unit + integration)	Unit tests	2026-10-03T10:21:36.9967177Z ▶ scripts/tests/unit/task-tracker/verbs/close-delivery-gate-input.test.mjs ... ok (216ms)
Fast lane (format, lint, unit + integration)	Unit tests	2026-10-03T10:21:36.9967579Z ▶ scripts/tests/unit/task-tracker/verbs/close-delivery-gate-refusal.test.mjs ... ok (188ms)
Fast lane (format, lint, unit + integration)	Unit tests	2026-10-03T10:21:36.9967966Z ▶ scripts/tests/unit/task-tracker/verbs/close-delivery-receipt.test.mjs ... ok (99ms)
Fast lane (format, lint, unit + integration)	Unit tests	2026-10-03T10:21:36.9968395Z ▶ scripts/tests/unit/task-tracker/verbs/close-false-delivery-recovery-contract.test.mjs ... ok (196ms)
Fast lane (format, lint, unit + integration)	Unit tests	2026-10-03T10:21:36.9968850Z ▶ scripts/tests/unit/task-tracker/verbs/close-false-delivery-recovery-wiring.test.mjs ... ok (294ms)
Fast lane (format, lint, unit + integration)	Unit tests	2026-10-03T10:21:36.9969254Z ▶ scripts/tests/unit/task-tracker/verbs/close-incorporated.test.mjs ... ok (369ms)
Fast lane (format, lint, unit + integration)	Unit tests	2026-10-03T10:21:36.9969636Z ▶ scripts/tests/unit/task-tracker/verbs/close-lifecycle-tick-retry.test.mjs ... ok (198ms)
Fast lane (format, lint, unit + integration)	Unit tests	2026-10-03T10:21:36.9970027Z ▶ scripts/tests/unit/task-tracker/verbs/close-no-commit-delivery.test.mjs ... ok (200ms)
Fast lane (format, lint, unit + integration)	Unit tests	2026-10-03T10:21:36.9970504Z ▶ scripts/tests/unit/task-tracker/verbs/close-occupancy-cleanup.test.mjs ... ok (204ms)
Fast lane (format, lint, unit + integration)	Unit tests	2026-10-03T10:21:36.9970881Z ▶ scripts/tests/unit/task-tracker/verbs/close-pexec-offline.test.mjs ... ok (223ms)
Fast lane (format, lint, unit + integration)	Unit tests	2026-10-03T10:21:36.9971272Z ▶ scripts/tests/unit/task-tracker/verbs/close-projected-guard-refresh.test.mjs ... ok (187ms)
Fast lane (format, lint, unit + integration)	Unit tests	2026-10-03T10:21:36.9971675Z ▶ scripts/tests/unit/task-tracker/verbs/close-reconcile-lifecycle.test.mjs ... ok (320ms)
Fast lane (format, lint, unit + integration)	Unit tests	2026-10-03T10:21:36.9972097Z ▶ scripts/tests/unit/task-tracker/verbs/close-recovery-backed-stale-wiring.test.mjs ... ok (374ms)
Fast lane (format, lint, unit + integration)	Unit tests	2026-10-03T10:21:36.9972528Z ▶ scripts/tests/unit/task-tracker/verbs/close-reopened-recovery-wiring.test.mjs ... ok (356ms)
Fast lane (format, lint, unit + integration)	Unit tests	2026-10-03T10:21:36.9972947Z ▶ scripts/tests/unit/task-tracker/verbs/close-review-authority-wiring.test.mjs ... ok (232ms)
Fast lane (format, lint, unit + integration)	Unit tests	2026-10-03T10:21:36.9973330Z ▶ scripts/tests/unit/task-tracker/verbs/close-strip-labels.test.mjs ... ok (407ms)
Fast lane (format, lint, unit + integration)	Unit tests	2026-10-03T10:21:36.9973663Z ▶ scripts/tests/unit/task-tracker/verbs/comment.test.mjs ... ok (90ms)
Fast lane (format, lint, unit + integration)	Unit tests	2026-10-03T10:21:36.9974005Z ▶ scripts/tests/unit/task-tracker/verbs/commit-trace-verb.test.mjs ... ok (69ms)
Fast lane (format, lint, unit + integration)	Unit tests	2026-10-03T10:21:36.9974438Z ▶ scripts/tests/unit/task-tracker/verbs/coverage-ac-stamp.test.mjs ... ok (127ms)
Fast lane (format, lint, unit + integration)	Unit tests	2026-10-03T10:21:36.9974778Z ▶ scripts/tests/unit/task-tracker/verbs/coverage-auto.test.mjs ... ok (85ms)
Fast lane (format, lint, unit + integration)	Unit tests	2026-10-03T10:21:36.9975133Z ▶ scripts/tests/unit/task-tracker/verbs/coverage-check-verb.test.mjs ... ok (210ms)
Fast lane (format, lint, unit + integration)	Unit tests	2026-10-03T10:21:36.9975478Z ▶ scripts/tests/unit/task-tracker/verbs/coverage-check.test.mjs ... ok (92ms)
Fast lane (format, lint, unit + integration)	Unit tests	2026-10-03T10:21:36.9975836Z ▶ scripts/tests/unit/task-tracker/verbs/coverage-commit-trace.test.mjs ... ok (136ms)
Fast lane (format, lint, unit + integration)	Unit tests	2026-10-03T10:21:36.9976194Z ▶ scripts/tests/unit/task-tracker/verbs/coverage-config.test.mjs ... ok (74ms)
Fast lane (format, lint, unit + integration)	Unit tests	2026-10-03T10:21:36.9976755Z ▶ scripts/tests/unit/task-tracker/verbs/coverage-dod-stamp.test.mjs ... ok (148ms)
Fast lane (format, lint, unit + integration)	Unit tests	2026-10-03T10:21:36.9977207Z ▶ scripts/tests/unit/task-tracker/verbs/coverage-evidence-markers.test.mjs ... ok (145ms)
Fast lane (format, lint, unit + integration)	Unit tests	2026-10-03T10:21:36.9977581Z ▶ scripts/tests/unit/task-tracker/verbs/coverage-fleet.test.mjs ... ok (128ms)
Fast lane (format, lint, unit + integration)	Unit tests	2026-10-03T10:21:36.9977924Z ▶ scripts/tests/unit/task-tracker/verbs/coverage-kind.test.mjs ... ok (153ms)
Fast lane (format, lint, unit + integration)	Unit tests	2026-10-03T10:21:36.9978291Z ▶ scripts/tests/unit/task-tracker/verbs/coverage-mirror-deep-dive.test.mjs ... ok (154ms)
Fast lane (format, lint, unit + integration)	Unit tests	2026-10-03T10:21:36.9978678Z ▶ scripts/tests/unit/task-tracker/verbs/coverage-plan-approve.test.mjs ... ok (385ms)
Fast lane (format, lint, unit + integration)	Unit tests	2026-10-03T10:21:36.9979040Z ▶ scripts/tests/unit/task-tracker/verbs/coverage-promote.test.mjs ... ok (450ms)
Fast lane (format, lint, unit + integration)	Unit tests	2026-10-03T10:21:36.9979384Z ▶ scripts/tests/unit/task-tracker/verbs/coverage-update.test.mjs ... ok (97ms)
Fast lane (format, lint, unit + integration)	Unit tests	2026-10-03T10:21:36.9979742Z ▶ scripts/tests/unit/task-tracker/verbs/deliver-default-deps.test.mjs ... ok (139ms)
Fast lane (format, lint, unit + integration)	Unit tests	2026-10-03T10:21:36.9980145Z ▶ scripts/tests/unit/task-tracker/verbs/deliver-default-squash-recovery.test.mjs ... ok (138ms)
Fast lane (format, lint, unit + integration)	Unit tests	2026-10-03T10:21:36.9980581Z ▶ scripts/tests/unit/task-tracker/verbs/deliver-historical-reconstruction.test.mjs ... ok (214ms)
Fast lane (format, lint, unit + integration)	Unit tests	2026-10-03T10:21:36.9981003Z ▶ scripts/tests/unit/task-tracker/verbs/deliver-lineage-adapter.test.mjs ... ok (115ms)
Fast lane (format, lint, unit + integration)	Unit tests	2026-10-03T10:21:36.9981422Z ▶ scripts/tests/unit/task-tracker/verbs/deliver-merged-source-attribution.test.mjs ... ok (136ms)
Fast lane (format, lint, unit + integration)	Unit tests	2026-10-03T10:21:36.9981845Z ▶ scripts/tests/unit/task-tracker/verbs/deliver-multiple-pr-records.test.mjs ... ok (128ms)
Fast lane (format, lint, unit + integration)	Unit tests	2026-10-03T10:21:36.9982229Z ▶ scripts/tests/unit/task-tracker/verbs/deliver-no-commit.test.mjs ... ok (117ms)
Fast lane (format, lint, unit + integration)	Unit tests	2026-10-03T10:21:36.9982592Z ▶ scripts/tests/unit/task-tracker/verbs/deliver-pr-selection.test.mjs ... ok (146ms)
Fast lane (format, lint, unit + integration)	Unit tests	2026-10-03T10:21:36.9982965Z ▶ scripts/tests/unit/task-tracker/verbs/deliver-reconcile-args.test.mjs ... ok (116ms)
Fast lane (format, lint, unit + integration)	Unit tests	2026-10-03T10:21:36.9983344Z ▶ scripts/tests/unit/task-tracker/verbs/deliver-review-waiver.test.mjs ... ok (135ms)
Fast lane (format, lint, unit + integration)	Unit tests	2026-10-03T10:21:36.9983738Z ▶ scripts/tests/unit/task-tracker/verbs/deliver-single-source-squash.test.mjs ... ok (132ms)
Fast lane (format, lint, unit + integration)	Unit tests	2026-10-03T10:21:36.9984138Z ▶ scripts/tests/unit/task-tracker/verbs/deliver-source-inventory.test.mjs ... ok (147ms)
Fast lane (format, lint, unit + integration)	Unit tests	2026-10-03T10:21:36.9984582Z ▶ scripts/tests/unit/task-tracker/verbs/deliver.test.mjs ... ok (323ms)
Fast lane (format, lint, unit + integration)	Unit tests	2026-10-03T10:21:36.9984920Z ▶ scripts/tests/unit/task-tracker/verbs/demote-inprocess.test.mjs ... ok (221ms)
Fast lane (format, lint, unit + integration)	Unit tests	2026-10-03T10:21:36.9985256Z ▶ scripts/tests/unit/task-tracker/verbs/demote-verb.test.mjs ... ok (215ms)
Fast lane (format, lint, unit + integration)	Unit tests	2026-10-03T10:21:36.9985571Z ▶ scripts/tests/unit/task-tracker/verbs/demote.test.mjs ... ok (232ms)
Fast lane (format, lint, unit + integration)	Unit tests	2026-10-03T10:21:36.9985911Z ▶ scripts/tests/unit/task-tracker/verbs/develop-state-action.test.mjs ... ok (112ms)
Fast lane (format, lint, unit + integration)	Unit tests	2026-10-03T10:21:36.9986277Z ▶ scripts/tests/unit/task-tracker/verbs/dod-stamp-state-gate.test.mjs ... ok (150ms)
Fast lane (format, lint, unit + integration)	Unit tests	2026-10-03T10:21:36.9986848Z ▶ scripts/tests/unit/task-tracker/verbs/ensure-checked.test.mjs ... ok (218ms)
Fast lane (format, lint, unit + integration)	Unit tests	2026-10-03T10:21:36.9987191Z ▶ scripts/tests/unit/task-tracker/verbs/ensure-unchecked.test.mjs ... ok (133ms)
Fast lane (format, lint, unit + integration)	Unit tests	2026-10-03T10:21:36.9987533Z ▶ scripts/tests/unit/task-tracker/verbs/epic-reconcile.test.mjs ... ok (111ms)
Fast lane (format, lint, unit + integration)	Unit tests	2026-10-03T10:21:36.9987898Z ▶ scripts/tests/unit/task-tracker/verbs/fleet-closed-bindings.test.mjs ... ok (71ms)
Fast lane (format, lint, unit + integration)	Unit tests	2026-10-03T10:21:36.9988349Z ▶ scripts/tests/unit/task-tracker/verbs/functional-dod-gate.test.mjs ... ok (88ms)
Fast lane (format, lint, unit + integration)	Unit tests	2026-10-03T10:21:36.9988677Z ▶ scripts/tests/unit/task-tracker/verbs/help.test.mjs ... ok (88ms)
Fast lane (format, lint, unit + integration)	Unit tests	2026-10-03T10:21:36.9989004Z ▶ scripts/tests/unit/task-tracker/verbs/incident-ledger.test.mjs ... ok (125ms)
Fast lane (format, lint, unit + integration)	Unit tests	2026-10-03T10:21:36.9989347Z ▶ scripts/tests/unit/task-tracker/verbs/inflate-estimate.test.mjs ... ok (79ms)
Fast lane (format, lint, unit + integration)	Unit tests	2026-10-03T10:21:36.9989675Z ▶ scripts/tests/unit/task-tracker/verbs/issue-body.test.mjs ... ok (92ms)
Fast lane (format, lint, unit + integration)	Unit tests	2026-10-03T10:21:36.9990030Z ▶ scripts/tests/unit/task-tracker/verbs/migrate-dependencies.test.mjs ... ok (108ms)
Fast lane (format, lint, unit + integration)	Unit tests	2026-10-03T10:21:36.9990400Z ▶ scripts/tests/unit/task-tracker/verbs/move-inprocess-parity.test.mjs ... ok (290ms)
Fast lane (format, lint, unit + integration)	Unit tests	2026-10-03T10:21:36.9990766Z ▶ scripts/tests/unit/task-tracker/verbs/new-help-probe-guard.test.mjs ... ok (86ms)
Fast lane (format, lint, unit + integration)	Unit tests	2026-10-03T10:21:36.9991145Z ▶ scripts/tests/unit/task-tracker/verbs/new-routes-create-issue.test.mjs ... ok (69ms)
Fast lane (format, lint, unit + integration)	Unit tests	2026-10-03T10:21:36.9991478Z ▶ scripts/tests/unit/task-tracker/verbs/new.test.mjs ... ok (78ms)
Fast lane (format, lint, unit + integration)	Unit tests	2026-10-03T10:21:36.9991788Z ▶ scripts/tests/unit/task-tracker/verbs/next-alias.test.mjs ... ok (78ms)
Fast lane (format, lint, unit + integration)	Unit tests	2026-10-03T10:21:36.9992096Z ▶ scripts/tests/unit/task-tracker/verbs/park.test.mjs ... ok (203ms)
Fast lane (format, lint, unit + integration)	Unit tests	2026-10-03T10:21:36.9992437Z ▶ scripts/tests/unit/task-tracker/verbs/plan-approve-collapse.test.mjs ... ok (212ms)
Fast lane (format, lint, unit + integration)	Unit tests	2026-10-03T10:21:36.9992799Z ▶ scripts/tests/unit/task-tracker/verbs/plan-approve-core.test.mjs ... ok (1.1s)
Fast lane (format, lint, unit + integration)	Unit tests	2026-10-03T10:21:36.9993139Z ▶ scripts/tests/unit/task-tracker/verbs/plan-approve.test.mjs ... ok (553ms)
Fast lane (format, lint, unit + integration)	Unit tests	2026-10-03T10:21:36.9993473Z ▶ scripts/tests/unit/task-tracker/verbs/plan-estimate.test.mjs ... ok (143ms)
Fast lane (format, lint, unit + integration)	Unit tests	2026-10-03T10:21:36.9993839Z ▶ scripts/tests/unit/task-tracker/verbs/promote-discuss-refusal.test.mjs ... ok (255ms)
Fast lane (format, lint, unit + integration)	Unit tests	2026-10-03T10:21:36.9994209Z ▶ scripts/tests/unit/task-tracker/verbs/promote-inprocess.test.mjs ... ok (196ms)
Fast lane (format, lint, unit + integration)	Unit tests	2026-10-03T10:21:36.9994632Z ▶ scripts/tests/unit/task-tracker/verbs/promote-review-close-agent-review-gate.test.mjs ... ok (240ms)
Fast lane (format, lint, unit + integration)	Unit tests	2026-10-03T10:21:36.9995051Z ▶ scripts/tests/unit/task-tracker/verbs/promote-spawn-timeout.test.mjs ... ok (188ms)
Fast lane (format, lint, unit + integration)	Unit tests	2026-10-03T10:21:36.9995432Z ▶ scripts/tests/unit/task-tracker/verbs/promote-test-delegation.test.mjs ... ok (239ms)
Fast lane (format, lint, unit + integration)	Unit tests	2026-10-03T10:21:36.9995824Z ▶ scripts/tests/unit/task-tracker/verbs/promote-test-review-alias.test.mjs ... ok (191ms)
Fast lane (format, lint, unit + integration)	Unit tests	2026-10-03T10:21:36.9996233Z ▶ scripts/tests/unit/task-tracker/verbs/promote-test-to-review-gate.test.mjs ... ok (297ms)
Fast lane (format, lint, unit + integration)	Unit tests	2026-10-03T10:21:36.9996758Z ▶ scripts/tests/unit/task-tracker/verbs/pull-next-background-profile.test.mjs ... ok (193ms)
Fast lane (format, lint, unit + integration)	Unit tests	2026-10-03T10:21:36.9997167Z ▶ scripts/tests/unit/task-tracker/verbs/pull-next-close-convergence.test.mjs ... ok (510ms)
Fast lane (format, lint, unit + integration)	Unit tests	2026-10-03T10:21:36.9997543Z ▶ scripts/tests/unit/task-tracker/verbs/pull-next-verb.test.mjs ... ok (293ms)
Fast lane (format, lint, unit + integration)	Unit tests	2026-10-03T10:21:36.9997993Z ▶ scripts/tests/unit/task-tracker/verbs/reconcile-inprocess.test.mjs ... ok (189ms)
Fast lane (format, lint, unit + integration)	Unit tests	2026-10-03T10:21:36.9998372Z ▶ scripts/tests/unit/task-tracker/verbs/reconcile-multistep-walk.test.mjs ... ok (170ms)
Fast lane (format, lint, unit + integration)	Unit tests	2026-10-03T10:21:36.9998741Z ▶ scripts/tests/unit/task-tracker/verbs/reconcile-verb.test.mjs ... ok (238ms)
Fast lane (format, lint, unit + integration)	Unit tests	2026-10-03T10:21:36.9999102Z ▶ scripts/tests/unit/task-tracker/verbs/refine-atomic-rollback.test.mjs ... ok (233ms)
Fast lane (format, lint, unit + integration)	Unit tests	2026-10-03T10:21:36.9999500Z ▶ scripts/tests/unit/task-tracker/verbs/refine-fields-cache-refresh.test.mjs ... ok (188ms)
Fast lane (format, lint, unit + integration)	Unit tests	2026-10-03T10:21:36.9999897Z ▶ scripts/tests/unit/task-tracker/verbs/refine-fresh-body-retry.test.mjs ... ok (175ms)
Fast lane (format, lint, unit + integration)	Unit tests	2026-10-03T10:21:37.0000279Z ▶ scripts/tests/unit/task-tracker/verbs/refine-stage-completion.test.mjs ... ok (360ms)
Fast lane (format, lint, unit + integration)	Unit tests	2026-10-03T10:21:37.0000632Z ▶ scripts/tests/unit/task-tracker/verbs/refine-verb.test.mjs ... ok (222ms)
Fast lane (format, lint, unit + integration)	Unit tests	2026-10-03T10:21:37.0000950Z ▶ scripts/tests/unit/task-tracker/verbs/reject.test.mjs ... ok (110ms)
Fast lane (format, lint, unit + integration)	Unit tests	2026-10-03T10:21:37.0007817Z ▶ scripts/tests/unit/task-tracker/verbs/review-receipt-lane-skip.test.mjs ... ok (57ms)
Fast lane (format, lint, unit + integration)	Unit tests	2026-10-03T10:21:37.0008280Z ▶ scripts/tests/unit/task-tracker/verbs/review-sandbox-demote-slug.test.mjs ... ok (186ms)
Fast lane (format, lint, unit + integration)	Unit tests	2026-10-03T10:21:37.0008788Z ▶ scripts/tests/unit/task-tracker/verbs/review-state-action.test.mjs ... ok (205ms)
Fast lane (format, lint, unit + integration)	Unit tests	2026-10-03T10:21:37.0009164Z ▶ scripts/tests/unit/task-tracker/verbs/review-timing-monotonic.test.mjs ... ok (177ms)
Fast lane (format, lint, unit + integration)	Unit tests	2026-10-03T10:21:37.0009571Z ▶ scripts/tests/unit/task-tracker/verbs/review-unverified-tick-hatch.test.mjs ... ok (189ms)
Fast lane (format, lint, unit + integration)	Unit tests	2026-10-03T10:21:37.0009962Z ▶ scripts/tests/unit/task-tracker/verbs/sandbox-env-isolation.test.mjs ... ok (191ms)
Fast lane (format, lint, unit + integration)	Unit tests	2026-10-03T10:21:37.0010309Z ▶ scripts/tests/unit/task-tracker/verbs/split-plan.test.mjs ... ok (999ms)
Fast lane (format, lint, unit + integration)	Unit tests	2026-10-03T10:21:37.0010687Z ▶ scripts/tests/unit/task-tracker/verbs/state-cursor-promotion-parity.test.mjs ... ok (62ms)
Fast lane (format, lint, unit + integration)	Unit tests	2026-10-03T10:21:37.0011078Z ▶ scripts/tests/unit/task-tracker/verbs/supersede-inprocess.test.mjs ... ok (199ms)
Fast lane (format, lint, unit + integration)	Unit tests	2026-10-03T10:21:37.0011435Z ▶ scripts/tests/unit/task-tracker/verbs/supersede-verb.test.mjs ... ok (169ms)
Fast lane (format, lint, unit + integration)	Unit tests	2026-10-03T10:21:37.0011838Z ▶ scripts/tests/unit/task-tracker/verbs/test-project-provider-npm-ci-args.test.mjs ... ok (198ms)
Fast lane (format, lint, unit + integration)	Unit tests	2026-10-03T10:21:37.0012294Z ▶ scripts/tests/unit/task-tracker/verbs/test-rejected-vc-not-scored-as-failed.test.mjs ... ok (285ms)
Fast lane (format, lint, unit + integration)	Unit tests	2026-10-03T10:21:37.0012696Z ▶ scripts/tests/unit/task-tracker/verbs/test-state-action.test.mjs ... ok (102ms)
Fast lane (format, lint, unit + integration)	Unit tests	2026-10-03T10:21:37.0013080Z ▶ scripts/tests/unit/task-tracker/verbs/test-verb-kind-aware-lanes.test.mjs ... ok (220ms)
Fast lane (format, lint, unit + integration)	Unit tests	2026-10-03T10:21:37.0013499Z ▶ scripts/tests/unit/task-tracker/verbs/test-verb-lane-split-migration.test.mjs ... ok (289ms)
Fast lane (format, lint, unit + integration)	Unit tests	2026-10-03T10:21:37.0013925Z ▶ scripts/tests/unit/task-tracker/verbs/test-verb-sandbox-worktree-path.test.mjs ... ok (193ms)
Fast lane (format, lint, unit + integration)	Unit tests	2026-10-03T10:21:37.0014292Z ▶ scripts/tests/unit/task-tracker/verbs/unassign.test.mjs ... ok (174ms)
Fast lane (format, lint, unit + integration)	Unit tests	2026-10-03T10:21:37.0014618Z ▶ scripts/tests/unit/task-tracker/verbs/user-story.test.mjs ... ok (104ms)
Fast lane (format, lint, unit + integration)	Unit tests	2026-10-03T10:21:37.0014966Z ▶ scripts/tests/unit/task-tracker/verbs/verb-discover-help.test.mjs ... ok (79ms)
Fast lane (format, lint, unit + integration)	Unit tests	2026-10-03T10:21:37.0015325Z ▶ scripts/tests/unit/task-tracker/verbs/verb-plan-promote.test.mjs ... ok (178ms)
Fast lane (format, lint, unit + integration)	Unit tests	2026-10-03T10:21:37.0015693Z ▶ scripts/tests/unit/task-tracker/verbs/verb-test-sandbox-env.test.mjs ... ok (234ms)
Fast lane (format, lint, unit + integration)	Unit tests	2026-10-03T10:21:37.0016037Z ▶ scripts/tests/unit/tools/compare-test-fixtures.test.mjs ... ok (84ms)
Fast lane (format, lint, unit + integration)	Unit tests	2026-10-03T10:21:37.0016365Z ▶ scripts/tests/unit/tools/coverage-threshold-parse.test.mjs ... ok (68ms)
Fast lane (format, lint, unit + integration)	Unit tests	2026-10-03T10:21:37.0016728Z 
Fast lane (format, lint, unit + integration)	Unit tests	2026-10-03T10:21:37.0017341Z ▶ scheduling: 902 pure unit file(s) at pool concurrency 3 (peak 3); 39 direct-subprocess file(s) at pool concurrency 2 (peak 2); 0 explicit-safe slow file(s) at pool concurrency 2 (peak 0); 0 explicit-unsafe/integration/unmarked-slow file(s) serial
Fast lane (format, lint, unit + integration)	Unit tests	2026-10-03T10:21:37.0018049Z 
Fast lane (format, lint, unit + integration)	Unit tests	2026-10-03T10:21:37.0018129Z 1 of 941 test file(s) failed:
Fast lane (format, lint, unit + integration)	Unit tests	2026-10-03T10:21:37.0018227Z 
Fast lane (format, lint, unit + integration)	Unit tests	2026-10-03T10:21:37.0018411Z ── scripts/tests/unit/task-tracker/core/package-boundary.test.mjs ──
Fast lane (format, lint, unit + integration)	Unit tests	2026-10-03T10:21:37.0018822Z ✔ package-boundary: no test files are packed (1055.771248ms)
Fast lane (format, lint, unit + integration)	Unit tests	2026-10-03T10:21:37.0019137Z ✔ package-boundary: excluded directories do not reappear (0.415267ms)
Fast lane (format, lint, unit + integration)	Unit tests	2026-10-03T10:21:37.0019460Z ✔ package-boundary: ships the exact docs/introduction/ set (0.312742ms)
Fast lane (format, lint, unit + integration)	Unit tests	2026-10-03T10:21:37.0019808Z ✔ package-boundary: shipped README has no dead docs/introduction link (0.380104ms)
Fast lane (format, lint, unit + integration)	Unit tests	2026-10-03T10:21:37.0020155Z ✖ package-boundary: total entry count stays under the ceiling (0.699217ms)
Fast lane (format, lint, unit + integration)	Unit tests	2026-10-03T10:21:37.0020512Z ✔ package-boundary: development-only context calibration is not shipped (0.238501ms)
Fast lane (format, lint, unit + integration)	Unit tests	2026-10-03T10:21:37.0020852Z ✔ package-boundary: runtime entry points are still shipped (0.141665ms)
Fast lane (format, lint, unit + integration)	Unit tests	2026-10-03T10:21:37.0021218Z ✔ package-boundary: production parser and guidance release guard are declared (0.394846ms)
Fast lane (format, lint, unit + integration)	Unit tests	2026-10-03T10:21:37.0021601Z ✔ package-boundary: tag and explicit release CI retain the B2 consumer gate (0.291581ms)
Fast lane (format, lint, unit + integration)	Unit tests	2026-10-03T10:21:37.0021844Z ℹ tests 9
Fast lane (format, lint, unit + integration)	Unit tests	2026-10-03T10:21:37.0021960Z ℹ suites 0
Fast lane (format, lint, unit + integration)	Unit tests	2026-10-03T10:21:37.0022081Z ℹ pass 8
Fast lane (format, lint, unit + integration)	Unit tests	2026-10-03T10:21:37.0022279Z ℹ fail 1
Fast lane (format, lint, unit + integration)	Unit tests	2026-10-03T10:21:37.0022394Z ℹ cancelled 0
Fast lane (format, lint, unit + integration)	Unit tests	2026-10-03T10:21:37.0022518Z ℹ skipped 0
Fast lane (format, lint, unit + integration)	Unit tests	2026-10-03T10:21:37.0022632Z ℹ todo 0
Fast lane (format, lint, unit + integration)	Unit tests	2026-10-03T10:21:37.0022767Z ℹ duration_ms 1063.737548
Fast lane (format, lint, unit + integration)	Unit tests	2026-10-03T10:21:37.0022851Z 
Fast lane (format, lint, unit + integration)	Unit tests	2026-10-03T10:21:37.0022915Z ✖ failing tests:
Fast lane (format, lint, unit + integration)	Unit tests	2026-10-03T10:21:37.0022983Z 
Fast lane (format, lint, unit + integration)	Unit tests	2026-10-03T10:21:37.0023154Z test at scripts/tests/unit/task-tracker/core/package-boundary.test.mjs:219:1
Fast lane (format, lint, unit + integration)	Unit tests	2026-10-03T10:21:37.0023492Z ✖ package-boundary: total entry count stays under the ceiling (0.699217ms)
Fast lane (format, lint, unit + integration)	Unit tests	2026-10-03T10:21:37.0024001Z   AssertionError [ERR_ASSERTION]: packed entry count 895 exceeds ceiling 880; the package surface grew — confirm intentional and raise the ceiling, or prune.
Fast lane (format, lint, unit + integration)	Unit tests	2026-10-03T10:21:37.0024641Z       at TestContext.<anonymous> (file:///home/runner/work/ai-task-manager/ai-task-manager/scripts/tests/unit/task-tracker/core/package-boundary.test.mjs:384:10)
Fast lane (format, lint, unit + integration)	Unit tests	2026-10-03T10:21:37.0025044Z       at Test.runInAsyncScope (node:async_hooks:227:14)
Fast lane (format, lint, unit + integration)	Unit tests	2026-10-03T10:21:37.0025262Z       at Test.run (node:internal/test_runner/test:1402:25)
Fast lane (format, lint, unit + integration)	Unit tests	2026-10-03T10:21:37.0025513Z       at Test.processPendingSubtests (node:internal/test_runner/test:974:18)
Fast lane (format, lint, unit + integration)	Unit tests	2026-10-03T10:21:37.0025765Z       at Test.postRun (node:internal/test_runner/test:1542:19)
Fast lane (format, lint, unit + integration)	Unit tests	2026-10-03T10:21:37.0025983Z       at Test.run (node:internal/test_runner/test:1467:12)
Fast lane (format, lint, unit + integration)	Unit tests	2026-10-03T10:21:37.0026239Z       at async Test.processPendingSubtests (node:internal/test_runner/test:974:7) {
Fast lane (format, lint, unit + integration)	Unit tests	2026-10-03T10:21:37.0026577Z     generatedMessage: false,
Fast lane (format, lint, unit + integration)	Unit tests	2026-10-03T10:21:37.0026722Z     code: 'ERR_ASSERTION',
Fast lane (format, lint, unit + integration)	Unit tests	2026-10-03T10:21:37.0026852Z     actual: false,
Fast lane (format, lint, unit + integration)	Unit tests	2026-10-03T10:21:37.0026971Z     expected: true,
Fast lane (format, lint, unit + integration)	Unit tests	2026-10-03T10:21:37.0027090Z     operator: '==',
Fast lane (format, lint, unit + integration)	Unit tests	2026-10-03T10:21:37.0027206Z     diff: 'simple'
Fast lane (format, lint, unit + integration)	Unit tests	2026-10-03T10:21:37.0027318Z   }
Fast lane (format, lint, unit + integration)	Unit tests	2026-10-03T10:21:37.0027378Z 
Fast lane (format, lint, unit + integration)	Unit tests	2026-10-03T10:21:37.0034426Z ##[error]Process completed with exit code 1.
npm 11.8.0 / Node 24 pack compatibility	UNKNOWN STEP	﻿2026-10-03T10:21:42.9188446Z Current runner version: '2.337.0'
npm 11.8.0 / Node 24 pack compatibility	UNKNOWN STEP	2026-10-03T10:21:42.9211031Z ##[group]Runner Image Provisioner
npm 11.8.0 / Node 24 pack compatibility	UNKNOWN STEP	2026-10-03T10:21:42.9212004Z Hosted Compute Agent
npm 11.8.0 / Node 24 pack compatibility	UNKNOWN STEP	2026-10-03T10:21:42.9212647Z Version: 20260901.588
npm 11.8.0 / Node 24 pack compatibility	UNKNOWN STEP	2026-10-03T10:21:42.9213221Z Commit: f88ec8081b781fac6c440065ac7ff9e710ce3d0b
npm 11.8.0 / Node 24 pack compatibility	UNKNOWN STEP	2026-10-03T10:21:42.9213926Z Build Date: 2026-09-01T19:56:44Z
npm 11.8.0 / Node 24 pack compatibility	UNKNOWN STEP	2026-10-03T10:21:42.9214582Z Worker ID: {2d018ac1-d750-4c7c-8a7d-afddebe2e34e}
npm 11.8.0 / Node 24 pack compatibility	UNKNOWN STEP	2026-10-03T10:21:42.9215230Z Azure Region: westus3
npm 11.8.0 / Node 24 pack compatibility	UNKNOWN STEP	2026-10-03T10:21:42.9215774Z ##[endgroup]
npm 11.8.0 / Node 24 pack compatibility	UNKNOWN STEP	2026-10-03T10:21:42.9217082Z ##[group]Operating System
npm 11.8.0 / Node 24 pack compatibility	UNKNOWN STEP	2026-10-03T10:21:42.9217755Z Ubuntu
npm 11.8.0 / Node 24 pack compatibility	UNKNOWN STEP	2026-10-03T10:21:42.9218269Z 24.04.5
npm 11.8.0 / Node 24 pack compatibility	UNKNOWN STEP	2026-10-03T10:21:42.9218734Z LTS
npm 11.8.0 / Node 24 pack compatibility	UNKNOWN STEP	2026-10-03T10:21:42.9219235Z ##[endgroup]
npm 11.8.0 / Node 24 pack compatibility	UNKNOWN STEP	2026-10-03T10:21:42.9219731Z ##[group]Runner Image
npm 11.8.0 / Node 24 pack compatibility	UNKNOWN STEP	2026-10-03T10:21:42.9220267Z Image: ubuntu-24.04
npm 11.8.0 / Node 24 pack compatibility	UNKNOWN STEP	2026-10-03T10:21:42.9220847Z Version: 20260927.320.1
npm 11.8.0 / Node 24 pack compatibility	UNKNOWN STEP	2026-10-03T10:21:42.9222129Z Included Software: https://github.com/actions/runner-images/blob/ubuntu24/20260927.320/images/ubuntu/Ubuntu2404-Readme.md
npm 11.8.0 / Node 24 pack compatibility	UNKNOWN STEP	2026-10-03T10:21:42.9223571Z Image Release: https://github.com/actions/runner-images/releases/tag/ubuntu24%2F20260927.320
npm 11.8.0 / Node 24 pack compatibility	UNKNOWN STEP	2026-10-03T10:21:42.9224413Z ##[endgroup]
npm 11.8.0 / Node 24 pack compatibility	UNKNOWN STEP	2026-10-03T10:21:42.9225484Z ##[group]GITHUB_TOKEN Permissions
npm 11.8.0 / Node 24 pack compatibility	UNKNOWN STEP	2026-10-03T10:21:42.9227332Z Contents: read
npm 11.8.0 / Node 24 pack compatibility	UNKNOWN STEP	2026-10-03T10:21:42.9228028Z Metadata: read
npm 11.8.0 / Node 24 pack compatibility	UNKNOWN STEP	2026-10-03T10:21:42.9228581Z ##[endgroup]
npm 11.8.0 / Node 24 pack compatibility	UNKNOWN STEP	2026-10-03T10:21:42.9230652Z Secret source: Actions
npm 11.8.0 / Node 24 pack compatibility	UNKNOWN STEP	2026-10-03T10:21:42.9231475Z Cache mode: write
npm 11.8.0 / Node 24 pack compatibility	UNKNOWN STEP	2026-10-03T10:21:42.9232447Z Prepare workflow directory
npm 11.8.0 / Node 24 pack compatibility	UNKNOWN STEP	2026-10-03T10:21:42.9594370Z Prepare all required actions
npm 11.8.0 / Node 24 pack compatibility	UNKNOWN STEP	2026-10-03T10:21:42.9642957Z Getting action download info
npm 11.8.0 / Node 24 pack compatibility	UNKNOWN STEP	2026-10-03T10:21:43.2725516Z Download action repository 'actions/checkout@v5' (SHA:fbc6f3992d24b796d5a048ff273f7fcc4a7b6c09)
npm 11.8.0 / Node 24 pack compatibility	UNKNOWN STEP	2026-10-03T10:21:43.3498126Z Download action repository 'actions/setup-node@v5' (SHA:a0853c24544627f65ddf259abe73b1d18a591444)
npm 11.8.0 / Node 24 pack compatibility	UNKNOWN STEP	2026-10-03T10:21:43.5141729Z Complete job name: npm 11.8.0 / Node 24 pack compatibility
npm 11.8.0 / Node 24 pack compatibility	UNKNOWN STEP	2026-10-03T10:21:43.5853733Z ##[group]Run actions/checkout@v5
npm 11.8.0 / Node 24 pack compatibility	UNKNOWN STEP	2026-10-03T10:21:43.5854510Z with:
npm 11.8.0 / Node 24 pack compatibility	UNKNOWN STEP	2026-10-03T10:21:43.5854933Z   repository: kburson/ai-task-manager
npm 11.8.0 / Node 24 pack compatibility	UNKNOWN STEP	2026-10-03T10:21:43.5858742Z   token: ***
npm 11.8.0 / Node 24 pack compatibility	UNKNOWN STEP	2026-10-03T10:21:43.5859144Z   ssh-strict: true
npm 11.8.0 / Node 24 pack compatibility	UNKNOWN STEP	2026-10-03T10:21:43.5859556Z   ssh-user: git
npm 11.8.0 / Node 24 pack compatibility	UNKNOWN STEP	2026-10-03T10:21:43.5859976Z   persist-credentials: true
npm 11.8.0 / Node 24 pack compatibility	UNKNOWN STEP	2026-10-03T10:21:43.5860429Z   clean: true
npm 11.8.0 / Node 24 pack compatibility	UNKNOWN STEP	2026-10-03T10:21:43.5860854Z   sparse-checkout-cone-mode: true
npm 11.8.0 / Node 24 pack compatibility	UNKNOWN STEP	2026-10-03T10:21:43.5861350Z   fetch-depth: 1
npm 11.8.0 / Node 24 pack compatibility	UNKNOWN STEP	2026-10-03T10:21:43.5862108Z   fetch-tags: false
npm 11.8.0 / Node 24 pack compatibility	UNKNOWN STEP	2026-10-03T10:21:43.5862520Z   show-progress: true
npm 11.8.0 / Node 24 pack compatibility	UNKNOWN STEP	2026-10-03T10:21:43.5862910Z   lfs: false
npm 11.8.0 / Node 24 pack compatibility	UNKNOWN STEP	2026-10-03T10:21:43.5863272Z   submodules: false
npm 11.8.0 / Node 24 pack compatibility	UNKNOWN STEP	2026-10-03T10:21:43.5863679Z   set-safe-directory: true
npm 11.8.0 / Node 24 pack compatibility	UNKNOWN STEP	2026-10-03T10:21:43.5864131Z   allow-unsafe-pr-checkout: false
npm 11.8.0 / Node 24 pack compatibility	UNKNOWN STEP	2026-10-03T10:21:43.5864856Z env:
npm 11.8.0 / Node 24 pack compatibility	UNKNOWN STEP	2026-10-03T10:21:43.5865257Z   GIT_AUTHOR_NAME: kendrick burson
npm 11.8.0 / Node 24 pack compatibility	UNKNOWN STEP	2026-10-03T10:21:43.5865769Z   GIT_AUTHOR_EMAIL: kpburson@pm.me
npm 11.8.0 / Node 24 pack compatibility	UNKNOWN STEP	2026-10-03T10:21:43.5866315Z   GIT_COMMITTER_NAME: kendrick burson
npm 11.8.0 / Node 24 pack compatibility	UNKNOWN STEP	2026-10-03T10:21:43.5866827Z   GIT_COMMITTER_EMAIL: kpburson@pm.me
npm 11.8.0 / Node 24 pack compatibility	UNKNOWN STEP	2026-10-03T10:21:43.5867324Z ##[endgroup]
npm 11.8.0 / Node 24 pack compatibility	UNKNOWN STEP	2026-10-03T10:21:43.6814721Z Syncing repository: kburson/ai-task-manager
npm 11.8.0 / Node 24 pack compatibility	UNKNOWN STEP	2026-10-03T10:21:43.6817027Z ##[group]Getting Git version info
npm 11.8.0 / Node 24 pack compatibility	UNKNOWN STEP	2026-10-03T10:21:43.6817971Z Working directory is '/home/runner/work/ai-task-manager/ai-task-manager'
npm 11.8.0 / Node 24 pack compatibility	UNKNOWN STEP	2026-10-03T10:21:43.6819054Z [command]/usr/bin/git version
npm 11.8.0 / Node 24 pack compatibility	UNKNOWN STEP	2026-10-03T10:21:43.6891434Z git version 2.55.0
npm 11.8.0 / Node 24 pack compatibility	UNKNOWN STEP	2026-10-03T10:21:43.6914794Z ##[endgroup]
npm 11.8.0 / Node 24 pack compatibility	UNKNOWN STEP	2026-10-03T10:21:43.6930600Z Temporarily overriding HOME='/home/runner/work/_temp/9ad36eca-b8cb-4f19-84ad-b8624325a7d0' before making global git config changes
npm 11.8.0 / Node 24 pack compatibility	UNKNOWN STEP	2026-10-03T10:21:43.6932769Z Adding repository directory to the temporary git global config as a safe directory
npm 11.8.0 / Node 24 pack compatibility	UNKNOWN STEP	2026-10-03T10:21:43.6937603Z [command]/usr/bin/git config --global --add safe.directory /home/runner/work/ai-task-manager/ai-task-manager
npm 11.8.0 / Node 24 pack compatibility	UNKNOWN STEP	2026-10-03T10:21:43.6989004Z Deleting the contents of '/home/runner/work/ai-task-manager/ai-task-manager'
npm 11.8.0 / Node 24 pack compatibility	UNKNOWN STEP	2026-10-03T10:21:43.6994648Z ##[group]Initializing the repository
npm 11.8.0 / Node 24 pack compatibility	UNKNOWN STEP	2026-10-03T10:21:43.7000450Z [command]/usr/bin/git init /home/runner/work/ai-task-manager/ai-task-manager
npm 11.8.0 / Node 24 pack compatibility	UNKNOWN STEP	2026-10-03T10:21:43.7097514Z hint: Using 'master' as the name for the initial branch. This default branch name
npm 11.8.0 / Node 24 pack compatibility	UNKNOWN STEP	2026-10-03T10:21:43.7099298Z hint: will change to "main" in Git 3.0. To configure the initial branch name
npm 11.8.0 / Node 24 pack compatibility	UNKNOWN STEP	2026-10-03T10:21:43.7100947Z hint: to use in all of your new repositories, which will suppress this warning,
npm 11.8.0 / Node 24 pack compatibility	UNKNOWN STEP	2026-10-03T10:21:43.7102333Z hint: call:
npm 11.8.0 / Node 24 pack compatibility	UNKNOWN STEP	2026-10-03T10:21:43.7103054Z hint:
npm 11.8.0 / Node 24 pack compatibility	UNKNOWN STEP	2026-10-03T10:21:43.7103928Z hint: 	git config --global init.defaultBranch <name>
npm 11.8.0 / Node 24 pack compatibility	UNKNOWN STEP	2026-10-03T10:21:43.7104999Z hint:
npm 11.8.0 / Node 24 pack compatibility	UNKNOWN STEP	2026-10-03T10:21:43.7106004Z hint: Names commonly chosen instead of 'master' are 'main', 'trunk' and
npm 11.8.0 / Node 24 pack compatibility	UNKNOWN STEP	2026-10-03T10:21:43.7107639Z hint: 'development'. The just-created branch can be renamed via this command:
npm 11.8.0 / Node 24 pack compatibility	UNKNOWN STEP	2026-10-03T10:21:43.7108954Z hint:
npm 11.8.0 / Node 24 pack compatibility	UNKNOWN STEP	2026-10-03T10:21:43.7109682Z hint: 	git branch -m <name>
npm 11.8.0 / Node 24 pack compatibility	UNKNOWN STEP	2026-10-03T10:21:43.7110554Z hint:
npm 11.8.0 / Node 24 pack compatibility	UNKNOWN STEP	2026-10-03T10:21:43.7111788Z hint: Disable this message with "git config set advice.defaultBranchName false"
npm 11.8.0 / Node 24 pack compatibility	UNKNOWN STEP	2026-10-03T10:21:43.7115577Z Initialized empty Git repository in /home/runner/work/ai-task-manager/ai-task-manager/.git/
npm 11.8.0 / Node 24 pack compatibility	UNKNOWN STEP	2026-10-03T10:21:43.7131453Z [command]/usr/bin/git remote add origin https://github.com/kburson/ai-task-manager
npm 11.8.0 / Node 24 pack compatibility	UNKNOWN STEP	2026-10-03T10:21:43.7166244Z ##[endgroup]
npm 11.8.0 / Node 24 pack compatibility	UNKNOWN STEP	2026-10-03T10:21:43.7167536Z ##[group]Disabling automatic garbage collection
npm 11.8.0 / Node 24 pack compatibility	UNKNOWN STEP	2026-10-03T10:21:43.7169897Z [command]/usr/bin/git config --local gc.auto 0
npm 11.8.0 / Node 24 pack compatibility	UNKNOWN STEP	2026-10-03T10:21:43.7196546Z ##[endgroup]
npm 11.8.0 / Node 24 pack compatibility	UNKNOWN STEP	2026-10-03T10:21:43.7197789Z ##[group]Setting up auth
npm 11.8.0 / Node 24 pack compatibility	UNKNOWN STEP	2026-10-03T10:21:43.7203520Z [command]/usr/bin/git config --local --name-only --get-regexp core\.sshCommand
npm 11.8.0 / Node 24 pack compatibility	UNKNOWN STEP	2026-10-03T10:21:43.7232604Z [command]/usr/bin/git submodule foreach --recursive sh -c "git config --local --name-only --get-regexp 'core\.sshCommand' && git config --local --unset-all 'core.sshCommand' || :"
npm 11.8.0 / Node 24 pack compatibility	UNKNOWN STEP	2026-10-03T10:21:43.7547075Z [command]/usr/bin/git config --local --name-only --get-regexp http\.https\:\/\/github\.com\/\.extraheader
npm 11.8.0 / Node 24 pack compatibility	UNKNOWN STEP	2026-10-03T10:21:43.7580479Z [command]/usr/bin/git submodule foreach --recursive sh -c "git config --local --name-only --get-regexp 'http\.https\:\/\/github\.com\/\.extraheader' && git config --local --unset-all 'http.https://github.com/.extraheader' || :"
npm 11.8.0 / Node 24 pack compatibility	UNKNOWN STEP	2026-10-03T10:21:43.7791458Z [command]/usr/bin/git config --local --name-only --get-regexp ^includeIf\.gitdir:
npm 11.8.0 / Node 24 pack compatibility	UNKNOWN STEP	2026-10-03T10:21:43.7836831Z [command]/usr/bin/git submodule foreach --recursive git config --local --show-origin --name-only --get-regexp remote.origin.url
npm 11.8.0 / Node 24 pack compatibility	UNKNOWN STEP	2026-10-03T10:21:43.8012665Z [command]/usr/bin/git config --local http.https://github.com/.extraheader AUTHORIZATION: basic ***
npm 11.8.0 / Node 24 pack compatibility	UNKNOWN STEP	2026-10-03T10:21:43.8045648Z ##[endgroup]
npm 11.8.0 / Node 24 pack compatibility	UNKNOWN STEP	2026-10-03T10:21:43.8046407Z ##[group]Fetching the repository
npm 11.8.0 / Node 24 pack compatibility	UNKNOWN STEP	2026-10-03T10:21:43.8054651Z [command]/usr/bin/git -c protocol.version=2 fetch --no-tags --prune --no-recurse-submodules --depth=1 origin +52b738cc8ee8c674ccb96676610ca9d349895fe1:refs/remotes/pull/1871/merge
npm 11.8.0 / Node 24 pack compatibility	UNKNOWN STEP	2026-10-03T10:21:46.0711845Z From https://github.com/kburson/ai-task-manager
npm 11.8.0 / Node 24 pack compatibility	UNKNOWN STEP	2026-10-03T10:21:46.0713673Z  * [new ref]         52b738cc8ee8c674ccb96676610ca9d349895fe1 -> pull/1871/merge
npm 11.8.0 / Node 24 pack compatibility	UNKNOWN STEP	2026-10-03T10:21:46.0716150Z ##[endgroup]
npm 11.8.0 / Node 24 pack compatibility	UNKNOWN STEP	2026-10-03T10:21:46.0717384Z ##[group]Determining the checkout info
npm 11.8.0 / Node 24 pack compatibility	UNKNOWN STEP	2026-10-03T10:21:46.0718374Z ##[endgroup]
npm 11.8.0 / Node 24 pack compatibility	UNKNOWN STEP	2026-10-03T10:21:46.0722866Z [command]/usr/bin/git sparse-checkout disable
npm 11.8.0 / Node 24 pack compatibility	UNKNOWN STEP	2026-10-03T10:21:46.0766896Z [command]/usr/bin/git config --local --unset-all extensions.worktreeConfig
npm 11.8.0 / Node 24 pack compatibility	UNKNOWN STEP	2026-10-03T10:21:46.0799666Z ##[group]Checking out the ref
npm 11.8.0 / Node 24 pack compatibility	UNKNOWN STEP	2026-10-03T10:21:46.0802514Z [command]/usr/bin/git checkout --progress --force refs/remotes/pull/1871/merge
npm 11.8.0 / Node 24 pack compatibility	UNKNOWN STEP	2026-10-03T10:21:46.3175280Z Note: switching to 'refs/remotes/pull/1871/merge'.
npm 11.8.0 / Node 24 pack compatibility	UNKNOWN STEP	2026-10-03T10:21:46.3176880Z 
npm 11.8.0 / Node 24 pack compatibility	UNKNOWN STEP	2026-10-03T10:21:46.3177857Z You are in 'detached HEAD' state. You can look around, make experimental
npm 11.8.0 / Node 24 pack compatibility	UNKNOWN STEP	2026-10-03T10:21:46.3179785Z changes and commit them, and you can discard any commits you make in this
npm 11.8.0 / Node 24 pack compatibility	UNKNOWN STEP	2026-10-03T10:21:46.3182285Z state without impacting any branches by switching back to a branch.
npm 11.8.0 / Node 24 pack compatibility	UNKNOWN STEP	2026-10-03T10:21:46.3183908Z 
npm 11.8.0 / Node 24 pack compatibility	UNKNOWN STEP	2026-10-03T10:21:46.3184669Z If you want to create a new branch to retain commits you create, you may
npm 11.8.0 / Node 24 pack compatibility	UNKNOWN STEP	2026-10-03T10:21:46.3186357Z do so (now or later) by using -c with the switch command. Example:
npm 11.8.0 / Node 24 pack compatibility	UNKNOWN STEP	2026-10-03T10:21:46.3187337Z 
npm 11.8.0 / Node 24 pack compatibility	UNKNOWN STEP	2026-10-03T10:21:46.3187758Z   git switch -c <new-branch-name>
npm 11.8.0 / Node 24 pack compatibility	UNKNOWN STEP	2026-10-03T10:21:46.3188585Z 
npm 11.8.0 / Node 24 pack compatibility	UNKNOWN STEP	2026-10-03T10:21:46.3189100Z Or undo this operation with:
npm 11.8.0 / Node 24 pack compatibility	UNKNOWN STEP	2026-10-03T10:21:46.3189731Z 
npm 11.8.0 / Node 24 pack compatibility	UNKNOWN STEP	2026-10-03T10:21:46.3190078Z   git switch -
npm 11.8.0 / Node 24 pack compatibility	UNKNOWN STEP	2026-10-03T10:21:46.3190565Z 
npm 11.8.0 / Node 24 pack compatibility	UNKNOWN STEP	2026-10-03T10:21:46.3191440Z Turn off this advice by setting config variable advice.detachedHead to false
npm 11.8.0 / Node 24 pack compatibility	UNKNOWN STEP	2026-10-03T10:21:46.3192816Z 
npm 11.8.0 / Node 24 pack compatibility	UNKNOWN STEP	2026-10-03T10:21:46.3194252Z HEAD is now at 52b738c Merge dd6a9469ce6fdc149ee0a6d82f0a62fe742189c8 into 171c7d93866f67b58effa635be5ae737f54ef9eb
npm 11.8.0 / Node 24 pack compatibility	UNKNOWN STEP	2026-10-03T10:21:46.3198532Z ##[endgroup]
npm 11.8.0 / Node 24 pack compatibility	UNKNOWN STEP	2026-10-03T10:21:46.3222797Z [command]/usr/bin/git log -1 --format=%H
npm 11.8.0 / Node 24 pack compatibility	UNKNOWN STEP	2026-10-03T10:21:46.3243350Z 52b738cc8ee8c674ccb96676610ca9d349895fe1
npm 11.8.0 / Node 24 pack compatibility	UNKNOWN STEP	2026-10-03T10:21:46.3612739Z ##[group]Run actions/setup-node@v5
npm 11.8.0 / Node 24 pack compatibility	UNKNOWN STEP	2026-10-03T10:21:46.3613942Z with:
npm 11.8.0 / Node 24 pack compatibility	UNKNOWN STEP	2026-10-03T10:21:46.3614859Z   node-version: 24
npm 11.8.0 / Node 24 pack compatibility	UNKNOWN STEP	2026-10-03T10:21:46.3615801Z   cache: npm
npm 11.8.0 / Node 24 pack compatibility	UNKNOWN STEP	2026-10-03T10:21:46.3616715Z   always-auth: false
npm 11.8.0 / Node 24 pack compatibility	UNKNOWN STEP	2026-10-03T10:21:46.3617708Z   check-latest: false
npm 11.8.0 / Node 24 pack compatibility	UNKNOWN STEP	2026-10-03T10:21:46.3627928Z   token: ***
npm 11.8.0 / Node 24 pack compatibility	UNKNOWN STEP	2026-10-03T10:21:46.3628958Z   package-manager-cache: true
npm 11.8.0 / Node 24 pack compatibility	UNKNOWN STEP	2026-10-03T10:21:46.3630084Z env:
npm 11.8.0 / Node 24 pack compatibility	UNKNOWN STEP	2026-10-03T10:21:46.3630986Z   GIT_AUTHOR_NAME: kendrick burson
npm 11.8.0 / Node 24 pack compatibility	UNKNOWN STEP	2026-10-03T10:21:46.3632244Z   GIT_AUTHOR_EMAIL: kpburson@pm.me
npm 11.8.0 / Node 24 pack compatibility	UNKNOWN STEP	2026-10-03T10:21:46.3633456Z   GIT_COMMITTER_NAME: kendrick burson
npm 11.8.0 / Node 24 pack compatibility	UNKNOWN STEP	2026-10-03T10:21:46.3634706Z   GIT_COMMITTER_EMAIL: kpburson@pm.me
npm 11.8.0 / Node 24 pack compatibility	UNKNOWN STEP	2026-10-03T10:21:46.3635870Z ##[endgroup]
npm 11.8.0 / Node 24 pack compatibility	UNKNOWN STEP	2026-10-03T10:21:46.5052135Z Found in cache @ /opt/hostedtoolcache/node/24.21.0/x64
npm 11.8.0 / Node 24 pack compatibility	UNKNOWN STEP	2026-10-03T10:21:46.5056657Z (node:2287) [DEP0040] DeprecationWarning: The `punycode` module is deprecated. Please use a userland alternative instead.
npm 11.8.0 / Node 24 pack compatibility	UNKNOWN STEP	2026-10-03T10:21:46.5059754Z (Use `node --trace-deprecation ...` to show where the warning was created)
npm 11.8.0 / Node 24 pack compatibility	UNKNOWN STEP	2026-10-03T10:21:46.5062268Z ##[group]Environment details
npm 11.8.0 / Node 24 pack compatibility	UNKNOWN STEP	2026-10-03T10:21:46.8703513Z node: v24.21.0
npm 11.8.0 / Node 24 pack compatibility	UNKNOWN STEP	2026-10-03T10:21:46.8704169Z npm: 11.19.0
npm 11.8.0 / Node 24 pack compatibility	UNKNOWN STEP	2026-10-03T10:21:46.8704566Z yarn: 1.22.22
npm 11.8.0 / Node 24 pack compatibility	UNKNOWN STEP	2026-10-03T10:21:46.8705775Z ##[endgroup]
npm 11.8.0 / Node 24 pack compatibility	UNKNOWN STEP	2026-10-03T10:21:46.8725801Z [command]/opt/hostedtoolcache/node/24.21.0/x64/bin/npm config get cache
npm 11.8.0 / Node 24 pack compatibility	UNKNOWN STEP	2026-10-03T10:21:47.1478660Z /home/runner/.npm
npm 11.8.0 / Node 24 pack compatibility	UNKNOWN STEP	2026-10-03T10:21:47.3562878Z Cache hit for: node-cache-Linux-x64-npm-bd03a24e4fb6ea9135263ddfda5f6f14aceea5c97773b78dfd4f842230cc9a5f
npm 11.8.0 / Node 24 pack compatibility	UNKNOWN STEP	2026-10-03T10:21:47.3676779Z (node:2287) [DEP0169] DeprecationWarning: `url.parse()` behavior is not standardized and prone to errors that have security implications. Use the WHATWG URL API instead. CVEs are not issued for `url.parse()` vulnerabilities.
npm 11.8.0 / Node 24 pack compatibility	UNKNOWN STEP	2026-10-03T10:21:48.5694777Z Received 33193731 of 33193731 (100.0%), 32.1 MBs/sec
npm 11.8.0 / Node 24 pack compatibility	UNKNOWN STEP	2026-10-03T10:21:48.5695451Z Cache Size: ~32 MB (33193731 B)
npm 11.8.0 / Node 24 pack compatibility	UNKNOWN STEP	2026-10-03T10:21:48.5722304Z [command]/usr/bin/tar -xf /home/runner/work/_temp/0bd3d9c4-bb8e-4b29-bb9d-aa13e7784a29/cache.tzst -P -C /home/runner/work/ai-task-manager/ai-task-manager --use-compress-program unzstd
npm 11.8.0 / Node 24 pack compatibility	UNKNOWN STEP	2026-10-03T10:21:48.6599778Z Cache restored successfully
npm 11.8.0 / Node 24 pack compatibility	UNKNOWN STEP	2026-10-03T10:21:48.6615091Z Cache restored from key: node-cache-Linux-x64-npm-bd03a24e4fb6ea9135263ddfda5f6f14aceea5c97773b78dfd4f842230cc9a5f
npm 11.8.0 / Node 24 pack compatibility	UNKNOWN STEP	2026-10-03T10:21:48.6753622Z ##[group]Run npm install --global "npm@11.8.0"
npm 11.8.0 / Node 24 pack compatibility	UNKNOWN STEP	2026-10-03T10:21:48.6754058Z ^[[36;1mnpm install --global "npm@11.8.0"^[[0m
npm 11.8.0 / Node 24 pack compatibility	UNKNOWN STEP	2026-10-03T10:21:48.6938077Z shell: /usr/bin/bash -e {0}
npm 11.8.0 / Node 24 pack compatibility	UNKNOWN STEP	2026-10-03T10:21:48.6938392Z env:
npm 11.8.0 / Node 24 pack compatibility	UNKNOWN STEP	2026-10-03T10:21:48.6938615Z   GIT_AUTHOR_NAME: kendrick burson
npm 11.8.0 / Node 24 pack compatibility	UNKNOWN STEP	2026-10-03T10:21:48.6938899Z   GIT_AUTHOR_EMAIL: kpburson@pm.me
npm 11.8.0 / Node 24 pack compatibility	UNKNOWN STEP	2026-10-03T10:21:48.6939167Z   GIT_COMMITTER_NAME: kendrick burson
npm 11.8.0 / Node 24 pack compatibility	UNKNOWN STEP	2026-10-03T10:21:48.6939455Z   GIT_COMMITTER_EMAIL: kpburson@pm.me
npm 11.8.0 / Node 24 pack compatibility	UNKNOWN STEP	2026-10-03T10:21:48.6939712Z ##[endgroup]
npm 11.8.0 / Node 24 pack compatibility	UNKNOWN STEP	2026-10-03T10:21:51.9755653Z 
npm 11.8.0 / Node 24 pack compatibility	UNKNOWN STEP	2026-10-03T10:21:51.9761800Z removed 5 packages, and changed 58 packages in 3s
npm 11.8.0 / Node 24 pack compatibility	UNKNOWN STEP	2026-10-03T10:21:51.9762185Z 
npm 11.8.0 / Node 24 pack compatibility	UNKNOWN STEP	2026-10-03T10:21:51.9762680Z 15 packages are looking for funding
npm 11.8.0 / Node 24 pack compatibility	UNKNOWN STEP	2026-10-03T10:21:51.9763003Z   run `npm fund` for details
npm 11.8.0 / Node 24 pack compatibility	UNKNOWN STEP	2026-10-03T10:21:52.0086309Z ##[group]Run test "$(npm --version)" = "11.8.0"
npm 11.8.0 / Node 24 pack compatibility	UNKNOWN STEP	2026-10-03T10:21:52.0086694Z ^[[36;1mtest "$(npm --version)" = "11.8.0"^[[0m
npm 11.8.0 / Node 24 pack compatibility	UNKNOWN STEP	2026-10-03T10:21:52.0134514Z shell: /usr/bin/bash -e {0}
npm 11.8.0 / Node 24 pack compatibility	UNKNOWN STEP	2026-10-03T10:21:52.0135095Z env:
npm 11.8.0 / Node 24 pack compatibility	UNKNOWN STEP	2026-10-03T10:21:52.0135432Z   GIT_AUTHOR_NAME: kendrick burson
npm 11.8.0 / Node 24 pack compatibility	UNKNOWN STEP	2026-10-03T10:21:52.0135905Z   GIT_AUTHOR_EMAIL: kpburson@pm.me
npm 11.8.0 / Node 24 pack compatibility	UNKNOWN STEP	2026-10-03T10:21:52.0136368Z   GIT_COMMITTER_NAME: kendrick burson
npm 11.8.0 / Node 24 pack compatibility	UNKNOWN STEP	2026-10-03T10:21:52.0136700Z   GIT_COMMITTER_EMAIL: kpburson@pm.me
npm 11.8.0 / Node 24 pack compatibility	UNKNOWN STEP	2026-10-03T10:21:52.0136958Z ##[endgroup]
npm 11.8.0 / Node 24 pack compatibility	UNKNOWN STEP	2026-10-03T10:21:52.2689183Z ##[group]Run npm ci
npm 11.8.0 / Node 24 pack compatibility	UNKNOWN STEP	2026-10-03T10:21:52.2689461Z ^[[36;1mnpm ci^[[0m
npm 11.8.0 / Node 24 pack compatibility	UNKNOWN STEP	2026-10-03T10:21:52.2726339Z shell: /usr/bin/bash -e {0}
npm 11.8.0 / Node 24 pack compatibility	UNKNOWN STEP	2026-10-03T10:21:52.2726634Z env:
npm 11.8.0 / Node 24 pack compatibility	UNKNOWN STEP	2026-10-03T10:21:52.2726852Z   GIT_AUTHOR_NAME: kendrick burson
npm 11.8.0 / Node 24 pack compatibility	UNKNOWN STEP	2026-10-03T10:21:52.2727129Z   GIT_AUTHOR_EMAIL: kpburson@pm.me
npm 11.8.0 / Node 24 pack compatibility	UNKNOWN STEP	2026-10-03T10:21:52.2727401Z   GIT_COMMITTER_NAME: kendrick burson
npm 11.8.0 / Node 24 pack compatibility	UNKNOWN STEP	2026-10-03T10:21:52.2727689Z   GIT_COMMITTER_EMAIL: kpburson@pm.me
npm 11.8.0 / Node 24 pack compatibility	UNKNOWN STEP	2026-10-03T10:21:52.2727950Z ##[endgroup]
npm 11.8.0 / Node 24 pack compatibility	UNKNOWN STEP	2026-10-03T10:21:59.4853554Z 
npm 11.8.0 / Node 24 pack compatibility	UNKNOWN STEP	2026-10-03T10:21:59.4854424Z added 318 packages, and audited 319 packages in 7s
npm 11.8.0 / Node 24 pack compatibility	UNKNOWN STEP	2026-10-03T10:21:59.4855052Z 
npm 11.8.0 / Node 24 pack compatibility	UNKNOWN STEP	2026-10-03T10:21:59.4863138Z 101 packages are looking for funding
npm 11.8.0 / Node 24 pack compatibility	UNKNOWN STEP	2026-10-03T10:21:59.4863759Z   run `npm fund` for details
npm 11.8.0 / Node 24 pack compatibility	UNKNOWN STEP	2026-10-03T10:21:59.4897803Z 
npm 11.8.0 / Node 24 pack compatibility	UNKNOWN STEP	2026-10-03T10:21:59.4898674Z 8 vulnerabilities (2 moderate, 6 high)
npm 11.8.0 / Node 24 pack compatibility	UNKNOWN STEP	2026-10-03T10:21:59.4899100Z 
npm 11.8.0 / Node 24 pack compatibility	UNKNOWN STEP	2026-10-03T10:21:59.4899521Z To address all issues, run:
npm 11.8.0 / Node 24 pack compatibility	UNKNOWN STEP	2026-10-03T10:21:59.4900025Z   npm audit fix
npm 11.8.0 / Node 24 pack compatibility	UNKNOWN STEP	2026-10-03T10:21:59.4900273Z 
npm 11.8.0 / Node 24 pack compatibility	UNKNOWN STEP	2026-10-03T10:21:59.4900602Z Run `npm audit` for details.
npm 11.8.0 / Node 24 pack compatibility	UNKNOWN STEP	2026-10-03T10:21:59.5195796Z ##[group]Run node --test scripts/tests/unit/task-tracker/core/npm-pack-report.test.mjs scripts/tests/unit/task-tracker/core/package-boundary.test.mjs scripts/tests/unit/task-tracker/core/memory-seed-packaged.test.mjs scripts/tests/unit/task-tracker/core/scope-pack.test.mjs scripts/tests/integration/meta/package-test-corpus.test.mjs scripts/tests/slow/task-tracker/core/packaged-doctor-consumer.test.mjs scripts/tests/slow/task-tracker/core/packaged-tail-profile-consumer.test.mjs
npm 11.8.0 / Node 24 pack compatibility	UNKNOWN STEP	2026-10-03T10:21:59.5202937Z ^[[36;1mnode --test scripts/tests/unit/task-tracker/core/npm-pack-report.test.mjs scripts/tests/unit/task-tracker/core/package-boundary.test.mjs scripts/tests/unit/task-tracker/core/memory-seed-packaged.test.mjs scripts/tests/unit/task-tracker/core/scope-pack.test.mjs scripts/tests/integration/meta/package-test-corpus.test.mjs scripts/tests/slow/task-tracker/core/packaged-doctor-consumer.test.mjs scripts/tests/slow/task-tracker/core/packaged-tail-profile-consumer.test.mjs^[[0m
npm 11.8.0 / Node 24 pack compatibility	UNKNOWN STEP	2026-10-03T10:21:59.5262692Z shell: /usr/bin/bash -e {0}
npm 11.8.0 / Node 24 pack compatibility	UNKNOWN STEP	2026-10-03T10:21:59.5263152Z env:
npm 11.8.0 / Node 24 pack compatibility	UNKNOWN STEP	2026-10-03T10:21:59.5263532Z   GIT_AUTHOR_NAME: kendrick burson
npm 11.8.0 / Node 24 pack compatibility	UNKNOWN STEP	2026-10-03T10:21:59.5264048Z   GIT_AUTHOR_EMAIL: kpburson@pm.me
npm 11.8.0 / Node 24 pack compatibility	UNKNOWN STEP	2026-10-03T10:21:59.5264568Z   GIT_COMMITTER_NAME: kendrick burson
npm 11.8.0 / Node 24 pack compatibility	UNKNOWN STEP	2026-10-03T10:21:59.5265110Z   GIT_COMMITTER_EMAIL: kpburson@pm.me
npm 11.8.0 / Node 24 pack compatibility	UNKNOWN STEP	2026-10-03T10:21:59.5265613Z ##[endgroup]
npm 11.8.0 / Node 24 pack compatibility	UNKNOWN STEP	2026-10-03T10:22:02.1945176Z ✔ package files explicitly exclude the canonical test support root (1.334238ms)
npm 11.8.0 / Node 24 pack compatibility	UNKNOWN STEP	2026-10-03T10:22:02.1973181Z ✔ npm pack excludes the test corpus while retaining required runtime files and assets (2558.051881ms)
npm 11.8.0 / Node 24 pack compatibility	UNKNOWN STEP	2026-10-03T10:22:07.5715817Z ✔ packed consumer verifies committed bootstrap after npm ci and reports drift read-only (7903.263216ms)
npm 11.8.0 / Node 24 pack compatibility	UNKNOWN STEP	2026-10-03T10:22:07.5784698Z ✔ packed consumer can select and execute effect-scoped move tails (4846.010555ms)
npm 11.8.0 / Node 24 pack compatibility	UNKNOWN STEP	2026-10-03T10:22:07.5785948Z ✔ package.json files[] ships docs/ai-memory but excludes archive/ (1.204848ms)
npm 11.8.0 / Node 24 pack compatibility	UNKNOWN STEP	2026-10-03T10:22:07.5787161Z ✔ npm pack tarball contains the seed index + durable facts, no archive (2346.854246ms)
npm 11.8.0 / Node 24 pack compatibility	UNKNOWN STEP	2026-10-03T10:22:07.5788337Z ✔ normalizes the observed npm 11 single-package array report (3.125411ms)
npm 11.8.0 / Node 24 pack compatibility	UNKNOWN STEP	2026-10-03T10:22:07.5789343Z ✔ normalizes the observed npm 12 package-keyed report (0.265531ms)
npm 11.8.0 / Node 24 pack compatibility	UNKNOWN STEP	2026-10-03T10:22:07.5790366Z ✔ requires callers to bind the expected package identity (0.426804ms)
npm 11.8.0 / Node 24 pack compatibility	UNKNOWN STEP	2026-10-03T10:22:07.5791881Z ✔ rejects malformed JSON and unsupported outer values (0.293816ms)
npm 11.8.0 / Node 24 pack compatibility	UNKNOWN STEP	2026-10-03T10:22:07.5792749Z ✔ rejects zero or multiple reports (0.337867ms)
npm 11.8.0 / Node 24 pack compatibility	UNKNOWN STEP	2026-10-03T10:22:07.5793789Z ✔ rejects an unexpected npm 12 package key or inner report identity (0.332964ms)
npm 11.8.0 / Node 24 pack compatibility	UNKNOWN STEP	2026-10-03T10:22:07.5794409Z ✔ requires a files array and optionally a non-empty filename (0.452232ms)
npm 11.8.0 / Node 24 pack compatibility	UNKNOWN STEP	2026-10-03T10:22:07.5795083Z ✔ all pack consumers import the shared normalizer (1.003762ms)
npm 11.8.0 / Node 24 pack compatibility	UNKNOWN STEP	2026-10-03T10:22:07.5795973Z ✔ package-boundary: no test files are packed (2128.221836ms)
npm 11.8.0 / Node 24 pack compatibility	UNKNOWN STEP	2026-10-03T10:22:07.5796975Z ✔ package-boundary: excluded directories do not reappear (0.344062ms)
npm 11.8.0 / Node 24 pack compatibility	UNKNOWN STEP	2026-10-03T10:22:07.5798125Z ✔ package-boundary: ships the exact docs/introduction/ set (0.365892ms)
npm 11.8.0 / Node 24 pack compatibility	UNKNOWN STEP	2026-10-03T10:22:07.5799312Z ✔ package-boundary: shipped README has no dead docs/introduction link (0.425202ms)
npm 11.8.0 / Node 24 pack compatibility	UNKNOWN STEP	2026-10-03T10:22:07.5800397Z ✖ package-boundary: total entry count stays under the ceiling (0.82199ms)
npm 11.8.0 / Node 24 pack compatibility	UNKNOWN STEP	2026-10-03T10:22:07.5801098Z ✔ package-boundary: development-only context calibration is not shipped (0.394487ms)
npm 11.8.0 / Node 24 pack compatibility	UNKNOWN STEP	2026-10-03T10:22:07.5801987Z ✔ package-boundary: runtime entry points are still shipped (0.195602ms)
npm 11.8.0 / Node 24 pack compatibility	UNKNOWN STEP	2026-10-03T10:22:07.5802667Z ✔ package-boundary: production parser and guidance release guard are declared (0.482356ms)
npm 11.8.0 / Node 24 pack compatibility	UNKNOWN STEP	2026-10-03T10:22:07.5803471Z ✔ package-boundary: tag and explicit release CI retain the B2 consumer gate (0.341103ms)
npm 11.8.0 / Node 24 pack compatibility	UNKNOWN STEP	2026-10-03T10:22:07.5804174Z ✔ npm pack --dry-run resolves the scoped @kburson/ai-task-manager name (2055.417376ms)
npm 11.8.0 / Node 24 pack compatibility	UNKNOWN STEP	2026-10-03T10:22:07.5804607Z ℹ tests 24
npm 11.8.0 / Node 24 pack compatibility	UNKNOWN STEP	2026-10-03T10:22:07.5804829Z ℹ suites 0
npm 11.8.0 / Node 24 pack compatibility	UNKNOWN STEP	2026-10-03T10:22:07.5805056Z ℹ pass 23
npm 11.8.0 / Node 24 pack compatibility	UNKNOWN STEP	2026-10-03T10:22:07.5805525Z ℹ fail 1
npm 11.8.0 / Node 24 pack compatibility	UNKNOWN STEP	2026-10-03T10:22:07.5805749Z ℹ cancelled 0
npm 11.8.0 / Node 24 pack compatibility	UNKNOWN STEP	2026-10-03T10:22:07.5805981Z ℹ skipped 0
npm 11.8.0 / Node 24 pack compatibility	UNKNOWN STEP	2026-10-03T10:22:07.5806192Z ℹ todo 0
npm 11.8.0 / Node 24 pack compatibility	UNKNOWN STEP	2026-10-03T10:22:07.5806481Z ℹ duration_ms 8018.395674
npm 11.8.0 / Node 24 pack compatibility	UNKNOWN STEP	2026-10-03T10:22:07.5810729Z 
npm 11.8.0 / Node 24 pack compatibility	UNKNOWN STEP	2026-10-03T10:22:07.5811312Z ✖ failing tests:
npm 11.8.0 / Node 24 pack compatibility	UNKNOWN STEP	2026-10-03T10:22:07.5811873Z 
npm 11.8.0 / Node 24 pack compatibility	UNKNOWN STEP	2026-10-03T10:22:07.5812742Z test at scripts/tests/unit/task-tracker/core/package-boundary.test.mjs:219:1
npm 11.8.0 / Node 24 pack compatibility	UNKNOWN STEP	2026-10-03T10:22:07.5814106Z ✖ package-boundary: total entry count stays under the ceiling (0.82199ms)
npm 11.8.0 / Node 24 pack compatibility	UNKNOWN STEP	2026-10-03T10:22:07.5815218Z   AssertionError [ERR_ASSERTION]: packed entry count 895 exceeds ceiling 880; the package surface grew — confirm intentional and raise the ceiling, or prune.
npm 11.8.0 / Node 24 pack compatibility	UNKNOWN STEP	2026-10-03T10:22:07.5817174Z       at TestContext.<anonymous> (file:///home/runner/work/ai-task-manager/ai-task-manager/scripts/tests/unit/task-tracker/core/package-boundary.test.mjs:384:10)
npm 11.8.0 / Node 24 pack compatibility	UNKNOWN STEP	2026-10-03T10:22:07.5818183Z       at Test.runInAsyncScope (node:async_hooks:227:14)
npm 11.8.0 / Node 24 pack compatibility	UNKNOWN STEP	2026-10-03T10:22:07.5818884Z       at Test.run (node:internal/test_runner/test:1402:25)
npm 11.8.0 / Node 24 pack compatibility	UNKNOWN STEP	2026-10-03T10:22:07.5819627Z       at Test.processPendingSubtests (node:internal/test_runner/test:974:18)
npm 11.8.0 / Node 24 pack compatibility	UNKNOWN STEP	2026-10-03T10:22:07.5820404Z       at Test.postRun (node:internal/test_runner/test:1542:19)
npm 11.8.0 / Node 24 pack compatibility	UNKNOWN STEP	2026-10-03T10:22:07.5821167Z       at Test.run (node:internal/test_runner/test:1467:12)
npm 11.8.0 / Node 24 pack compatibility	UNKNOWN STEP	2026-10-03T10:22:07.5822115Z       at async Test.processPendingSubtests (node:internal/test_runner/test:974:7) {
npm 11.8.0 / Node 24 pack compatibility	UNKNOWN STEP	2026-10-03T10:22:07.5822757Z     generatedMessage: false,
npm 11.8.0 / Node 24 pack compatibility	UNKNOWN STEP	2026-10-03T10:22:07.5823222Z     code: 'ERR_ASSERTION',
npm 11.8.0 / Node 24 pack compatibility	UNKNOWN STEP	2026-10-03T10:22:07.5823823Z     actual: false,
npm 11.8.0 / Node 24 pack compatibility	UNKNOWN STEP	2026-10-03T10:22:07.5824221Z     expected: true,
npm 11.8.0 / Node 24 pack compatibility	UNKNOWN STEP	2026-10-03T10:22:07.5824614Z     operator: '==',
npm 11.8.0 / Node 24 pack compatibility	UNKNOWN STEP	2026-10-03T10:22:07.5824992Z     diff: 'simple'
npm 11.8.0 / Node 24 pack compatibility	UNKNOWN STEP	2026-10-03T10:22:07.5825351Z   }
npm 11.8.0 / Node 24 pack compatibility	UNKNOWN STEP	2026-10-03T10:22:07.5877134Z ##[error]Process completed with exit code 1.
npm 11.8.0 / Node 24 pack compatibility	UNKNOWN STEP	2026-10-03T10:22:07.6097630Z Post job cleanup.
npm 11.8.0 / Node 24 pack compatibility	UNKNOWN STEP	2026-10-03T10:22:07.6908152Z [command]/usr/bin/git version
npm 11.8.0 / Node 24 pack compatibility	UNKNOWN STEP	2026-10-03T10:22:07.6953129Z git version 2.55.0
npm 11.8.0 / Node 24 pack compatibility	UNKNOWN STEP	2026-10-03T10:22:07.6996090Z Temporarily overriding HOME='/home/runner/work/_temp/ccf1d974-cbf7-493d-b048-2478690e757b' before making global git config changes
npm 11.8.0 / Node 24 pack compatibility	UNKNOWN STEP	2026-10-03T10:22:07.6997551Z Adding repository directory to the temporary git global config as a safe directory
npm 11.8.0 / Node 24 pack compatibility	UNKNOWN STEP	2026-10-03T10:22:07.7002415Z [command]/usr/bin/git config --global --add safe.directory /home/runner/work/ai-task-manager/ai-task-manager
npm 11.8.0 / Node 24 pack compatibility	UNKNOWN STEP	2026-10-03T10:22:07.7038513Z [command]/usr/bin/git config --local --name-only --get-regexp core\.sshCommand
npm 11.8.0 / Node 24 pack compatibility	UNKNOWN STEP	2026-10-03T10:22:07.7067877Z [command]/usr/bin/git submodule foreach --recursive sh -c "git config --local --name-only --get-regexp 'core\.sshCommand' && git config --local --unset-all 'core.sshCommand' || :"
npm 11.8.0 / Node 24 pack compatibility	UNKNOWN STEP	2026-10-03T10:22:07.7274534Z [command]/usr/bin/git config --local --name-only --get-regexp http\.https\:\/\/github\.com\/\.extraheader
npm 11.8.0 / Node 24 pack compatibility	UNKNOWN STEP	2026-10-03T10:22:07.7298303Z http.https://github.com/.extraheader
npm 11.8.0 / Node 24 pack compatibility	UNKNOWN STEP	2026-10-03T10:22:07.7308422Z [command]/usr/bin/git config --local --unset-all http.https://github.com/.extraheader
npm 11.8.0 / Node 24 pack compatibility	UNKNOWN STEP	2026-10-03T10:22:07.7338207Z [command]/usr/bin/git submodule foreach --recursive sh -c "git config --local --name-only --get-regexp 'http\.https\:\/\/github\.com\/\.extraheader' && git config --local --unset-all 'http.https://github.com/.extraheader' || :"
npm 11.8.0 / Node 24 pack compatibility	UNKNOWN STEP	2026-10-03T10:22:07.7547314Z [command]/usr/bin/git config --local --name-only --get-regexp ^includeIf\.gitdir:
npm 11.8.0 / Node 24 pack compatibility	UNKNOWN STEP	2026-10-03T10:22:07.7578218Z [command]/usr/bin/git submodule foreach --recursive git config --local --show-origin --name-only --get-regexp remote.origin.url
npm 11.8.0 / Node 24 pack compatibility	UNKNOWN STEP	2026-10-03T10:22:07.7915747Z Cleaning up orphan processes
npm 12.0.2 / Node 26 pack compatibility	UNKNOWN STEP	﻿2026-10-03T10:24:52.5489264Z Current runner version: '2.337.0'
npm 12.0.2 / Node 26 pack compatibility	UNKNOWN STEP	2026-10-03T10:24:52.5514404Z ##[group]Runner Image Provisioner
npm 12.0.2 / Node 26 pack compatibility	UNKNOWN STEP	2026-10-03T10:24:52.5515399Z Hosted Compute Agent
npm 12.0.2 / Node 26 pack compatibility	UNKNOWN STEP	2026-10-03T10:24:52.5516021Z Version: 20260901.588
npm 12.0.2 / Node 26 pack compatibility	UNKNOWN STEP	2026-10-03T10:24:52.5516658Z Commit: f88ec8081b781fac6c440065ac7ff9e710ce3d0b
npm 12.0.2 / Node 26 pack compatibility	UNKNOWN STEP	2026-10-03T10:24:52.5517489Z Build Date: 2026-09-01T19:56:44Z
npm 12.0.2 / Node 26 pack compatibility	UNKNOWN STEP	2026-10-03T10:24:52.5518285Z Worker ID: {b346bbcc-7795-4549-b5d4-4c714fd0453c}
npm 12.0.2 / Node 26 pack compatibility	UNKNOWN STEP	2026-10-03T10:24:52.5519101Z Azure Region: centralus
npm 12.0.2 / Node 26 pack compatibility	UNKNOWN STEP	2026-10-03T10:24:52.5519723Z ##[endgroup]
npm 12.0.2 / Node 26 pack compatibility	UNKNOWN STEP	2026-10-03T10:24:52.5521009Z ##[group]Operating System
npm 12.0.2 / Node 26 pack compatibility	UNKNOWN STEP	2026-10-03T10:24:52.5521735Z Ubuntu
npm 12.0.2 / Node 26 pack compatibility	UNKNOWN STEP	2026-10-03T10:24:52.5522297Z 24.04.5
npm 12.0.2 / Node 26 pack compatibility	UNKNOWN STEP	2026-10-03T10:24:52.5522922Z LTS
npm 12.0.2 / Node 26 pack compatibility	UNKNOWN STEP	2026-10-03T10:24:52.5523679Z ##[endgroup]
npm 12.0.2 / Node 26 pack compatibility	UNKNOWN STEP	2026-10-03T10:24:52.5524508Z ##[group]Runner Image
npm 12.0.2 / Node 26 pack compatibility	UNKNOWN STEP	2026-10-03T10:24:52.5525238Z Image: ubuntu-24.04
npm 12.0.2 / Node 26 pack compatibility	UNKNOWN STEP	2026-10-03T10:24:52.5525872Z Version: 20260927.320.1
npm 12.0.2 / Node 26 pack compatibility	UNKNOWN STEP	2026-10-03T10:24:52.5527243Z Included Software: https://github.com/actions/runner-images/blob/ubuntu24/20260927.320/images/ubuntu/Ubuntu2404-Readme.md
npm 12.0.2 / Node 26 pack compatibility	UNKNOWN STEP	2026-10-03T10:24:52.5528768Z Image Release: https://github.com/actions/runner-images/releases/tag/ubuntu24%2F20260927.320
npm 12.0.2 / Node 26 pack compatibility	UNKNOWN STEP	2026-10-03T10:24:52.5529864Z ##[endgroup]
npm 12.0.2 / Node 26 pack compatibility	UNKNOWN STEP	2026-10-03T10:24:52.5531012Z ##[group]GITHUB_TOKEN Permissions
npm 12.0.2 / Node 26 pack compatibility	UNKNOWN STEP	2026-10-03T10:24:52.5532997Z Contents: read
npm 12.0.2 / Node 26 pack compatibility	UNKNOWN STEP	2026-10-03T10:24:52.5533899Z Metadata: read
npm 12.0.2 / Node 26 pack compatibility	UNKNOWN STEP	2026-10-03T10:24:52.5534572Z ##[endgroup]
npm 12.0.2 / Node 26 pack compatibility	UNKNOWN STEP	2026-10-03T10:24:52.5536726Z Secret source: Actions
npm 12.0.2 / Node 26 pack compatibility	UNKNOWN STEP	2026-10-03T10:24:52.5537846Z Cache mode: write
npm 12.0.2 / Node 26 pack compatibility	UNKNOWN STEP	2026-10-03T10:24:52.5538929Z Prepare workflow directory
npm 12.0.2 / Node 26 pack compatibility	UNKNOWN STEP	2026-10-03T10:24:52.5967494Z Prepare all required actions
npm 12.0.2 / Node 26 pack compatibility	UNKNOWN STEP	2026-10-03T10:24:52.6035885Z Getting action download info
npm 12.0.2 / Node 26 pack compatibility	UNKNOWN STEP	2026-10-03T10:24:52.8733246Z Download action repository 'actions/checkout@v5' (SHA:fbc6f3992d24b796d5a048ff273f7fcc4a7b6c09)
npm 12.0.2 / Node 26 pack compatibility	UNKNOWN STEP	2026-10-03T10:24:53.0076335Z Download action repository 'actions/setup-node@v5' (SHA:a0853c24544627f65ddf259abe73b1d18a591444)
npm 12.0.2 / Node 26 pack compatibility	UNKNOWN STEP	2026-10-03T10:24:53.2094883Z Complete job name: npm 12.0.2 / Node 26 pack compatibility
npm 12.0.2 / Node 26 pack compatibility	UNKNOWN STEP	2026-10-03T10:24:53.2768922Z ##[group]Run actions/checkout@v5
npm 12.0.2 / Node 26 pack compatibility	UNKNOWN STEP	2026-10-03T10:24:53.2769773Z with:
npm 12.0.2 / Node 26 pack compatibility	UNKNOWN STEP	2026-10-03T10:24:53.2770238Z   repository: kburson/ai-task-manager
npm 12.0.2 / Node 26 pack compatibility	UNKNOWN STEP	2026-10-03T10:24:53.2774488Z   token: ***
npm 12.0.2 / Node 26 pack compatibility	UNKNOWN STEP	2026-10-03T10:24:53.2774931Z   ssh-strict: true
npm 12.0.2 / Node 26 pack compatibility	UNKNOWN STEP	2026-10-03T10:24:53.2775378Z   ssh-user: git
npm 12.0.2 / Node 26 pack compatibility	UNKNOWN STEP	2026-10-03T10:24:53.2775831Z   persist-credentials: true
npm 12.0.2 / Node 26 pack compatibility	UNKNOWN STEP	2026-10-03T10:24:53.2776325Z   clean: true
npm 12.0.2 / Node 26 pack compatibility	UNKNOWN STEP	2026-10-03T10:24:53.2776773Z   sparse-checkout-cone-mode: true
npm 12.0.2 / Node 26 pack compatibility	UNKNOWN STEP	2026-10-03T10:24:53.2777542Z   fetch-depth: 1
npm 12.0.2 / Node 26 pack compatibility	UNKNOWN STEP	2026-10-03T10:24:53.2778150Z   fetch-tags: false
npm 12.0.2 / Node 26 pack compatibility	UNKNOWN STEP	2026-10-03T10:24:53.2778609Z   show-progress: true
npm 12.0.2 / Node 26 pack compatibility	UNKNOWN STEP	2026-10-03T10:24:53.2779063Z   lfs: false
npm 12.0.2 / Node 26 pack compatibility	UNKNOWN STEP	2026-10-03T10:24:53.2779477Z   submodules: false
npm 12.0.2 / Node 26 pack compatibility	UNKNOWN STEP	2026-10-03T10:24:53.2779918Z   set-safe-directory: true
npm 12.0.2 / Node 26 pack compatibility	UNKNOWN STEP	2026-10-03T10:24:53.2780433Z   allow-unsafe-pr-checkout: false
npm 12.0.2 / Node 26 pack compatibility	UNKNOWN STEP	2026-10-03T10:24:53.2781231Z env:
npm 12.0.2 / Node 26 pack compatibility	UNKNOWN STEP	2026-10-03T10:24:53.2781659Z   GIT_AUTHOR_NAME: kendrick burson
npm 12.0.2 / Node 26 pack compatibility	UNKNOWN STEP	2026-10-03T10:24:53.2782208Z   GIT_AUTHOR_EMAIL: kpburson@pm.me
npm 12.0.2 / Node 26 pack compatibility	UNKNOWN STEP	2026-10-03T10:24:53.2782811Z   GIT_COMMITTER_NAME: kendrick burson
npm 12.0.2 / Node 26 pack compatibility	UNKNOWN STEP	2026-10-03T10:24:53.2783369Z   GIT_COMMITTER_EMAIL: kpburson@pm.me
npm 12.0.2 / Node 26 pack compatibility	UNKNOWN STEP	2026-10-03T10:24:53.2784032Z ##[endgroup]
npm 12.0.2 / Node 26 pack compatibility	UNKNOWN STEP	2026-10-03T10:24:53.3792169Z Syncing repository: kburson/ai-task-manager
npm 12.0.2 / Node 26 pack compatibility	UNKNOWN STEP	2026-10-03T10:24:53.3794946Z ##[group]Getting Git version info
npm 12.0.2 / Node 26 pack compatibility	UNKNOWN STEP	2026-10-03T10:24:53.3796166Z Working directory is '/home/runner/work/ai-task-manager/ai-task-manager'
npm 12.0.2 / Node 26 pack compatibility	UNKNOWN STEP	2026-10-03T10:24:53.3797851Z [command]/usr/bin/git version
npm 12.0.2 / Node 26 pack compatibility	UNKNOWN STEP	2026-10-03T10:24:53.3839770Z git version 2.55.0
npm 12.0.2 / Node 26 pack compatibility	UNKNOWN STEP	2026-10-03T10:24:53.3860407Z ##[endgroup]
npm 12.0.2 / Node 26 pack compatibility	UNKNOWN STEP	2026-10-03T10:24:53.3875744Z Temporarily overriding HOME='/home/runner/work/_temp/b7d6964f-36a9-4fde-baef-51540ee0549d' before making global git config changes
npm 12.0.2 / Node 26 pack compatibility	UNKNOWN STEP	2026-10-03T10:24:53.3877797Z Adding repository directory to the temporary git global config as a safe directory
npm 12.0.2 / Node 26 pack compatibility	UNKNOWN STEP	2026-10-03T10:24:53.3881793Z [command]/usr/bin/git config --global --add safe.directory /home/runner/work/ai-task-manager/ai-task-manager
npm 12.0.2 / Node 26 pack compatibility	UNKNOWN STEP	2026-10-03T10:24:53.3932917Z Deleting the contents of '/home/runner/work/ai-task-manager/ai-task-manager'
npm 12.0.2 / Node 26 pack compatibility	UNKNOWN STEP	2026-10-03T10:24:53.3941750Z ##[group]Initializing the repository
npm 12.0.2 / Node 26 pack compatibility	UNKNOWN STEP	2026-10-03T10:24:53.3943884Z [command]/usr/bin/git init /home/runner/work/ai-task-manager/ai-task-manager
npm 12.0.2 / Node 26 pack compatibility	UNKNOWN STEP	2026-10-03T10:24:53.4033867Z hint: Using 'master' as the name for the initial branch. This default branch name
npm 12.0.2 / Node 26 pack compatibility	UNKNOWN STEP	2026-10-03T10:24:53.4035334Z hint: will change to "main" in Git 3.0. To configure the initial branch name
npm 12.0.2 / Node 26 pack compatibility	UNKNOWN STEP	2026-10-03T10:24:53.4036364Z hint: to use in all of your new repositories, which will suppress this warning,
npm 12.0.2 / Node 26 pack compatibility	UNKNOWN STEP	2026-10-03T10:24:53.4037191Z hint: call:
npm 12.0.2 / Node 26 pack compatibility	UNKNOWN STEP	2026-10-03T10:24:53.4037665Z hint:
npm 12.0.2 / Node 26 pack compatibility	UNKNOWN STEP	2026-10-03T10:24:53.4038261Z hint: 	git config --global init.defaultBranch <name>
npm 12.0.2 / Node 26 pack compatibility	UNKNOWN STEP	2026-10-03T10:24:53.4038950Z hint:
npm 12.0.2 / Node 26 pack compatibility	UNKNOWN STEP	2026-10-03T10:24:53.4039592Z hint: Names commonly chosen instead of 'master' are 'main', 'trunk' and
npm 12.0.2 / Node 26 pack compatibility	UNKNOWN STEP	2026-10-03T10:24:53.4040571Z hint: 'development'. The just-created branch can be renamed via this command:
npm 12.0.2 / Node 26 pack compatibility	UNKNOWN STEP	2026-10-03T10:24:53.4041389Z hint:
npm 12.0.2 / Node 26 pack compatibility	UNKNOWN STEP	2026-10-03T10:24:53.4041874Z hint: 	git branch -m <name>
npm 12.0.2 / Node 26 pack compatibility	UNKNOWN STEP	2026-10-03T10:24:53.4042853Z hint:
npm 12.0.2 / Node 26 pack compatibility	UNKNOWN STEP	2026-10-03T10:24:53.4044226Z hint: Disable this message with "git config set advice.defaultBranchName false"
npm 12.0.2 / Node 26 pack compatibility	UNKNOWN STEP	2026-10-03T10:24:53.4046309Z Initialized empty Git repository in /home/runner/work/ai-task-manager/ai-task-manager/.git/
npm 12.0.2 / Node 26 pack compatibility	UNKNOWN STEP	2026-10-03T10:24:53.4057834Z [command]/usr/bin/git remote add origin https://github.com/kburson/ai-task-manager
npm 12.0.2 / Node 26 pack compatibility	UNKNOWN STEP	2026-10-03T10:24:53.4109019Z ##[endgroup]
npm 12.0.2 / Node 26 pack compatibility	UNKNOWN STEP	2026-10-03T10:24:53.4110273Z ##[group]Disabling automatic garbage collection
npm 12.0.2 / Node 26 pack compatibility	UNKNOWN STEP	2026-10-03T10:24:53.4114209Z [command]/usr/bin/git config --local gc.auto 0
npm 12.0.2 / Node 26 pack compatibility	UNKNOWN STEP	2026-10-03T10:24:53.4146959Z ##[endgroup]
npm 12.0.2 / Node 26 pack compatibility	UNKNOWN STEP	2026-10-03T10:24:53.4148306Z ##[group]Setting up auth
npm 12.0.2 / Node 26 pack compatibility	UNKNOWN STEP	2026-10-03T10:24:53.4153139Z [command]/usr/bin/git config --local --name-only --get-regexp core\.sshCommand
npm 12.0.2 / Node 26 pack compatibility	UNKNOWN STEP	2026-10-03T10:24:53.4188572Z [command]/usr/bin/git submodule foreach --recursive sh -c "git config --local --name-only --get-regexp 'core\.sshCommand' && git config --local --unset-all 'core.sshCommand' || :"
npm 12.0.2 / Node 26 pack compatibility	UNKNOWN STEP	2026-10-03T10:24:53.4585753Z [command]/usr/bin/git config --local --name-only --get-regexp http\.https\:\/\/github\.com\/\.extraheader
npm 12.0.2 / Node 26 pack compatibility	UNKNOWN STEP	2026-10-03T10:24:53.4602821Z [command]/usr/bin/git submodule foreach --recursive sh -c "git config --local --name-only --get-regexp 'http\.https\:\/\/github\.com\/\.extraheader' && git config --local --unset-all 'http.https://github.com/.extraheader' || :"
npm 12.0.2 / Node 26 pack compatibility	UNKNOWN STEP	2026-10-03T10:24:53.4859166Z [command]/usr/bin/git config --local --name-only --get-regexp ^includeIf\.gitdir:
npm 12.0.2 / Node 26 pack compatibility	UNKNOWN STEP	2026-10-03T10:24:53.4899658Z [command]/usr/bin/git submodule foreach --recursive git config --local --show-origin --name-only --get-regexp remote.origin.url
npm 12.0.2 / Node 26 pack compatibility	UNKNOWN STEP	2026-10-03T10:24:53.5140059Z [command]/usr/bin/git config --local http.https://github.com/.extraheader AUTHORIZATION: basic ***
npm 12.0.2 / Node 26 pack compatibility	UNKNOWN STEP	2026-10-03T10:24:53.5186786Z ##[endgroup]
npm 12.0.2 / Node 26 pack compatibility	UNKNOWN STEP	2026-10-03T10:24:53.5188252Z ##[group]Fetching the repository
npm 12.0.2 / Node 26 pack compatibility	UNKNOWN STEP	2026-10-03T10:24:53.5199148Z [command]/usr/bin/git -c protocol.version=2 fetch --no-tags --prune --no-recurse-submodules --depth=1 origin +52b738cc8ee8c674ccb96676610ca9d349895fe1:refs/remotes/pull/1871/merge
npm 12.0.2 / Node 26 pack compatibility	UNKNOWN STEP	2026-10-03T10:24:55.3838611Z From https://github.com/kburson/ai-task-manager
npm 12.0.2 / Node 26 pack compatibility	UNKNOWN STEP	2026-10-03T10:24:55.3839994Z  * [new ref]         52b738cc8ee8c674ccb96676610ca9d349895fe1 -> pull/1871/merge
npm 12.0.2 / Node 26 pack compatibility	UNKNOWN STEP	2026-10-03T10:24:55.3845634Z ##[endgroup]
npm 12.0.2 / Node 26 pack compatibility	UNKNOWN STEP	2026-10-03T10:24:55.3847085Z ##[group]Determining the checkout info
npm 12.0.2 / Node 26 pack compatibility	UNKNOWN STEP	2026-10-03T10:24:55.3848750Z ##[endgroup]
npm 12.0.2 / Node 26 pack compatibility	UNKNOWN STEP	2026-10-03T10:24:55.3853348Z [command]/usr/bin/git sparse-checkout disable
npm 12.0.2 / Node 26 pack compatibility	UNKNOWN STEP	2026-10-03T10:24:55.3915312Z [command]/usr/bin/git config --local --unset-all extensions.worktreeConfig
npm 12.0.2 / Node 26 pack compatibility	UNKNOWN STEP	2026-10-03T10:24:55.3985375Z ##[group]Checking out the ref
npm 12.0.2 / Node 26 pack compatibility	UNKNOWN STEP	2026-10-03T10:24:55.3990333Z [command]/usr/bin/git checkout --progress --force refs/remotes/pull/1871/merge
npm 12.0.2 / Node 26 pack compatibility	UNKNOWN STEP	2026-10-03T10:24:55.7079734Z Note: switching to 'refs/remotes/pull/1871/merge'.
npm 12.0.2 / Node 26 pack compatibility	UNKNOWN STEP	2026-10-03T10:24:55.7080635Z 
npm 12.0.2 / Node 26 pack compatibility	UNKNOWN STEP	2026-10-03T10:24:55.7081238Z You are in 'detached HEAD' state. You can look around, make experimental
npm 12.0.2 / Node 26 pack compatibility	UNKNOWN STEP	2026-10-03T10:24:55.7082595Z changes and commit them, and you can discard any commits you make in this
npm 12.0.2 / Node 26 pack compatibility	UNKNOWN STEP	2026-10-03T10:24:55.7084345Z state without impacting any branches by switching back to a branch.
npm 12.0.2 / Node 26 pack compatibility	UNKNOWN STEP	2026-10-03T10:24:55.7085443Z 
npm 12.0.2 / Node 26 pack compatibility	UNKNOWN STEP	2026-10-03T10:24:55.7086030Z If you want to create a new branch to retain commits you create, you may
npm 12.0.2 / Node 26 pack compatibility	UNKNOWN STEP	2026-10-03T10:24:55.7087271Z do so (now or later) by using -c with the switch command. Example:
npm 12.0.2 / Node 26 pack compatibility	UNKNOWN STEP	2026-10-03T10:24:55.7088055Z 
npm 12.0.2 / Node 26 pack compatibility	UNKNOWN STEP	2026-10-03T10:24:55.7088423Z   git switch -c <new-branch-name>
npm 12.0.2 / Node 26 pack compatibility	UNKNOWN STEP	2026-10-03T10:24:55.7089124Z 
npm 12.0.2 / Node 26 pack compatibility	UNKNOWN STEP	2026-10-03T10:24:55.7089636Z Or undo this operation with:
npm 12.0.2 / Node 26 pack compatibility	UNKNOWN STEP	2026-10-03T10:24:55.7090416Z 
npm 12.0.2 / Node 26 pack compatibility	UNKNOWN STEP	2026-10-03T10:24:55.7090881Z   git switch -
npm 12.0.2 / Node 26 pack compatibility	UNKNOWN STEP	2026-10-03T10:24:55.7091532Z 
npm 12.0.2 / Node 26 pack compatibility	UNKNOWN STEP	2026-10-03T10:24:55.7092473Z Turn off this advice by setting config variable advice.detachedHead to false
npm 12.0.2 / Node 26 pack compatibility	UNKNOWN STEP	2026-10-03T10:24:55.7094111Z 
npm 12.0.2 / Node 26 pack compatibility	UNKNOWN STEP	2026-10-03T10:24:55.7095722Z HEAD is now at 52b738c Merge dd6a9469ce6fdc149ee0a6d82f0a62fe742189c8 into 171c7d93866f67b58effa635be5ae737f54ef9eb
npm 12.0.2 / Node 26 pack compatibility	UNKNOWN STEP	2026-10-03T10:24:55.7102287Z ##[endgroup]
npm 12.0.2 / Node 26 pack compatibility	UNKNOWN STEP	2026-10-03T10:24:55.7148218Z [command]/usr/bin/git log -1 --format=%H
npm 12.0.2 / Node 26 pack compatibility	UNKNOWN STEP	2026-10-03T10:24:55.7178410Z 52b738cc8ee8c674ccb96676610ca9d349895fe1
npm 12.0.2 / Node 26 pack compatibility	UNKNOWN STEP	2026-10-03T10:24:55.7647312Z ##[group]Run actions/setup-node@v5
npm 12.0.2 / Node 26 pack compatibility	UNKNOWN STEP	2026-10-03T10:24:55.7648576Z with:
npm 12.0.2 / Node 26 pack compatibility	UNKNOWN STEP	2026-10-03T10:24:55.7649486Z   node-version: 26
npm 12.0.2 / Node 26 pack compatibility	UNKNOWN STEP	2026-10-03T10:24:55.7650450Z   cache: npm
npm 12.0.2 / Node 26 pack compatibility	UNKNOWN STEP	2026-10-03T10:24:55.7651364Z   always-auth: false
npm 12.0.2 / Node 26 pack compatibility	UNKNOWN STEP	2026-10-03T10:24:55.7652371Z   check-latest: false
npm 12.0.2 / Node 26 pack compatibility	UNKNOWN STEP	2026-10-03T10:24:55.7662731Z   token: ***
npm 12.0.2 / Node 26 pack compatibility	UNKNOWN STEP	2026-10-03T10:24:55.7664011Z   package-manager-cache: true
npm 12.0.2 / Node 26 pack compatibility	UNKNOWN STEP	2026-10-03T10:24:55.7665139Z env:
npm 12.0.2 / Node 26 pack compatibility	UNKNOWN STEP	2026-10-03T10:24:55.7666067Z   GIT_AUTHOR_NAME: kendrick burson
npm 12.0.2 / Node 26 pack compatibility	UNKNOWN STEP	2026-10-03T10:24:55.7667291Z   GIT_AUTHOR_EMAIL: kpburson@pm.me
npm 12.0.2 / Node 26 pack compatibility	UNKNOWN STEP	2026-10-03T10:24:55.7668520Z   GIT_COMMITTER_NAME: kendrick burson
npm 12.0.2 / Node 26 pack compatibility	UNKNOWN STEP	2026-10-03T10:24:55.7669797Z   GIT_COMMITTER_EMAIL: kpburson@pm.me
npm 12.0.2 / Node 26 pack compatibility	UNKNOWN STEP	2026-10-03T10:24:55.7670990Z ##[endgroup]
npm 12.0.2 / Node 26 pack compatibility	UNKNOWN STEP	2026-10-03T10:24:55.9159111Z Attempting to download 26...
npm 12.0.2 / Node 26 pack compatibility	UNKNOWN STEP	2026-10-03T10:24:55.9264607Z (node:2310) [DEP0040] DeprecationWarning: The `punycode` module is deprecated. Please use a userland alternative instead.
npm 12.0.2 / Node 26 pack compatibility	UNKNOWN STEP	2026-10-03T10:24:55.9267985Z (Use `node --trace-deprecation ...` to show where the warning was created)
npm 12.0.2 / Node 26 pack compatibility	UNKNOWN STEP	2026-10-03T10:24:56.6892231Z Acquiring 26.10.0 - x64 from https://github.com/actions/node-versions/releases/download/26.10.0-35737674515/node-26.10.0-linux-x64.tar.gz
npm 12.0.2 / Node 26 pack compatibility	UNKNOWN STEP	2026-10-03T10:24:57.2964654Z Extracting ...
npm 12.0.2 / Node 26 pack compatibility	UNKNOWN STEP	2026-10-03T10:24:57.3107938Z [command]/usr/bin/tar xz --strip 1 --warning=no-unknown-keyword --overwrite -C /home/runner/work/_temp/841c68d2-1f49-4a83-98e9-c4aa6c09cab6 -f /home/runner/work/_temp/db20f1e4-629f-4499-9628-6c5317c785b7
npm 12.0.2 / Node 26 pack compatibility	UNKNOWN STEP	2026-10-03T10:24:58.7715914Z Adding to the cache ...
npm 12.0.2 / Node 26 pack compatibility	UNKNOWN STEP	2026-10-03T10:25:00.5350199Z ##[group]Environment details
npm 12.0.2 / Node 26 pack compatibility	UNKNOWN STEP	2026-10-03T10:25:00.7524421Z node: v26.10.0
npm 12.0.2 / Node 26 pack compatibility	UNKNOWN STEP	2026-10-03T10:25:00.7524943Z npm: 11.19.1
npm 12.0.2 / Node 26 pack compatibility	UNKNOWN STEP	2026-10-03T10:25:00.7525280Z yarn: 1.22.22
npm 12.0.2 / Node 26 pack compatibility	UNKNOWN STEP	2026-10-03T10:25:00.7526065Z ##[endgroup]
npm 12.0.2 / Node 26 pack compatibility	UNKNOWN STEP	2026-10-03T10:25:00.7546733Z [command]/opt/hostedtoolcache/node/26.10.0/x64/bin/npm config get cache
npm 12.0.2 / Node 26 pack compatibility	UNKNOWN STEP	2026-10-03T10:25:00.8496221Z /home/runner/.npm
npm 12.0.2 / Node 26 pack compatibility	UNKNOWN STEP	2026-10-03T10:25:01.0015323Z Cache hit for: node-cache-Linux-x64-npm-bd03a24e4fb6ea9135263ddfda5f6f14aceea5c97773b78dfd4f842230cc9a5f
npm 12.0.2 / Node 26 pack compatibility	UNKNOWN STEP	2026-10-03T10:25:01.0119664Z (node:2310) [DEP0169] DeprecationWarning: `url.parse()` behavior is not standardized and prone to errors that have security implications. Use the WHATWG URL API instead. CVEs are not issued for `url.parse()` vulnerabilities.
npm 12.0.2 / Node 26 pack compatibility	UNKNOWN STEP	2026-10-03T10:25:01.8439842Z Received 33193731 of 33193731 (100.0%), 45.0 MBs/sec
npm 12.0.2 / Node 26 pack compatibility	UNKNOWN STEP	2026-10-03T10:25:01.8440568Z Cache Size: ~32 MB (33193731 B)
npm 12.0.2 / Node 26 pack compatibility	UNKNOWN STEP	2026-10-03T10:25:01.8578038Z [command]/usr/bin/tar -xf /home/runner/work/_temp/52657edf-ae53-43db-8481-90beb1e5a433/cache.tzst -P -C /home/runner/work/ai-task-manager/ai-task-manager --use-compress-program unzstd
npm 12.0.2 / Node 26 pack compatibility	UNKNOWN STEP	2026-10-03T10:25:02.0078151Z Cache restored successfully
npm 12.0.2 / Node 26 pack compatibility	UNKNOWN STEP	2026-10-03T10:25:02.0105117Z Cache restored from key: node-cache-Linux-x64-npm-bd03a24e4fb6ea9135263ddfda5f6f14aceea5c97773b78dfd4f842230cc9a5f
npm 12.0.2 / Node 26 pack compatibility	UNKNOWN STEP	2026-10-03T10:25:02.0309023Z ##[group]Run npm install --global "npm@12.0.2"
npm 12.0.2 / Node 26 pack compatibility	UNKNOWN STEP	2026-10-03T10:25:02.0309475Z ^[[36;1mnpm install --global "npm@12.0.2"^[[0m
npm 12.0.2 / Node 26 pack compatibility	UNKNOWN STEP	2026-10-03T10:25:02.0740351Z shell: /usr/bin/bash -e {0}
npm 12.0.2 / Node 26 pack compatibility	UNKNOWN STEP	2026-10-03T10:25:02.0740979Z env:
npm 12.0.2 / Node 26 pack compatibility	UNKNOWN STEP	2026-10-03T10:25:02.0741238Z   GIT_AUTHOR_NAME: kendrick burson
npm 12.0.2 / Node 26 pack compatibility	UNKNOWN STEP	2026-10-03T10:25:02.0741535Z   GIT_AUTHOR_EMAIL: kpburson@pm.me
npm 12.0.2 / Node 26 pack compatibility	UNKNOWN STEP	2026-10-03T10:25:02.0741807Z   GIT_COMMITTER_NAME: kendrick burson
npm 12.0.2 / Node 26 pack compatibility	UNKNOWN STEP	2026-10-03T10:25:02.0742108Z   GIT_COMMITTER_EMAIL: kpburson@pm.me
npm 12.0.2 / Node 26 pack compatibility	UNKNOWN STEP	2026-10-03T10:25:02.0742395Z ##[endgroup]
npm 12.0.2 / Node 26 pack compatibility	UNKNOWN STEP	2026-10-03T10:25:05.2474659Z 
npm 12.0.2 / Node 26 pack compatibility	UNKNOWN STEP	2026-10-03T10:25:05.2481180Z removed 8 packages, and changed 76 packages in 3s
npm 12.0.2 / Node 26 pack compatibility	UNKNOWN STEP	2026-10-03T10:25:05.2481889Z 
npm 12.0.2 / Node 26 pack compatibility	UNKNOWN STEP	2026-10-03T10:25:05.2482415Z 15 packages are looking for funding
npm 12.0.2 / Node 26 pack compatibility	UNKNOWN STEP	2026-10-03T10:25:05.2482976Z   run `npm fund` for details
npm 12.0.2 / Node 26 pack compatibility	UNKNOWN STEP	2026-10-03T10:25:05.2990428Z ##[group]Run test "$(npm --version)" = "12.0.2"
npm 12.0.2 / Node 26 pack compatibility	UNKNOWN STEP	2026-10-03T10:25:05.2990832Z ^[[36;1mtest "$(npm --version)" = "12.0.2"^[[0m
npm 12.0.2 / Node 26 pack compatibility	UNKNOWN STEP	2026-10-03T10:25:05.3064015Z shell: /usr/bin/bash -e {0}
npm 12.0.2 / Node 26 pack compatibility	UNKNOWN STEP	2026-10-03T10:25:05.3064310Z env:
npm 12.0.2 / Node 26 pack compatibility	UNKNOWN STEP	2026-10-03T10:25:05.3064537Z   GIT_AUTHOR_NAME: kendrick burson
npm 12.0.2 / Node 26 pack compatibility	UNKNOWN STEP	2026-10-03T10:25:05.3064840Z   GIT_AUTHOR_EMAIL: kpburson@pm.me
npm 12.0.2 / Node 26 pack compatibility	UNKNOWN STEP	2026-10-03T10:25:05.3065121Z   GIT_COMMITTER_NAME: kendrick burson
npm 12.0.2 / Node 26 pack compatibility	UNKNOWN STEP	2026-10-03T10:25:05.3065442Z   GIT_COMMITTER_EMAIL: kpburson@pm.me
npm 12.0.2 / Node 26 pack compatibility	UNKNOWN STEP	2026-10-03T10:25:05.3065703Z ##[endgroup]
npm 12.0.2 / Node 26 pack compatibility	UNKNOWN STEP	2026-10-03T10:25:05.4026862Z ##[group]Run npm ci
npm 12.0.2 / Node 26 pack compatibility	UNKNOWN STEP	2026-10-03T10:25:05.4027182Z ^[[36;1mnpm ci^[[0m
npm 12.0.2 / Node 26 pack compatibility	UNKNOWN STEP	2026-10-03T10:25:05.4101812Z shell: /usr/bin/bash -e {0}
npm 12.0.2 / Node 26 pack compatibility	UNKNOWN STEP	2026-10-03T10:25:05.4102101Z env:
npm 12.0.2 / Node 26 pack compatibility	UNKNOWN STEP	2026-10-03T10:25:05.4102339Z   GIT_AUTHOR_NAME: kendrick burson
npm 12.0.2 / Node 26 pack compatibility	UNKNOWN STEP	2026-10-03T10:25:05.4102644Z   GIT_AUTHOR_EMAIL: kpburson@pm.me
npm 12.0.2 / Node 26 pack compatibility	UNKNOWN STEP	2026-10-03T10:25:05.4102929Z   GIT_COMMITTER_NAME: kendrick burson
npm 12.0.2 / Node 26 pack compatibility	UNKNOWN STEP	2026-10-03T10:25:05.4103216Z   GIT_COMMITTER_EMAIL: kpburson@pm.me
npm 12.0.2 / Node 26 pack compatibility	UNKNOWN STEP	2026-10-03T10:25:05.4103702Z ##[endgroup]
npm 12.0.2 / Node 26 pack compatibility	UNKNOWN STEP	2026-10-03T10:25:07.8901437Z 
npm 12.0.2 / Node 26 pack compatibility	UNKNOWN STEP	2026-10-03T10:25:07.8902649Z added 318 packages, and audited 319 packages in 2s
npm 12.0.2 / Node 26 pack compatibility	UNKNOWN STEP	2026-10-03T10:25:07.8903088Z 
npm 12.0.2 / Node 26 pack compatibility	UNKNOWN STEP	2026-10-03T10:25:07.8906578Z 101 packages are looking for funding
npm 12.0.2 / Node 26 pack compatibility	UNKNOWN STEP	2026-10-03T10:25:07.8907128Z   run `npm fund` for details
npm 12.0.2 / Node 26 pack compatibility	UNKNOWN STEP	2026-10-03T10:25:07.8940990Z 
npm 12.0.2 / Node 26 pack compatibility	UNKNOWN STEP	2026-10-03T10:25:07.8941500Z 8 vulnerabilities (2 moderate, 6 high)
npm 12.0.2 / Node 26 pack compatibility	UNKNOWN STEP	2026-10-03T10:25:07.8941827Z 
npm 12.0.2 / Node 26 pack compatibility	UNKNOWN STEP	2026-10-03T10:25:07.8942092Z To address all issues, run:
npm 12.0.2 / Node 26 pack compatibility	UNKNOWN STEP	2026-10-03T10:25:07.8942537Z   npm audit fix
npm 12.0.2 / Node 26 pack compatibility	UNKNOWN STEP	2026-10-03T10:25:07.8942734Z 
npm 12.0.2 / Node 26 pack compatibility	UNKNOWN STEP	2026-10-03T10:25:07.8943038Z Run `npm audit` for details.
npm 12.0.2 / Node 26 pack compatibility	UNKNOWN STEP	2026-10-03T10:25:07.8951505Z npm warn install-scripts 1 package had install scripts blocked because they are not covered by allowScripts:
npm 12.0.2 / Node 26 pack compatibility	UNKNOWN STEP	2026-10-03T10:25:07.8952813Z npm warn install-scripts   puppeteer@25.11.0 (postinstall: node install.mjs)
npm 12.0.2 / Node 26 pack compatibility	UNKNOWN STEP	2026-10-03T10:25:07.8953715Z npm warn install-scripts
npm 12.0.2 / Node 26 pack compatibility	UNKNOWN STEP	2026-10-03T10:25:07.8954757Z npm warn install-scripts Run `npm install-scripts ls` to review, or `npm install-scripts approve <pkg>` to allow.
npm 12.0.2 / Node 26 pack compatibility	UNKNOWN STEP	2026-10-03T10:25:07.9311979Z ##[group]Run node --test scripts/tests/unit/task-tracker/core/npm-pack-report.test.mjs scripts/tests/unit/task-tracker/core/package-boundary.test.mjs scripts/tests/unit/task-tracker/core/memory-seed-packaged.test.mjs scripts/tests/unit/task-tracker/core/scope-pack.test.mjs scripts/tests/integration/meta/package-test-corpus.test.mjs scripts/tests/slow/task-tracker/core/packaged-doctor-consumer.test.mjs scripts/tests/slow/task-tracker/core/packaged-tail-profile-consumer.test.mjs
npm 12.0.2 / Node 26 pack compatibility	UNKNOWN STEP	2026-10-03T10:25:07.9315700Z ^[[36;1mnode --test scripts/tests/unit/task-tracker/core/npm-pack-report.test.mjs scripts/tests/unit/task-tracker/core/package-boundary.test.mjs scripts/tests/unit/task-tracker/core/memory-seed-packaged.test.mjs scripts/tests/unit/task-tracker/core/scope-pack.test.mjs scripts/tests/integration/meta/package-test-corpus.test.mjs scripts/tests/slow/task-tracker/core/packaged-doctor-consumer.test.mjs scripts/tests/slow/task-tracker/core/packaged-tail-profile-consumer.test.mjs^[[0m
npm 12.0.2 / Node 26 pack compatibility	UNKNOWN STEP	2026-10-03T10:25:07.9387588Z shell: /usr/bin/bash -e {0}
npm 12.0.2 / Node 26 pack compatibility	UNKNOWN STEP	2026-10-03T10:25:07.9387877Z env:
npm 12.0.2 / Node 26 pack compatibility	UNKNOWN STEP	2026-10-03T10:25:07.9388099Z   GIT_AUTHOR_NAME: kendrick burson
npm 12.0.2 / Node 26 pack compatibility	UNKNOWN STEP	2026-10-03T10:25:07.9388402Z   GIT_AUTHOR_EMAIL: kpburson@pm.me
npm 12.0.2 / Node 26 pack compatibility	UNKNOWN STEP	2026-10-03T10:25:07.9388692Z   GIT_COMMITTER_NAME: kendrick burson
npm 12.0.2 / Node 26 pack compatibility	UNKNOWN STEP	2026-10-03T10:25:07.9388984Z   GIT_COMMITTER_EMAIL: kpburson@pm.me
npm 12.0.2 / Node 26 pack compatibility	UNKNOWN STEP	2026-10-03T10:25:07.9389237Z ##[endgroup]
npm 12.0.2 / Node 26 pack compatibility	UNKNOWN STEP	2026-10-03T10:25:21.1956641Z ✔ package files explicitly exclude the canonical test support root (5.319869ms)
npm 12.0.2 / Node 26 pack compatibility	UNKNOWN STEP	2026-10-03T10:25:21.1975536Z ✔ npm pack excludes the test corpus while retaining required runtime files and assets (13148.459179ms)
npm 12.0.2 / Node 26 pack compatibility	UNKNOWN STEP	2026-10-03T10:25:27.7188999Z ✔ packed consumer verifies committed bootstrap after npm ci and reports drift read-only (19645.220631ms)
npm 12.0.2 / Node 26 pack compatibility	UNKNOWN STEP	2026-10-03T10:25:27.7301952Z ✔ packed consumer can select and execute effect-scoped move tails (17994.297123ms)
npm 12.0.2 / Node 26 pack compatibility	UNKNOWN STEP	2026-10-03T10:25:35.9018575Z ✔ package.json files[] ships docs/ai-memory but excludes archive/ (5.428642ms)
npm 12.0.2 / Node 26 pack compatibility	UNKNOWN STEP	2026-10-03T10:25:35.9037983Z ✔ npm pack tarball contains the seed index + durable facts, no archive (14634.159249ms)
npm 12.0.2 / Node 26 pack compatibility	UNKNOWN STEP	2026-10-03T10:25:35.9141913Z ✔ normalizes the observed npm 11 single-package array report (5.942178ms)
npm 12.0.2 / Node 26 pack compatibility	UNKNOWN STEP	2026-10-03T10:25:35.9143281Z ✔ normalizes the observed npm 12 package-keyed report (0.297997ms)
npm 12.0.2 / Node 26 pack compatibility	UNKNOWN STEP	2026-10-03T10:25:35.9147962Z ✔ requires callers to bind the expected package identity (0.64808ms)
npm 12.0.2 / Node 26 pack compatibility	UNKNOWN STEP	2026-10-03T10:25:35.9149447Z ✔ rejects malformed JSON and unsupported outer values (0.394551ms)
npm 12.0.2 / Node 26 pack compatibility	UNKNOWN STEP	2026-10-03T10:25:35.9150693Z ✔ rejects zero or multiple reports (0.685466ms)
npm 12.0.2 / Node 26 pack compatibility	UNKNOWN STEP	2026-10-03T10:25:35.9151884Z ✔ rejects an unexpected npm 12 package key or inner report identity (0.358057ms)
npm 12.0.2 / Node 26 pack compatibility	UNKNOWN STEP	2026-10-03T10:25:35.9153241Z ✔ requires a files array and optionally a non-empty filename (0.370715ms)
npm 12.0.2 / Node 26 pack compatibility	UNKNOWN STEP	2026-10-03T10:25:35.9154605Z ✔ all pack consumers import the shared normalizer (1.213868ms)
npm 12.0.2 / Node 26 pack compatibility	UNKNOWN STEP	2026-10-03T10:25:37.0344340Z ✔ package-boundary: no test files are packed (10796.811618ms)
npm 12.0.2 / Node 26 pack compatibility	UNKNOWN STEP	2026-10-03T10:25:37.0345823Z ✔ package-boundary: excluded directories do not reappear (0.394413ms)
npm 12.0.2 / Node 26 pack compatibility	UNKNOWN STEP	2026-10-03T10:25:37.0347590Z ✔ package-boundary: ships the exact docs/introduction/ set (0.467664ms)
npm 12.0.2 / Node 26 pack compatibility	UNKNOWN STEP	2026-10-03T10:25:37.0368381Z ✔ package-boundary: shipped README has no dead docs/introduction link (0.377308ms)
npm 12.0.2 / Node 26 pack compatibility	UNKNOWN STEP	2026-10-03T10:25:37.0370236Z ✖ package-boundary: total entry count stays under the ceiling (0.858882ms)
npm 12.0.2 / Node 26 pack compatibility	UNKNOWN STEP	2026-10-03T10:25:37.0371755Z ✔ package-boundary: development-only context calibration is not shipped (0.589197ms)
npm 12.0.2 / Node 26 pack compatibility	UNKNOWN STEP	2026-10-03T10:25:37.0380590Z ✔ package-boundary: runtime entry points are still shipped (0.195524ms)
npm 12.0.2 / Node 26 pack compatibility	UNKNOWN STEP	2026-10-03T10:25:37.0382096Z ✔ package-boundary: production parser and guidance release guard are declared (0.522796ms)
npm 12.0.2 / Node 26 pack compatibility	UNKNOWN STEP	2026-10-03T10:25:37.0383873Z ✔ package-boundary: tag and explicit release CI retain the B2 consumer gate (0.376267ms)
npm 12.0.2 / Node 26 pack compatibility	UNKNOWN STEP	2026-10-03T10:25:38.0208888Z ✔ npm pack --dry-run resolves the scoped @kburson/ai-task-manager name (10239.978573ms)
npm 12.0.2 / Node 26 pack compatibility	UNKNOWN STEP	2026-10-03T10:25:38.0289495Z ℹ tests 24
npm 12.0.2 / Node 26 pack compatibility	UNKNOWN STEP	2026-10-03T10:25:38.0289929Z ℹ suites 0
npm 12.0.2 / Node 26 pack compatibility	UNKNOWN STEP	2026-10-03T10:25:38.0290896Z ℹ pass 23
npm 12.0.2 / Node 26 pack compatibility	UNKNOWN STEP	2026-10-03T10:25:38.0291315Z ℹ fail 1
npm 12.0.2 / Node 26 pack compatibility	UNKNOWN STEP	2026-10-03T10:25:38.0291653Z ℹ cancelled 0
npm 12.0.2 / Node 26 pack compatibility	UNKNOWN STEP	2026-10-03T10:25:38.0292263Z ℹ skipped 0
npm 12.0.2 / Node 26 pack compatibility	UNKNOWN STEP	2026-10-03T10:25:38.0292591Z ℹ todo 0
npm 12.0.2 / Node 26 pack compatibility	UNKNOWN STEP	2026-10-03T10:25:38.0292965Z ℹ duration_ms 30051.977915
npm 12.0.2 / Node 26 pack compatibility	UNKNOWN STEP	2026-10-03T10:25:38.0300463Z 
npm 12.0.2 / Node 26 pack compatibility	UNKNOWN STEP	2026-10-03T10:25:38.0300919Z ✖ failing tests:
npm 12.0.2 / Node 26 pack compatibility	UNKNOWN STEP	2026-10-03T10:25:38.0301166Z 
npm 12.0.2 / Node 26 pack compatibility	UNKNOWN STEP	2026-10-03T10:25:38.0301764Z test at scripts/tests/unit/task-tracker/core/package-boundary.test.mjs:219:1
npm 12.0.2 / Node 26 pack compatibility	UNKNOWN STEP	2026-10-03T10:25:38.0302976Z ✖ package-boundary: total entry count stays under the ceiling (0.858882ms)
npm 12.0.2 / Node 26 pack compatibility	UNKNOWN STEP	2026-10-03T10:25:38.0304937Z   AssertionError [ERR_ASSERTION]: packed entry count 895 exceeds ceiling 880; the package surface grew — confirm intentional and raise the ceiling, or prune.
npm 12.0.2 / Node 26 pack compatibility	UNKNOWN STEP	2026-10-03T10:25:38.0306969Z       at TestContext.<anonymous> (file:///home/runner/work/ai-task-manager/ai-task-manager/scripts/tests/unit/task-tracker/core/package-boundary.test.mjs:384:10)
npm 12.0.2 / Node 26 pack compatibility	UNKNOWN STEP	2026-10-03T10:25:38.0308303Z       at Test.runInAsyncScope (node:async_hooks:226:14)
npm 12.0.2 / Node 26 pack compatibility	UNKNOWN STEP	2026-10-03T10:25:38.0308982Z       at Test.run (node:internal/test_runner/test:1402:25)
npm 12.0.2 / Node 26 pack compatibility	UNKNOWN STEP	2026-10-03T10:25:38.0309790Z       at Test.processPendingSubtests (node:internal/test_runner/test:974:18)
npm 12.0.2 / Node 26 pack compatibility	UNKNOWN STEP	2026-10-03T10:25:38.0310640Z       at Test.postRun (node:internal/test_runner/test:1542:19)
npm 12.0.2 / Node 26 pack compatibility	UNKNOWN STEP	2026-10-03T10:25:38.0311329Z       at Test.run (node:internal/test_runner/test:1467:12)
npm 12.0.2 / Node 26 pack compatibility	UNKNOWN STEP	2026-10-03T10:25:38.0312161Z       at async Test.processPendingSubtests (node:internal/test_runner/test:974:7) {
npm 12.0.2 / Node 26 pack compatibility	UNKNOWN STEP	2026-10-03T10:25:38.0313437Z     generatedMessage: false,
npm 12.0.2 / Node 26 pack compatibility	UNKNOWN STEP	2026-10-03T10:25:38.0314260Z     code: 'ERR_ASSERTION',
npm 12.0.2 / Node 26 pack compatibility	UNKNOWN STEP	2026-10-03T10:25:38.0314641Z     actual: false,
npm 12.0.2 / Node 26 pack compatibility	UNKNOWN STEP	2026-10-03T10:25:38.0315005Z     expected: true,
npm 12.0.2 / Node 26 pack compatibility	UNKNOWN STEP	2026-10-03T10:25:38.0315367Z     operator: '==',
npm 12.0.2 / Node 26 pack compatibility	UNKNOWN STEP	2026-10-03T10:25:38.0315717Z     diff: 'simple'
npm 12.0.2 / Node 26 pack compatibility	UNKNOWN STEP	2026-10-03T10:25:38.0316122Z   }
npm 12.0.2 / Node 26 pack compatibility	UNKNOWN STEP	2026-10-03T10:25:38.0369024Z ##[error]Process completed with exit code 1.
npm 12.0.2 / Node 26 pack compatibility	UNKNOWN STEP	2026-10-03T10:25:38.0535642Z Post job cleanup.
npm 12.0.2 / Node 26 pack compatibility	UNKNOWN STEP	2026-10-03T10:25:38.1418299Z [command]/usr/bin/git version
npm 12.0.2 / Node 26 pack compatibility	UNKNOWN STEP	2026-10-03T10:25:38.1498411Z git version 2.55.0
npm 12.0.2 / Node 26 pack compatibility	UNKNOWN STEP	2026-10-03T10:25:38.1535975Z Temporarily overriding HOME='/home/runner/work/_temp/500d6345-b356-476a-b871-240f77f9a79f' before making global git config changes
npm 12.0.2 / Node 26 pack compatibility	UNKNOWN STEP	2026-10-03T10:25:38.1537496Z Adding repository directory to the temporary git global config as a safe directory
npm 12.0.2 / Node 26 pack compatibility	UNKNOWN STEP	2026-10-03T10:25:38.1541352Z [command]/usr/bin/git config --global --add safe.directory /home/runner/work/ai-task-manager/ai-task-manager
npm 12.0.2 / Node 26 pack compatibility	UNKNOWN STEP	2026-10-03T10:25:38.1583318Z [command]/usr/bin/git config --local --name-only --get-regexp core\.sshCommand
npm 12.0.2 / Node 26 pack compatibility	UNKNOWN STEP	2026-10-03T10:25:38.1620763Z [command]/usr/bin/git submodule foreach --recursive sh -c "git config --local --name-only --get-regexp 'core\.sshCommand' && git config --local --unset-all 'core.sshCommand' || :"
npm 12.0.2 / Node 26 pack compatibility	UNKNOWN STEP	2026-10-03T10:25:38.1890827Z [command]/usr/bin/git config --local --name-only --get-regexp http\.https\:\/\/github\.com\/\.extraheader
npm 12.0.2 / Node 26 pack compatibility	UNKNOWN STEP	2026-10-03T10:25:38.1921076Z http.https://github.com/.extraheader
npm 12.0.2 / Node 26 pack compatibility	UNKNOWN STEP	2026-10-03T10:25:38.1935544Z [command]/usr/bin/git config --local --unset-all http.https://github.com/.extraheader
npm 12.0.2 / Node 26 pack compatibility	UNKNOWN STEP	2026-10-03T10:25:38.1970271Z [command]/usr/bin/git submodule foreach --recursive sh -c "git config --local --name-only --get-regexp 'http\.https\:\/\/github\.com\/\.extraheader' && git config --local --unset-all 'http.https://github.com/.extraheader' || :"
npm 12.0.2 / Node 26 pack compatibility	UNKNOWN STEP	2026-10-03T10:25:38.2258792Z [command]/usr/bin/git config --local --name-only --get-regexp ^includeIf\.gitdir:
npm 12.0.2 / Node 26 pack compatibility	UNKNOWN STEP	2026-10-03T10:25:38.2300826Z [command]/usr/bin/git submodule foreach --recursive git config --local --show-origin --name-only --get-regexp remote.origin.url
npm 12.0.2 / Node 26 pack compatibility	UNKNOWN STEP	2026-10-03T10:25:38.2763343Z Cleaning up orphan processes
