✔ layout audit rejects a discovered test outside the canonical lane tree (75.941084ms)
✔ layout audit rejects a test placed directly in a canonical lane root (40.147709ms)
✔ line-cap audit still examines a misplaced test discovered outside the canonical tree (42.218083ms)
✔ a hidden support-subtree test cannot evade discovery, the runner, or any audit (108.383583ms)
✔ feature-oriented files keep semantic ownership after their lane correction (1.73025ms)
✔ current test-tree baseline is well formed (1.045458ms)
✔ AC3/AC4: every current baseline test remains live in its recorded lane (0.20875ms)
✔ AC1: no *.test.mjs file remains directly in a lane root (0.247ms)
✔ AC2: every lane subdirectory mirrors a real source subsystem (or is core/meta) (3.27375ms)
✔ AC4: the three lanes are a disjoint partition whose union is the whole discovery set (5.526083ms)
ℹ tests 10
ℹ suites 0
ℹ pass 10
ℹ fail 0
ℹ cancelled 0
ℹ skipped 0
ℹ todo 0
ℹ duration_ms 339.113667
✔ cold retry converges timing after before-effect (1.95975ms)
✔ cold retry converges timing after after-effect-before-response (0.477667ms)
✔ cold retry converges timing after after-response-before-checkpoint (0.299ms)
✔ cold retry converges estimation after before-effect (0.304917ms)
✔ cold retry converges estimation after after-effect-before-response (0.316709ms)
✔ cold retry converges estimation after after-response-before-checkpoint (0.257708ms)
✔ cold retry converges lifecycle after before-effect (0.49675ms)
✔ cold retry converges lifecycle after after-effect-before-response (0.263292ms)
✔ cold retry converges lifecycle after after-response-before-checkpoint (0.301833ms)
✔ cold retry converges board after before-effect (0.326167ms)
✔ cold retry converges board after after-effect-before-response (0.325583ms)
✔ cold retry converges board after after-response-before-checkpoint (0.23ms)
✔ cold retry converges disposition after before-effect (0.237167ms)
✔ cold retry converges disposition after after-effect-before-response (0.22975ms)
✔ cold retry converges disposition after after-response-before-checkpoint (0.2595ms)
✔ cold retry converges issue after before-effect (0.217583ms)
✔ cold retry converges issue after after-effect-before-response (0.217ms)
✔ cold retry converges issue after after-response-before-checkpoint (0.239209ms)
✔ cold retry converges labels after before-effect (0.241709ms)
✔ cold retry converges labels after after-effect-before-response (0.22425ms)
✔ cold retry converges labels after after-response-before-checkpoint (0.310375ms)
✔ cold retry converges cleanup after before-effect (0.327375ms)
✔ cold retry converges cleanup after after-effect-before-response (0.214334ms)
✔ cold retry converges cleanup after after-response-before-checkpoint (0.2245ms)
✔ pre-close contention refuses effects while a post-completion race is cleanup pending (0.536041ms)
✔ public close dispatcher selects marked synthetic v2 and ignores unmarked v1 (386.17625ms)
ℹ tests 26
ℹ suites 0
ℹ pass 26
ℹ fail 0
ℹ cancelled 0
ℹ skipped 0
ℹ todo 0
ℹ duration_ms 522.324208
✔ intent is journaled before one provider effect and lost response resumes by readback (987.774125ms)
✔ real Git multi-source squash matches accepted tree while changed-base and dropped content refuse (2079.3495ms)
✔ public deliver dispatcher selects synthetic v2 and leaves unmarked bodies on v1 (459.011208ms)
ℹ tests 3
ℹ suites 0
ℹ pass 3
ℹ fail 0
ℹ cancelled 0
ℹ skipped 0
ℹ todo 0
ℹ duration_ms 3622.231708
✔ AC1: buildContext decomposes into named capability objects (1.704208ms)
✔ AC2: assembleCapabilities groups flat members by reference (0.124334ms)
✔ strict sub-issue capability fetches project identity and Status name in one query (0.370833ms)
✔ strict sub-issue capability reports a thrown GraphQL query as unknown (0.716167ms)
✔ legacy fetchSubIssues delegates and preserves numeric issue numbers only for ok snapshots (0.23875ms)
✔ AC2: verbClose is migrated to the narrow capability interface (0.380792ms)
✔ AC3: verbClose runs against a narrow fixture (no active task path) (45.021417ms)
ℹ tests 7
ℹ suites 0
ℹ pass 7
ℹ fail 0
ℹ cancelled 0
ℹ skipped 0
ℹ todo 0
ℹ duration_ms 163.573625
[task-tracker] ⛔ Refusing to close #1381: review-authorization-missing. Run `/task deliver` until a verified exact-head receipt exists, then retry. If the pull request was merged with a method this project does not declare (`delivery-verification:merge-method`), reconcile it with `/task deliver <N> --reconcile-merge-method <merge|squash|rebase> --reason "<why>"`.
[task-tracker] projectDir override: AI_TASK_MANAGER_PROJECT_DIR=/Users/kpburson/projects/Vibe-Coding/ai-task-manager/.worktrees/1574-historical-intent/.scratch/test/aitm-1381-close-wiring-qjYQLs for #1381
Closed #1381.
#1381 is already fully closed; no terminal writes were repeated.
[task-tracker] ⛔ Refusing to close #1381: delivery-authority:accepted-evidence. Run `/task deliver` until a verified exact-head receipt exists, then retry. If the pull request was merged with a method this project does not declare (`delivery-verification:merge-method`), reconcile it with `/task deliver <N> --reconcile-merge-method <merge|squash|rebase> --reason "<why>"`.
[task-tracker] ⛔ Refusing to close #1381: delivery-authority:accepted-evidence. Run `/task deliver` until a verified exact-head receipt exists, then retry. If the pull request was merged with a method this project does not declare (`delivery-verification:merge-method`), reconcile it with `/task deliver <N> --reconcile-merge-method <merge|squash|rebase> --reason "<why>"`.
[task-tracker] ⛔ Refusing to close #1381: review-authorization-missing. Run `/task deliver` until a verified exact-head receipt exists, then retry. If the pull request was merged with a method this project does not declare (`delivery-verification:merge-method`), reconcile it with `/task deliver <N> --reconcile-merge-method <merge|squash|rebase> --reason "<why>"`.
[task-tracker] ⛔ Refusing to close #1381: close-delivery-receipt:missing. Run `/task deliver` until a verified exact-head receipt exists, then retry. If the pull request was merged with a method this project does not declare (`delivery-verification:merge-method`), reconcile it with `/task deliver <N> --reconcile-merge-method <merge|squash|rebase> --reason "<why>"`.
[task-tracker] ⛔ Refusing to close #1381: close-delivery-receipt:merge-commit-mismatch. Run `/task deliver` until a verified exact-head receipt exists, then retry. If the pull request was merged with a method this project does not declare (`delivery-verification:merge-method`), reconcile it with `/task deliver <N> --reconcile-merge-method <merge|squash|rebase> --reason "<why>"`.
[task-tracker] ⛔ Refusing to close #1381: delivery-verification:merge-method. Run `/task deliver` until a verified exact-head receipt exists, then retry. If the pull request was merged with a method this project does not declare (`delivery-verification:merge-method`), reconcile it with `/task deliver <N> --reconcile-merge-method <merge|squash|rebase> --reason "<why>"`.
[task-tracker] ⛔ Refusing to close #1381: delivery-verification:merge-commit-bytes. Run `/task deliver` until a verified exact-head receipt exists, then retry. If the pull request was merged with a method this project does not declare (`delivery-verification:merge-method`), reconcile it with `/task deliver <N> --reconcile-merge-method <merge|squash|rebase> --reason "<why>"`.
Closed #1381.
Closed #1381.
✔ A to B reused-branch delivery closes historical A through production seams and retries read-only (39.600458ms)
✔ interrupted A delivery recovers its receipt after the branch advances without provider action (2.473833ms)
✔ reused-branch composition fails closed on ambiguous PR and corrupt record histories (4.950417ms)
✔ historical recovery refuses unreadable trunk, unreachable merge, and altered authorized bytes (2.526ms)
✔ composed close refuses stale lifecycle, approval, PR, merge, method, and attribution evidence (18.786083ms)
✔ partial Delivered terminal transaction resumes only its exact suffix under durable authority (9.333541ms)
✔ close rejects malformed provider timestamps before receipt or terminal mutation (1.05375ms)
✔ #1382 and #1383 project one approved ledger but produce distinct terminal record chains (15.811958ms)
✔ amendment gates keep Phase B ledger authority after #1381 Done and block chain or #939 drift (10.54675ms)
ℹ tests 9
ℹ suites 0
ℹ pass 9
ℹ fail 0
ℹ cancelled 0
ℹ skipped 0
ℹ todo 0
ℹ duration_ms 210.90175
✔ legacy approval keeps the marker lane while directory approval consumes accepted evidence (4.603625ms)
✔ human and Full-Auto approval provenance are explicit and non-interchangeable (0.932958ms)
✔ directory Review and Approval predicates reject stale SHA, epoch, and authority (0.1725ms)
✔ manual lifecycle checkbox edits cannot satisfy directory-governed close (0.358875ms)
✔ close resolves current directory evidence but leaves legacy bodies on the existing lane (0.229958ms)
✔ close fails closed when accepted directory Review or Approval evidence is absent (0.3065ms)
✔ deliver resolves marker-free exact-head directory approval authority (0.804084ms)
✔ runDeliver consumes marker-free exact-head directory Review and Approval evidence (3.843917ms)
✔ runDeliver refuses directory authority without accepted exact-head Review evidence (0.574625ms)
✔ runDeliver never hybridizes directory Review with legacy body Approval (0.766542ms)
ℹ tests 10
ℹ suites 0
ℹ pass 10
ℹ fail 0
ℹ cancelled 0
ℹ skipped 0
ℹ todo 0
ℹ duration_ms 122.394416
close-lifecycle-tick.test.mjs: all passed
✔ scripts/tests/slow/task-tracker/verbs/close-lifecycle-tick.test.mjs (90.006666ms)
ℹ tests 1
ℹ suites 0
ℹ pass 1
ℹ fail 0
ℹ cancelled 0
ℹ skipped 0
ℹ todo 0
ℹ duration_ms 94.543458
coverage-close.test.mjs: defined
✔ no active task (3.099125ms)
✔ discover bucket → discarded (2.641125ms)
✔ target adopted into empty state → Closed (68.861875ms)
✔ convergence close-issue: board Done + issue OPEN → gh close (270.178834ms)
✔ convergence close-issue: outcome failure leaves the issue OPEN and active (6.740792ms)
✔ convergence close-issue: disposition failure leaves issue OPEN and active (6.157791ms)
✔ convergence close-issue: gh close fails → exit 1 (6.491333ms)
✔ convergence noop + boardDrift: issue CLOSED, board behind → converge (52.199875ms)
✔ convergence noop + boardDrift: move fails + board not Done → exit 1 (1.007ms)
[task-tracker] projectDir override: AI_TASK_MANAGER_PROJECT_DIR=/Users/kpburson/projects/Vibe-Coding/ai-task-manager/.worktrees/1574-historical-intent/.scratch/test/aitm-613-jogyMJ for the active issue
✔ convergence noop, no drift: issue CLOSED + board Done → already closed (52.181084ms)
✔ happy tail: approval marker present → emitted, Closed (48.279166ms)
✔ happy tail: Full-Auto default records review approval without a prior marker (45.524167ms)
✔ happy-tail candidate refuses close when terminal timing is only queued (0.899333ms)
✔ final move non-benign failure + board not Done → exit 1 (0.6515ms)
✔ offline final move cannot verify board Done → refuses non-benign failure (0.692916ms)
[task-tracker] projectDir override: AI_TASK_MANAGER_PROJECT_DIR=/Users/kpburson/projects/Vibe-Coding/ai-task-manager/.worktrees/1574-historical-intent/.scratch/test/aitm-613-XqHME0 for the active issue
✔ dirty + CI headless, no --answer → exit 5 (40.369416ms)
[task-tracker] projectDir override: AI_TASK_MANAGER_PROJECT_DIR=/Users/kpburson/projects/Vibe-Coding/ai-task-manager/.worktrees/1574-historical-intent/.scratch/test/aitm-613-vNqlmw for the active issue
✔ dirty + --answer cancel → left in Review (42.731959ms)
[task-tracker] projectDir override: AI_TASK_MANAGER_PROJECT_DIR=/Users/kpburson/projects/Vibe-Coding/ai-task-manager/.worktrees/1574-historical-intent/.scratch/test/aitm-613-rk0AD8 for the active issue
✔ dirty + --answer yes → refuse, exit 6 (41.176792ms)
[task-tracker] projectDir override: AI_TASK_MANAGER_PROJECT_DIR=/Users/kpburson/projects/Vibe-Coding/ai-task-manager/.worktrees/1574-historical-intent/.scratch/test/aitm-613-v6DMMX for the active issue
✔ dirty + invalid --answer → exit 1 (37.97925ms)
[task-tracker] projectDir override: AI_TASK_MANAGER_PROJECT_DIR=/Users/kpburson/projects/Vibe-Coding/ai-task-manager/.worktrees/1574-historical-intent/.scratch/test/aitm-613-l9H5Bq for the active issue
✔ dirty + interactive (no CI, no answer) → PROMPT_REQUIRED (40.6285ms)
✔ dirty + --answer no → audit row, continues to Closed (78.4045ms)
✔ gate-eval failure, no --force → fail-closed exit 3 (24.020875ms)
✔ --force: gate-eval throw swallowed → cascade + close pipeline → Closed (102.43675ms)
✔ cascade: disposition failure leaves child and parent OPEN and active (1.388292ms)
✔ cascade: outcome failure leaves child in Review and parent OPEN and active (1.136208ms)
✔ cascade: queued terminal timing leaves child in Review and retains evidence for retry (1.03925ms)
✔ cascade: each child outcome uses its own resolved worktree (104.357209ms)
✔ assertFieldsPersisted: aitm-fields marker missing → throws (6.701583ms)
✔ assertFieldsPersisted: engagedTime null → throws (6.152542ms)
✔ assertFieldsPersisted: body re-read fails → throws (6.227833ms)
✔ tickLifecycleOnClose: ticks story-closed + timing-flushed via mutate (0.287916ms)
⚠ lifecycle-tick best-effort failed: boom
✔ tickLifecycleOnClose: mutate throws → best-effort swallow (1502.65175ms)
ℹ tests 32
ℹ suites 0
ℹ pass 32
ℹ fail 0
ℹ cancelled 0
ℹ skipped 0
ℹ todo 0
ℹ duration_ms 2711.434125
orchestrators.test.mjs: ok
✔ move-state: agent-context call (no env, no TTY) is refused with exit 3 (87.289084ms)
✔ move-state: chokepoint call (AITM_INTERNAL=1) moves and prints confirmation (90.98475ms)
✔ move-state: illegal matrix transition is refused with exit 5 (83.75975ms)
✔ move-state: valid forward transition (refine → ready-for-plan) succeeds (87.478958ms)
✔ promote: recorded=done is terminal-refused (forward-only) (1.569167ms)
✔ promote: board/recorded divergence is drift-refused with both states (0.131375ms)
✔ promote: no recorded marker and no live board item is an error (0.120208ms)
✔ promote: unknown recorded state is an error (0.083583ms)
✔ promote: delegate-timeout policy — test gets none, close gets a bounded budget (0.093667ms)
✔ close: no active task and no target prints "no active task" and does nothing (2.212375ms)
✔ close: an active review issue runs the terminal done move after the wrap rows (91.757333ms)
ℹ tests 11
ℹ suites 0
ℹ pass 11
ℹ fail 0
ℹ cancelled 0
ℹ skipped 0
ℹ todo 0
ℹ duration_ms 554.623292
close-emission-order.test.mjs: ok
Closed #999.
Closed #999.
Closed #999.
✔ buildReviewToDoneClosePair emits review:approved then issue:wrap (13.693708ms)
✔ verbClose emits review:approved + issue:wrap before the done board move (84.42875ms)
✔ combined close + done-move stream is review:approved → issue:wrap → issue:closed (0.187833ms)
✔ #692 AC2 — retried close does not re-emit an existing review:approved/issue:wrap pair (78.019625ms)
✔ #692 AC3 — review:approved active duration derives from the timing comment (77.506833ms)
ℹ tests 5
ℹ suites 0
ℹ pass 5
ℹ fail 0
ℹ cancelled 0
ℹ skipped 0
ℹ todo 0
ℹ duration_ms 360.688042
✔ proof-gated scanner waives suite, tests DoD, and derived aggregate boxes (1.054042ms)
✔ scanner preserves byte-identical default-deny behavior without proof (0.11ms)
✔ Test exit guard uses proof resolution and keeps unrelated blockers (0.2655ms)
✔ close verb passes validated docs-only proof to the shared scanner (0.120125ms)
✔ earned lane-skip predicate requires docs-only proof and every dropped lane (0.467666ms)
✔ proof resolver accepts only a validated current receipt for a live docs-only body (0.734334ms)
ℹ tests 6
ℹ suites 0
ℹ pass 6
ℹ fail 0
ℹ cancelled 0
ℹ skipped 0
ℹ todo 0
ℹ duration_ms 103.737083
approve: lifecycle-tick-noop: 'passed-final-review' label not matched — body may use legacy heading or customized DoD
✔ auto both/review provide repeatable standing authority; off and reset revoke/re-evaluate it (2.017125ms)
✔ approval evidence must be current-head and genuine human approval remains independent (0.102458ms)
✔ fresh Test and Agent Review cannot rebind an approval from an older head (1.185458ms)
✔ stale Full-Auto body evidence cannot survive auto off or reset (0.138167ms)
✔ standing Full-Auto authorizes immutable A while a reused branch is observed at B (0.3635ms)
✔ reconstructs intent authority only from an advanced merged historical delivery (0.315083ms)
✔ historical reconstruction rejects an extra intent property at its exact-key boundary (0.085458ms)
✔ historical reconstruction refuses authority that is not an advanced, clean merged delivery (0.288292ms)
✔ Full-Auto changes only review authorization; delivery safety gates still refuse independently (0.339ms)
approve: lifecycle-tick-noop: 'passed-final-review' label not matched — body may use legacy heading or customized DoD
approve: lifecycle-tick-noop: 'passed-final-review' label not matched — body may use legacy heading or customized DoD
✔ runApprove remains the audited producer of Full-Auto approval evidence (229.469584ms)
approve: lifecycle-tick-noop: 'passed-final-review' label not matched — body may use legacy heading or customized DoD
✔ stale human approval cannot be silently rebound after head drift (28.991042ms)
ℹ tests 11
ℹ suites 0
ℹ pass 11
ℹ fail 0
ℹ cancelled 0
ℹ skipped 0
ℹ todo 0
ℹ duration_ms 339.276792
close-cross-close.test.mjs: all passed
✔ source: no `closingDifferentIssue` references remain (dead-code check) (0.492167ms)
✔ source: bind-mismatch refusal now lives in the shared preflight helper (0.157959ms)
✔ source: preflight bind-mismatch uses exit(7) (0.108417ms)
✔ refuses cross-close: exit 7, PROMPT_REQUIRED on stdout (via dispatcher preflight) (99.787542ms)
✔ allows close when target equals s.active (no refusal) (5.968541ms)
✔ allows close when s.active is null and target is given (2.744417ms)
ℹ tests 6
ℹ suites 0
ℹ pass 6
ℹ fail 0
ℹ cancelled 0
ℹ skipped 0
ℹ todo 0
ℹ duration_ms 213.845292
close-repair.test.mjs: all passed
✔ #708 AC2 (baseline): board=Done + issue=CLOSED without --repair → noop short-circuit (no timing flush) (19.322709ms)
✔ #708 AC2: same state WITH --repair → bypasses noop and replays the full atomic close (8.924542ms)
✔ #708 AC4: `--repair` is documented in the close verb help output (0.203292ms)
ℹ tests 3
ℹ suites 0
ℹ pass 3
ℹ fail 0
ℹ cancelled 0
ℹ skipped 0
ℹ todo 0
ℹ duration_ms 140.618875
✔ native-blocked R4P child stays current for epic admission but waits for its predecessor (2.703833ms)
✔ configured-project mapping ignores legacy blocker markers as dependency authority (0.250416ms)
✔ configured-project child mapping carries current refinement and terminal evidence (0.211792ms)
✔ configured-project mapping rejects stale refinement evidence and board-rank drift (0.244709ms)
✔ epic admission and terminal delivery fail closed on incomplete descriptors and board drift (0.422709ms)
✔ strict local WIP cannot be disabled by project configuration (0.388958ms)
✔ epic Plan admission requires every executable child at R4P or later with refinement evidence (0.202292ms)
✔ R4P state enforces epic child admission before entering Plan (0.101417ms)
✔ next-child selection uses only dependency-ready R4P children and rank (0.11675ms)
✔ next-child selection fails closed while any sibling is locally active (0.110417ms)
✔ local WIP policy has no blocker exception while another child is active (0.465ms)
✔ epic Test admission requires Done or an accepted closed disposition (0.180625ms)
✔ pull-next advances one dependency-ready R4P child exactly one edge and then stops (9.506417ms)
✔ pull-next refuses to start another local child while a sibling is active (0.224ms)
✔ operator help, architecture, and pickup guidance describe R4P child staging (1.031334ms)
✔ epic child enumeration exhausts every GraphQL page and refuses cursor ambiguity (0.755709ms)
✔ configured child project membership and fields paginate exhaustively (0.225ms)
ℹ tests 17
ℹ suites 0
ℹ pass 17
ℹ fail 0
ℹ cancelled 0
ℹ skipped 0
ℹ todo 0
ℹ duration_ms 127.99275
✔ @me resolves to the authenticated user and an explicit reviewer is preserved (0.575542ms)
✔ disabled gate authorizes delivery without PR review evidence (0.401833ms)
✔ missing approval requests the eligible human reviewer (0.111375ms)
✔ an existing review request waits without requesting the same reviewer again (0.102333ms)
✔ only the latest applicable exact-head review can authorize delivery (0.183541ms)
✔ review assignment and stale-head approval are not approval evidence (0.064291ms)
✔ the PR author, bots, and unreadable evidence fail closed (0.0815ms)
✔ delivery checks CI before requesting a reviewer and emits no delivery intent (2.290584ms)
✔ exact-head human PR approval authorizes normal provider delivery (3.821458ms)
ℹ tests 9
ℹ suites 0
ℹ pass 9
ℹ fail 0
ℹ cancelled 0
ℹ skipped 0
ℹ todo 0
ℹ duration_ms 86.168125
✔ ac-stamp seam: a cited AC resolves to its literal verifier command (AC3) (1.926083ms)
✔ ac-stamp seam: stamping a cited AC writes a readable evidence proof (AC3) (1.258167ms)
✔ ac-stamp seam: cited stamp reconciliation is idempotent for an already-listed command (AC3) (0.204667ms)
✔ ac-stamp seam: cited and legacy ACs share one key and both stamp readable proofs (AC3/AC5) (0.358667ms)
✔ verbAcStamp is exported as an async function (0.057583ms)
ℹ tests 5
ℹ suites 0
ℹ pass 5
ℹ fail 0
ℹ cancelled 0
ℹ skipped 0
ℹ todo 0
ℹ duration_ms 69.0585
{
  "status": "clean"
}
✔ action-ledger parses audit, gc, and approved reconcile modes (0.714917ms)
✔ verb routes one selected mode through its runtime (0.400625ms)
ℹ tests 2
ℹ suites 0
ℹ pass 2
ℹ fail 0
ℹ cancelled 0
ℹ skipped 0
ℹ todo 0
ℹ duration_ms 59.038417
approve: lifecycle-tick-noop: 'passed-final-review' label not matched — body may use legacy heading or customized DoD
approve: lifecycle-tick-noop: 'passed-final-review' label not matched — body may use legacy heading or customized DoD
approve: lifecycle-tick-noop: 'passed-final-review' label not matched — body may use legacy heading or customized DoD
approve: lifecycle-tick-noop: 'passed-final-review' label not matched — body may use legacy heading or customized DoD
approve: lifecycle-tick-noop: 'passed-final-review' label not matched — body may use legacy heading or customized DoD
✔ scripts/tests/unit/task-tracker/verbs/approve-core.test.mjs (374.070792ms)
ℹ tests 1
ℹ suites 0
ℹ pass 1
ℹ fail 0
ℹ cancelled 0
ℹ skipped 0
ℹ todo 0
ℹ duration_ms 378.525292
approve: lifecycle-tick-noop: 'passed-final-review' label not matched — body may use legacy heading or customized DoD
approve: lifecycle-tick-noop: 'passed-final-review' label not matched — body may use legacy heading or customized DoD
approve: lifecycle-tick-noop: 'passed-final-review' label not matched — body may use legacy heading or customized DoD
approve: lifecycle-tick-noop: 'passed-final-review' label not matched — body may use legacy heading or customized DoD
✔ scripts/tests/unit/task-tracker/verbs/approve-full-auto-detect.test.mjs (374.201958ms)
ℹ tests 1
ℹ suites 0
ℹ pass 1
ℹ fail 0
ℹ cancelled 0
ℹ skipped 0
ℹ todo 0
ℹ duration_ms 378.805875
⚠ approve: review-notes post failed: network down
✔ runApprove in human mode posts notes with human source from stdin drivers (4.765458ms)
✔ runApprove in full-auto mode posts notes with auto source and derived drivers (1.268708ms)
✔ runApprove in human mode skips notes comment when no drivers entered (0.616542ms)
✔ runApprove still ticks lifecycle even if notes-post fails (0.902791ms)
ℹ tests 4
ℹ suites 0
ℹ pass 4
ℹ fail 0
ℹ cancelled 0
ℹ skipped 0
ℹ todo 0
ℹ duration_ms 77.998167
✔ exports the marker-authorized approval timing capabilities (0.466291ms)
✔ #1127 marker-authorized boundary is inserted at approval and deduplicated (14.878041ms)
✔ marker-authorized boundary ignores fenced approval lookalikes (0.290041ms)
✔ legacy colon approval marker remains valid reconciliation authority (0.109125ms)
✔ #1127 delayed close cannot inflate Review or published active totals (1.296208ms)
✔ legacy repair uses the last marker at approval, not a later close marker (0.751416ms)
✔ legacy repair preserves an explicit unavailable full marker at approval (0.551042ms)
✔ legacy repair treats an empty historical full-marker cell as unavailable (0.351333ms)
✔ post-close retry cannot duplicate the same authoritative approval event (0.570083ms)
✔ runApprove reconciles timing after first approval and on an already-approved retry (4.697041ms)
✔ runApprove refreshes stale Full-Auto approval carriers after lifecycle invalidation (2.197333ms)
✔ runApprove removes a legacy unbounded Full-Auto footnote during stale re-approval (1.835167ms)
ℹ tests 12
ℹ suites 0
ℹ pass 12
ℹ fail 0
ℹ cancelled 0
ℹ skipped 0
ℹ todo 0
ℹ duration_ms 104.303625
✔ assign claims an unassigned pre-Develop story without changing Status (1.313291ms)
✔ assign transfers a locally-owned story to one different owner while preserving Status (0.193792ms)
✔ assign refuses foreign and multiple ownership before mutation (0.234708ms)
✔ assign treats a thrown add with a matching read-back as ambiguous and never compensates (0.175709ms)
✔ assign never destructively compensates a successful but provenance-ambiguous add (0.122875ms)
✔ transfer does not destructively compensate after the prior owner was removed (0.130041ms)
✔ assign never mutates when the durable audit reservation fails (0.260959ms)
✔ assign is idempotent for the requested singleton owner (0.103959ms)
✔ assign retries a pending completion audit without repeating ownership mutation (0.309ms)
✔ assign reports audit-pending after verified mutation when completion write fails (0.180417ms)
✔ transfer retry repairs completion audit from the original owner workstation (0.209625ms)
✔ audit retry correlates by transaction id instead of suppressing a newer identical intent (0.137666ms)
✔ transfer retry never completes a pending transaction for a different requested target (0.129083ms)
✔ ownership verb refusals give the operator a concrete recovery action (0.321542ms)
✔ Done preserves final ownership and refuses transfer (0.066167ms)
ℹ tests 15
ℹ suites 0
ℹ pass 15
ℹ fail 0
ℹ cancelled 0
ℹ skipped 0
ℹ todo 0
ℹ duration_ms 62.896875
[task-tracker] ✓ #20 blocked by #12
[task-tracker] ✓ #20 blocked by #4
[task-tracker] ✓ #20 native blockers already converged
[task-tracker] ✓ #20 native blockers already converged
[task-tracker] ✓ #20 removed native blockers #9
[task-tracker] ✓ #20 removed native blockers #4, #9
[task-tracker] ✓ #20 has no matching native blockers to remove
[task-tracker] ✓ #20 removed native blockers #4
[task-tracker] ✓ #20 has no matching native blockers to remove
✔ parseByList and block arguments normalize valid issue refs and reject partial-invalid input (1.101625ms)
✔ unblock arguments distinguish subtract-some from clear-all (0.100292ms)
✔ block unions requested refs into the native set without duplicates (0.634625ms)
✔ block accepts existing closed issues because AITM Status decides readiness (0.1115ms)
✔ block is idempotent when every requested ref already exists but still projects (0.127375ms)
✔ block refuses self, invalid, and missing refs before graph mutation (0.199917ms)
✔ block retry converges after projection failed without duplicating graph edges or comments (0.197833ms)
✔ unblock subtracts only present requested refs and ignores absent refs (0.191166ms)
✔ unblock without --by clears the native set (0.112125ms)
✔ unblock repeat is idempotent and still projects (0.220625ms)
ℹ tests 10
ℹ suites 0
ℹ pass 10
ℹ fail 0
ℹ cancelled 0
ℹ skipped 0
ℹ todo 0
ℹ duration_ms 59.346917
✔ resolveBoardTarget: explicit #N wins over active issue (0.648375ms)
✔ resolveBoardTarget: falls back to the active issue (0.110541ms)
✔ resolveBoardTarget: null when neither is present (0.059375ms)
✔ verbBoard: prints "#N board Status: <state>" from the pinned reader (0.664708ms)
✔ verbBoard: reports not-on-board when the pinned reader returns null (0.190333ms)
✔ verbBoard: usage error and non-zero exit when no target resolvable (0.156458ms)
✔ evaluateGhProject: blocks `gh project item-list <n> --owner` (0.17825ms)
✔ evaluateGhProject: blocks other gh project forms (view, item-add) (0.09ms)
✔ evaluateGhProject: a bare mention of "gh project" in prose does not trip (0.0835ms)
✔ evaluateGhProject: blocks a ProjectV2 query pinning a non-bound id (0.171208ms)
✔ evaluateGhProject: allows a ProjectV2 query pinning only the bound id (0.083042ms)
✔ evaluateGhProject: blocks a ProjectV2 query with no pinned id (client filter) (0.07925ms)
✔ evaluateGhProject: fails closed when boundProjectId is unreadable (null) (0.043584ms)
✔ evaluateGhProject: ignores non-project gh api graphql (issues, sub-issues) (0.060625ms)
✔ evaluateGhProject: ignores unrelated commands (0.056625ms)
ℹ tests 15
ℹ suites 0
ℹ pass 15
ℹ fail 0
ℹ cancelled 0
ℹ skipped 0
ℹ todo 0
ℹ duration_ms 55.917334
check-verb-migration.test.mjs: defined
[task-tracker] ✓ "already checked criterion" already checked on #777 (no-op)
[task-tracker] ✓ "already checked criterion" already checked on #777 (no-op)
✔ legacy `check` on an already-checked box does NOT uncheck (no toggle) (2.108375ms)
✔ legacy `check` emits a deprecation notice on stderr (0.771333ms)
✔ no instructional `task check "<label>"` toggle call site survives (191.995583ms)
✔ no "Toggle a checkbox" description survives (133.961167ms)
ℹ tests 4
ℹ suites 0
ℹ pass 4
ℹ fail 0
ℹ cancelled 0
ℹ skipped 0
ℹ todo 0
ℹ duration_ms 395.183083
✔ prefix-collision: toggling the shorter label does not touch the longer line (1.004084ms)
✔ round-trip: toggling an exact-match unchecked line flips to [x] then back to [ ] (0.123875ms)
✔ regex metacharacters in the label are matched literally (0.09675ms)
✔ missing label returns not-found and does not throw (0.062458ms)
✔ batch: multi-label toggle accumulates in one body (0.460916ms)
✔ batch: mixed found / already-checked / not-found reported independently; not-found does not drop the batch (0.125084ms)
✔ batch: single label behaves like the legacy single-label toggle (0.088459ms)
✔ batch: empty label list is a no-op returning the body unchanged (0.067667ms)
✔ #411 bare visible label ticks a marker-bearing line (0.116291ms)
✔ #411 full-line argument (label + markers) still ticks the line (backward compat) (0.148709ms)
✔ #411 marker-bearing line retains its trailing markers after toggle (0.0895ms)
✔ #411 ambiguous: two lines sharing a stripped label yield ambiguous and tick neither (0.050041ms)
✔ #411 batch reports ambiguous independently without dropping other labels (0.087167ms)
ℹ tests 13
ℹ suites 0
ℹ pass 13
ℹ fail 0
ℹ cancelled 0
ℹ skipped 0
ℹ todo 0
ℹ duration_ms 69.631666
✔ shared close cleanup sweeps bindings before fleet deregistration and occupancy release (0.759ms)
✔ binding cleanup is mandatory and prevents false close success (0.213166ms)
✔ Done, disposition, and convergence close lanes retain the shared cleanup boundary (0.70175ms)
ℹ tests 3
ℹ suites 0
ℹ pass 3
ℹ fail 0
ℹ cancelled 0
ℹ skipped 0
ℹ todo 0
ℹ duration_ms 102.686958
close-converge-audit-emission.test.mjs: defined
✔ Case A — converge with approved body emits BOTH review:approved and issue:wrap (#801 AC1) (72.057333ms)
✔ Case B — converge with no approval marker WITHHOLDS review:approved, still emits issue:wrap (#801 AC2) (49.886625ms)
✔ Case C — converge is idempotent when the pair already exists (#801 AC3) (51.213791ms)
ℹ tests 3
ℹ suites 0
ℹ pass 3
ℹ fail 0
ℹ cancelled 0
ℹ skipped 0
ℹ todo 0
ℹ duration_ms 277.73925
#925 was already closed on GitHub — finalized housekeeping and converged the board to Done.
#925 was already closed on GitHub — finalized housekeeping and converged the board to Done.
#925 was already closed on GitHub — finalized housekeeping and converged the board to Done.
#925 was already closed on GitHub — finalized housekeeping and converged the board to Done.
[task-tracker] ⛔ Refusing to close #925: review-authorization-missing. Run `/task deliver` until a verified exact-head receipt exists, then retry. If the pull request was merged with a method this project does not declare (`delivery-verification:merge-method`), reconcile it with `/task deliver <N> --reconcile-merge-method <merge|squash|rebase> --reason "<why>"`.
#925 was already closed on GitHub — finalized housekeeping and converged the board to Done.
#925 was already closed on GitHub — finalized housekeeping and converged the board to Done.
#925 was already closed on GitHub — finalized housekeeping and converged the board to Done.
#925 was already closed on GitHub — finalized housekeeping and converged the board to Done.
#925 was already closed on GitHub — finalized housekeeping and converged the board to Done.
[task-tracker] ⛔ Refusing to close #925: directory-approval-evidence-missing. Run `/task deliver` until a verified exact-head receipt exists, then retry. If the pull request was merged with a method this project does not declare (`delivery-verification:merge-method`), reconcile it with `/task deliver <N> --reconcile-merge-method <merge|squash|rebase> --reason "<why>"`.
[task-tracker] ⛔ Refusing to close #925: directory-review-evidence-missing. Run `/task deliver` until a verified exact-head receipt exists, then retry. If the pull request was merged with a method this project does not declare (`delivery-verification:merge-method`), reconcile it with `/task deliver <N> --reconcile-merge-method <merge|squash|rebase> --reason "<why>"`.
[task-tracker] ⛔ Refusing to close #925: directory-review-evidence-missing. Run `/task deliver` until a verified exact-head receipt exists, then retry. If the pull request was merged with a method this project does not declare (`delivery-verification:merge-method`), reconcile it with `/task deliver <N> --reconcile-merge-method <merge|squash|rebase> --reason "<why>"`.
[task-tracker] ⛔ Refusing to close #925: directory-review-evidence-missing. Run `/task deliver` until a verified exact-head receipt exists, then retry. If the pull request was merged with a method this project does not declare (`delivery-verification:merge-method`), reconcile it with `/task deliver <N> --reconcile-merge-method <merge|squash|rebase> --reason "<why>"`.
#925 was already closed on GitHub — finalized housekeeping and converged the board to Done.
#925 recovery completed after posting the timing audit.
#925 recovery completed after posting the timing audit.
#925 closed-issue aberration failed at postTimingAudit: postTimingAudit returned a failed result. Local task state was retained for retry.
#925 closed-issue aberration failed at postTimingAudit: postTimingAudit returned a failed result. Local task state was retained for retry.
#925 closed-issue aberration failed at postTimingAudit: postTimingAudit returned a failed result. Local task state was retained for retry.
✔ finalize passes the configured tail profile and explicit review authority (24.553666ms)
✔ stale close approval refuses after fresh Test and Agent Review evidence (3.363958ms)
✔ #1403 close authorizes review against accepted delivery SHA after local HEAD advances (1.291375ms)
✔ close consumes marker-free exact-head directory human authority (2.454291ms)
✔ production close derives accepted head from marker-free directory Review evidence (2.019292ms)
✔ production close resolves directory authority from immutable Test SHA after local HEAD advances (1.846291ms)
✔ production close refuses directory Review without directory Approval despite body approval (0.955167ms)
✔ close fails closed for stale or malformed marker-free directory authority (3.564709ms)
✔ verb entry rejects a empty string tail profile before every observable effect (0.816334ms)
✔ verb entry rejects a null tail profile before every observable effect (0.52125ms)
✔ verb entry rejects a false tail profile before every observable effect (0.431541ms)
✔ verb entry rejects a zero tail profile before every observable effect (0.956792ms)
✔ verb entry rejects a negative zero tail profile before every observable effect (0.863959ms)
✔ verb entry rejects a zero bigint tail profile before every observable effect (0.62175ms)
✔ verb entry rejects a NaN tail profile before every observable effect (0.509916ms)
✔ verb entry rejects a object tail profile before every observable effect (0.468458ms)
✔ verb entry rejects a unknown string tail profile before every observable effect (0.550959ms)
✔ lifecycle reconcile delegates through the grouped issue-body mutator (1.512041ms)
✔ transaction prefix does not satisfy exact timing transaction lookup (1.838041ms)
✔ incidental prose does not satisfy exact timing transaction lookup (1.573625ms)
✔ false timing audit fails and leaves durable recovery pending at Review (1.363875ms)
✔ failed timing audit fails and leaves durable recovery pending at Review (1.161167ms)
✔ queued timing audit fails and leaves durable recovery pending at Review (1.035166ms)
ℹ tests 23
ℹ suites 0
ℹ pass 23
ℹ fail 0
ℹ cancelled 0
ℹ skipped 0
ℹ todo 0
ℹ duration_ms 163.645208
#925 is closed for not_planned — left issue and board untouched.
#925 is closed and Done but its body could not be read for transaction inspection: transient body outage
No convergence mutation was attempted; retry later.
#925 recovery completed after reopening the issue, restoring the board to Review, and posting the timing audit.
#925 child inventory is unknown: GraphQL unavailable
No convergence mutation was attempted; retry later.
#925 recovery completed after posting the timing audit.
#925 recovery completed after restoring the board to Review and posting the timing audit.
#925 recovery completed without repeating live-state repair or timing effects.
#925 recovery completed after reopening the issue and posting the timing audit.
#925 recovery completed after reopening the issue and posting the timing audit.
#925 does not have a restartable Delivered close transaction: delivered-close-supersession:no-stale-transaction
No convergence mutation was attempted; retry later.
#925 stale Delivered close transaction could not be restarted: delivered-close-supersession:fresh-authority
No convergence mutation was attempted; retry later.
#925 stale Delivered close transaction could not be restarted: delivered-close-supersession:live-terminal-state
No convergence mutation was attempted; retry later.
#925 stale Delivered close transaction could not be restarted: delivered-close-supersession:live-terminal-state
No convergence mutation was attempted; retry later.
#925 stale Delivered close transaction could not be restarted: delivered-close-supersession:live-terminal-state
No convergence mutation was attempted; retry later.
#925 stale Delivered close transaction could not be restarted: delivered-close-supersession:live-terminal-state
No convergence mutation was attempted; retry later.
#925 stale Delivered close transaction could not be restarted: delivered-close-supersession:live-terminal-state
No convergence mutation was attempted; retry later.
#925 stale Delivered close transaction could not be restarted: delivered-close-supersession:live-terminal-state
No convergence mutation was attempted; retry later.
#925 stale Delivered close transaction could not be restarted: delivered-close-supersession:dirty-worktree
No convergence mutation was attempted; retry later.
#925 stale Delivered close transaction could not be restarted: delivered-close-supersession:terminal-prefix
No convergence mutation was attempted; retry later.
#925 stale Delivered close transaction could not be restarted: close-delivery-receipt:test-sha-mismatch
No convergence mutation was attempted; retry later.
#925 stale Delivered close transaction could not be restarted: list unavailable
No convergence mutation was attempted; retry later.
#925 stale Delivered close transaction could not be restarted: create unavailable
No convergence mutation was attempted; retry later.
#925 stale Delivered close transaction could not be restarted: read unavailable
No convergence mutation was attempted; retry later.
#925 stale Delivered close transaction could not be restarted: delivered-close-supersession:comment-readback
No convergence mutation was attempted; retry later.
#925 stale Delivered close transaction could not be restarted: delivered-close-supersession:body-write
No convergence mutation was attempted; retry later.
#925 stale Delivered close transaction could not be restarted: delivered-close-supersession:body-readback
No convergence mutation was attempted; retry later.
Closed #925.
#925 stale Delivered close transaction could not be restarted: delivered-close-supersession:duplicate-evidence
No convergence mutation was attempted; retry later.
Closed #925.
[task-tracker] ⛔ Refusing to close #925: delivered-close-transaction-accepted-sha-mismatch. Run `/task deliver` until a verified exact-head receipt exists, then retry. If the pull request was merged with a method this project does not declare (`delivery-verification:merge-method`), reconcile it with `/task deliver <N> --reconcile-merge-method <merge|squash|rebase> --reason "<why>"`.
#925 closed-issue aberration failed at writeRecoveryPhase:intent: recovery marker readback mismatch for transaction: expected 8daeb7d2-075d-4aef-877e-be3c4b5a6b32, got tx-stale. Local task state was retained for retry.
#925 closed-issue aberration failed at writeRecoveryPhase:intent: recovery marker readback mismatch for phase: expected intent, got reopened. Local task state was retained for retry.
#925 closed-issue aberration failed at writeRecoveryPhase:intent: recovery marker mutation failed for phase intent: expected status ok/no-op with verified body. Local task state was retained for retry.
#925 closed-issue aberration failed at writeRecoveryPhase:intent: recovery marker mutation failed for phase intent: expected status ok/no-op with verified body. Local task state was retained for retry.
#925 closed-issue aberration failed at writeRecoveryPhase:intent: issueBodyMutator.mutate capability is required for recovery persistence. Local task state was retained for retry.
#925 closed-issue finalize failed at emitClosePair: terminal timing issue:wrap was not durably posted: network down. Local task state was retained for retry.
[task-tracker] ⛔ Refusing to close #925: terminal timing issue:wrap was not durably posted: network down. Issue left OPEN; retry after timing evidence is reachable.
[task-tracker] ⛔ Refusing to close #925: close-delivery-receipt:input. Run `/task deliver` until a verified exact-head receipt exists, then retry. If the pull request was merged with a method this project does not declare (`delivery-verification:merge-method`), reconcile it with `/task deliver <N> --reconcile-merge-method <merge|squash|rebase> --reason "<why>"`.
[task-tracker] ⛔ Refusing to close #925: close-delivery-receipt:lineage. Run `/task deliver` until a verified exact-head receipt exists, then retry. If the pull request was merged with a method this project does not declare (`delivery-verification:merge-method`), reconcile it with `/task deliver <N> --reconcile-merge-method <merge|squash|rebase> --reason "<why>"`.
[task-tracker] ⛔ Refusing to close #925: close-delivery-receipt:missing. Run `/task deliver` until a verified exact-head receipt exists, then retry. If the pull request was merged with a method this project does not declare (`delivery-verification:merge-method`), reconcile it with `/task deliver <N> --reconcile-merge-method <merge|squash|rebase> --reason "<why>"`.
[task-tracker] ⛔ Refusing to close #925: close-delivery-receipt:malformed. Run `/task deliver` until a verified exact-head receipt exists, then retry. If the pull request was merged with a method this project does not declare (`delivery-verification:merge-method`), reconcile it with `/task deliver <N> --reconcile-merge-method <merge|squash|rebase> --reason "<why>"`.
[task-tracker] ⛔ Refusing to close #925: close-delivery-receipt:duplicate. Run `/task deliver` until a verified exact-head receipt exists, then retry. If the pull request was merged with a method this project does not declare (`delivery-verification:merge-method`), reconcile it with `/task deliver <N> --reconcile-merge-method <merge|squash|rebase> --reason "<why>"`.
[task-tracker] ⛔ Refusing to close #925: close-delivery-receipt:conflicting. Run `/task deliver` until a verified exact-head receipt exists, then retry. If the pull request was merged with a method this project does not declare (`delivery-verification:merge-method`), reconcile it with `/task deliver <N> --reconcile-merge-method <merge|squash|rebase> --reason "<why>"`.
[task-tracker] ⛔ Refusing to close #925: close-delivery-receipt:ambiguous-pr. Run `/task deliver` until a verified exact-head receipt exists, then retry. If the pull request was merged with a method this project does not declare (`delivery-verification:merge-method`), reconcile it with `/task deliver <N> --reconcile-merge-method <merge|squash|rebase> --reason "<why>"`.
[task-tracker] ⛔ Refusing to close #925: close-delivery-receipt:not-merged. Run `/task deliver` until a verified exact-head receipt exists, then retry. If the pull request was merged with a method this project does not declare (`delivery-verification:merge-method`), reconcile it with `/task deliver <N> --reconcile-merge-method <merge|squash|rebase> --reason "<why>"`.
[task-tracker] ⛔ Refusing to close #925: close-delivery-receipt:branch-mismatch. Run `/task deliver` until a verified exact-head receipt exists, then retry. If the pull request was merged with a method this project does not declare (`delivery-verification:merge-method`), reconcile it with `/task deliver <N> --reconcile-merge-method <merge|squash|rebase> --reason "<why>"`.
[task-tracker] ⛔ Refusing to close #925: close-delivery-receipt:base-mismatch. Run `/task deliver` until a verified exact-head receipt exists, then retry. If the pull request was merged with a method this project does not declare (`delivery-verification:merge-method`), reconcile it with `/task deliver <N> --reconcile-merge-method <merge|squash|rebase> --reason "<why>"`.
[task-tracker] ⛔ Refusing to close #925: close-delivery-receipt:head-mismatch. Run `/task deliver` until a verified exact-head receipt exists, then retry. If the pull request was merged with a method this project does not declare (`delivery-verification:merge-method`), reconcile it with `/task deliver <N> --reconcile-merge-method <merge|squash|rebase> --reason "<why>"`.
[task-tracker] ⛔ Refusing to close #925: close-delivery-receipt:issue-mismatch. Run `/task deliver` until a verified exact-head receipt exists, then retry. If the pull request was merged with a method this project does not declare (`delivery-verification:merge-method`), reconcile it with `/task deliver <N> --reconcile-merge-method <merge|squash|rebase> --reason "<why>"`.
[task-tracker] ⛔ Refusing to close #925: close-delivery-receipt:pr-mismatch. Run `/task deliver` until a verified exact-head receipt exists, then retry. If the pull request was merged with a method this project does not declare (`delivery-verification:merge-method`), reconcile it with `/task deliver <N> --reconcile-merge-method <merge|squash|rebase> --reason "<why>"`.
[task-tracker] ⛔ Refusing to close #925: close-delivery-receipt:merge-commit-missing. Run `/task deliver` until a verified exact-head receipt exists, then retry. If the pull request was merged with a method this project does not declare (`delivery-verification:merge-method`), reconcile it with `/task deliver <N> --reconcile-merge-method <merge|squash|rebase> --reason "<why>"`.
[task-tracker] ⛔ Refusing to close #925: close-delivery-receipt:merge-commit-mismatch. Run `/task deliver` until a verified exact-head receipt exists, then retry. If the pull request was merged with a method this project does not declare (`delivery-verification:merge-method`), reconcile it with `/task deliver <N> --reconcile-merge-method <merge|squash|rebase> --reason "<why>"`.
✔ close asks the outcome runtime about forecast-free epics and permits a legacy skip (1.151083ms)
✔ close passes explicit reopened-cycle correction authority to the outcome runtime (0.095167ms)
✔ close uses the frozen Plan forecast and refuses a drifted ready marker (0.425666ms)
✔ close refuses an adaptive ready forecast without frozen Plan lineage (0.226042ms)
✔ primary convergence resolves the issue worktree instead of inheriting the caller directory (0.145167ms)
✔ primary convergence fails closed when issue worktree registration is unavailable (0.173583ms)
✔ dead issue returns without body or child reads (5.201042ms)
✔ completed issue already at Done fails closed when transaction inspection is unavailable (1.04225ms)
✔ pending recovery on a completed issue already at Done resumes before noop (13.86675ms)
✔ completed not-Done issue refuses an unknown strict child snapshot (1.202ms)
✔ pending recovery on an open issue resumes from its serialized phase (1.294125ms)
✔ pending recovery outranks close-issue for an open issue already at Done (1.042834ms)
✔ retry after a successful timing post does not duplicate the transaction audit (0.922333ms)
✔ pending recovery on a still-closed issue preserves its durable transaction (2.0835ms)
✔ complete recovery is not reused when a later close is a new aberration (2.719709ms)
✔ stale restart refuses unsafe live state before audit or terminal mutation (91.779416ms)
✔ stale restart refuses terminal prefixes and stale delivery authority (12.163834ms)
✔ stale restart fails closed across comment and body persistence failures (56.242041ms)
✔ stale restart reuses matching evidence and rejects duplicates before body mutation (26.7235ms)
✔ stale restart is incompatible with force, repair, answer, and disposition lanes (2.306958ms)
✔ ordinary close retains same-SHA resume and stale-SHA refusal without restart writes (2.611667ms)
✔ mismatched transaction recovery mutation refuses before later effects (0.836416ms)
✔ mismatched phase recovery mutation refuses before later effects (1.842708ms)
✔ failed status recovery mutation refuses before later effects (0.82175ms)
✔ failed result recovery mutation refuses before later effects (1.128958ms)
✔ recovery persistence requires the grouped issue-body mutator capability (0.882292ms)
✔ explicit close has no direct issue-body mutator import or fallback (0.648625ms)
✔ v1 estimation outcome is required before the terminal Done move (0.296542ms)
✔ receipt authorization precedes outcome; Done precedes Delivered disposition (0.267ms)
✔ convergence close synchronizes terminal timing before freezing its outcome (0.295209ms)
✔ convergence refuses completion when a terminal timing row is only queued (1.021958ms)
✔ board-Done open-issue convergence refuses GitHub close when terminal timing is queued (1.063333ms)
✔ delivery receipt input refusal precedes every specified side effect (1.136875ms)
✔ delivery receipt lineage refusal precedes every specified side effect (0.869167ms)
✔ delivery receipt missing refusal precedes every specified side effect (1.122625ms)
✔ delivery receipt malformed refusal precedes every specified side effect (0.884709ms)
✔ delivery receipt duplicate refusal precedes every specified side effect (1.095792ms)
✔ delivery receipt conflicting refusal precedes every specified side effect (0.974916ms)
✔ delivery receipt ambiguous-pr refusal precedes every specified side effect (0.846666ms)
✔ delivery receipt not-merged refusal precedes every specified side effect (1.278291ms)
✔ delivery receipt branch-mismatch refusal precedes every specified side effect (1.152625ms)
✔ delivery receipt base-mismatch refusal precedes every specified side effect (1.07625ms)
✔ delivery receipt head-mismatch refusal precedes every specified side effect (1.197625ms)
✔ delivery receipt issue-mismatch refusal precedes every specified side effect (1.111584ms)
✔ delivery receipt pr-mismatch refusal precedes every specified side effect (0.846ms)
✔ delivery receipt merge-commit-missing refusal precedes every specified side effect (0.869042ms)
✔ delivery receipt merge-commit-mismatch refusal precedes every specified side effect (1.037416ms)
ℹ tests 47
ℹ suites 0
ℹ pass 47
ℹ fail 0
ℹ cancelled 0
ℹ skipped 0
ℹ todo 0
ℹ duration_ms 360.046
#925 is already fully closed; no terminal writes were repeated.
Closed #925.
Closed #925.
Closed #925.
Closed #925.
Closed #925.
Closed #925.
Closed #925.
Closed #925.
Closed #925.
Closed #925.
Closed #925.
Closed #925.
Closed #925.
Closed #925.
Closed #925.
Closed #925.
Closed #925.
Closed #925.
Closed #925.
[task-tracker] ⛔ Refusing to finalize #925: a newer binding or occupancy claim supersedes the terminal cleanup authority (no-recovery-backed-replacement).
Closed #925.
Closed #925.
#925 terminal disposition could not be read after transaction discovery: project field unavailable
No convergence mutation was attempted; retry later.
[task-tracker] warn: failed to strip ToDo label on #925: label API unavailable
Closed #925.
[task-tracker] ⛔ Refusing to close #925: close-delivery-receipt:fresh-input. Run `/task deliver` until a verified exact-head receipt exists, then retry. If the pull request was merged with a method this project does not declare (`delivery-verification:merge-method`), reconcile it with `/task deliver <N> --reconcile-merge-method <merge|squash|rebase> --reason "<why>"`.
Closed #925.
Closed #925.
Closed #925.
Closed #925.
Closed #925.
Closed #925.
Closed #925.
#925 is already fully closed; no terminal writes were repeated.
✔ fully converged Delivered close retry is an exact read-only success (1.199667ms)
✔ completed disposition step refuses a conflicting live terminal disposition (0.325291ms)
✔ open Done recovery refuses a disposition that contradicts its completed step (0.098958ms)
✔ pending disposition step refuses a contradictory live terminal disposition (0.091166ms)
✔ partial Delivered close transaction exposes only its missing suffix (0.202167ms)
✔ malformed, duplicate, and contradictory Delivered close records fail closed (0.166625ms)
✔ Delivered close transaction marker round-trips exact canonical bytes (1.021625ms)
✔ duplicate or malformed Delivered close markers refuse during read (0.304125ms)
✔ completed Delivered close retry performs no terminal mutation (4.861875ms)
✔ successful Delivered close persists a complete terminal transaction (22.403541ms)
✔ explicit restart audits a stale pre-terminal transaction before replacing and replaying it (17.145875ms)
✔ restart adopts an audit-backed replacement body after the body-write response was lost (14.80725ms)
✔ partial Delivered close runs only the missing terminal suffix (19.865291ms)
✔ Done-board open-issue retry resumes at issue close without replaying earlier steps (2.181125ms)
✔ closed Done retry resumes only labels and binding from durable issue step (2.377709ms)
✔ closed not-Done issue resumes its delivered-close transaction (1.964333ms)
✔ pending Delivered disposition is adopted without overwriting it (1.580875ms)
✔ durable effects without checkpoints are observed and adopted before replay (9.695416ms)
✔ newer binding conflict survives a terminal close retry untouched (2.047666ms)
✔ stale pre-close binding residue resumes without refreshing close authority (1.942292ms)
✔ Done-state durable retry bypasses ordinary Review gates without force or renewed approval (1.988917ms)
✔ disposition read outage after transaction discovery fails closed (0.721833ms)
✔ label cleanup failure leaves labels and binding transaction steps pending (0.662875ms)
✔ markerless open Done close is adopted into a complete durable transaction (2.844792ms)
✔ receipt-gate injection does not implicitly bypass fresh verification (1.242125ms)
✔ lost transaction-checkpoint response is adopted without repeating durable effects (29.722584ms)
ℹ tests 26
ℹ suites 0
ℹ pass 26
ℹ fail 0
ℹ cancelled 0
ℹ skipped 0
ℹ todo 0
ℹ duration_ms 249.921458
✔ #1470 close loads source proof for an external recovery receipt (4.708667ms)
✔ #1470 close inspects the merge tree needed by squash proof (0.212375ms)
✔ #1381 close carries immutable accepted authority after the reused branch advances (1.283708ms)
✔ #1397 projects delivery records under the unique accepted-head PR in either order (0.866042ms)
✔ #1406 ignores valid delivery records from an earlier pull request (0.634125ms)
✔ #1399 rejects an invalid GitHub comment timestamp before record projection (0.79075ms)
✔ #1397 refuses zero or duplicate accepted-head candidates before projection (0.541208ms)
ℹ tests 7
ℹ suites 0
ℹ pass 7
ℹ fail 0
ℹ cancelled 0
ℹ skipped 0
ℹ todo 0
ℹ duration_ms 110.988459
✔ names the reconciliation lane so it is discoverable from the refusal (0.454625ms)
✔ still carries the original deliver-then-retry guidance (0.069917ms)
✔ surfaces the close target and the underlying reason verbatim (0.065ms)
✔ does not advertise --force as an escape from this gate (0.06925ms)
ℹ tests 4
ℹ suites 0
ℹ pass 4
ℹ fail 0
ℹ cancelled 0
ℹ skipped 0
ℹ todo 0
ℹ duration_ms 103.892833
✔ valid exact-head delivery receipt authorizes close (3.20275ms)
✔ close freshly verifies receipt reachability and authorized attribution bytes (1.259333ms)
✔ close fresh verification refuses unreachable trunk or altered attribution bytes (0.614542ms)
✔ #1395 close selects the unique accepted-head PR regardless of branch history order (0.706958ms)
✔ #1395 close refuses zero or multiple accepted-head PR matches (0.784916ms)
✔ #1401 matching Test and Review determine the accepted head after local HEAD advances (0.147084ms)
✔ missing, malformed, duplicate, conflicting, and mismatched receipt evidence fails closed (3.073459ms)
✔ child merge-back and explicit no-PR local trunk lane skip the PR receipt gate (0.270166ms)
✔ close contains no PR mutation or provider-action wait/retry path (0.851042ms)
ℹ tests 9
ℹ suites 0
ℹ pass 9
ℹ fail 0
ℹ cancelled 0
ℹ skipped 0
ℹ todo 0
ℹ duration_ms 66.068042
✔ Incorporated review evidence is strict, exact-SHA, and resolved against current policy (4.29775ms)
✔ Incorporated review evidence rejects malformed claims, red commands, and ambiguous tips (1.967584ms)
✔ Incorporated review evidence refuses stale approval without current standing (0.545917ms)
✔ durable review authority permits strict retry evidence after Full-Auto standing is removed (0.415875ms)
✔ fresh Incorporated preparation uses exact human ledger approval for a carrier-only row (0.885542ms)
✔ fresh, partial, and completed preparation normalize or reuse exact review authority (1.964667ms)
✔ close Incorporated lane authorizes before invoking its dedicated mutation runner (0.157667ms)
✔ authorization refusal leaves the Incorporated mutation runner untouched (0.138708ms)
✔ ordinary close treats --of as an assertion, never as authority discovery (0.180416ms)
ℹ tests 9
ℹ suites 0
ℹ pass 9
ℹ fail 0
ℹ cancelled 0
ℹ skipped 0
ℹ todo 0
ℹ duration_ms 113.58575
close-lifecycle-tick-retry.test.mjs: all passed
✔ #672 — transient failure is retried and a later success reports ok:true (0.598792ms)
✔ #672 — named guard error is not retried (0.165667ms)
✔ #672 — exhausting all retries returns ok:false with a message (0.337917ms)
ℹ tests 3
ℹ suites 0
ℹ pass 3
ℹ fail 0
ℹ cancelled 0
ℹ skipped 0
ℹ todo 0
ℹ duration_ms 99.154708
✔ exact no-commit authorization permits close without PR verification (2.575ms)
✔ no-commit close fails closed for missing or malformed authorization (0.642125ms)
✔ no-commit comment projection rejects malformed, duplicate, and conflicting authority (0.359667ms)
✔ no-commit close rejects wrong issue, kind, deliverable URL, or accepted SHA (0.74575ms)
✔ code-kind issue still requires the pull-request receipt path (0.182209ms)
✔ epic with a pull request requires the pull-request receipt path (0.151833ms)
✔ close input loads no-commit authorization even when the branch has no pull request (0.756666ms)
ℹ tests 7
ℹ suites 0
ℹ pass 7
ℹ fail 0
ℹ cancelled 0
ℹ skipped 0
ℹ todo 0
ℹ duration_ms 105.77925
✔ close releases authoritative occupancy even when fleet cleanup fails (0.722416ms)
✔ close cannot report success when authoritative occupancy release fails (0.200583ms)
ℹ tests 2
ℹ suites 0
ℹ pass 2
ℹ fail 0
ℹ cancelled 0
ℹ skipped 0
ℹ todo 0
ℹ duration_ms 97.261875
✔ tickLifecycleOnClose stays offline through the injected pexec seam (3.929291ms)
ℹ tests 1
ℹ suites 0
ℹ pass 1
ℹ fail 0
ℹ cancelled 0
ℹ skipped 0
ℹ todo 0
ℹ duration_ms 100.660584
close-reconcile-lifecycle.test.mjs: defined
✔ close on already-done issue (no drift) re-ticks strayed lifecycle DoD boxes (319.710458ms)
✔ close on closed issue with lagging board (drift) reconciles after converging (53.271125ms)
✔ reconcile drives an unticked real body to ticked story-closed + timing-flushed (#753 AC4) (0.763542ms)
✔ reconcile does not fabricate an absent lifecycle box (#753 AC3) (0.170542ms)
✔ reconcile is idempotent on already-ticked boxes (#753 AC3) (0.107917ms)
✔ convergence decision for the happy path is unchanged by the #753 seam (#753 AC4) (0.408708ms)
ℹ tests 6
ℹ suites 0
ℹ pass 6
ℹ fail 0
ℹ cancelled 0
ℹ skipped 0
ℹ todo 0
ℹ duration_ms 479.92875
Closed #925.
[task-tracker] ⛔ Refusing to close #925: terminal timing issue:wrap was not durably posted: lost response. Issue left OPEN; retry after timing evidence is reachable.
Closed #925.
[task-tracker] ⛔ Refusing to close #925: terminal timing issue:wrap was not durably posted: lost response. Issue left OPEN; retry after timing evidence is reachable.
Closed #925.
Closed #925.
Closed #925.
#925 stale Delivered close transaction could not be restarted: delivered-close-supersession:recovery-backing-ambiguous
No convergence mutation was attempted; retry later.
#925 stale Delivered close transaction could not be restarted: reopened-close-recovery:malformed-comment
No convergence mutation was attempted; retry later.
#925 stale Delivered close transaction could not be restarted: reopened-close-recovery:live-terminal-state
No convergence mutation was attempted; retry later.
#925 stale Delivered close transaction could not be restarted: reopened-close-recovery:live-terminal-state
No convergence mutation was attempted; retry later.
#925 stale Delivered close transaction could not be restarted: delivered-close-supersession:dirty-worktree
No convergence mutation was attempted; retry later.
#925 stale Delivered close transaction could not be restarted: reopened-close-recovery:live-terminal-state
No convergence mutation was attempted; retry later.
#925 stale Delivered close transaction could not be restarted: reopened-close-recovery:recovery-backed-transaction
No convergence mutation was attempted; retry later.
#925 stale Delivered close transaction could not be restarted: reopened-close-recovery:fresh-authority
No convergence mutation was attempted; retry later.
✔ stale restart composes one immutable reopened recovery with a partial replacement (43.509416ms)
✔ recovery-backed stale restart reuses the second link after a lost response (37.575583ms)
✔ recovery-backed stale restart resumes durable progress after the second link (74.502667ms)
✔ recovery-backed stale restart refuses contradictions before persistence (87.310958ms)
ℹ tests 4
ℹ suites 0
ℹ pass 4
ℹ fail 0
ℹ cancelled 0
ℹ skipped 0
ℹ todo 0
ℹ duration_ms 346.809833
[task-tracker] projectDir override: AI_TASK_MANAGER_PROJECT_DIR=/Users/kpburson/projects/Vibe-Coding/ai-task-manager/.worktrees/1574-historical-intent/.scratch/test/aitm-1490-close-wiring-u7UILi for #1490
[task-tracker] ⛔ Refusing to close #1490: intentional interruption after timing. Issue left OPEN; repair outcome evidence and retry.
Closed #1490.
✔ #1490: OPEN/REOPENED normalizes to `reopened` and reaches authorization (4.652584ms)
✔ #1490: a plain OPEN issue is not recoverable (1.426917ms)
✔ #1490: durable evidence is written BEFORE the body is mutated (1.287709ms)
✔ #1490: Delivered survives recovery mint, timing checkpoint, and stale retry (46.941959ms)
✔ #1490: durable recovery authorizes an outcome correction only for its replacement transaction (1.301666ms)
✔ #1490: outcome correction accepts only the exact recovery-to-supersession chain (1.095291ms)
✔ #1490: the primary estimation step consumes the durable reopened-recovery authority (0.480417ms)
✔ #1490: gate-resolved Test and Review SHAs are the exact values used (1.218917ms)
✔ #1490: historical evidence is genuinely resolved, not asserted (0.71725ms)
✔ #1490: a fabricated or copied verifier result refuses (1.55825ms)
✔ #1490: absent Review authority refuses without an accepted-SHA substitution (0.559667ms)
✔ #1490: contradictory live state writes nothing (3.635625ms)
✔ #1490: interruption after the comment reuses its replacement UUID (1.588334ms)
✔ #1490: interruption after the body replacement resumes without rewriting (1.484458ms)
✔ #1490: an unchanged mutation read-back refuses (0.802333ms)
✔ #1490: malformed durable evidence refuses rather than being skipped (0.137917ms)
✔ #1490: a recovery comment rendered for a different issue refuses (0.8365ms)
✔ #1490: the rendered comment round-trips through the strict codec (0.089167ms)
✔ #1490: a resume at a NONZERO prefix reuses the durable recovery, not a new mint (1.348708ms)
✔ #1490: a resume after the `board` step accepts board `done` (1.778708ms)
✔ #1490: a resume after the `issue` step accepts a CLOSED issue (1.280375ms)
✔ #1490: prefix-awareness is a predicate, not a bypass (6.375542ms)
✔ #1490: a retry after ALL steps completed is idempotent, not a refusal or a re-mint (0.689125ms)
✔ #1490: a completed replacement reopened for a new accepted SHA chains recovery (1.429917ms)
✔ #1490: a FRESH mint still requires the step-zero shape (0.842125ms)
✔ #1490: two durable records naming the same replacement refuse rather than pick one (0.760167ms)
ℹ tests 26
ℹ suites 0
ℹ pass 26
ℹ fail 0
ℹ cancelled 0
ℹ skipped 0
ℹ todo 0
ℹ duration_ms 193.013917
Closed #925.
Closed #925.
✔ gate-bypassed ordinary close ignores reviewer env and passes explicit authority (91.43375ms)
✔ human-gate ordinary close without reviewer env passes explicit authority (78.779833ms)
ℹ tests 2
ℹ suites 0
ℹ pass 2
ℹ fail 0
ℹ cancelled 0
ℹ skipped 0
ℹ todo 0
ℹ duration_ms 276.853
close-strip-labels.test.mjs: ok
✔ closeLabelRemoveArgs builds the expected gh args (0.77125ms)
✔ convergence close-issue path strips only ToDo after gh close (302.422792ms)
✔ main close path strips only ToDo after gh close (57.450375ms)
✔ label-strip failure leaves close incomplete for a truthful retry (7.745708ms)
ℹ tests 4
ℹ suites 0
ℹ pass 4
ℹ fail 0
ℹ cancelled 0
ℹ skipped 0
ℹ todo 0
ℹ duration_ms 469.291583
✔ comment parses a strict target, key, and body file (1.239ms)
✔ owned comment creates, updates, and no-ops exactly one stable marker (0.552416ms)
✔ owned comment refuses duplicate markers and marker spoofing (0.268458ms)
✔ write success is reported only after exact correlated read-back (0.123166ms)
✔ a concurrent duplicate ownership marker after create is a refusal (0.14875ms)
✔ ambiguous create transport is recovered only from one exact marker read-back (0.228625ms)
✔ comment listing is exhaustive, correlated, and cursor-safe (0.258791ms)
✔ default GraphQL adapters create, read, update, and no-op through production queries (0.359625ms)
ℹ tests 8
ℹ suites 0
ℹ pass 8
ℹ fail 0
ℹ cancelled 0
ℹ skipped 0
ℹ todo 0
ℹ duration_ms 67.598667
commit-trace-verb.test.mjs: all passed
✔ scripts/tests/unit/task-tracker/verbs/commit-trace-verb.test.mjs (46.508666ms)
ℹ tests 1
ℹ suites 0
ℹ pass 1
ℹ fail 0
ℹ cancelled 0
ℹ skipped 0
ℹ todo 0
ℹ duration_ms 51.142917
coverage-ac-stamp.test.mjs: defined
[task-tracker] ac-stamp: no active task
[task-tracker] ac-stamp: no active task
Usage: /task ac-stamp "<acceptance criterion label>"
[task-tracker] ac-stamp: no Acceptance Criteria line carrying `aitm-verified-by` matching "totally absent label" found in #777 body.
[task-tracker] ac-stamp on #777: running 1 verifier(s) for AC "cover the ac-stamp verb"…
  ✗ node scripts/task-tracker/tools/coverage-threshold.mjs scripts/task-tracker/verbs/ac-stamp.mjs scripts/tests/unit/task-tracker/verbs/coverage-ac-stamp.test.mjs 80 (exit=1)
[task-tracker] ac-stamp: verifier `node scripts/task-tracker/tools/coverage-threshold.mjs scripts/task-tracker/verbs/ac-stamp.mjs scripts/tests/unit/task-tracker/verbs/coverage-ac-stamp.test.mjs 80` failed (exit=1). No marker stamped.
[task-tracker] ac-stamp on #777: running 1 verifier(s) for AC "cover the ac-stamp verb"…
  ✓ node scripts/task-tracker/tools/coverage-threshold.mjs scripts/task-tracker/verbs/ac-stamp.mjs scripts/tests/unit/task-tracker/verbs/coverage-ac-stamp.test.mjs 80 (exit=0)
[task-tracker] ✓ ac-stamp on #777: run-props (key=e8e3ca61) upserted onto the AC line's aitm-verified marker (sha=abc1234).
✔ no active task → exit 1 (1.266708ms)
✔ discover bucket active → exit 1 (0.52ms)
✔ empty label → exit 1 (0.468917ms)
✔ no AC line matching label → exit 1 (1.860958ms)
✔ verifier non-zero exit → refuse, exit 1 (2.349333ms)
✔ happy path: verifier passes → stamps marker, no exit (4.16825ms)
ℹ tests 6
ℹ suites 0
ℹ pass 6
ℹ fail 0
ℹ cancelled 0
ℹ skipped 0
ℹ todo 0
ℹ duration_ms 82.628125
coverage-auto.test.mjs: defined
✔ runAuto: invalid choice → status invalid (0.653ms)
✔ runAuto: missing sessionId → status no-session (0.11125ms)
✔ runAuto: valid choice → load→apply→save, status ok (1.165708ms)
✔ cli: no choice → usage on stderr, exit 2 (0.230916ms)
✔ cli: invalid choice → error on stderr, exit 2 (0.255292ms)
ℹ tests 5
ℹ suites 0
ℹ pass 5
ℹ fail 0
ℹ cancelled 0
ℹ skipped 0
ℹ todo 0
ℹ duration_ms 54.055834
coverage-check-verb.test.mjs: defined
[task-tracker] ⚠ `check` is deprecated and now aliases `ensureChecked` (it no longer toggles). Use `/task ensureChecked "<label>"` to tick, `/task ensureUnchecked "<label>"` to untick.
no active task
[task-tracker] ⚠ `check` is deprecated and now aliases `ensureChecked` (it no longer toggles). Use `/task ensureChecked "<label>"` to tick, `/task ensureUnchecked "<label>"` to untick.
no active task
[task-tracker] ⚠ `check` is deprecated and now aliases `ensureChecked` (it no longer toggles). Use `/task ensureChecked "<label>"` to tick, `/task ensureUnchecked "<label>"` to untick.
Usage: /task ensureChecked "<label>"
[task-tracker] ⚠ `check` is deprecated and now aliases `ensureChecked` (it no longer toggles). Use `/task ensureChecked "<label>"` to tick, `/task ensureUnchecked "<label>"` to untick.
[task-tracker] checkbox "totally absent" not found in #777
Checkboxes found:
  "plain ac no verifier <!-- aitm-non-demonstrable -->"
  "verified ac unchecked <!-- aitm-verified cmd="`echo ok`" -->"
  "verified ac checked <!-- aitm-verified cmd="`echo ok`" -->"
  "dup label"
  "dup label"
  "All automated tests pass <!-- aitm-verified cmd="`npm run test:all`" --> <!-- dod:functional:tests -->"
  "Acceptance criteria met <!-- dod:functional:acs -->"
  "Lint and format checks pass <!-- aitm-verified cmd="`npm run lint`" --> <!-- dod:functional:lint -->"
[task-tracker] ⚠ `check` is deprecated and now aliases `ensureChecked` (it no longer toggles). Use `/task ensureChecked "<label>"` to tick, `/task ensureUnchecked "<label>"` to untick.
[task-tracker] checkbox "dup label" is ambiguous in #777: 2 lines share this visible label. Disambiguate with a longer label or the full line text.
[task-tracker] ⚠ `check` is deprecated and now aliases `ensureChecked` (it no longer toggles). Use `/task ensureChecked "<label>"` to tick, `/task ensureUnchecked "<label>"` to untick.
EVIDENCE_REQUIRED: [task-tracker] ✗ Refusing to tick AC "verified ac unchecked" on #777.
  This acceptance criterion declares a verifier (aitm-verified cmd="…") but carries
  no aitm-ac-evidence:abc61792 marker. Run `/task ac-stamp "verified ac unchecked"` to
  execute `echo ok` in a sandbox; the evidence marker it stamps unlocks this tick.
[task-tracker] ⚠ `check` is deprecated and now aliases `ensureChecked` (it no longer toggles). Use `/task ensureChecked "<label>"` to tick, `/task ensureUnchecked "<label>"` to untick.
[task-tracker] ✓ "verified ac checked" already checked on #777 (no-op)
[task-tracker] ⚠ `check` is deprecated and now aliases `ensureChecked` (it no longer toggles). Use `/task ensureChecked "<label>"` to tick, `/task ensureUnchecked "<label>"` to untick.
[task-tracker] ✓ Checked "plain ac no verifier" on #777 (unverified — audit marker recorded)
[task-tracker] ⚠ `check` is deprecated and now aliases `ensureChecked` (it no longer toggles). Use `/task ensureChecked "<label>"` to tick, `/task ensureUnchecked "<label>"` to untick.
[task-tracker] ✗ Refusing to tick Functional DoD "All automated tests pass" on #777.
  Key dod:functional:tests has no aitm-dod-evidence marker. Run
  `/task dod-stamp tests` to execute the verifier in a sandbox; the
  evidence marker it stamps unlocks this tick.
[task-tracker] ⚠ `check` is deprecated and now aliases `ensureChecked` (it no longer toggles). Use `/task ensureChecked "<label>"` to tick, `/task ensureUnchecked "<label>"` to untick.
UNVERIFIED_HATCH_REFUSED: [task-tracker] ✗ Refusing --allow-unverified-ticks on AC "verified ac unchecked" in #777.
  This acceptance criterion declares a verifier (aitm-verified cmd="…"), so it is
  demonstrable — the unverified hatch is only for ACs carrying the
  `<!-- aitm-non-demonstrable -->` opt-out marker or otherwise no machine verifier.
  Run `/task ac-stamp "verified ac unchecked"` to execute `echo ok` and stamp real evidence instead.
[task-tracker] ⚠ `check` is deprecated and now aliases `ensureChecked` (it no longer toggles). Use `/task ensureChecked "<label>"` to tick, `/task ensureUnchecked "<label>"` to untick.
[task-tracker] ✓ "verified ac checked" already checked on #777 (no-op)
[task-tracker] ⚠ `check` is deprecated and now aliases `ensureChecked` (it no longer toggles). Use `/task ensureChecked "<label>"` to tick, `/task ensureUnchecked "<label>"` to untick.
[task-tracker] ✓ Checked "plain ac no verifier" on #777 (unverified)
[task-tracker] ⚠ `check` is deprecated and now aliases `ensureChecked` (it no longer toggles). Use `/task ensureChecked "<label>"` to tick, `/task ensureUnchecked "<label>"` to untick.
[task-tracker] ✗ Refusing to tick Functional DoD "All automated tests pass" on #777.
  Key dod:functional:tests has no aitm-dod-evidence marker. Run
  `/task dod-stamp tests` to execute the verifier in a sandbox; the
  evidence marker it stamps unlocks this tick.
[task-tracker] batch tick on #777 refused: 1 evidence-gated label(s) lack evidence. Run `/task dod-stamp <key>` or `/task ac-stamp "<label>"` for each, then retry.
[task-tracker] ⚠ `check` is deprecated and now aliases `ensureChecked` (it no longer toggles). Use `/task ensureChecked "<label>"` to tick, `/task ensureUnchecked "<label>"` to untick.
[task-tracker] ✗ checkbox "no such label" not found in #777
[task-tracker] ⚠ `check` is deprecated and now aliases `ensureChecked` (it no longer toggles). Use `/task ensureChecked "<label>"` to tick, `/task ensureUnchecked "<label>"` to untick.
[task-tracker] ✗ checkbox "dup label" is ambiguous in #777: 2 lines share this visible label.
[task-tracker] ⚠ `check` is deprecated and now aliases `ensureChecked` (it no longer toggles). Use `/task ensureChecked "<label>"` to tick, `/task ensureUnchecked "<label>"` to untick.
✔ verbCheck: no active task → exit 1 (1.380667ms)
✔ verbCheck: discover bucket active → exit 1 (0.45425ms)
✔ verbCheck: empty label → exit 1 (0.40425ms)
✔ verbCheck: not-found label → exit 1 (1.444292ms)
✔ verbCheck: ambiguous label → exit 1 (0.535542ms)
✔ verbCheck: evidence-gated AC without stamp → exit 1 (2.983292ms)
✔ verbCheck: happy path single toggle (uncheck) → no exit (0.559292ms)
✔ verbCheck: --allow-unverified-ticks happy path → no exit (2.752167ms)
✔ verbCheck: --allow-unverified-ticks on DoD item → refuse, exit 1 (0.486ms)
✔ verbCheck: --allow-unverified-ticks on verifier AC → refuse, exit 1 (0.51475ms)
✔ verbCheck: batch happy path (uncheck) → no exit (0.951ms)
✔ verbCheck: batch with --allow-unverified-ticks → no exit (1.253708ms)
✔ verbCheck: batch gate failure → exit 1 (0.634458ms)
✔ verbCheck: batch not-found label → exit 1 (0.586792ms)
✔ verbCheck: batch ambiguous label → exit 1 (0.60675ms)
Usage: /task ensureChecked --label "<label>" [--label ...] | --labels-file <path>
[task-tracker] ⚠ `check` is deprecated and now aliases `ensureChecked` (it no longer toggles). Use `/task ensureChecked "<label>"` to tick, `/task ensureUnchecked "<label>"` to untick.
✔ verbCheck: --labels-file empty + no --label → usage exit 1 (4.584542ms)
[task-tracker] ✓ "verified ac checked" already checked on #777 (no-op)
[task-tracker] ⚠ `check` is deprecated and now aliases `ensureChecked` (it no longer toggles). Use `/task ensureChecked "<label>"` to tick, `/task ensureUnchecked "<label>"` to untick.
✔ verbCheck: --labels-file with a label → no exit (1.284375ms)
[task-tracker] ✓ Marked deep-dive-complete on #777 at 2026-09-10T06:41:58.266Z
[task-tracker] ⚠ `check` is deprecated and now aliases `ensureChecked` (it no longer toggles). Use `/task ensureChecked "<label>"` to tick, `/task ensureUnchecked "<label>"` to untick.
stage-bound refusal: marking deep-dive complete via `/task ensureChecked "Deep dive complete"` is not permitted while #777 is in state `refine`.
  To proceed: /task promote → plan, then retry.
  Bypass (legacy artifacts only): add an `<!-- aitm-stage-bound-grandfather -->` marker to the body.
[task-tracker] ⚠ `check` is deprecated and now aliases `ensureChecked` (it no longer toggles). Use `/task ensureChecked "<label>"` to tick, `/task ensureUnchecked "<label>"` to untick.
✔ verbCheck: "deep dive complete" outside Refine → ensureDeepDive, no exit (242.5135ms)
✔ verbCheck: "deep dive complete" while bound in Refine → refuse, exit 1 (1.336125ms)
[task-tracker] ✓ Marked discussion complete on #777 at 2026-09-10T06:41:58.507Z (token stripped, aitm-discussed stamped, Discuss label removed)

✅ DISCUSSION RESOLVED — #777 · implementation may commence
✔ verbCheck: "discussion complete" → marks discussed, no exit (44.486959ms)
ℹ tests 20
ℹ suites 0
ℹ pass 20
ℹ fail 0
ℹ cancelled 0
ℹ skipped 0
ℹ todo 0
ℹ duration_ms 380.56475
coverage-check.test.mjs: defined
✔ toggleChecklistLine: not-found (1.127833ms)
✔ toggleChecklistLine: ambiguous (0.135167ms)
✔ toggleChecklistLine: toggles unchecked → checked, preserving markers (0.139917ms)
✔ toggleChecklistLine: toggles checked → unchecked (full-line label arg) (0.089625ms)
✔ toggleChecklistLines: folds mixed results (0.141583ms)
✔ parseCheckArgs: labels, labels-file, positional, hatch flag (0.532167ms)
✔ parseCheckArgs: trailing --label with no value is ignored (0.076417ms)
✔ classifyUnverifiedTick: eligible for a proofless AC tagged non-demonstrable (1.858ms)
✔ classifyUnverifiedTick: refuses an undeclared AC (no verifier, no marker) (0.231167ms)
✔ classifyUnverifiedTick: refuses a Functional DoD item (0.152708ms)
✔ classifyUnverifiedTick: refuses a verifier-bearing AC (0.138958ms)
✔ formatUnverifiedHatchRefusal: names label and verifier (0.082916ms)
✔ formatUnverifiedHatchRefusal: falls back when no commands (0.054708ms)
✔ appendUnverifiedTickAudit: appends marker then is idempotent (0.08625ms)
✔ gateFunctionalDodTick: pass when no Functional section (0.045041ms)
✔ gateFunctionalDodTick: pass when label is not a DoD key (0.058417ms)
✔ gateFunctionalDodTick: pass when DoD item already checked (0.050834ms)
✔ gateFunctionalDodTick: refuse-derived for acs key (0.053583ms)
✔ gateFunctionalDodTick: refuse-missing-evidence for unstamped stampable key (0.068875ms)
✔ gateEvidenceTick: DoD non-pass propagates through (0.067208ms)
✔ gateEvidenceTick: pass for a non-verifier AC (0.06775ms)
✔ gateEvidenceTick: pass when verifier AC already checked (0.081542ms)
✔ gateEvidenceTick: refuse-ac-evidence for unstamped verifier AC (0.064334ms)
ℹ tests 23
ℹ suites 0
ℹ pass 23
ℹ fail 0
ℹ cancelled 0
ℹ skipped 0
ℹ todo 0
ℹ duration_ms 76.597917
coverage-commit-trace.test.mjs: defined
✔ runCommitTrace: happy path threads info through injected deps (8.434416ms)
✔ runCommitTrace: strips leading # from issueNumber (1.6285ms)
✔ runCommitTrace: throws without issueNumber (0.264458ms)
✔ runCommitTrace: throws without cfg.repo (0.111417ms)
Usage: /task commit-trace #N
Usage: /task commit-trace #N
commit-trace: commit-trace: cfg.repo is required
commit-trace: commit-trace: cfg.repo is required
✔ runCommitTrace: falls back to getProjectDir() when projectDir omitted (37.67775ms)
✔ verbCommitTrace: no target → usage, exit 1 (1.025541ms)
✔ verbCommitTrace: discover bucket active + no positional → usage, exit 1 (0.370666ms)
✔ verbCommitTrace: positional target but runCommitTrace throws → catch, exit 1 (0.313209ms)
✔ verbCommitTrace: target resolved from state.active, then catch → exit 1 (0.266542ms)
ℹ tests 9
ℹ suites 0
ℹ pass 9
ℹ fail 0
ℹ cancelled 0
ℹ skipped 0
ℹ todo 0
ℹ duration_ms 104.141792
coverage-config.test.mjs: defined
✔ no args → prints formatted config (0.875083ms)
✔ init → prints interview guidance (0.127417ms)
✔ get known key → prints value + source (0.084583ms)
✔ get unknown key → error, exit 1 (0.130833ms)
✔ set valid key → writes via setConfigValue, prints value (1.836334ms)
✔ set unknown key → setConfigValue throws → error, exit 1 (0.156625ms)
ℹ tests 6
ℹ suites 0
ℹ pass 6
ℹ fail 0
ℹ cancelled 0
ℹ skipped 0
ℹ todo 0
ℹ duration_ms 55.722166
coverage-dod-stamp.test.mjs: defined
[task-tracker] dod-stamp: no active task
Usage: /task dod-stamp <key>
  key ∈ { tests, lint, commits }
[task-tracker] dod-stamp: unknown key "bogus"
[task-tracker] dod-stamp: key "acs" is DERIVED — it is computed from the body at close time. Do not stamp manually; `/task close` will derive it.
[task-tracker] dod-stamp: no `dod:functional:tests` line found in #777 body.
[task-tracker] dod-stamp: `dod:functional:tests` line carries no verifier command. Add one (e.g. `<!-- aitm-verified cmd="\`npm test\`" -->`) before stamping.
[task-tracker] dod-stamp tests on #777: running 1 verifier(s)…
  ✗ node --test scripts/tests/unit/task-tracker/verbs/coverage-dod-stamp.test.mjs (exit=1)
[task-tracker] dod-stamp tests: verifier `node --test scripts/tests/unit/task-tracker/verbs/coverage-dod-stamp.test.mjs` failed (exit=1). No marker stamped.
[task-tracker] dod-stamp tests on #777: running 1 verifier(s)…
  ✓ node --test scripts/tests/unit/task-tracker/verbs/coverage-dod-stamp.test.mjs (exit=0)
[task-tracker] ✓ dod-stamp tests on #777: run-props upserted onto the dod:functional:tests line's aitm-verified marker (sha=abc1234).
✔ no active task → exit 1 (1.135458ms)
✔ empty key → exit 1 (0.478875ms)
✔ unknown key → exit 1 (0.355666ms)
✔ derived key (acs) → refuse, exit 1 (0.380917ms)
✔ keyed line absent → exit 1 (1.672958ms)
✔ keyed line has no verifier command → exit 1 (0.660959ms)
✔ verifier non-zero exit → refuse, exit 1 (2.601ms)
✔ happy path: verifier passes → stamps marker, no exit (4.480292ms)
ℹ tests 8
ℹ suites 0
ℹ pass 8
ℹ fail 0
ℹ cancelled 0
ℹ skipped 0
ℹ todo 0
ℹ duration_ms 84.147541
coverage-evidence-markers.test.mjs: defined
Usage: /task evidence-markers <audit|backfill> #N [--map-file mappings.json] [--dry-run]
evidence-markers backfill requires --map-file <json>
✔ runEvidenceMarkers: audit clean body → status clean (1.2405ms)
✔ runEvidenceMarkers: audit issues body → status issues-found (0.305708ms)
✔ runEvidenceMarkers: defaults to audit mode when mode omitted (0.118625ms)
✔ runEvidenceMarkers: backfill changed body → writes via mutateBody (1.168209ms)
✔ runEvidenceMarkers: backfill dry-run does not write (0.15ms)
✔ runEvidenceMarkers: backfill with unchanged body skips write (0.13775ms)
✔ runEvidenceMarkers: backfill without mapping → ambiguous (0.471667ms)
✔ runEvidenceMarkers: unknown mode throws (0.294708ms)
✔ runEvidenceMarkers: throws without issueNumber (0.118542ms)
✔ runEvidenceMarkers: throws without cfg.repo (0.107458ms)
✔ verbEvidenceMarkers: no issue number → usage, exit 1 (0.253917ms)
✔ verbEvidenceMarkers: backfill without --map-file → exit 2 (0.125375ms)
missing-evidence: bare ac
missing-verification-command: npm test
stale-verification-command: npm run lint
evidence-markers: issues-found
✔ verbEvidenceMarkers: audit issues body prints audit, status issues-found (213.340333ms)
evidence-markers: clean
✔ verbEvidenceMarkers: audit clean body → exits normally (12.069583ms)
evidence-markers: dry-run
✔ verbEvidenceMarkers: backfill dry-run with map-file (13.426834ms)
missing-evidence: needs backfill
ambiguous-evidence: needs backfill
✔ verbEvidenceMarkers: backfill ambiguous → exit 3 (11.448292ms)
ℹ tests 16
ℹ suites 0
ℹ pass 16
ℹ fail 0
ℹ cancelled 0
ℹ skipped 0
ℹ todo 0
ℹ duration_ms 321.224041
coverage-fleet.test.mjs: defined
(node:48702) [DEP0187] DeprecationWarning: Passing invalid argument types to fs.existsSync is deprecated
(Use `node --trace-deprecation ...` to show where the warning was created)
✔ list: empty registry → "No fleet tasks registered." (7.639917ms)
✔ list: renders entries, covering both age formats and effectiveKind (6.992917ms)
✔ prune: nothing stale → "nothing stale", no eviction (6.522ms)
✔ prune: evicts a worktree entry whose directory is gone (6.830084ms)
✔ prune --dry-run: reports "Would evict" but leaves the registry intact (6.102458ms)
ℹ tests 5
ℹ suites 0
ℹ pass 5
ℹ fail 0
ℹ cancelled 0
ℹ skipped 0
ℹ todo 0
ℹ duration_ms 94.612625
coverage-kind.test.mjs: defined
[task-tracker] ✓ kind on #42: set to "audit".
[task-tracker] ✓ kind on #99: cleared (code is the default lane).
[task-tracker] ✓ kind on #42: set to "epic".
✔ no args → usage error, exit 1 (0.48775ms)
✔ one arg with no active task → exit 1 (0.587584ms)
✔ invalid kind → exit 1 (0.122125ms)
✔ invalid issue number → exit 1 (0.125125ms)
✔ happy path: explicit target + non-code kind → sets marker (2.762666ms)
✔ happy path: one-arg active-bind form + code kind → clears marker (1.071792ms)
✔ epic kind delegates all carriers to the shared metadata reconciler (0.199458ms)
✔ epic body reconciliation appends the introduced DoD verifier with the next stable id (1.66375ms)
✔ repeating epic body reconciliation is content-idempotent and Review preflight accepts it (1.421667ms)
ℹ tests 9
ℹ suites 0
ℹ pass 9
ℹ fail 0
ℹ cancelled 0
ℹ skipped 0
ℹ todo 0
ℹ duration_ms 82.769792
coverage-mirror-deep-dive.test.mjs: defined
mirror-deep-dive: --from-comment <id|url|#issuecomment-<id>> or --repair-placement is required
{
  "status": "repaired"
}
mirror-deep-dive: --repair-placement and --from-comment are mutually exclusive
mirror-deep-dive: no issue specified and no active binding — pass #N or /task start #N first
✔ missing --from-comment → exit 2 (0.862042ms)
✔ --repair-placement needs no source comment and uses the active target (0.9285ms)
✔ repair and source-comment modes are mutually exclusive (0.134625ms)
✔ no target and no active binding → exit 2 (0.264916ms)
✔ target derived from active bind; unconfigured repo throws (0.479917ms)
✔ --from-comment= form + explicit #N → unconfigured repo throws (0.174709ms)
{
  "status": "mirrored",
  "commentId": "777",
  "url": "https://example/c/777"
}
✔ happy path: mirrors comment prose into the issue body, prints result (275.246417ms)
ℹ tests 7
ℹ suites 0
ℹ pass 7
ℹ fail 0
ℹ cancelled 0
ℹ skipped 0
ℹ todo 0
ℹ duration_ms 348.535916
coverage-plan-approve.test.mjs: defined
✔ runPlanApprove: throws without issueNumber (0.770417ms)
✔ runPlanApprove: throws without cfg (0.078792ms)
✔ runPlanApprove: not in plan state → wrong-state (0.202875ms)
✔ runPlanApprove: forbidden compound command in AC → forbidden-command (1.309959ms)
✔ runPlanApprove: both markers present → already-approved (no write) (0.957292ms)
✔ runPlanApprove: clean body → approved, mutate stamps both markers (0.9585ms)
✔ runPlanApprove: approval present, entry missing → re-stamped-entry (0.245667ms)
✔ verbPlanApprove: no issue number → usage, exit 1 (0.284792ms)
✔ verbPlanApprove: TT_SKIP_NETWORK set → refuses, exit 1 (0.141042ms)
✔ verbPlanApprove: approved → stdout, no exit (0.2985ms)
✔ verbPlanApprove: already-approved → stdout, no exit (0.213625ms)
✔ verbPlanApprove: re-stamped-entry → stdout, no exit (0.145542ms)
✔ verbPlanApprove: repaired adaptive approval → stdout, no exit (0.146417ms)
✔ verbPlanApprove: missing adaptive forecast → stderr, exit 13 (0.094041ms)
✔ verbPlanApprove: wrong-state → stderr, exit 3 (0.07ms)
✔ verbPlanApprove: forbidden-command → stderr, exit 12 (0.159417ms)
✔ verbPlanApprove: runPlanApprove throws → stderr, exit 1 (0.106625ms)
ℹ tests 17
ℹ suites 0
ℹ pass 17
ℹ fail 0
ℹ cancelled 0
ℹ skipped 0
ℹ todo 0
ℹ duration_ms 83.172958
[task-tracker] projectDir override: AI_TASK_MANAGER_PROJECT_DIR=/Users/kpburson/projects/Vibe-Coding/ai-task-manager/.worktrees/1574-historical-intent/.scratch/test/promote-M0Zbr1 for #100
✔ runPromote: throws without issueNumber or cfg (0.908458ms)
✔ runPromote: assertBound is invoked and may throw (0.16325ms)
[task-tracker] projectDir override: AI_TASK_MANAGER_PROJECT_DIR=/Users/kpburson/projects/Vibe-Coding/ai-task-manager/.worktrees/1574-historical-intent/.scratch/test/promote-M0Zbr1 for #1005
✔ runPromote: refine→R4P promoted via direct move + refine-estimate hook (230.038458ms)
[task-tracker] projectDir override: AI_TASK_MANAGER_PROJECT_DIR=/Users/kpburson/projects/Vibe-Coding/ai-task-manager/.worktrees/1574-historical-intent/.scratch/test/promote-M0Zbr1 for #1471
[task-tracker] projectDir override: AI_TASK_MANAGER_PROJECT_DIR=/Users/kpburson/projects/Vibe-Coding/ai-task-manager/.worktrees/1574-historical-intent/.scratch/test/promote-M0Zbr1 for #1473
✔ runPromote: refine→R4P refused when refine-estimate signals missing (1.960792ms)
✔ runPromote: refine→R4P refused when refine-exit gate returns blockers (0.994083ms)
[task-tracker] WARN: required project field "Start Time" (cfg.fieldStartTime) is not configured — board stamp skipped. Re-run `scripts/gh/init-project-config.sh` to discover and persist field ids.
[task-tracker] projectDir override: AI_TASK_MANAGER_PROJECT_DIR=/Users/kpburson/projects/Vibe-Coding/ai-task-manager/.worktrees/1574-historical-intent/.scratch/test/promote-M0Zbr1 for #1472
✔ runPromote: backlog→refine direct move (2.2645ms)
[task-tracker] projectDir override: AI_TASK_MANAGER_PROJECT_DIR=/Users/kpburson/projects/Vibe-Coding/ai-task-manager/.worktrees/1574-historical-intent/.scratch/test/promote-M0Zbr1 for #101
✔ runPromote: backlog→refine stamps Start time on success (1.129209ms)
[task-tracker] projectDir override: AI_TASK_MANAGER_PROJECT_DIR=/Users/kpburson/projects/Vibe-Coding/ai-task-manager/.worktrees/1574-historical-intent/.scratch/test/promote-M0Zbr1 for #1011
✔ runPromote: plan→develop promoted when planned-estimate appendix present (9.836583ms)
[task-tracker] projectDir override: AI_TASK_MANAGER_PROJECT_DIR=/Users/kpburson/projects/Vibe-Coding/ai-task-manager/.worktrees/1574-historical-intent/.scratch/test/promote-M0Zbr1 for #102
✔ runPromote: plan→develop refused when refine-estimate comment missing (3.609959ms)
[task-tracker] projectDir override: AI_TASK_MANAGER_PROJECT_DIR=/Users/kpburson/projects/Vibe-Coding/ai-task-manager/.worktrees/1574-historical-intent/.scratch/test/promote-M0Zbr1 for #1361
✔ runPromote: develop→test delegates to /task test (18.165875ms)
✔ runPromote: develop→test refused when CODE_COMPLETE gate blocks (8.770416ms)
[review] derive-rescan: #315 derive pass failed (non-fatal, rescanning live body): Command failed: gh issue view 2572 -R o/r --json body -q .body
stub-gh: refused issue view 2572 -R o/r --json body -q .body

[review] derive-rescan: live-body refresh failed; scanning pre-derive body: Command failed: gh issue view 2572 -R o/r --json body --jq .body
stub-gh: refused issue view 2572 -R o/r --json body --jq .body

[task-tracker] projectDir override: AI_TASK_MANAGER_PROJECT_DIR=/Users/kpburson/projects/Vibe-Coding/ai-task-manager/.worktrees/1574-historical-intent/.scratch/test/promote-M0Zbr1 for #2572
✔ runPromote: test→review delegates to /task review (21.155125ms)
[review] derive-rescan: #315 derive pass failed (non-fatal, rescanning live body): Command failed: gh issue view 1031 -R o/r --json body -q .body
stub-gh: refused issue view 1031 -R o/r --json body -q .body

[review] derive-rescan: live-body refresh failed; scanning pre-derive body: Command failed: gh issue view 1031 -R o/r --json body --jq .body
stub-gh: refused issue view 1031 -R o/r --json body --jq .body

[task-tracker] projectDir override: AI_TASK_MANAGER_PROJECT_DIR=/Users/kpburson/projects/Vibe-Coding/ai-task-manager/.worktrees/1574-historical-intent/.scratch/test/promote-M0Zbr1 for #1031
[task-tracker] projectDir override: AI_TASK_MANAGER_PROJECT_DIR=/Users/kpburson/projects/Vibe-Coding/ai-task-manager/.worktrees/1574-historical-intent/.scratch/test/promote-M0Zbr1 for #104
✔ runPromote: test→review refused when dod-verified marker missing (17.7415ms)
[task-tracker] projectDir override: AI_TASK_MANAGER_PROJECT_DIR=/Users/kpburson/projects/Vibe-Coding/ai-task-manager/.worktrees/1574-historical-intent/.scratch/test/promote-M0Zbr1 for #108
✔ runPromote: review→done delegates to /task close (17.69625ms)
✔ runPromote: terminal refusal on done (0.172792ms)
✔ runPromote: drift refused when live ≠ recorded (0.058458ms)
[task-tracker] projectDir override: AI_TASK_MANAGER_PROJECT_DIR=/Users/kpburson/projects/Vibe-Coding/ai-task-manager/.worktrees/1574-historical-intent/.scratch/test/promote-M0Zbr1 for #109
✔ runPromote: bootstrap when lastKnownState absent (2.32675ms)
✔ runPromote: error when no recorded and no live state (0.078791ms)
[task-tracker] projectDir override: AI_TASK_MANAGER_PROJECT_DIR=/Users/kpburson/projects/Vibe-Coding/ai-task-manager/.worktrees/1574-historical-intent/.scratch/test/promote-M0Zbr1 for #132
✔ runPromote: transition-failed when alias verb exits non-zero (7.375625ms)
[task-tracker] projectDir override: AI_TASK_MANAGER_PROJECT_DIR=/Users/kpburson/projects/Vibe-Coding/ai-task-manager/.worktrees/1574-historical-intent/.scratch/test/promote-M0Zbr1 for #1751
✔ runPromote: promoted-with-warning, markers already synced (noop repair) (7.700458ms)
[task-tracker] projectDir override: AI_TASK_MANAGER_PROJECT_DIR=/Users/kpburson/projects/Vibe-Coding/ai-task-manager/.worktrees/1574-historical-intent/.scratch/test/promote-M0Zbr1 for #1753
✔ runPromote: promoted-with-warning, stale marker → repair write fires (6.857292ms)
[task-tracker] projectDir override: AI_TASK_MANAGER_PROJECT_DIR=/Users/kpburson/projects/Vibe-Coding/ai-task-manager/.worktrees/1574-historical-intent/.scratch/test/promote-M0Zbr1 for #134
✔ runPromote: delegate non-zero AND board drifted to non-target → transition-failed (7.245ms)
Usage: promote #N
[task-tracker] projectDir override: AI_TASK_MANAGER_PROJECT_DIR=/Users/kpburson/projects/Vibe-Coding/ai-task-manager/.worktrees/1574-historical-intent/.scratch/test/promote-M0Zbr1 for #1473
✔ runPromote: post-failure getLiveState throw is swallowed (6.500584ms)
✔ runPromote: error when recorded state is unknown (0.153542ms)
✔ spawnVerbTimeout: test → undefined, others → finite budget (0.149167ms)
✔ verbPromote: no issue number → usage, exit 1 (0.337292ms)
✓ #1473 promoted: backlog → refine (direct)
[task-tracker] projectDir override: AI_TASK_MANAGER_PROJECT_DIR=/Users/kpburson/projects/Vibe-Coding/ai-task-manager/.worktrees/1574-historical-intent/.scratch/test/promote-M0Zbr1 for #100
✔ verbPromote: promoted → stdout, no exit (1.700875ms)
✓ #100 promoted: refine → ready-for-plan (direct)
  ↳ posted "### 🛠 Refine estimate" comment
✔ verbPromote: refine→R4P promoted prints refine-estimate comment line (6.155375ms)
[review] derive-rescan: #315 derive pass failed (non-fatal, rescanning live body): Command failed: gh issue view 1031 -R o/r --json body -q .body
stub-gh: refused issue view 1031 -R o/r --json body -q .body

[review] derive-rescan: live-body refresh failed; scanning pre-derive body: Command failed: gh issue view 1031 -R o/r --json body --jq .body
stub-gh: refused issue view 1031 -R o/r --json body --jq .body

[task-tracker] projectDir override: AI_TASK_MANAGER_PROJECT_DIR=/Users/kpburson/projects/Vibe-Coding/ai-task-manager/.worktrees/1574-historical-intent/.scratch/test/promote-M0Zbr1 for #1031

⛔ Refusing to promote #1031 to review: test-to-review-dod-missing: `aitm-dod-verified` marker absent — re-run `/task test #1031` to produce sandbox evidence before promoting to Review.
   BLOCKED: test-to-review-dod-missing: `aitm-dod-verified` marker absent — re-run `/task test #1031` to produce sandbox evidence before promoting to Review.

[task-tracker] projectDir override: AI_TASK_MANAGER_PROJECT_DIR=/Users/kpburson/projects/Vibe-Coding/ai-task-manager/.worktrees/1574-historical-intent/.scratch/test/promote-M0Zbr1 for #1134
✔ verbPromote: refused gate → exit 4 with BLOCKED lines (17.9555ms)

⛔ Refusing to promote #1134 to develop: plan-exit-decomposition: must-split (size-xl, estimate-hours); no linked plan path; Run `npx aitm split-plan <issue> --dry-run` or add a complete visible `## Decomposition Waiver` section.
   BLOCKED: plan-exit-decomposition: must-split (size-xl, estimate-hours); no linked plan path
   BLOCKED: Run `npx aitm split-plan <issue> --dry-run` or add a complete visible `## Decomposition Waiver` section.


⛔ Refusing to promote #107:
   BLOCKED: drift detected: board says "develop", task-tracker says "plan". Run `/task reconcile <accept-live|revert-to-recorded>`.


⛔ already in done (#106); promote is forward-only.

[task-tracker] projectDir override: AI_TASK_MANAGER_PROJECT_DIR=/Users/kpburson/projects/Vibe-Coding/ai-task-manager/.worktrees/1574-historical-intent/.scratch/test/promote-M0Zbr1 for #1751
✔ verbPromote: decomposition refusal renders blockers and exits 4 (3.317375ms)
✔ verbPromote: drift-refused → exit 4 (0.487834ms)
✔ verbPromote: terminal-refused → exit 4 (0.3185ms)
✓ #1751 promoted: develop → test (/task test)
  ⚠ delegate /task test exited 1 — board reached target; treating as soft warning.
  ↳ marker repaired (attempts: 1)
[task-tracker] projectDir override: AI_TASK_MANAGER_PROJECT_DIR=/Users/kpburson/projects/Vibe-Coding/ai-task-manager/.worktrees/1574-historical-intent/.scratch/test/promote-M0Zbr1 for #109
✔ verbPromote: promoted-with-warning prints soft-warning (8.5105ms)
promote: promote: delegate /task test exited 4; recorded state left at "develop".
promote: promote: unknown recorded state "bogus" for #110
promote: not bound to #9
✔ verbPromote: transition-failed → exits with delegate code (7.789666ms)
✔ verbPromote: error status → exit 1 (0.536542ms)
✔ verbPromote: runPromote throw → catch → exit 1 (0.588125ms)
ℹ tests 36
ℹ suites 0
ℹ pass 36
ℹ fail 0
ℹ cancelled 0
ℹ skipped 0
ℹ todo 0
ℹ duration_ms 521.969042
coverage-update.test.mjs: defined
✔ no active task → "nothing to update", no flush (1.729542ms)
✔ active === discover → "nothing to update" (0.50825ms)
✔ happy path: default "checkpoint" description, wall == active → no wall note (34.669ms)
✔ happy path: rest joins to description, wall != active → wall note shown (18.937917ms)
ℹ tests 4
ℹ suites 0
ℹ pass 4
ℹ fail 0
ℹ cancelled 0
ℹ skipped 0
ℹ todo 0
ℹ duration_ms 119.462042
✔ deliver source has no terminal lifecycle dependency (0.821542ms)
✔ #1512 default adapter resolves @me to an eligible human reviewer (0.689834ms)
✔ #1512 default adapter normalizes exact-head PR review evidence (0.251875ms)
✔ default live PR snapshot records a server-confirmed deleted source branch (1.498417ms)
✔ default PR adapter proves a complete paginated commit inventory (1.581042ms)
✔ default PR adapter rejects initial head mismatch (0.55675ms)
✔ default PR adapter rejects head drift between pages (0.206333ms)
✔ #1390 default PR adapter canonicalizes live GitHub second-precision mergedAt (0.28675ms)
✔ #1390 default PR adapter rejects missing or malformed mergedAt (0.344958ms)
✔ default merge-history inspector returns exact parents and authorized commit bytes (0.320167ms)
✔ #1389 default comment adapter canonicalizes live GitHub second-precision timestamps (0.167375ms)
✔ #1389 default comment adapter rejects malformed GitHub timestamps (0.099209ms)
✔ #1413 default delivery adapter excludes optional and historical PR checks (0.307375ms)
✔ #1413 default delivery adapter preserves pending required checks as non-green (0.165958ms)
✔ #1504 default delivery adapter reads an explicit absent required-check policy (0.185333ms)
✔ #1504 absent required checks remain unreadable after pull-request head drift (0.115833ms)
✔ #1504 default delivery adapter propagates unrelated exit-one check failures (0.080583ms)
ℹ tests 17
ℹ suites 0
ℹ pass 17
ℹ fail 0
ℹ cancelled 0
ℹ skipped 0
ℹ todo 0
ℹ duration_ms 93.268417
✔ #1490: external default-squash recovery writes one intent and one receipt (6.630625ms)
✔ #1490: a refused external default-squash recovery writes zero records (0.784334ms)
✔ #1490: an indented canonical-looking trailer writes zero records (0.467792ms)
✔ #1490: the harness rejects an unexpected squash-parent ancestry question (0.660417ms)
✔ #1490: an unauthorized attribution token writes zero records (0.524541ms)
ℹ tests 5
ℹ suites 0
ℹ pass 5
ℹ fail 0
ℹ cancelled 0
ℹ skipped 0
ℹ todo 0
ℹ duration_ms 86.436208
✔ default delivery adapter unwraps the raw GitHub GraphQL envelope for child lineage (1.284125ms)
✔ default delivery adapter accepts only an explicit null parent as top-level lineage (0.139042ms)
✔ default delivery adapter rejects GraphQL errors instead of selecting trunk (0.281084ms)
✔ default delivery adapter rejects missing data instead of selecting trunk (0.089375ms)
✔ default delivery adapter rejects missing issue instead of selecting trunk (0.127166ms)
✔ default delivery adapter rejects malformed parent instead of selecting trunk (0.103541ms)
ℹ tests 6
ℹ suites 0
ℹ pass 6
ℹ fail 0
ℹ cancelled 0
ℹ skipped 0
ℹ todo 0
ℹ duration_ms 76.207417
✔ omits a matching unattributed source record with two repository parents (0.912084ms)
✔ accepts GitHub ellipsis truncation when immutable inspection proves the full merge title (0.123792ms)
✔ preserves strict attribution input for one parent (0.077459ms)
✔ preserves strict attribution input for mismatched title (0.062584ms)
✔ preserves strict attribution input for malformed parents (0.077334ms)
✔ preserves strict attribution input when repository inspection fails (0.106958ms)
✔ preserves strict attribution input when immutable records are malformed (0.077917ms)
✔ refuses merged attribution when the provider inventory is not proven complete (0.054083ms)
✔ does not inspect attributed source subjects (0.08525ms)
ℹ tests 9
ℹ suites 0
ℹ pass 9
ℹ fail 0
ℹ cancelled 0
ℹ skipped 0
ℹ todo 0
ℹ duration_ms 80.403666
✔ selects the current PR while retaining valid prior delivery history (4.098208ms)
ℹ tests 1
ℹ suites 0
ℹ pass 1
ℹ fail 0
ℹ cancelled 0
ℹ skipped 0
ℹ todo 0
ℹ duration_ms 80.536667
✔ reviewed no-commit issue records action-free delivery and reuses exact readback (4.217208ms)
✔ code-kind issue never enters the no-commit delivery path (0.438208ms)
✔ epic with a pull request uses provider delivery instead of no-commit delivery (0.242584ms)
✔ no-commit delivery fails closed without exact deliverable evidence (0.316875ms)
ℹ tests 4
ℹ suites 0
ℹ pass 4
ℹ fail 0
ℹ cancelled 0
ℹ skipped 0
ℹ todo 0
ℹ duration_ms 84.277375
✔ selects the sole current-head PR from historical branch PRs (5.531792ms)
✔ recovers the sole merged current-head PR from historical branch PRs (2.1135ms)
✔ preserves count refusal for zero or duplicate exact-head PRs (0.530875ms)
ℹ tests 3
ℹ suites 0
ℹ pass 3
ℹ fail 0
ℹ cancelled 0
ℹ skipped 0
ℹ todo 0
ℹ duration_ms 85.856958
✔ returns null when the lane is not requested (0.450791ms)
✔ parses the declared method and reason (0.404458ms)
✔ accepts the equals form (0.091041ms)
✔ refuses a method outside the known set (0.191417ms)
✔ refuses a missing reason — the ledger must record why (0.063208ms)
✔ refuses an empty or placeholder reason (0.080625ms)
✔ refuses a reason without the lane flag, so it cannot be silently ignored (0.061917ms)
✔ refuses a repeated flag rather than picking one (0.063ms)
ℹ tests 8
ℹ suites 0
ℹ pass 8
ℹ fail 0
ℹ cancelled 0
ℹ skipped 0
ℹ todo 0
ℹ duration_ms 78.882792
✔ external recovery refuses identical source and merge messages as squash proof (4.509792ms)
✔ external recovery refuses a multi-commit inventory not terminating at the accepted head as squash proof (0.550459ms)
✔ external recovery refuses missing source evidence fields as squash proof (0.462125ms)
✔ external recovery refuses source parent mismatch as squash proof (0.320167ms)
✔ external recovery refuses source tree mismatch as squash proof (0.3645ms)
✔ external recovery refuses configured merge method as squash proof (0.305458ms)
ℹ tests 6
ℹ suites 0
ℹ pass 6
ℹ fail 0
ℹ cancelled 0
ℹ skipped 0
ℹ todo 0
ℹ duration_ms 84.04475
✔ open-PR preflight omits a locally verified two-parent ancestry merge (5.779709ms)
✔ open-PR preflight preserves an unattributed local commit omitted by provider records (0.619834ms)
✔ merged external recovery refuses an incomplete provider commit inventory (0.286667ms)
✔ merged external recovery refuses source inventory not bound to the PR head (0.231375ms)
✔ merged external recovery refuses source inventory not bound to the PR head (0.265333ms)
ℹ tests 5
ℹ suites 0
ℹ pass 5
ℹ fail 0
ℹ cancelled 0
ℹ skipped 0
ℹ todo 0
ℹ duration_ms 85.927792
✔ first open-PR call posts one exact intent before emitting one action and exits 20 (7.66475ms)
✔ configured rebase refuses before durable intent or provider action output (0.530792ms)
✔ lost POST response reconciles the server-visible dedupe key without posting again (1.439333ms)
✔ same dedupe key with divergent authorized bytes fails closed (0.6235ms)
✔ same-head pending intent reruns live preflight and re-emits byte-identical JSON (1.037833ms)
✔ merged exact head is independently verified and receives one durable receipt (1.951458ms)
✔ merged verification rejects a missing merge SHA (1.032959ms)
✔ merged verification rejects the wrong recorded pre-merge head (0.558208ms)
✔ merged delivery refuses a test SHA disagreement without appending a receipt (1.290792ms)
✔ merged delivery refuses a review SHA disagreement without appending a receipt (0.66375ms)
✔ merged verification rejects an exposed merge-method mismatch (0.780292ms)
✔ merged verification rejects a live-history merge-method mismatch (0.596125ms)
✔ merged verification rejects an indistinguishable live-history merge method (0.552417ms)
✔ ordinary delivery still requires live merge bytes to equal the prior authorization (0.610792ms)
✔ configured merge verifies an exact two-parent live-history shape (1.064875ms)
✔ merged verification rejects unknown branch disposition observations (3.002ms)
✔ merged verification fails closed when the authoritative trunk fetch fails (0.716208ms)
✔ merged verification rejects a merge result unreachable from fetched origin/trunk (0.611166ms)
✔ ordinary intent rejects a merge timestamp earlier than the server intent timestamp (0.64675ms)
✔ ambiguous provider outcome reconciles an open PR as the same action-required intent (0.659791ms)
✔ ambiguous provider outcome reconciles a merged PR from live state, not provider output (0.779959ms)
✔ repeated exact receipt re-verifies live PR and trunk without creating another comment (1.324ms)
✔ advanced local head recovers one historical receipt from a prior durable intent (1.065167ms)
✔ advanced local head refuses historical recovery while the accepted PR is open (0.494833ms)
✔ advanced local head requires accepted Agent Review and standing approval (0.76375ms)
✔ advanced local head refuses wrong-SHA Test or Review evidence (0.766875ms)
✔ advanced local head enforces intent-time ordering and trunk reachability (1.442042ms)
✔ advanced local head rejects divergent prior intent repository bytes (0.673292ms)
✔ advanced local head rejects divergent prior intent issue bytes (0.508959ms)
✔ advanced local head rejects divergent prior intent pull request bytes (0.57325ms)
✔ advanced local head rejects divergent prior intent base bytes (0.478917ms)
✔ advanced local head rejects divergent prior intent branch bytes (0.46775ms)
✔ advanced local head rejects divergent prior intent head bytes (0.491709ms)
✔ advanced local head rejects divergent prior intent method bytes (0.516167ms)
✔ advanced local head rejects divergent prior intent attribution bytes (0.780292ms)
✔ advanced local head rejects divergent prior intent title bytes (0.536292ms)
✔ advanced local head rejects divergent prior intent message bytes (0.4875ms)
✔ advanced local head refuses historical recovery when Full-Auto delivery is disabled (0.46975ms)
✔ advanced local head rejects duplicate and divergent historical receipts (1.789667ms)
✔ advanced local head refuses historical recovery without a prior intent (0.1515ms)
✔ advanced local head explicitly reconstructs a missing intent after proving historical delivery (1.592125ms)
▶ historical reconstruction and every retry enforce manual approval of the accepted historical SHA
  ✔ 0 records: missing approval (0.350791ms)
  ✔ 0 records: stale local-head approval (0.183667ms)
  ✔ 0 records: exact accepted-head approval (0.558333ms)
  ✔ 1 records: missing approval (0.145542ms)
  ✔ 1 records: stale local-head approval (0.141458ms)
  ✔ 1 records: exact accepted-head approval (0.7515ms)
  ✔ 2 records: missing approval (0.242583ms)
  ✔ 2 records: stale local-head approval (0.265625ms)
  ✔ 2 records: exact accepted-head approval (0.520166ms)
  ✔ 3 records: missing approval (0.266541ms)
  ✔ 3 records: stale local-head approval (0.2555ms)
  ✔ 3 records: exact accepted-head approval (0.51225ms)
✔ historical reconstruction and every retry enforce manual approval of the accepted historical SHA (5.308916ms)
✔ ordinary prior-intent historical recovery retains its existing manual-review behavior (1.431666ms)
✔ historical reconstruction retries a persisted 1-record prefix without duplicates (1.146959ms)
✔ historical reconstruction retries a persisted 2-record prefix without duplicates (1.402042ms)
✔ historical reconstruction retries a persisted 3-record prefix without duplicates (0.84625ms)
✔ historical reconstruction recovers a lost reconciliation POST response without duplicate records (0.922ms)
▶ historical reconstruction retries require explicit authority and fresh provider/Git proof
  ✔ 1 records: missing flag (0.199541ms)
  ✔ 1 records: changed reason (0.177125ms)
  ✔ 1 records: placeholder reason (0.151625ms)
  ✔ 1 records: changed declaration (0.152583ms)
  ✔ 1 records: unreachable merge (0.247542ms)
  ✔ 1 records: changed topology (0.160042ms)
  ✔ 1 records: changed live bytes (0.31275ms)
  ✔ 2 records: missing flag (0.239209ms)
  ✔ 2 records: changed reason (0.226667ms)
  ✔ 2 records: placeholder reason (0.203209ms)
  ✔ 2 records: changed declaration (0.333958ms)
  ✔ 2 records: unreachable merge (0.317625ms)
  ✔ 2 records: changed topology (0.217958ms)
  ✔ 2 records: changed live bytes (0.343ms)
  ✔ 3 records: missing flag (0.223375ms)
  ✔ 3 records: changed reason (0.253958ms)
  ✔ 3 records: placeholder reason (0.376791ms)
  ✔ 3 records: changed declaration (0.258667ms)
  ✔ 3 records: unreachable merge (0.343083ms)
  ✔ 3 records: changed topology (0.235834ms)
  ✔ 3 records: changed live bytes (0.291875ms)
✔ historical reconstruction retries require explicit authority and fresh provider/Git proof (6.888208ms)
▶ historical reconstruction refuses missing, malformed, or mismatched v2 retry provenance
  ✔ missing (0.356459ms)
  ✔ malformed (0.27275ms)
  ✔ v1 only (0.249583ms)
  ✔ wrong origin (0.204584ms)
  ✔ wrong issue (0.203667ms)
  ✔ wrong repository (0.216542ms)
  ✔ wrong PR (0.236292ms)
  ✔ wrong accepted SHA (0.208875ms)
  ✔ wrong merge SHA (0.235334ms)
  ✔ wrong configured method (0.225291ms)
  ✔ wrong observed method (0.212458ms)
  ✔ wrong reason (0.197791ms)
  ✔ false divergence (0.184167ms)
✔ historical reconstruction refuses missing, malformed, or mismatched v2 retry provenance (4.394583ms)
✔ historical reconstruction refuses unmerged PR without any ledger writes (0.148542ms)
✔ historical reconstruction refuses unreachable merge without any ledger writes (0.158709ms)
✔ historical reconstruction refuses unattributable topology without any ledger writes (0.117833ms)
✔ historical reconstruction refuses declared method mismatch without any ledger writes (0.103667ms)
✔ historical reconstruction refuses missing flag without any ledger writes (0.093709ms)
✔ historical reconstruction refuses failed trunk fetch without any ledger writes (0.144459ms)
✔ historical reconstruction refuses provider method mismatch without any ledger writes (0.149583ms)
✔ historical reconstruction refuses invalid attribution without any ledger writes (0.16325ms)
✔ advanced local head refuses an external recovery intent (0.317125ms)
✔ lost receipt POST response is reconciled from the single server-visible receipt (1.292ms)
✔ conflicting receipts fail closed before any new comment is created (1.108208ms)
✔ already-merged external recovery appends an external intent and receipt without an action (0.750833ms)
✔ external recovery proves a configured squash from complete single-source history (0.63575ms)
✔ external recovery accepts exact legacy escaped attribution (0.928375ms)
▶ external recovery refuses altered legacy escaped attribution
  ✔ missing (0.379459ms)
  ✔ altered (0.224458ms)
  ✔ duplicated (0.185458ms)
  ✔ physical newlines (0.157625ms)
  ✔ altered title (0.157709ms)
  ✔ non-squash (0.162167ms)
  ✔ multiple tokens (0.165959ms)
✔ external recovery refuses altered legacy escaped attribution (1.721166ms)
✔ external recovery refuses ambiguous one-parent rewritten history with missing method observation (0.184666ms)
✔ external recovery refuses ambiguous one-parent rewritten history with null method observation (0.443041ms)
✔ external recovery strictly rejects malformed provider merge-method evidence (0.181167ms)
✔ external recovery rejects a provider method observation that mismatches configuration (0.1545ms)
✔ external recovery structurally verifies a two-parent merge without provider method evidence (0.457ms)
✔ ordinary prior-intent squash remains verifiable without provider method evidence (0.647041ms)
✔ external recovery records observed merge bytes instead of synthesizing provider bytes (0.663375ms)
✔ external recovery refuses empty-title observed commit bytes before writing (0.220459ms)
✔ external recovery refuses control-character-title observed commit bytes before writing (0.157125ms)
✔ external recovery refuses control-character-message observed commit bytes before writing (0.135042ms)
✔ failed first external recovery writes nothing and a corrected retry succeeds (0.524666ms)
✔ external recovery derives required attribution from PR history when post-merge range is empty (0.47925ms)
✔ repeated external recovery re-verifies as already delivered without timestamp reclassification (1.279959ms)
✔ changed head requires fresh Test and review evidence then supersedes the prior intent (1.377375ms)
✔ child lineage returns an explicit non-provider result without provider or terminal effects (0.134334ms)
✔ unknown lineage fails closed instead of being classified as child delivery (0.098292ms)
✔ requested issue number never substitutes for a missing active binding (0.169917ms)
ℹ tests 134
ℹ suites 0
ℹ pass 134
ℹ fail 0
ℹ cancelled 0
ℹ skipped 0
ℹ todo 0
ℹ duration_ms 181.631625
✔ defaultRunMoveState (demote) delegates to host with --demote argv + demote env (0.584375ms)
✔ defaultRunMoveState (demote) returns the host exit code verbatim (0.135542ms)
ℹ tests 2
ℹ suites 0
ℹ pass 2
ℹ fail 0
ℹ cancelled 0
ℹ skipped 0
ℹ todo 0
ℹ duration_ms 99.644334
✔ demote: test→develop happy path (2.703542ms)
✔ demote: review→develop happy path (0.29275ms)
✔ demote: refused from every non-{test,review} source (0.24325ms)
✔ demote: drift refused when live ≠ recorded (0.103542ms)
✔ demote: transition-failed when move-state exits non-zero (0.10025ms)
✔ demote: bootstrap when lastKnownState absent — syncs to live, then refuses if live is not test/review (0.115333ms)
✔ demote: bootstrap then demote from test succeeds (0.16775ms)
✔ demote: test→develop landed write carries develop marker (#295 closure semantics) (0.114834ms)
ℹ tests 8
ℹ suites 0
ℹ pass 8
ℹ fail 0
ℹ cancelled 0
ℹ skipped 0
ℹ todo 0
ℹ duration_ms 104.299917
✔ runDemote hard-refuses with no --rework (from review) (0.634333ms)
✔ runDemote hard-refuses with no --rework (from test) (0.069292ms)
✔ runDemote treats a whitespace-only --rework as absent (0.062084ms)
✔ runDemote with a real --rework from a legal source demotes and threads the reason (0.465459ms)
✔ runDemote still refuses an illegal source even with --rework (0.192417ms)
✔ defaultRunMoveState appends --demote and --demote-reason when a reason is present (0.28825ms)
✔ defaultRunMoveState omits --demote-reason when the reason is blank (0.136709ms)
✔ parseArgs extracts issue number and --rework in both forms (0.407042ms)
✔ #932 demote-strips-VC-evidence: uncheck + drop run-props, keep declaration (0.921916ms)
✔ #932 demote-preserves-protected: no invariant marker is lost (1.359792ms)
✔ #932 re-promote-restamps-new-sha: stripped item re-stamps against the new HEAD, not the old (0.269333ms)
✔ #932 demote-with-nothing-to-strip: a body with only declarations is a safe no-op (0.088583ms)
✔ #1557 compatibility repair accepts only the exact valid stranded provenance tuple (0.922417ms)
✔ #932 runDemote wires invalidateEvidence into the state-recording mutate and reports it (1.421708ms)
✔ #848 AC6: demote LEGAL_FROM/DEMOTE_TARGET unchanged by the park addition (0.064875ms)
ℹ tests 15
ℹ suites 0
ℹ pass 15
ℹ fail 0
ℹ cancelled 0
ℹ skipped 0
ℹ todo 0
ℹ duration_ms 113.523541
✔ Develop owns exact-head implementation verification as a resident action (0.67625ms)
✔ Develop verification runs the finalizer and persists its receipt (0.16375ms)
ℹ tests 2
ℹ suites 0
ℹ pass 2
ℹ fail 0
ℹ cancelled 0
ℹ skipped 0
ℹ todo 0
ℹ duration_ms 75.196875
dod-stamp-state-gate.test.mjs: defined
[task-tracker] dod-stamp tests: restricted verifier command(s) [npm run test:all] require the issue to be in `test` (current: `develop`). Run `/task promote` to reach `test`, where a sandboxed suite run is the sanctioned path.
[task-tracker] dod-stamp tests on #778: running 1 verifier(s)…
  ✓ npm run test:all (exit=0)
[task-tracker] ✓ dod-stamp tests on #778: run-props upserted onto the dod:functional:tests line's aitm-verified marker (sha=abc1234).
[task-tracker] ac-stamp: restricted verifier command(s) [npm run test:all] require the issue to be in `test` (current: `develop`). Run `/task promote` to reach `test`, where a sandboxed suite run is the sanctioned path.
[task-tracker] ac-stamp on #780: running 1 verifier(s) for AC "full suite must pass"…
  ✓ npm run test:all (exit=0)
[task-tracker] ✓ ac-stamp on #780: run-props (key=3bdb5b17) upserted onto the AC line's aitm-verified marker (sha=abc1234).
[task-tracker] dod-stamp tests on #781: reusing Test receipt 01KYZ7Q780MJXJYHHPWN2GJ4G7; standard commands were not rerun.
[task-tracker] ✓ dod-stamp tests on #781: run-props upserted onto the dod:functional:tests line's aitm-verified marker (sha=aaaaaaaaaaaaaaaaaaaaaaaaaaaaaaaaaaaaaaaa).
[task-tracker] dod-stamp tests: verifier command(s) [npm run test:all] cannot run in `review`. Demote and run `/task test` to produce a valid exact-SHA Test receipt, then retry.
[task-tracker] dod-stamp tests on #783: reusing Test receipt 01KYZ7Q780B2PZ845C9FM1FED6; standard commands were not rerun.
[task-tracker] ✓ dod-stamp tests on #783: run-props upserted onto the dod:functional:tests line's aitm-verified marker (sha=aaaaaaaaaaaaaaaaaaaaaaaaaaaaaaaaaaaaaaaa).
[task-tracker] ac-stamp on #784: reusing Test receipt 01KYZ7Q780HD5NN71ZES2GYDT6; standard commands were not rerun.
[task-tracker] ✓ ac-stamp on #784: evidence stamped from Test receipt (sha=aaaaaaaaaaaaaaaaaaaaaaaaaaaaaaaaaaaaaaaa).
[task-tracker] dod-stamp tests: verifier command(s) [npm run lint] cannot run in `review`. Demote and run `/task test` to produce a valid exact-SHA Test receipt, then retry.
[task-tracker] ac-stamp: verifier command(s) [npm run lint] cannot run in `review`. Demote and run `/task test` to produce a valid exact-SHA Test receipt, then retry.
[task-tracker] dod-stamp tests: verifier command(s) [npm run test:all] cannot run in `review`. Demote and run `/task test` to produce a valid exact-SHA Test receipt, then retry.
[task-tracker] ac-stamp: verifier command(s) [npm run test:all] cannot run in `review`. Demote and run `/task test` to produce a valid exact-SHA Test receipt, then retry.
[task-tracker] dod-stamp tests: live issue state could not be resolved; verifier execution is refused.
[task-tracker] ac-stamp: live issue state could not be resolved; verifier execution is refused.
✔ dod-stamp tests: refuses in develop, verifier never runs (2.649875ms)
✔ dod-stamp tests: proceeds normally once in test state (6.206417ms)
✔ ac-stamp: refuses a restricted verifier command in develop, verifier never runs (1.173208ms)
✔ ac-stamp: proceeds normally once in test state (2.660917ms)
✔ dod-stamp tests: Review + valid receipt reuses and does not spawn npm (2.605167ms)
✔ dod-stamp tests: Review + stale receipt refuses and does not spawn npm (0.876667ms)
✔ dod-stamp tests: Test + valid receipt reuses and does not spawn npm (1.087542ms)
✔ ac-stamp: Review + valid receipt reuses Test provenance and does not spawn npm (1.69925ms)
✔ Review + uncovered lint refuses on both stamp surfaces without spawning npm (1.005208ms)
✔ Review + issue-mismatched receipt refuses on both stamp surfaces (1.310417ms)
✔ unavailable live state refuses on both stamp surfaces (0.7115ms)
ℹ tests 11
ℹ suites 0
ℹ pass 11
ℹ fail 0
ℹ cancelled 0
ℹ skipped 0
ℹ todo 0
ℹ duration_ms 97.678667
ensure-checked.test.mjs: defined
[task-tracker] ✓ Checked "proven ac with execution proof" on #777
[task-tracker] ✓ Checked "proven ac with execution proof" on #777
[task-tracker] ✓ "proven ac with execution proof" already checked on #777 (no-op)
[task-tracker] ✓ "verified ac checked" already checked on #777 (no-op)
EVIDENCE_REQUIRED: [task-tracker] ✗ Refusing to tick AC "verified ac unchecked" on #777.
  This acceptance criterion declares a verifier (aitm-verified cmd="…") but carries
  no aitm-ac-evidence:abc61792 marker. Run `/task ac-stamp "verified ac unchecked"` to
  execute `echo ok` in a sandbox; the evidence marker it stamps unlocks this tick.
[task-tracker] ✓ Checked "plain ac no verifier" on #777 (unverified — audit marker recorded)
UNVERIFIED_HATCH_REFUSED: [task-tracker] ✗ Refusing --allow-unverified-ticks on AC "undeclared ac no verifier no marker" in #777.
  This acceptance criterion declares no verifier and carries no
  `<!-- aitm-non-demonstrable -->` opt-out marker, so it is not yet classified as
  demonstrable or honestly non-demonstrable. Either declare a verifier (aitm-verified
  cmd="…") and run `/task ac-stamp "undeclared ac no verifier no marker"`, or add the opt-out marker to the line
  if it is genuinely unverifiable.
UNVERIFIED_HATCH_REFUSED: [task-tracker] ✗ Refusing --allow-unverified-ticks on AC "verified ac unchecked" in #777.
  This acceptance criterion declares a verifier (aitm-verified cmd="…"), so it is
  demonstrable — the unverified hatch is only for ACs carrying the
  `<!-- aitm-non-demonstrable -->` opt-out marker or otherwise no machine verifier.
  Run `/task ac-stamp "verified ac unchecked"` to execute `echo ok` and stamp real evidence instead.
✔ setChecklistLine: ticks an unchecked line (changed) (0.758333ms)
✔ setChecklistLine: already-checked is a byte-identical no-op (0.090709ms)
✔ setChecklistLine: checked desired never unchecks a checked line (0.063209ms)
✔ setChecklistLine: preserves trailing evidence markers on tick (0.076375ms)
✔ setChecklistLine: not-found (0.076375ms)
✔ setChecklistLine: ambiguous reports count (0.071791ms)
✔ setChecklistLines: folds desired across labels, records per-label result (0.416917ms)
✔ verbEnsureChecked: ticks a proof-bearing unchecked AC and writes [x] (6.288292ms)
✔ verbEnsureChecked: idempotent re-run on already-checked is a no-op (2.1825ms)
✔ verbEnsureChecked: never unchecks an already-checked AC (0.593417ms)
✔ verbEnsureChecked: evidence gate fires on verifier-AC transition → exit 1 (1.073833ms)
✔ verbEnsureChecked: --allow-unverified-ticks hatch ticks a proofless AC (2.127ms)
✔ verbEnsureChecked: --allow-unverified-ticks refused on an undeclared AC (no verifier, no marker) → exit 1 (0.657541ms)
✔ verbEnsureChecked: --allow-unverified-ticks refused on verifier AC → exit 1 (0.651041ms)
[task-tracker] ✓ Marked deep-dive-complete on #777 at 2026-09-10T06:42:03.056Z
✔ verbEnsureChecked: special-label "deep dive complete" routes to ensureDeepDive (222.231292ms)
[task-tracker] ✓ Marked discussion complete on #777 at 2026-09-10T06:42:03.275Z (token stripped, aitm-discussed stamped, Discuss label removed)

✅ DISCUSSION RESOLVED — #777 · implementation may commence
✔ verbEnsureChecked: special-label "discussion complete" marks discussed (45.531416ms)
ℹ tests 16
ℹ suites 0
ℹ pass 16
ℹ fail 0
ℹ cancelled 0
ℹ skipped 0
ℹ todo 0
ℹ duration_ms 365.631167
ensure-unchecked.test.mjs: defined
[task-tracker] ✓ Unchecked "verified ac checked" on #777
[task-tracker] ✓ "plain ac no verifier" already unchecked on #777 (no-op)
[task-tracker] ✓ "plain ac no verifier" already unchecked on #777 (no-op)
[task-tracker] ✓ Unchecked "verified ac checked" on #777
[task-tracker] checkbox "deep dive complete" not found in #777
Checkboxes found:
  "plain ac no verifier"
  "verified ac checked <!-- aitm-verified cmd="`echo ok`" -->"
[task-tracker] checkbox "discussion complete" not found in #777
Checkboxes found:
  "plain ac no verifier"
  "verified ac checked <!-- aitm-verified cmd="`echo ok`" -->"
✔ setChecklistLine: unchecks a checked line (changed) (0.753375ms)
✔ setChecklistLine: already-unchecked is a byte-identical no-op (0.112042ms)
✔ setChecklistLine: unchecked desired never checks an unchecked line (0.063875ms)
✔ setChecklistLine: preserves trailing evidence markers on untick (0.080667ms)
✔ setChecklistLines: folds untick across labels with per-label results (0.413292ms)
✔ verbEnsureUnchecked: unchecks a checked AC and writes [ ] (5.07575ms)
✔ verbEnsureUnchecked: idempotent re-run on already-unchecked is a no-op (0.601875ms)
✔ verbEnsureUnchecked: never checks an unchecked AC (0.64075ms)
✔ verbEnsureUnchecked: runs NO evidence gate when un-ticking a verifier AC (1.375458ms)
✔ verbEnsureUnchecked: "deep dive complete" is ordinary text, not the marker route (0.833042ms)
✔ verbEnsureUnchecked: "discussion complete" is ordinary text, not the discuss route (0.618375ms)
ℹ tests 11
ℹ suites 0
ℹ pass 11
ℹ fail 0
ℹ cancelled 0
ℹ skipped 0
ℹ todo 0
ℹ duration_ms 121.752208
[task-tracker] ✓ #1067 AC-reconciled: epic goals re-read against delivered children.
[task-tracker] ✓ #1067 deliverable recorded: https://github.com/kburson/ai-task-manager/issues/1067#issuecomment-5227079541
AC↔child bijection — epic #1067: no `**Cn · #NNN**` mapping declared on any AC. 1 AC(s) and 0 child(ren) are related only by convention, so neither drift direction can be detected here. Declaring the mapping is optional — knowing it is absent is not.
[task-tracker] ✓ #1067 AC-reconciled: epic goals re-read against delivered children.
[task-tracker] ✓ #1067 deliverable recorded: https://github.com/kburson/ai-task-manager/issues/1067#issuecomment-5227079541
AC↔child bijection — epic #1067: no `**Cn · #NNN**` mapping declared on any AC. 1 AC(s) and 0 child(ren) are related only by convention, so neither drift direction can be detected here. Declaring the mapping is optional — knowing it is absent is not.
[task-tracker] ✓ #1067 AC-reconciled: epic goals re-read against delivered children.
AC↔child bijection — epic #1067: no `**Cn · #NNN**` mapping declared on any AC. 1 AC(s) and 0 child(ren) are related only by convention, so neither drift direction can be detected here. Declaring the mapping is optional — knowing it is absent is not.
✔ setDeliverablePosted inserts one URL-bearing marker and retries byte-identically (0.944292ms)
✔ setDeliverablePosted refuses to replace a different or provenance-free marker (1.256958ms)
✔ validateEpicDeliverableComment accepts only a non-empty comment on the target issue (0.728875ms)
✔ parseEpicReconcileArgs supports explicit and active targets and rejects malformed flags (0.235625ms)
✔ verbEpicReconcile validates the comment before one combined versioned mutation (1.020333ms)
✔ foreign deliverable fails before body mutation (0.150375ms)
✔ production comment fetch reads the exact REST comment endpoint (0.413708ms)
✔ no deliverable flag preserves reconciliation-only compatibility (0.188166ms)
ℹ tests 8
ℹ suites 0
ℹ pass 8
ℹ fail 0
ℹ cancelled 0
ℹ skipped 0
ℹ todo 0
ℹ duration_ms 80.802584
✔ verified recovery releases a confirmed closed issue without an override (0.899708ms)
✔ advisory fleet cleanup cannot turn an authoritative recovery into failure (0.148416ms)
✔ recovery refuses to release a binding for an open issue (0.224959ms)
✔ recovery fails closed when GitHub issue state is unavailable (0.110333ms)
ℹ tests 4
ℹ suites 0
ℹ pass 4
ℹ fail 0
ℹ cancelled 0
ℹ skipped 0
ℹ todo 0
ℹ duration_ms 64.508709
✔ legacy body without dod:functional markers passes the gate (0.993167ms)
✔ label outside Functional section passes the gate (0.89275ms)
✔ stampable key without evidence marker refuses with missing-evidence (0.113333ms)
✔ stampable key WITH evidence marker passes (0.095708ms)
✔ derived keys refuse outright with refuse-derived (0.097375ms)
✔ already-ticked Functional key passes (unticking allowed) (0.065917ms)
ℹ tests 6
ℹ suites 0
ℹ pass 6
ℹ fail 0
ℹ cancelled 0
ℹ skipped 0
ℹ todo 0
ℹ duration_ms 70.557708
✔ deliver help and catalog describe current-head and historical recovery modes exactly (0.78325ms)
✔ close help distinguishes Incorporated owner assertion from duplicate and incident-epic use (0.216375ms)
✔ close help exposes the audited stale pre-terminal transaction restart contract (0.160167ms)
✔ #1490: close help exposes the reopened completed-transaction recovery contract (0.1795ms)
✔ incident-ledger help requires executable Incorporated carrier authority (0.23625ms)
ℹ tests 5
ℹ suites 0
ℹ pass 5
ℹ fail 0
ℹ cancelled 0
ℹ skipped 0
ℹ todo 0
ℹ duration_ms 61.01375
✔ incident-ledger keeps record and approval as mutually exclusive explicit modes (0.856167ms)
✔ incident-ledger help and provider rule publish exact verifier phase syntax (0.233584ms)
✔ production runtime fetches and pins one fresh origin/trunk snapshot (0.284625ms)
ℹ tests 3
ℹ suites 0
ℹ pass 3
ℹ fail 0
ℹ cancelled 0
ℹ skipped 0
ℹ todo 0
ℹ duration_ms 75.796334
PASS: parseArgs extracts all fields
PASS: validateArgs rejects unknown size
PASS: buildInflationSection produces three-part format
PASS: successful append — comment patched, board updated, body updated
PASS: estimate inflation converges comment, board, and body on the ceiling
PASS: missing refine-estimate comment → no-refine-comment
PASS: idempotent re-run appends second block, preserves first

All inflate-estimate tests passed.
✔ scripts/tests/unit/task-tracker/verbs/inflate-estimate.test.mjs (56.11825ms)
ℹ tests 1
ℹ suites 0
ℹ pass 1
ℹ fail 0
ℹ cancelled 0
ℹ skipped 0
ℹ todo 0
ℹ duration_ms 60.324375
✔ issue-body parses one target and one operation file strictly (0.963542ms)
✔ issue-body accepts only the versioned declarative schemas (0.149375ms)
✔ exact replacement is evaluated against the fresh body and requires one match (0.375917ms)
✔ named section replacement obeys heading boundaries and explicit preconditions (0.257125ms)
✔ expectedVersion is checked inside the fresh-base transformation (0.140292ms)
✔ declarative operations preserve every AITM marker byte-for-byte (0.102ms)
✔ runIssueBodyOperation uses canonical mutate and verifies returned live body (0.35025ms)
✔ canonical write enforces expected version and protected-marker invariants (0.338583ms)
ℹ tests 8
ℹ suites 0
ℹ pass 8
ℹ fail 0
ℹ cancelled 0
ℹ skipped 0
ℹ todo 0
ℹ duration_ms 65.205959
✔ issue enumeration stays below GitHub GraphQL node-cost limits (0.853708ms)
✔ classification migrates only strict open markers and ignores fenced examples (0.730958ms)
✔ marker removal preserves fenced examples byte-for-byte (0.318583ms)
✔ argument parser requires exactly one explicit mode (0.590333ms)
✔ dry-run reports deterministic actions without mutation (0.2445ms)
✔ apply orders native convergence and readback before destructive legacy cleanup (0.132709ms)
✔ every partial failure preserves the final legacy marker step for retry (0.35125ms)
✔ apply refuses a changed live marker before any graph or cleanup mutation (0.09275ms)
✔ strict candidates with no missing native edge report already-native (0.311791ms)
✔ run reports ambiguous open carriers as exit 3 only for apply (0.139375ms)
ℹ tests 10
ℹ suites 0
ℹ pass 10
ℹ fail 0
ℹ cancelled 0
ℹ skipped 0
ℹ todo 0
ℹ duration_ms 69.966459
[task-tracker] Could not move 42 to test: move-state exited 1
[task-tracker] Run manually: node scripts/gh/move-state.mjs 42 test
[task-tracker] Could not move 42 to test: move-state exited 2
[task-tracker] Run manually: node scripts/gh/move-state.mjs 42 test
[task-tracker] Could not move 42 to test: move-state exited 3
[task-tracker] Run manually: node scripts/gh/move-state.mjs 42 test
[task-tracker] Could not move 42 to test: move-state exited 5
[task-tracker] Run manually: node scripts/gh/move-state.mjs 42 test
[task-tracker] Could not move 42 to test: move-state exited 7
[task-tracker] Run manually: node scripts/gh/move-state.mjs 42 test
✔ every lifecycle command maps to one explicit Cursor trigger and target contract (0.891ms)
✔ command Cursor requests reject inferred or extra targets (0.228625ms)
✔ every caller seam produces the canonical argv shape + verb context (0.76125ms)
✔ every caller seam relays the host exit code verbatim (2.267875ms)
✔ runtime(→close) seam: canonical argv + runtime context + status parity (1.211833ms)
ℹ tests 5
ℹ suites 0
ℹ pass 5
ℹ fail 0
ℹ cancelled 0
ℹ skipped 0
ℹ todo 0
ℹ duration_ms 118.06875
✔ AC2: isHelpProbe is true for each help token, case-insensitive (0.429667ms)
✔ AC3: a title containing a help word is NOT a probe (0.060625ms)
✔ AC4: no-arg / empty rest is NOT a probe (0.051791ms)
✔ AC1: verbNew("help") prints help and performs no create/bind mutation (10.990709ms)
ℹ tests 4
ℹ suites 0
ℹ pass 4
ℹ fail 0
ℹ cancelled 0
ℹ skipped 0
ℹ todo 0
ℹ duration_ms 63.601458
✔ routes through create-issue.mjs --shape stub, not raw gh issue create (0.540667ms)
✔ honors TT_FAKE_NEW_ISSUE short-circuit without shelling out (0.074166ms)
✔ SKIP_NETWORK short-circuits to #0 without shelling out (0.063375ms)
ℹ tests 3
ℹ suites 0
ℹ pass 3
ℹ fail 0
ℹ cancelled 0
ℹ skipped 0
ℹ todo 0
ℹ duration_ms 52.995167
✔ extractKind pulls the --kind value and leaves title tokens intact (0.727166ms)
✔ extractKind returns null kind and unchanged rest when --kind absent (AC3) (0.061292ms)
✔ extractKind consumes only the first --kind occurrence (0.055833ms)
✔ extractKind drops a trailing --kind with no value (0.05ms)
✔ extractKind tolerates a non-array (0.051583ms)
✔ createNewIssue appends --kind to the spawned argv when kind is set (0.173167ms)
✔ createNewIssue omits --kind from argv when kind is null (AC3) (0.0925ms)
✔ createNewIssue omits --kind from argv when kind is an empty string (0.066708ms)
✔ createNewIssue no-kind argv is byte-identical to the default-arg call (AC3) (0.082916ms)
✔ createNewIssue never forwards cfg.defaultLabels into the argv (#748 Defect A) (0.10425ms)
✔ findUnknownFlags reports every unrecognized flag token (#748 Defect B) (0.115584ms)
✔ findUnknownFlags returns [] for a plain title (#748 Defect B) (0.049708ms)
✔ findUnknownFlags returns [] for kind-stripped title tokens (#748 Defect B) (0.044459ms)
✔ findUnknownFlags flags a short -x option token (#748 Defect B) (0.046375ms)
✔ findUnknownFlags tolerates a non-array (0.039625ms)
ℹ tests 15
ℹ suites 0
ℹ pass 15
ℹ fail 0
ℹ cancelled 0
ℹ skipped 0
ℹ todo 0
ℹ duration_ms 54.883042
✔ case fall-through: promote and next share verbPromote handler (0.478167ms)
✔ ISSUE_ARG_VERBS includes next (0.099625ms)
✔ help text documents next as alias of promote (0.229208ms)
ℹ tests 3
ℹ suites 0
ℹ pass 3
ℹ fail 0
ℹ cancelled 0
ℹ skipped 0
ℹ todo 0
ℹ duration_ms 62.521791
✔ Park compatibility boundary is the canonical Shelve boundary (0.676959ms)
✔ Park strict argv accepts the Shelve owner-removal flag (0.244167ms)
✔ Park strict argv refuses the Shelve-only stale-blocker migration flag (0.2ms)
✔ Park refuses the Shelve-only migration flag before it obtains a lock or starts a transaction (0.209458ms)
✔ Park delegates to the one Shelve transaction authority (0.130875ms)
✔ Park no longer accepts Plan and no longer has an estimate-preserving path (0.08175ms)
ℹ tests 6
ℹ suites 0
ℹ pass 6
ℹ fail 0
ℹ cancelled 0
ℹ skipped 0
ℹ todo 0
ℹ duration_ms 93.824542
plan-approve-collapse: ok
✔ scripts/tests/unit/task-tracker/verbs/plan-approve-collapse.test.mjs (60.317291ms)
ℹ tests 1
ℹ suites 0
ℹ pass 1
ℹ fail 0
ℹ cancelled 0
ℹ skipped 0
ℹ todo 0
ℹ duration_ms 64.438792
plan-approve.test.mjs: all passed
✔ scripts/tests/unit/task-tracker/verbs/plan-approve.test.mjs (63.25475ms)
ℹ tests 1
ℹ suites 0
ℹ pass 1
ℹ fail 0
ℹ cancelled 0
ℹ skipped 0
ℹ todo 0
ℹ duration_ms 67.384666
✔ parseArgs extracts planned/current/rationale and strips trailing h (0.970875ms)
✔ parseArgs omits absent current keys and falls back to active issue (0.100583ms)
✔ parseArgs selects v1 evidence or explicit legacy compatibility mode (0.07025ms)
✔ runPlanEstimate delegates evidence-file execution to adaptive authority (0.152584ms)
✔ legacy planned flags require explicit compatibility mode (0.274333ms)
✔ resolveTargetIssue prefers explicit positional over active (0.05875ms)
✔ runPlanEstimate rejects missing target (0.096541ms)
✔ runPlanEstimate rejects missing cfg.repo (0.082083ms)
✔ runPlanEstimate rejects empty planned column (0.08025ms)
✔ runPlanEstimate appends with explicit current (no board read) (0.192084ms)
✔ compatibility Plan normalizes explicit Refine and Plan projections (0.165125ms)
✔ compatibility Plan normalizes a board-derived Refine projection (0.191666ms)
✔ compatibility Plan treats a null current projection as board-derived (0.108916ms)
✔ runPlanEstimate sources current from the board when --current-* omitted (0.092417ms)
✔ runPlanEstimate mirrors planned when board read is empty (0.074542ms)
✔ runPlanEstimate mirrors planned when board read throws (0.583ms)
✔ runPlanEstimate skips board read when projectId is absent (0.07175ms)
✔ runPlanEstimate heals an empty appendix via repopulate on duplicate (0.081209ms)
✔ runPlanEstimate surfaces no-refine-comment from append (0.047167ms)
✔ plan-estimate is registered in the command catalog (0.088666ms)
ℹ tests 20
ℹ suites 0
ℹ pass 20
ℹ fail 0
ℹ cancelled 0
ℹ skipped 0
ℹ todo 0
ℹ duration_ms 84.81125
  ⚠ user-story: User Story section missing or incomplete — `## User Story` must contain three non-placeholder lines before promoting to Ready for Planning (Connextra format: "As a…\nI want to…\nSo that…")
✔ runPromote: TT_FULL_AUTO=1 cannot bypass an unresolved {discuss} directive (3.180875ms)
  ⚠ user-story: User Story section missing or incomplete — `## User Story` must contain three non-placeholder lines before promoting to Ready for Planning (Connextra format: "As a…\nI want to…\nSo that…")
✔ runPromote: promotes once the discussion is resolved (token stripped) (1.015083ms)
ℹ tests 2
ℹ suites 0
ℹ pass 2
ℹ fail 0
ℹ cancelled 0
ℹ skipped 0
ℹ todo 0
ℹ duration_ms 101.714208
✔ defaultRunMoveState delegates to runMoveStateHost with promote env + synthetic argv (0.579958ms)
✔ defaultRunMoveState returns the host exit code verbatim (non-zero preserved) (0.134833ms)
ℹ tests 2
ℹ suites 0
ℹ pass 2
ℹ fail 0
ℹ cancelled 0
ℹ skipped 0
ℹ todo 0
ℹ duration_ms 98.426375
✔ runPromote redirects to /task review, not /task close, when aitm-review-failed is present (2.766375ms)
✔ runPromote redirects to /task review when no Agent Review evidence has ever been recorded (0.279667ms)
✔ runPromote still delegates review → close when Agent Review genuinely passed (unchanged) (253.481416ms)
ℹ tests 3
ℹ suites 0
ℹ pass 3
ℹ fail 0
ℹ cancelled 0
ℹ skipped 0
ℹ todo 0
ℹ duration_ms 357.098833
✔ AC1: test delegate gets no outer timeout (or >= SANDBOX_TIMEOUT_MS), never the GH-API cap (0.48625ms)
✔ AC2: a sandbox run exceeding 60s is not SIGTERMd at the outer layer (0.081333ms)
✔ AC3: the move-state delegate timeout is unchanged (GH_API_TIMEOUT_MS * 2) (0.063875ms)
✔ quick delegates (close) keep the short budget (0.045042ms)
ℹ tests 4
ℹ suites 0
ℹ pass 4
ℹ fail 0
ℹ cancelled 0
ℹ skipped 0
ℹ todo 0
ℹ duration_ms 99.858083
✔ the test delegate runs inside promote-held lock instead of deadlocking (3.244167ms)
✔ the test delegate still acquires for real when promote is not holding (0.720292ms)
✔ a promote frame on a different issue does not wave the delegate through (0.943584ms)
ℹ tests 3
ℹ suites 0
ℹ pass 3
ℹ fail 0
ℹ cancelled 0
ℹ skipped 0
ℹ todo 0
ℹ duration_ms 82.776208
✔ test → review delegates to the review verb (0.378417ms)
✔ the other aliases are unchanged (0.060875ms)
✔ only post-Develop transitions use alias verbs (0.341042ms)
✔ promote reaches the canonical policy delegate branch whenever the source has one (0.316208ms)
✔ the stale "test has no alias" comment is gone (0.19225ms)
ℹ tests 5
ℹ suites 0
ℹ pass 5
ℹ fail 0
ℹ cancelled 0
ℹ skipped 0
ℹ todo 0
ℹ duration_ms 99.010125
[review] derive-rescan: #315 derive pass failed (non-fatal, rescanning live body): Command failed: gh issue view 820 -R o/r --json body -q .body
stub-gh: refused issue view 820 -R o/r --json body -q .body

[review] derive-rescan: live-body refresh failed; scanning pre-derive body: Command failed: gh issue view 820 -R o/r --json body --jq .body
stub-gh: refused issue view 820 -R o/r --json body --jq .body

[task-tracker] projectDir override: AI_TASK_MANAGER_PROJECT_DIR=/Users/kpburson/projects/Vibe-Coding/ai-task-manager/.worktrees/1574-historical-intent/.scratch/test/promote-820-l34IsJ for #820
✔ AC1 — promote from Test delegates to the review verb, not the direct move path (248.53825ms)
[review] derive-rescan: #315 derive pass failed (non-fatal, rescanning live body): Command failed: gh issue view 820 -R o/r --json body -q .body
stub-gh: refused issue view 820 -R o/r --json body -q .body

[review] derive-rescan: live-body refresh failed; scanning pre-derive body: Command failed: gh issue view 820 -R o/r --json body --jq .body
stub-gh: refused issue view 820 -R o/r --json body --jq .body

[task-tracker] projectDir override: AI_TASK_MANAGER_PROJECT_DIR=/Users/kpburson/projects/Vibe-Coding/ai-task-manager/.worktrees/1574-historical-intent/.scratch/test/promote-820-l34IsJ for #820
✔ AC5 — the reported route is alias:review, never direct (22.81875ms)
[review] derive-rescan: #315 derive pass failed (non-fatal, rescanning live body): Command failed: gh issue view 820 -R o/r --json body -q .body
stub-gh: refused issue view 820 -R o/r --json body -q .body

[review] derive-rescan: live-body refresh failed; scanning pre-derive body: Command failed: gh issue view 820 -R o/r --json body --jq .body
stub-gh: refused issue view 820 -R o/r --json body --jq .body

[task-tracker] projectDir override: AI_TASK_MANAGER_PROJECT_DIR=/Users/kpburson/projects/Vibe-Coding/ai-task-manager/.worktrees/1574-historical-intent/.scratch/test/promote-820-l34IsJ for #820
✔ AC3 — a delegate that never reaches Review does not fall back to a direct move (20.869959ms)
[review] derive-rescan: #315 derive pass failed (non-fatal, rescanning live body): Command failed: gh issue view 820 -R o/r --json body -q .body
stub-gh: refused issue view 820 -R o/r --json body -q .body

[review] derive-rescan: live-body refresh failed; scanning pre-derive body: Command failed: gh issue view 820 -R o/r --json body --jq .body
stub-gh: refused issue view 820 -R o/r --json body --jq .body

[task-tracker] projectDir override: AI_TASK_MANAGER_PROJECT_DIR=/Users/kpburson/projects/Vibe-Coding/ai-task-manager/.worktrees/1574-historical-intent/.scratch/test/promote-820-l34IsJ for #820
✔ AC3 — #881 model: a gate objection after entry leaves the issue in Review (no demote, no direct move) (17.9285ms)
✔ #1458 — Cursor enters Review before validation and leaves an objection resident there (0.706875ms)
[review] derive-rescan: #315 derive pass failed (non-fatal, rescanning live body): Command failed: gh issue view 820 -R o/r --json body -q .body
stub-gh: refused issue view 820 -R o/r --json body -q .body

[review] derive-rescan: live-body refresh failed; scanning pre-derive body: Command failed: gh issue view 820 -R o/r --json body --jq .body
stub-gh: refused issue view 820 -R o/r --json body --jq .body

[task-tracker] projectDir override: AI_TASK_MANAGER_PROJECT_DIR=/Users/kpburson/projects/Vibe-Coding/ai-task-manager/.worktrees/1574-historical-intent/.scratch/test/promote-820-l34IsJ for #820
[task-tracker] projectDir override: AI_TASK_MANAGER_PROJECT_DIR=/Users/kpburson/projects/Vibe-Coding/ai-task-manager/.worktrees/1574-historical-intent/.scratch/test/promote-820-l34IsJ for #821
✔ AC3 — #710 defense: delegate exits 0 but board never reached Review (16.363916ms)
[task-tracker] projectDir override: AI_TASK_MANAGER_PROJECT_DIR=/Users/kpburson/projects/Vibe-Coding/ai-task-manager/.worktrees/1574-historical-intent/.scratch/test/promote-820-l34IsJ for #822
✔ AC6 — develop still delegates to test (12.018334ms)
✔ AC6 — review still delegates to close (when Agent Review genuinely passed) (17.043209ms)
ℹ tests 8
ℹ suites 0
ℹ pass 8
ℹ fail 0
ℹ cancelled 0
ℹ skipped 0
ℹ todo 0
ℹ duration_ms 454.629375
[move-state:warn] #101: transition commit provenance missing: Cannot read properties of undefined (reading 'repo')
✔ the default convergence adapter owns the background profile and preserves the active task (0.781458ms)
✔ a background Done move runs issue/project tail steps without touching the parent session (0.979542ms)
ℹ tests 2
ℹ suites 0
ℹ pass 2
ℹ fail 0
ℹ cancelled 0
ℹ skipped 0
ℹ todo 0
ℹ duration_ms 110.257292
✔ finalizes a completed closed child before selecting the next ranked child (338.175791ms)
✔ leaves a dead-disposition child untouched and continues selection (301.5465ms)
✔ an aberration recovery pauses without promoting another child (0.640333ms)
✔ a failed convergence pauses selection and reports the child (0.287042ms)
✔ a pending durable recovery is converged and pauses before promotion (0.32075ms)
✔ a completed durable recovery is not pending and selection may continue (294.632416ms)
✔ already-Done closed children and open children are not convergence candidates (373.116833ms)
ℹ tests 7
ℹ suites 0
ℹ pass 7
ℹ fail 0
ℹ cancelled 0
ℹ skipped 0
ℹ todo 0
ℹ duration_ms 1421.732792
✔ runPullNext refuses when epic is not in develop (0.750125ms)
✔ pull-next live-state reads use the exact configured-project snapshot (0.094041ms)
✔ runPullNext returns no-children for epic with no sub-issues (0.124042ms)
✔ runPullNext returns no-eligible when no R4P children exist (3.427583ms)
✔ runPullNext promotes lowest-rank R4P child (3.161875ms)
✔ #1260 pulled epic child names the bound epic integration branch (0.248083ms)
✔ #1260 solo-story planning guidance remains current trunk (0.066958ms)
✔ #1260 missing epic branch authority fails closed to generic epic guidance (0.178458ms)
✔ #1260 default epic branch resolver reads the already-bound project directory (0.107292ms)
✔ runPullNext refuses false success when the selected child did not reach Plan (0.202917ms)
✔ runPullNext delegates the selected child through the real promote bind seam (#1114) (17.280875ms)
✔ selected-child promotion reuses its held lock instead of entering the locking verb wrapper (0.172375ms)
✔ direct promote remains fail-closed on a mismatched bind (#1114) (0.251291ms)
✔ runPullNext skips a child whose external native dependency is not Done (1.404666ms)
✔ runPullNext selects a child when its external native dependency is Done (1.391833ms)
✔ runPullNext audits the epic before child selection (#758) (1.55525ms)
✔ runPullNext refuses ambiguous epic audit drift (0.107167ms)
✔ runPullNext refuses every pull when any child descriptor is incomplete (0.07275ms)
✔ runPullNext holds shared parent authority across selection and promotion (1.476458ms)
✔ runPullNext does not audit when the epic is not in develop (#758) (0.074042ms)
✔ runPullNext requires epicNumber and cfg (0.09825ms)
✔ runPullNext surfaces fetch failures (0.099125ms)
ℹ tests 22
ℹ suites 0
ℹ pass 22
ℹ fail 0
ℹ cancelled 0
ℹ skipped 0
ℹ todo 0
ℹ duration_ms 144.074375
✔ reconcile.defaultRunMoveState calls the in-process host with the revert argv/env (no spawn) (0.974459ms)
✔ reconcile.defaultRunMoveState relays the host exit code verbatim (0.162666ms)
✔ reconcile.mjs no longer spawns a move-state child (0.308084ms)
ℹ tests 3
ℹ suites 0
ℹ pass 3
ℹ fail 0
ℹ cancelled 0
ℹ skipped 0
ℹ todo 0
ℹ duration_ms 101.670375
✔ AC1/AC2: a two-state gap (board=develop, marker=review) walks develop→test→review (2.308334ms)
✔ AC1/AC2: a wider gap (board=refine, marker=review) walks every intermediate state (0.307375ms)
✔ AC1: a single forward step (board=develop, marker=test) is unchanged behaviour (0.114584ms)
✔ AC4: recorded BEHIND live (board=review, marker=plan) refuses forward-only, names accept-live (0.086291ms)
✔ AC2: a mid-walk move-state failure stops and reports the walked prefix (0.090959ms)
ℹ tests 5
ℹ suites 0
ℹ pass 5
ℹ fail 0
ℹ cancelled 0
ℹ skipped 0
ℹ todo 0
ℹ duration_ms 95.538291
✔ reconcile accept-live: drifted issue writes new state + reconciled audit marker (3.34225ms)
✔ reconcile accept-live: test → develop invalidates stale demotion proof and reports it (#1037) (1.049209ms)
✔ reconcile accept-live: review → develop invalidates stale demotion proof and reports it (#1037) (0.19ms)
✔ reconcile accept-live preserves execution proof for forward drift (#1037) (0.150292ms)
✔ reconcile accept-live preserves execution proof for unrelated rollback (#1037) (0.113834ms)
✔ reconcile accept-live stamps aitm-entered-<live> when absent (#174) (0.329291ms)
✔ reconcile accept-live is idempotent for entry marker (#174) (0.155792ms)
✔ reconcile accept-live: legacy Assigned status stamps canonical R4P evidence (#436, #1211) (0.231875ms)
✔ reconcile revert-to-recorded: recorded BEHIND live refuses forward-only, names accept-live (#740) (0.0985ms)
✔ reconcile: no drift refused (0.419792ms)
✔ reconcile: missing mode returns error (0.084125ms)
✔ reconcile: unknown mode returns error (0.059667ms)
✔ reconcile revert-to-recorded: no recorded state → error (0.059291ms)
✔ reconcile accept-live: no live state → error (0.065167ms)
✔ reconcile accept-live: preserves forward markers as history + adds visit marker (#181) (0.160208ms)
✔ reconcile revert-to-recorded: does NOT strip future entry markers (0.116917ms)
✔ reconcile revert: transition-failed when move-state exits non-zero (0.055542ms)
ℹ tests 17
ℹ suites 0
ℹ pass 17
ℹ fail 0
ℹ cancelled 0
ℹ skipped 0
ℹ todo 0
ℹ duration_ms 100.454666
✔ a refused Refine completion rolls back the refine-complete marker (5.102292ms)
✔ rationale marker and field-db values survive a rolled-back promote (1.919291ms)
✔ a successful Refine completion leaves the refine-complete marker in place (0.266125ms)
ℹ tests 3
ℹ suites 0
ℹ pass 3
ℹ fail 0
ℹ cancelled 0
ℹ skipped 0
ℹ todo 0
ℹ duration_ms 105.702875
✔ #223: refine refreshes aitm-fields cache with priority/size/estimate/rank (1.888875ms)
✔ #223: refine overrides stale prior values in aitm-fields cache (0.643291ms)
ℹ tests 2
ℹ suites 0
ℹ pass 2
ℹ fail 0
ℹ cancelled 0
ℹ skipped 0
ℹ todo 0
ℹ duration_ms 101.823916
✔ stale backlog body recovers from one fresh read before the first Refine walk (1.410208ms)
✔ historical Assigned alias is not treated as a canonical pre-Refine arc (0.085542ms)
✔ genuine marker absence remains fail-closed after exactly one fresh read (0.099042ms)
✔ fresh-read failure preserves the original refusal (0.147583ms)
✔ non-pre-Refine arcs do not perform the fresh read (0.07ms)
✔ successful contiguity refresh preserves unrelated refusals (0.243833ms)
ℹ tests 6
ℹ suites 0
ℹ pass 6
ℹ fail 0
ℹ cancelled 0
ℹ skipped 0
ℹ todo 0
ℹ duration_ms 67.109208
PASS: refine on Refine-state issue completes to R4P (#1213)
PASS: refine is idempotent on a Refine-state issue (#282)
PASS: refine stamps aitm-refine-complete marker (#282)
PASS: stampRefineCompleteMarker is idempotent
PASS: promote refuses refine→R4P when aitm-refine-complete absent (#282)
PASS: promote refusal message names the producing verb (#282)
PASS: full-auto promote chain still requires explicit marker (#282)

All #282 stage-completion-marker tests passed.
✔ scripts/tests/unit/task-tracker/verbs/refine-stage-completion.test.mjs (106.831167ms)
ℹ tests 1
ℹ suites 0
ℹ pass 1
ℹ fail 0
ℹ cancelled 0
ℹ skipped 0
ℹ todo 0
ℹ duration_ms 111.192333
PASS: parseArgs extracts all flags
PASS: parseArgs accepts #N and trailing-h estimate
PASS: parseArgs rejects unknown flags
PASS: validateArgs rejects each missing/invalid field
PASS: buildRationaleMarker emits canonical shape and round-trips
PASS: buildRationaleMarker four-flag combo lands tokens in slots, reason in rationale
PASS: buildRationaleMarker emits rank as number
PASS: buildRationaleMarker rejects missing/empty reason
PASS: applyRationaleMarker strips existing + prepends new
PASS: runRefine happy path — tether + body marker + promote
PASS: Refine converges off-grid input on the half-hour ceiling
PASS: runRefine surfaces tether failure and skips promote
PASS: runRefine forwards --rank + --labels
PASS: runRefine omits rank/labels when not supplied

All refine verb tests passed.
✔ scripts/tests/unit/task-tracker/verbs/refine-verb.test.mjs (97.5145ms)
ℹ tests 1
ℹ suites 0
ℹ pass 1
ℹ fail 0
ℹ cancelled 0
ℹ skipped 0
ℹ todo 0
ℹ duration_ms 102.148167
✓ #996 rejected — moved back to Develop.
✔ reject.mjs posts an audit row with event slug `rejected:develop`, not bare `develop` (27.688042ms)
✔ a timing log containing a `rejected:develop` row passes timing-log-sequence validation (1.506625ms)
ℹ tests 2
ℹ suites 0
ℹ pass 2
ℹ fail 0
ℹ cancelled 0
ℹ skipped 0
ℹ todo 0
ℹ duration_ms 82.836417
✔ a valid docs-only lane-skip drops exactly the three complete lanes (0.85875ms)
✔ lint-full and format-full are never droppable, even when the record names them (0.081916ms)
✔ a receipt with no laneSkip requires all five classifications (0.615291ms)
✔ an empty changedPaths relaxes nothing — an empty diff is not proven docs-only (0.12325ms)
✔ a code path in changedPaths relaxes nothing (0.141125ms)
✔ a non-docs-only kind relaxes nothing (0.110667ms)
✔ an unrecognized reason relaxes nothing (0.085208ms)
✔ a malformed laneSkip relaxes nothing (0.088083ms)
✔ a partial lanes list drops only the lanes it names (0.095208ms)
✔ an unknown classification in lanes is ignored (0.122625ms)
ℹ tests 10
ℹ suites 0
ℹ pass 10
ℹ fail 0
ℹ cancelled 0
ℹ skipped 0
ℹ todo 0
ℹ duration_ms 54.468208
✔ sandbox-verify-fail: emits a `test:failed` audit slug, never a bare `develop` or `review:failed` (0.886708ms)
✔ sandbox-verify-fail: demotes with `--demote` + `--demote-reason` (canonical demoted:develop entry row) (0.108833ms)
✔ sandbox-verify-fail: the produced audit slug is accepted by V3 timing-log-sequence (bare `develop` is not) (1.454833ms)
ℹ tests 3
ℹ suites 0
ℹ pass 3
ℹ fail 0
ℹ cancelled 0
ℹ skipped 0
ℹ todo 0
ℹ duration_ms 98.416709
✔ Review installs the agent-validation resident action by direct reference (0.767208ms)
✔ fresh Agent Review Passed evidence completes the current Review visit (1.021459ms)
✔ an objection persists failed evidence and returns failed without a board move (1.34925ms)
✔ Review entry is forward while an in-Review retry is actions-only (0.18775ms)
✔ an in-Review retry executes only the Cursor actions-only trigger (0.14ms)
✔ Review classifies resident and boundary Cursor outcomes without swallowing failures (0.1145ms)
✔ resume, switch, and the dispatcher carry the Review resident wake (0.080459ms)
✔ #1488: verbStart delegates to verbResume and does not re-issue the Review wake (0.059ms)
✔ #1488: the wake decision exempts the start verb and no other (0.106875ms)
✔ #1488: resume and rebind still wake Review residents (0.163208ms)
✔ a passing Review probe continues into actions-only resident execution (0.123334ms)
✔ a gate objection performs NO board move — the issue stays in Review (0.222792ms)
✔ the failure timeline is exactly: stamp the marker, then post review:failed (0.085ms)
✔ the review:failed row says the issue stays in Review, not that it reverted (0.078541ms)
✔ the marker stamp is best-effort — a mutate throw does not lose the row (0.133666ms)
✔ the failure path never passes --demote to anything (0.06825ms)
✔ verbReview delegates the authoritative Test → Review move and gate to the Cursor (0.132417ms)
✔ there is exactly ONE authoritative move-to-review call site (0.04775ms)
✔ emitReviewGateFailureTimeline no longer destructures runMoveState (0.083917ms)
✔ the operator is told to fix in place and re-run, not to fix in Develop (0.053ms)
✔ the resident action consumes the Cursor-hydrated body and comments snapshot (0.111042ms)
✔ both gate outcome paths derive their write from the post-move body (0.072333ms)
ℹ tests 22
ℹ suites 0
ℹ pass 22
ℹ fail 0
ℹ cancelled 0
ℹ skipped 0
ℹ todo 0
ℹ duration_ms 110.972875
✔ buildDeferredReviewRow stamps the ts supplied at call time (row branch) (12.425791ms)
✔ buildDeferredReviewRow stamps the ts supplied at call time (flush branch) (0.164875ms)
✔ spec carries no timestamp: same spec yields post-time ts, never an earlier baked ts (0.07825ms)
✔ review row ts is monotonically non-decreasing vs the preceding move-state pair (0.06925ms)
✔ buildDeferredReviewRow returns null for a null spec (0.071875ms)
ℹ tests 5
ℹ suites 0
ℹ pass 5
ℹ fail 0
ℹ cancelled 0
ℹ skipped 0
ℹ todo 0
ℹ duration_ms 110.376625
✔ extractUnverifiedTickLabels: finds a single trailing audit marker (0.526209ms)
✔ extractUnverifiedTickLabels: finds multiple markers and unescapes &quot; (0.07775ms)
✔ extractUnverifiedTickLabels: empty body / no markers yields an empty set (0.474083ms)
✔ the stripped checkbox label used at match time equals the stored marker label (0.34175ms)
ℹ tests 4
ℹ suites 0
ℹ pass 4
ℹ fail 0
ℹ cancelled 0
ℹ skipped 0
ℹ todo 0
ℹ duration_ms 93.631292
✔ AC1: strips AITM_ISSUE_LOCK_HELD from the inherited env (0.442958ms)
✔ AC1: every var in SANDBOX_STRIPPED_ENV_VARS is removed (0.088625ms)
✔ AC1: overrides are applied after the scrub and win (0.061833ms)
✔ AC1: does not mutate the input env object (0.068208ms)
ℹ tests 4
ℹ suites 0
ℹ pass 4
ℹ fail 0
ℹ cancelled 0
ℹ skipped 0
ℹ todo 0
ℹ duration_ms 77.316375
✔ builds one deterministic child proposal per numbered task (1.910833ms)
✔ bounds Scope and provenance to the exact source task section (0.208417ms)
✔ records a root source as both parent and nested epic (0.144916ms)
✔ refuses duplicate numbers, empty titles, and missing verifiers (0.075083ms)
✔ writes canonical deterministic fragments for sanctioned creation (4.908959ms)
✔ sanctioned dry-run body preserves exact task verifiers behind AC citations (194.072584ms)
✔ dry-run preflights every child and performs no live create (4.168834ms)
✔ reads proposal text from the pinned HEAD commit rather than the working tree (3.780709ms)
✔ default plan reader ignores uncommitted working-tree plan changes (68.252208ms)
✔ human dry-run output exposes complete proposals and future creator argv (2.418417ms)
✔ hidden and placeholder Governing-spec metadata fall back to the sanctioned default (4.27375ms)
✔ rejects a missing --plan value instead of consuming the next option (0.366292ms)
✔ confirm validates all drafts before the first live creation (3.184625ms)
✔ confirm performs no live creation when any draft preflight fails (3.3725ms)
✔ refuses unresolved parent provenance before any creator call (0.355875ms)
✔ refuses malformed resolved parent provenance (0.260542ms)
✔ confirm stops on partial live failure and retains created issue numbers (2.442542ms)
ℹ tests 17
ℹ suites 0
ℹ pass 17
ℹ fail 0
ℹ cancelled 0
ℹ skipped 0
ℹ todo 0
ℹ duration_ms 365.038
✔ direct test and generic promotion converge on the same Develop-to-Test request (0.693208ms)
✔ rebind and resume wake Test in place through actions-only (0.090542ms)
✔ task binding dispatches Test residents through verbTest (0.352292ms)
ℹ tests 3
ℹ suites 0
ℹ pass 3
ℹ fail 0
ℹ cancelled 0
ℹ skipped 0
ℹ todo 0
ℹ duration_ms 52.563584
✔ supersede.defaultRunMoveState calls the in-process host with the supersede argv/env (no spawn) (0.893666ms)
✔ supersede.defaultRunMoveState relays the host exit code verbatim (0.141334ms)
✔ supersede.mjs no longer spawns a move-state child (0.269ms)
ℹ tests 3
ℹ suites 0
ℹ pass 3
ℹ fail 0
ℹ cancelled 0
ℹ skipped 0
ℹ todo 0
ℹ duration_ms 99.266709
✔ parseArgs: positional dead + --by (0.792708ms)
✔ parseArgs: dead falls back to active bind (0.07875ms)
✔ parseArgs: missing --by reported via byProvided (0.069333ms)
✔ happy path: stamps marker, moves done, comments both, closes not-planned (0.59725ms)
✔ successful supersede releases the terminal binding before reporting success (0.116541ms)
✔ superseder-missing: refuses before any write (0.083375ms)
✔ transition-failed: marker written, no comments/close on nonzero move exit (0.139791ms)
✔ self-supersede throws (0.238791ms)
✔ missing byIssue throws (0.079125ms)
✔ missing deadIssue throws (0.114584ms)
ℹ tests 10
ℹ suites 0
ℹ pass 10
ℹ fail 0
ℹ cancelled 0
ℹ skipped 0
ℹ todo 0
ℹ duration_ms 99.036417
✔ runVerbTest: an allowlist-rejected VC alongside a passing VC yields status "passed", not "failed" (13.492208ms)
✔ runVerbTest: an allowlist-rejected VC alone (no other commands) yields status "passed" (0.978709ms)
✔ runVerbTest: a genuine nonzero-exit failure alongside a rejected VC still yields status "failed" (0.603ms)
✔ runVerbTest: a metacharacter/injection-vector rejection is NOT excluded from the gate — status stays "failed" (0.388458ms)
ℹ tests 4
ℹ suites 0
ℹ pass 4
ℹ fail 0
ℹ cancelled 0
ℹ skipped 0
ℹ todo 0
ℹ duration_ms 91.799208
✔ Test owns the resumable PR and exact-head quick-CI action (0.627ms)
✔ Test verification fails closed when both receipt and HEAD are absent (0.1875ms)
✔ Test action keeps infrastructure waiting and classifies source failure for demotion (0.131625ms)
ℹ tests 3
ℹ suites 0
ℹ pass 3
ℹ fail 0
ℹ cancelled 0
ℹ skipped 0
ℹ todo 0
ℹ duration_ms 68.627
✔ a docs-only kind with a provably docs-only diff skips the complete lanes (15.658166ms)
✔ a code kind runs every lane even when its diff is all documentation (1.9865ms)
✔ a docs-only kind whose diff touches code still runs every lane (1.58375ms)
✔ an unresolvable (empty) diff is default-deny: the lanes run (1.085583ms)
✔ skipping lanes while a legacy aggregate is declared refuses the transition (0.761209ms)
✔ a declared aggregate is still derived normally when the lanes DO run (1.967083ms)
✔ the receipt records the skip and fabricates no lane pass entries (1.054542ms)
✔ a receipt from a run that DID execute the lanes carries no skip record (1.534334ms)
✔ the green summary comment names the skipped lanes (1.047625ms)
ℹ tests 9
ℹ suites 0
ℹ pass 9
ℹ fail 0
ℹ cancelled 0
ℹ skipped 0
ℹ todo 0
ℹ duration_ms 106.842708
✔ #952: pre-#864 body — sandbox never sees npm run test:all, both lanes run (15.579833ms)
✔ #1557: Test entry repairs an unchecked provenance-only declaration before moving (1.850875ms)
✔ #952: already-migrated body — idempotent, no extra migration write (0.938917ms)
ℹ tests 3
ℹ suites 0
ℹ pass 3
ℹ fail 0
ℹ cancelled 0
ℹ skipped 0
ℹ todo 0
ℹ duration_ms 96.790667
✔ AC1: two auto-token calls with identical inputs yield different paths (0.566208ms)
✔ AC2: explicit token is deterministic; distinct tokens never alias (0.119041ms)
✔ AC3 regression: run B reclaim target never names run A live worktree (0.105917ms)
ℹ tests 3
ℹ suites 0
ℹ pass 3
ℹ fail 0
ℹ cancelled 0
ℹ skipped 0
ℹ todo 0
ℹ duration_ms 78.402083
✔ unassign removes the local singleton only before Develop and preserves Status (1.277333ms)
✔ unassign refuses Develop Test and Review without mutating ownership or Status (0.151416ms)
✔ unassign refuses foreign multiple and absent ownership without mutation (0.178875ms)
✔ unassign treats a thrown removal with empty read-back as ambiguous, not success (0.187042ms)
✔ unassign fails closed when Status changes around the ownership mutation (0.129125ms)
✔ unassign never mutates when the durable audit reservation fails (0.25725ms)
✔ unassign retries a pending completion audit without repeating ownership mutation (0.315917ms)
✔ unassign repairs only the newest unmatched transaction id (0.212084ms)
ℹ tests 8
ℹ suites 0
ℹ pass 8
ℹ fail 0
ℹ cancelled 0
ℹ skipped 0
ℹ todo 0
ℹ duration_ms 59.657416
PASS: help text distinguishes /task discover (backlog gen) from /task plan (Sprint-Planning)
✔ scripts/tests/unit/task-tracker/verbs/verb-discover-help.test.mjs (50.58625ms)
ℹ tests 1
ℹ suites 0
ℹ pass 1
ℹ fail 0
ℹ cancelled 0
ℹ skipped 0
ℹ todo 0
ℹ duration_ms 55.215125
PASS: runPlan(ready-for-plan) promotes R4P→Plan via verbPromote
PASS: runPlan refuses any non-R4P current state and never delegates to promote
PASS: runPlan validates args
PASS: discover.mjs no longer exports verbPlan
✔ scripts/tests/unit/task-tracker/verbs/verb-plan-promote.test.mjs (94.435333ms)
ℹ tests 1
ℹ suites 0
ℹ pass 1
ℹ fail 0
ℹ cancelled 0
ℹ skipped 0
ℹ todo 0
ℹ duration_ms 98.572375
✔ defaultExecInSandbox: binds AI_TASK_MANAGER_PROJECT_DIR to the sandbox path (32.81475ms)
✔ defaultExecInSandbox: child inherits parent env alongside AI_TASK_MANAGER_PROJECT_DIR (31.6985ms)
✔ defaultExecInSandbox: binds the governed Test issue for bare issue-aware verifiers (31.56675ms)
ℹ tests 3
ℹ suites 0
ℹ pass 3
ℹ fail 0
ℹ cancelled 0
ℹ skipped 0
ℹ todo 0
ℹ duration_ms 174.62075
scripts/task-tracker/verbs/deliver.mjs -> scripts/tests/integration/task-tracker/lib/evidence-v2/close-flow.test.mjs [import-transitive] test transitively imports changed path
scripts/task-tracker/verbs/deliver.mjs -> scripts/tests/integration/task-tracker/lib/evidence-v2/delivery-flow.test.mjs [import-direct] test statically imports changed path
scripts/task-tracker/verbs/deliver.mjs -> scripts/tests/integration/task-tracker/lib/runtime-capabilities.test.mjs [import-transitive] test transitively imports changed path
scripts/task-tracker/verbs/deliver.mjs -> scripts/tests/integration/task-tracker/verbs/deliver-close.integration.test.mjs [import-transitive] test transitively imports changed path
scripts/task-tracker/verbs/deliver.mjs -> scripts/tests/integration/task-tracker/verbs/github-record-approval-close-gates.test.mjs [import-direct] test statically imports changed path
scripts/task-tracker/verbs/deliver.mjs -> scripts/tests/slow/task-tracker/verbs/close-lifecycle-tick.test.mjs [import-transitive] test transitively imports changed path
scripts/task-tracker/verbs/deliver.mjs -> scripts/tests/slow/task-tracker/verbs/coverage-close.test.mjs [import-transitive] test transitively imports changed path
scripts/task-tracker/verbs/deliver.mjs -> scripts/tests/unit/task-tracker/characterization/orchestrators.test.mjs [import-transitive] test transitively imports changed path
scripts/task-tracker/verbs/deliver.mjs -> scripts/tests/unit/task-tracker/core/close-emission-order.test.mjs [import-transitive] test transitively imports changed path
scripts/task-tracker/verbs/deliver.mjs -> scripts/tests/unit/task-tracker/core/docs-only-lane-skip-completeness.test.mjs [import-transitive] test transitively imports changed path
scripts/task-tracker/verbs/deliver.mjs -> scripts/tests/unit/task-tracker/lib/close-cross-close.test.mjs [import-transitive] test transitively imports changed path
scripts/task-tracker/verbs/deliver.mjs -> scripts/tests/unit/task-tracker/lib/close-repair.test.mjs [import-transitive] test transitively imports changed path
scripts/task-tracker/verbs/deliver.mjs -> scripts/tests/unit/task-tracker/lib/epic-r4p-orchestration.test.mjs [import-transitive] test transitively imports changed path
scripts/task-tracker/verbs/deliver.mjs -> scripts/tests/unit/task-tracker/lib/manual-code-review-delivery.test.mjs [import-transitive] test transitively imports changed path
scripts/task-tracker/verbs/deliver.mjs -> scripts/tests/unit/task-tracker/verbs/ac-stamp.test.mjs [manifest] CLI subprocess coverage is not completely visible through static imports
scripts/task-tracker/verbs/deliver.mjs -> scripts/tests/unit/task-tracker/verbs/action-ledger.test.mjs [manifest] CLI subprocess coverage is not completely visible through static imports
scripts/task-tracker/verbs/deliver.mjs -> scripts/tests/unit/task-tracker/verbs/approve-core.test.mjs [manifest] CLI subprocess coverage is not completely visible through static imports
scripts/task-tracker/verbs/deliver.mjs -> scripts/tests/unit/task-tracker/verbs/approve-full-auto-detect.test.mjs [manifest] CLI subprocess coverage is not completely visible through static imports
scripts/task-tracker/verbs/deliver.mjs -> scripts/tests/unit/task-tracker/verbs/approve-review-notes.test.mjs [manifest] CLI subprocess coverage is not completely visible through static imports
scripts/task-tracker/verbs/deliver.mjs -> scripts/tests/unit/task-tracker/verbs/approve-timing-boundary.test.mjs [manifest] CLI subprocess coverage is not completely visible through static imports
scripts/task-tracker/verbs/deliver.mjs -> scripts/tests/unit/task-tracker/verbs/assign.test.mjs [manifest] CLI subprocess coverage is not completely visible through static imports
scripts/task-tracker/verbs/deliver.mjs -> scripts/tests/unit/task-tracker/verbs/block-verb.test.mjs [manifest] CLI subprocess coverage is not completely visible through static imports
scripts/task-tracker/verbs/deliver.mjs -> scripts/tests/unit/task-tracker/verbs/board-and-project-guard.test.mjs [manifest] CLI subprocess coverage is not completely visible through static imports
scripts/task-tracker/verbs/deliver.mjs -> scripts/tests/unit/task-tracker/verbs/check-verb-migration.test.mjs [manifest] CLI subprocess coverage is not completely visible through static imports
scripts/task-tracker/verbs/deliver.mjs -> scripts/tests/unit/task-tracker/verbs/check.test.mjs [manifest] CLI subprocess coverage is not completely visible through static imports
scripts/task-tracker/verbs/deliver.mjs -> scripts/tests/unit/task-tracker/verbs/close-binding-cleanup.test.mjs [import-transitive] test transitively imports changed path
scripts/task-tracker/verbs/deliver.mjs -> scripts/tests/unit/task-tracker/verbs/close-binding-cleanup.test.mjs [manifest] CLI subprocess coverage is not completely visible through static imports
scripts/task-tracker/verbs/deliver.mjs -> scripts/tests/unit/task-tracker/verbs/close-converge-audit-emission.test.mjs [import-transitive] test transitively imports changed path
scripts/task-tracker/verbs/deliver.mjs -> scripts/tests/unit/task-tracker/verbs/close-converge-audit-emission.test.mjs [manifest] CLI subprocess coverage is not completely visible through static imports
scripts/task-tracker/verbs/deliver.mjs -> scripts/tests/unit/task-tracker/verbs/close-convergence-wiring-finalize.test.mjs [import-transitive] test transitively imports changed path
scripts/task-tracker/verbs/deliver.mjs -> scripts/tests/unit/task-tracker/verbs/close-convergence-wiring-finalize.test.mjs [manifest] CLI subprocess coverage is not completely visible through static imports
scripts/task-tracker/verbs/deliver.mjs -> scripts/tests/unit/task-tracker/verbs/close-convergence-wiring.test.mjs [import-transitive] test transitively imports changed path
scripts/task-tracker/verbs/deliver.mjs -> scripts/tests/unit/task-tracker/verbs/close-convergence-wiring.test.mjs [manifest] CLI subprocess coverage is not completely visible through static imports
scripts/task-tracker/verbs/deliver.mjs -> scripts/tests/unit/task-tracker/verbs/close-delivered-idempotence.test.mjs [import-transitive] test transitively imports changed path
scripts/task-tracker/verbs/deliver.mjs -> scripts/tests/unit/task-tracker/verbs/close-delivered-idempotence.test.mjs [manifest] CLI subprocess coverage is not completely visible through static imports
scripts/task-tracker/verbs/deliver.mjs -> scripts/tests/unit/task-tracker/verbs/close-delivery-gate-input.test.mjs [import-transitive] test transitively imports changed path
scripts/task-tracker/verbs/deliver.mjs -> scripts/tests/unit/task-tracker/verbs/close-delivery-gate-input.test.mjs [manifest] CLI subprocess coverage is not completely visible through static imports
scripts/task-tracker/verbs/deliver.mjs -> scripts/tests/unit/task-tracker/verbs/close-delivery-gate-refusal.test.mjs [import-transitive] test transitively imports changed path
scripts/task-tracker/verbs/deliver.mjs -> scripts/tests/unit/task-tracker/verbs/close-delivery-gate-refusal.test.mjs [manifest] CLI subprocess coverage is not completely visible through static imports
scripts/task-tracker/verbs/deliver.mjs -> scripts/tests/unit/task-tracker/verbs/close-delivery-receipt.test.mjs [manifest] CLI subprocess coverage is not completely visible through static imports
scripts/task-tracker/verbs/deliver.mjs -> scripts/tests/unit/task-tracker/verbs/close-incorporated.test.mjs [import-transitive] test transitively imports changed path
scripts/task-tracker/verbs/deliver.mjs -> scripts/tests/unit/task-tracker/verbs/close-incorporated.test.mjs [manifest] CLI subprocess coverage is not completely visible through static imports
scripts/task-tracker/verbs/deliver.mjs -> scripts/tests/unit/task-tracker/verbs/close-lifecycle-tick-retry.test.mjs [import-transitive] test transitively imports changed path
scripts/task-tracker/verbs/deliver.mjs -> scripts/tests/unit/task-tracker/verbs/close-lifecycle-tick-retry.test.mjs [manifest] CLI subprocess coverage is not completely visible through static imports
scripts/task-tracker/verbs/deliver.mjs -> scripts/tests/unit/task-tracker/verbs/close-no-commit-delivery.test.mjs [import-transitive] test transitively imports changed path
scripts/task-tracker/verbs/deliver.mjs -> scripts/tests/unit/task-tracker/verbs/close-no-commit-delivery.test.mjs [manifest] CLI subprocess coverage is not completely visible through static imports
scripts/task-tracker/verbs/deliver.mjs -> scripts/tests/unit/task-tracker/verbs/close-occupancy-cleanup.test.mjs [import-transitive] test transitively imports changed path
scripts/task-tracker/verbs/deliver.mjs -> scripts/tests/unit/task-tracker/verbs/close-occupancy-cleanup.test.mjs [manifest] CLI subprocess coverage is not completely visible through static imports
scripts/task-tracker/verbs/deliver.mjs -> scripts/tests/unit/task-tracker/verbs/close-pexec-offline.test.mjs [import-transitive] test transitively imports changed path
scripts/task-tracker/verbs/deliver.mjs -> scripts/tests/unit/task-tracker/verbs/close-pexec-offline.test.mjs [manifest] CLI subprocess coverage is not completely visible through static imports
scripts/task-tracker/verbs/deliver.mjs -> scripts/tests/unit/task-tracker/verbs/close-reconcile-lifecycle.test.mjs [import-transitive] test transitively imports changed path
scripts/task-tracker/verbs/deliver.mjs -> scripts/tests/unit/task-tracker/verbs/close-reconcile-lifecycle.test.mjs [manifest] CLI subprocess coverage is not completely visible through static imports
scripts/task-tracker/verbs/deliver.mjs -> scripts/tests/unit/task-tracker/verbs/close-recovery-backed-stale-wiring.test.mjs [import-transitive] test transitively imports changed path
scripts/task-tracker/verbs/deliver.mjs -> scripts/tests/unit/task-tracker/verbs/close-recovery-backed-stale-wiring.test.mjs [manifest] CLI subprocess coverage is not completely visible through static imports
scripts/task-tracker/verbs/deliver.mjs -> scripts/tests/unit/task-tracker/verbs/close-reopened-recovery-wiring.test.mjs [import-transitive] test transitively imports changed path
scripts/task-tracker/verbs/deliver.mjs -> scripts/tests/unit/task-tracker/verbs/close-reopened-recovery-wiring.test.mjs [manifest] CLI subprocess coverage is not completely visible through static imports
scripts/task-tracker/verbs/deliver.mjs -> scripts/tests/unit/task-tracker/verbs/close-review-authority-wiring.test.mjs [import-transitive] test transitively imports changed path
scripts/task-tracker/verbs/deliver.mjs -> scripts/tests/unit/task-tracker/verbs/close-review-authority-wiring.test.mjs [manifest] CLI subprocess coverage is not completely visible through static imports
scripts/task-tracker/verbs/deliver.mjs -> scripts/tests/unit/task-tracker/verbs/close-strip-labels.test.mjs [import-transitive] test transitively imports changed path
scripts/task-tracker/verbs/deliver.mjs -> scripts/tests/unit/task-tracker/verbs/close-strip-labels.test.mjs [manifest] CLI subprocess coverage is not completely visible through static imports
scripts/task-tracker/verbs/deliver.mjs -> scripts/tests/unit/task-tracker/verbs/comment.test.mjs [manifest] CLI subprocess coverage is not completely visible through static imports
scripts/task-tracker/verbs/deliver.mjs -> scripts/tests/unit/task-tracker/verbs/commit-trace-verb.test.mjs [manifest] CLI subprocess coverage is not completely visible through static imports
scripts/task-tracker/verbs/deliver.mjs -> scripts/tests/unit/task-tracker/verbs/coverage-ac-stamp.test.mjs [manifest] CLI subprocess coverage is not completely visible through static imports
scripts/task-tracker/verbs/deliver.mjs -> scripts/tests/unit/task-tracker/verbs/coverage-auto.test.mjs [manifest] CLI subprocess coverage is not completely visible through static imports
scripts/task-tracker/verbs/deliver.mjs -> scripts/tests/unit/task-tracker/verbs/coverage-check-verb.test.mjs [manifest] CLI subprocess coverage is not completely visible through static imports
scripts/task-tracker/verbs/deliver.mjs -> scripts/tests/unit/task-tracker/verbs/coverage-check.test.mjs [manifest] CLI subprocess coverage is not completely visible through static imports
scripts/task-tracker/verbs/deliver.mjs -> scripts/tests/unit/task-tracker/verbs/coverage-commit-trace.test.mjs [manifest] CLI subprocess coverage is not completely visible through static imports
scripts/task-tracker/verbs/deliver.mjs -> scripts/tests/unit/task-tracker/verbs/coverage-config.test.mjs [manifest] CLI subprocess coverage is not completely visible through static imports
scripts/task-tracker/verbs/deliver.mjs -> scripts/tests/unit/task-tracker/verbs/coverage-dod-stamp.test.mjs [manifest] CLI subprocess coverage is not completely visible through static imports
scripts/task-tracker/verbs/deliver.mjs -> scripts/tests/unit/task-tracker/verbs/coverage-evidence-markers.test.mjs [manifest] CLI subprocess coverage is not completely visible through static imports
scripts/task-tracker/verbs/deliver.mjs -> scripts/tests/unit/task-tracker/verbs/coverage-fleet.test.mjs [manifest] CLI subprocess coverage is not completely visible through static imports
scripts/task-tracker/verbs/deliver.mjs -> scripts/tests/unit/task-tracker/verbs/coverage-kind.test.mjs [manifest] CLI subprocess coverage is not completely visible through static imports
scripts/task-tracker/verbs/deliver.mjs -> scripts/tests/unit/task-tracker/verbs/coverage-mirror-deep-dive.test.mjs [manifest] CLI subprocess coverage is not completely visible through static imports
scripts/task-tracker/verbs/deliver.mjs -> scripts/tests/unit/task-tracker/verbs/coverage-plan-approve.test.mjs [manifest] CLI subprocess coverage is not completely visible through static imports
scripts/task-tracker/verbs/deliver.mjs -> scripts/tests/unit/task-tracker/verbs/coverage-promote.test.mjs [manifest] CLI subprocess coverage is not completely visible through static imports
scripts/task-tracker/verbs/deliver.mjs -> scripts/tests/unit/task-tracker/verbs/coverage-update.test.mjs [manifest] CLI subprocess coverage is not completely visible through static imports
scripts/task-tracker/verbs/deliver.mjs -> scripts/tests/unit/task-tracker/verbs/deliver-default-deps.test.mjs [import-direct] test statically imports changed path
scripts/task-tracker/verbs/deliver.mjs -> scripts/tests/unit/task-tracker/verbs/deliver-default-deps.test.mjs [manifest] CLI subprocess coverage is not completely visible through static imports
scripts/task-tracker/verbs/deliver.mjs -> scripts/tests/unit/task-tracker/verbs/deliver-default-squash-recovery.test.mjs [import-transitive] test transitively imports changed path
scripts/task-tracker/verbs/deliver.mjs -> scripts/tests/unit/task-tracker/verbs/deliver-default-squash-recovery.test.mjs [manifest] CLI subprocess coverage is not completely visible through static imports
scripts/task-tracker/verbs/deliver.mjs -> scripts/tests/unit/task-tracker/verbs/deliver-lineage-adapter.test.mjs [import-direct] test statically imports changed path
scripts/task-tracker/verbs/deliver.mjs -> scripts/tests/unit/task-tracker/verbs/deliver-lineage-adapter.test.mjs [manifest] CLI subprocess coverage is not completely visible through static imports
scripts/task-tracker/verbs/deliver.mjs -> scripts/tests/unit/task-tracker/verbs/deliver-merged-source-attribution.test.mjs [import-direct] test statically imports changed path
scripts/task-tracker/verbs/deliver.mjs -> scripts/tests/unit/task-tracker/verbs/deliver-merged-source-attribution.test.mjs [manifest] CLI subprocess coverage is not completely visible through static imports
scripts/task-tracker/verbs/deliver.mjs -> scripts/tests/unit/task-tracker/verbs/deliver-multiple-pr-records.test.mjs [import-direct] test statically imports changed path
scripts/task-tracker/verbs/deliver.mjs -> scripts/tests/unit/task-tracker/verbs/deliver-multiple-pr-records.test.mjs [manifest] CLI subprocess coverage is not completely visible through static imports
scripts/task-tracker/verbs/deliver.mjs -> scripts/tests/unit/task-tracker/verbs/deliver-no-commit.test.mjs [import-direct] test statically imports changed path
scripts/task-tracker/verbs/deliver.mjs -> scripts/tests/unit/task-tracker/verbs/deliver-no-commit.test.mjs [manifest] CLI subprocess coverage is not completely visible through static imports
scripts/task-tracker/verbs/deliver.mjs -> scripts/tests/unit/task-tracker/verbs/deliver-pr-selection.test.mjs [import-direct] test statically imports changed path
scripts/task-tracker/verbs/deliver.mjs -> scripts/tests/unit/task-tracker/verbs/deliver-pr-selection.test.mjs [manifest] CLI subprocess coverage is not completely visible through static imports
scripts/task-tracker/verbs/deliver.mjs -> scripts/tests/unit/task-tracker/verbs/deliver-reconcile-args.test.mjs [import-direct] test statically imports changed path
scripts/task-tracker/verbs/deliver.mjs -> scripts/tests/unit/task-tracker/verbs/deliver-reconcile-args.test.mjs [manifest] CLI subprocess coverage is not completely visible through static imports
scripts/task-tracker/verbs/deliver.mjs -> scripts/tests/unit/task-tracker/verbs/deliver-single-source-squash.test.mjs [import-transitive] test transitively imports changed path
scripts/task-tracker/verbs/deliver.mjs -> scripts/tests/unit/task-tracker/verbs/deliver-single-source-squash.test.mjs [manifest] CLI subprocess coverage is not completely visible through static imports
scripts/task-tracker/verbs/deliver.mjs -> scripts/tests/unit/task-tracker/verbs/deliver-source-inventory.test.mjs [import-transitive] test transitively imports changed path
scripts/task-tracker/verbs/deliver.mjs -> scripts/tests/unit/task-tracker/verbs/deliver-source-inventory.test.mjs [manifest] CLI subprocess coverage is not completely visible through static imports
scripts/task-tracker/verbs/deliver.mjs -> scripts/tests/unit/task-tracker/verbs/deliver.test.mjs [basename] conventional basename compatibility mapping
scripts/task-tracker/verbs/deliver.mjs -> scripts/tests/unit/task-tracker/verbs/deliver.test.mjs [import-direct] test statically imports changed path
scripts/task-tracker/verbs/deliver.mjs -> scripts/tests/unit/task-tracker/verbs/deliver.test.mjs [manifest] CLI subprocess coverage is not completely visible through static imports
scripts/task-tracker/verbs/deliver.mjs -> scripts/tests/unit/task-tracker/verbs/demote-inprocess.test.mjs [manifest] CLI subprocess coverage is not completely visible through static imports
scripts/task-tracker/verbs/deliver.mjs -> scripts/tests/unit/task-tracker/verbs/demote-verb.test.mjs [manifest] CLI subprocess coverage is not completely visible through static imports
scripts/task-tracker/verbs/deliver.mjs -> scripts/tests/unit/task-tracker/verbs/demote.test.mjs [manifest] CLI subprocess coverage is not completely visible through static imports
scripts/task-tracker/verbs/deliver.mjs -> scripts/tests/unit/task-tracker/verbs/develop-state-action.test.mjs [manifest] CLI subprocess coverage is not completely visible through static imports
scripts/task-tracker/verbs/deliver.mjs -> scripts/tests/unit/task-tracker/verbs/dod-stamp-state-gate.test.mjs [manifest] CLI subprocess coverage is not completely visible through static imports
scripts/task-tracker/verbs/deliver.mjs -> scripts/tests/unit/task-tracker/verbs/ensure-checked.test.mjs [manifest] CLI subprocess coverage is not completely visible through static imports
scripts/task-tracker/verbs/deliver.mjs -> scripts/tests/unit/task-tracker/verbs/ensure-unchecked.test.mjs [manifest] CLI subprocess coverage is not completely visible through static imports
scripts/task-tracker/verbs/deliver.mjs -> scripts/tests/unit/task-tracker/verbs/epic-reconcile.test.mjs [manifest] CLI subprocess coverage is not completely visible through static imports
scripts/task-tracker/verbs/deliver.mjs -> scripts/tests/unit/task-tracker/verbs/fleet-closed-bindings.test.mjs [manifest] CLI subprocess coverage is not completely visible through static imports
scripts/task-tracker/verbs/deliver.mjs -> scripts/tests/unit/task-tracker/verbs/functional-dod-gate.test.mjs [manifest] CLI subprocess coverage is not completely visible through static imports
scripts/task-tracker/verbs/deliver.mjs -> scripts/tests/unit/task-tracker/verbs/help.test.mjs [manifest] CLI subprocess coverage is not completely visible through static imports
scripts/task-tracker/verbs/deliver.mjs -> scripts/tests/unit/task-tracker/verbs/incident-ledger.test.mjs [manifest] CLI subprocess coverage is not completely visible through static imports
scripts/task-tracker/verbs/deliver.mjs -> scripts/tests/unit/task-tracker/verbs/inflate-estimate.test.mjs [manifest] CLI subprocess coverage is not completely visible through static imports
scripts/task-tracker/verbs/deliver.mjs -> scripts/tests/unit/task-tracker/verbs/issue-body.test.mjs [manifest] CLI subprocess coverage is not completely visible through static imports
scripts/task-tracker/verbs/deliver.mjs -> scripts/tests/unit/task-tracker/verbs/migrate-dependencies.test.mjs [manifest] CLI subprocess coverage is not completely visible through static imports
scripts/task-tracker/verbs/deliver.mjs -> scripts/tests/unit/task-tracker/verbs/move-inprocess-parity.test.mjs [manifest] CLI subprocess coverage is not completely visible through static imports
scripts/task-tracker/verbs/deliver.mjs -> scripts/tests/unit/task-tracker/verbs/new-help-probe-guard.test.mjs [manifest] CLI subprocess coverage is not completely visible through static imports
scripts/task-tracker/verbs/deliver.mjs -> scripts/tests/unit/task-tracker/verbs/new-routes-create-issue.test.mjs [manifest] CLI subprocess coverage is not completely visible through static imports
scripts/task-tracker/verbs/deliver.mjs -> scripts/tests/unit/task-tracker/verbs/new.test.mjs [manifest] CLI subprocess coverage is not completely visible through static imports
scripts/task-tracker/verbs/deliver.mjs -> scripts/tests/unit/task-tracker/verbs/next-alias.test.mjs [manifest] CLI subprocess coverage is not completely visible through static imports
scripts/task-tracker/verbs/deliver.mjs -> scripts/tests/unit/task-tracker/verbs/park.test.mjs [manifest] CLI subprocess coverage is not completely visible through static imports
scripts/task-tracker/verbs/deliver.mjs -> scripts/tests/unit/task-tracker/verbs/plan-approve-collapse.test.mjs [manifest] CLI subprocess coverage is not completely visible through static imports
scripts/task-tracker/verbs/deliver.mjs -> scripts/tests/unit/task-tracker/verbs/plan-approve.test.mjs [manifest] CLI subprocess coverage is not completely visible through static imports
scripts/task-tracker/verbs/deliver.mjs -> scripts/tests/unit/task-tracker/verbs/plan-estimate.test.mjs [manifest] CLI subprocess coverage is not completely visible through static imports
scripts/task-tracker/verbs/deliver.mjs -> scripts/tests/unit/task-tracker/verbs/promote-discuss-refusal.test.mjs [manifest] CLI subprocess coverage is not completely visible through static imports
scripts/task-tracker/verbs/deliver.mjs -> scripts/tests/unit/task-tracker/verbs/promote-inprocess.test.mjs [manifest] CLI subprocess coverage is not completely visible through static imports
scripts/task-tracker/verbs/deliver.mjs -> scripts/tests/unit/task-tracker/verbs/promote-review-close-agent-review-gate.test.mjs [manifest] CLI subprocess coverage is not completely visible through static imports
scripts/task-tracker/verbs/deliver.mjs -> scripts/tests/unit/task-tracker/verbs/promote-spawn-timeout.test.mjs [manifest] CLI subprocess coverage is not completely visible through static imports
scripts/task-tracker/verbs/deliver.mjs -> scripts/tests/unit/task-tracker/verbs/promote-test-delegation.test.mjs [manifest] CLI subprocess coverage is not completely visible through static imports
scripts/task-tracker/verbs/deliver.mjs -> scripts/tests/unit/task-tracker/verbs/promote-test-review-alias.test.mjs [manifest] CLI subprocess coverage is not completely visible through static imports
scripts/task-tracker/verbs/deliver.mjs -> scripts/tests/unit/task-tracker/verbs/promote-test-to-review-gate.test.mjs [manifest] CLI subprocess coverage is not completely visible through static imports
scripts/task-tracker/verbs/deliver.mjs -> scripts/tests/unit/task-tracker/verbs/pull-next-background-profile.test.mjs [import-transitive] test transitively imports changed path
scripts/task-tracker/verbs/deliver.mjs -> scripts/tests/unit/task-tracker/verbs/pull-next-background-profile.test.mjs [manifest] CLI subprocess coverage is not completely visible through static imports
scripts/task-tracker/verbs/deliver.mjs -> scripts/tests/unit/task-tracker/verbs/pull-next-close-convergence.test.mjs [import-transitive] test transitively imports changed path
scripts/task-tracker/verbs/deliver.mjs -> scripts/tests/unit/task-tracker/verbs/pull-next-close-convergence.test.mjs [manifest] CLI subprocess coverage is not completely visible through static imports
scripts/task-tracker/verbs/deliver.mjs -> scripts/tests/unit/task-tracker/verbs/pull-next-verb.test.mjs [import-transitive] test transitively imports changed path
scripts/task-tracker/verbs/deliver.mjs -> scripts/tests/unit/task-tracker/verbs/pull-next-verb.test.mjs [manifest] CLI subprocess coverage is not completely visible through static imports
scripts/task-tracker/verbs/deliver.mjs -> scripts/tests/unit/task-tracker/verbs/reconcile-inprocess.test.mjs [manifest] CLI subprocess coverage is not completely visible through static imports
scripts/task-tracker/verbs/deliver.mjs -> scripts/tests/unit/task-tracker/verbs/reconcile-multistep-walk.test.mjs [manifest] CLI subprocess coverage is not completely visible through static imports
scripts/task-tracker/verbs/deliver.mjs -> scripts/tests/unit/task-tracker/verbs/reconcile-verb.test.mjs [manifest] CLI subprocess coverage is not completely visible through static imports
scripts/task-tracker/verbs/deliver.mjs -> scripts/tests/unit/task-tracker/verbs/refine-atomic-rollback.test.mjs [manifest] CLI subprocess coverage is not completely visible through static imports
scripts/task-tracker/verbs/deliver.mjs -> scripts/tests/unit/task-tracker/verbs/refine-fields-cache-refresh.test.mjs [manifest] CLI subprocess coverage is not completely visible through static imports
scripts/task-tracker/verbs/deliver.mjs -> scripts/tests/unit/task-tracker/verbs/refine-fresh-body-retry.test.mjs [manifest] CLI subprocess coverage is not completely visible through static imports
scripts/task-tracker/verbs/deliver.mjs -> scripts/tests/unit/task-tracker/verbs/refine-stage-completion.test.mjs [manifest] CLI subprocess coverage is not completely visible through static imports
scripts/task-tracker/verbs/deliver.mjs -> scripts/tests/unit/task-tracker/verbs/refine-verb.test.mjs [manifest] CLI subprocess coverage is not completely visible through static imports
scripts/task-tracker/verbs/deliver.mjs -> scripts/tests/unit/task-tracker/verbs/reject.test.mjs [manifest] CLI subprocess coverage is not completely visible through static imports
scripts/task-tracker/verbs/deliver.mjs -> scripts/tests/unit/task-tracker/verbs/review-receipt-lane-skip.test.mjs [manifest] CLI subprocess coverage is not completely visible through static imports
scripts/task-tracker/verbs/deliver.mjs -> scripts/tests/unit/task-tracker/verbs/review-sandbox-demote-slug.test.mjs [manifest] CLI subprocess coverage is not completely visible through static imports
scripts/task-tracker/verbs/deliver.mjs -> scripts/tests/unit/task-tracker/verbs/review-state-action.test.mjs [manifest] CLI subprocess coverage is not completely visible through static imports
scripts/task-tracker/verbs/deliver.mjs -> scripts/tests/unit/task-tracker/verbs/review-timing-monotonic.test.mjs [manifest] CLI subprocess coverage is not completely visible through static imports
scripts/task-tracker/verbs/deliver.mjs -> scripts/tests/unit/task-tracker/verbs/review-unverified-tick-hatch.test.mjs [manifest] CLI subprocess coverage is not completely visible through static imports
scripts/task-tracker/verbs/deliver.mjs -> scripts/tests/unit/task-tracker/verbs/sandbox-env-isolation.test.mjs [manifest] CLI subprocess coverage is not completely visible through static imports
scripts/task-tracker/verbs/deliver.mjs -> scripts/tests/unit/task-tracker/verbs/split-plan.test.mjs [manifest] CLI subprocess coverage is not completely visible through static imports
scripts/task-tracker/verbs/deliver.mjs -> scripts/tests/unit/task-tracker/verbs/state-cursor-promotion-parity.test.mjs [manifest] CLI subprocess coverage is not completely visible through static imports
scripts/task-tracker/verbs/deliver.mjs -> scripts/tests/unit/task-tracker/verbs/supersede-inprocess.test.mjs [manifest] CLI subprocess coverage is not completely visible through static imports
scripts/task-tracker/verbs/deliver.mjs -> scripts/tests/unit/task-tracker/verbs/supersede-verb.test.mjs [manifest] CLI subprocess coverage is not completely visible through static imports
scripts/task-tracker/verbs/deliver.mjs -> scripts/tests/unit/task-tracker/verbs/test-rejected-vc-not-scored-as-failed.test.mjs [manifest] CLI subprocess coverage is not completely visible through static imports
scripts/task-tracker/verbs/deliver.mjs -> scripts/tests/unit/task-tracker/verbs/test-state-action.test.mjs [manifest] CLI subprocess coverage is not completely visible through static imports
scripts/task-tracker/verbs/deliver.mjs -> scripts/tests/unit/task-tracker/verbs/test-verb-kind-aware-lanes.test.mjs [manifest] CLI subprocess coverage is not completely visible through static imports
scripts/task-tracker/verbs/deliver.mjs -> scripts/tests/unit/task-tracker/verbs/test-verb-lane-split-migration.test.mjs [manifest] CLI subprocess coverage is not completely visible through static imports
scripts/task-tracker/verbs/deliver.mjs -> scripts/tests/unit/task-tracker/verbs/test-verb-sandbox-worktree-path.test.mjs [manifest] CLI subprocess coverage is not completely visible through static imports
scripts/task-tracker/verbs/deliver.mjs -> scripts/tests/unit/task-tracker/verbs/unassign.test.mjs [manifest] CLI subprocess coverage is not completely visible through static imports
scripts/task-tracker/verbs/deliver.mjs -> scripts/tests/unit/task-tracker/verbs/verb-discover-help.test.mjs [manifest] CLI subprocess coverage is not completely visible through static imports
scripts/task-tracker/verbs/deliver.mjs -> scripts/tests/unit/task-tracker/verbs/verb-plan-promote.test.mjs [manifest] CLI subprocess coverage is not completely visible through static imports
scripts/task-tracker/verbs/deliver.mjs -> scripts/tests/unit/task-tracker/verbs/verb-test-sandbox-env.test.mjs [manifest] CLI subprocess coverage is not completely visible through static imports
scripts/tests/unit/task-tracker/core/full-auto-close-doctrine.test.mjs -> scripts/tests/integration/meta/test-tree-layout.test.mjs [manifest] current test tree authority change
scripts/tests/unit/task-tracker/core/full-auto-close-doctrine.test.mjs -> scripts/tests/unit/task-tracker/core/full-auto-close-doctrine.test.mjs [changed-test] changed or newly discovered test
scripts/tests/unit/task-tracker/verbs/deliver.test.mjs -> scripts/tests/integration/meta/test-tree-layout.test.mjs [manifest] current test tree authority change
scripts/tests/unit/task-tracker/verbs/deliver.test.mjs -> scripts/tests/unit/task-tracker/verbs/deliver.test.mjs [changed-test] changed or newly discovered test
verify-develop: lint-affected-fix exit=0 duration=466ms
verify-develop: format-affected-fix exit=0 duration=420ms
verify-develop: test-affected exit=0 duration=376ms
verify-develop: test-affected exit=0 duration=558ms
verify-develop: test-affected exit=0 duration=3657ms
verify-develop: test-affected exit=0 duration=199ms
verify-develop: test-affected exit=0 duration=245ms
verify-develop: test-affected exit=0 duration=157ms
verify-develop: test-affected exit=0 duration=130ms
verify-develop: test-affected exit=0 duration=2746ms
verify-develop: test-affected exit=0 duration=590ms
verify-develop: test-affected exit=0 duration=395ms
verify-develop: test-affected exit=0 duration=138ms
verify-develop: test-affected exit=0 duration=375ms
verify-develop: test-affected exit=0 duration=248ms
verify-develop: test-affected exit=0 duration=175ms
verify-develop: test-affected exit=0 duration=162ms
verify-develop: test-affected exit=0 duration=124ms
verify-develop: test-affected exit=0 duration=103ms
verify-develop: test-affected exit=0 duration=93ms
verify-develop: test-affected exit=0 duration=414ms
verify-develop: test-affected exit=0 duration=414ms
verify-develop: test-affected exit=0 duration=114ms
verify-develop: test-affected exit=0 duration=139ms
verify-develop: test-affected exit=0 duration=98ms
verify-develop: test-affected exit=0 duration=94ms
verify-develop: test-affected exit=0 duration=90ms
verify-develop: test-affected exit=0 duration=428ms
verify-develop: test-affected exit=0 duration=103ms
verify-develop: test-affected exit=0 duration=139ms
verify-develop: test-affected exit=0 duration=312ms
verify-develop: test-affected exit=0 duration=198ms
verify-develop: test-affected exit=0 duration=397ms
verify-develop: test-affected exit=0 duration=284ms
verify-develop: test-affected exit=0 duration=145ms
verify-develop: test-affected exit=0 duration=139ms
verify-develop: test-affected exit=0 duration=100ms
verify-develop: test-affected exit=0 duration=147ms
verify-develop: test-affected exit=0 duration=133ms
verify-develop: test-affected exit=0 duration=141ms
verify-develop: test-affected exit=0 duration=132ms
verify-develop: test-affected exit=0 duration=133ms
verify-develop: test-affected exit=0 duration=515ms
verify-develop: test-affected exit=0 duration=381ms
verify-develop: test-affected exit=0 duration=225ms
verify-develop: test-affected exit=0 duration=311ms
verify-develop: test-affected exit=0 duration=505ms
verify-develop: test-affected exit=0 duration=103ms
verify-develop: test-affected exit=0 duration=87ms
verify-develop: test-affected exit=0 duration=118ms
verify-develop: test-affected exit=0 duration=89ms
verify-develop: test-affected exit=0 duration=419ms
verify-develop: test-affected exit=0 duration=114ms
verify-develop: test-affected exit=0 duration=140ms
verify-develop: test-affected exit=0 duration=91ms
verify-develop: test-affected exit=0 duration=117ms
verify-develop: test-affected exit=0 duration=357ms
verify-develop: test-affected exit=0 duration=132ms
verify-develop: test-affected exit=0 duration=118ms
verify-develop: test-affected exit=0 duration=384ms
verify-develop: test-affected exit=0 duration=119ms
verify-develop: test-affected exit=0 duration=561ms
verify-develop: test-affected exit=0 duration=153ms
verify-develop: test-affected exit=0 duration=129ms
verify-develop: test-affected exit=0 duration=123ms
verify-develop: test-affected exit=0 duration=110ms
verify-develop: test-affected exit=0 duration=117ms
verify-develop: test-affected exit=0 duration=116ms
verify-develop: test-affected exit=0 duration=119ms
verify-develop: test-affected exit=0 duration=121ms
verify-develop: test-affected exit=0 duration=114ms
verify-develop: test-affected exit=0 duration=122ms
verify-develop: test-affected exit=0 duration=121ms
verify-develop: test-affected exit=0 duration=217ms
verify-develop: test-affected exit=0 duration=137ms
verify-develop: test-affected exit=0 duration=141ms
verify-develop: test-affected exit=0 duration=149ms
verify-develop: test-affected exit=0 duration=110ms
verify-develop: test-affected exit=0 duration=132ms
verify-develop: test-affected exit=0 duration=401ms
verify-develop: test-affected exit=0 duration=158ms
verify-develop: test-affected exit=0 duration=121ms
verify-develop: test-affected exit=0 duration=101ms
verify-develop: test-affected exit=0 duration=105ms
verify-develop: test-affected exit=0 duration=95ms
verify-develop: test-affected exit=0 duration=111ms
verify-develop: test-affected exit=0 duration=94ms
verify-develop: test-affected exit=0 duration=100ms
verify-develop: test-affected exit=0 duration=105ms
verify-develop: test-affected exit=0 duration=154ms
verify-develop: test-affected exit=0 duration=98ms
verify-develop: test-affected exit=0 duration=87ms
verify-develop: test-affected exit=0 duration=91ms
verify-develop: test-affected exit=0 duration=97ms
verify-develop: test-affected exit=0 duration=130ms
verify-develop: test-affected exit=0 duration=97ms
verify-develop: test-affected exit=0 duration=101ms
verify-develop: test-affected exit=0 duration=119ms
verify-develop: test-affected exit=0 duration=135ms
verify-develop: test-affected exit=0 duration=131ms
verify-develop: test-affected exit=0 duration=396ms
verify-develop: test-affected exit=0 duration=143ms
verify-develop: test-affected exit=0 duration=116ms
verify-develop: test-affected exit=0 duration=133ms
verify-develop: test-affected exit=0 duration=489ms
verify-develop: test-affected exit=0 duration=144ms
verify-develop: test-affected exit=0 duration=1458ms
verify-develop: test-affected exit=0 duration=185ms
verify-develop: test-affected exit=0 duration=137ms
verify-develop: test-affected exit=0 duration=132ms
verify-develop: test-affected exit=0 duration=136ms
verify-develop: test-affected exit=0 duration=141ms
verify-develop: test-affected exit=0 duration=138ms
verify-develop: test-affected exit=0 duration=103ms
verify-develop: test-affected exit=0 duration=147ms
verify-develop: test-affected exit=0 duration=138ms
verify-develop: test-affected exit=0 duration=116ms
verify-develop: test-affected exit=0 duration=90ms
verify-develop: test-affected exit=0 duration=133ms
verify-develop: test-affected exit=0 duration=147ms
verify-develop: test-affected exit=0 duration=146ms
verify-develop: test-affected exit=0 duration=128ms
verify-develop: test-affected exit=0 duration=113ms
verify-develop: test-affected exit=0 duration=402ms
verify-develop: test-affected exit=0 duration=88ms
verify-develop: test-affected exit=0 duration=137ms
verify-develop: test-affected exit=0 duration=136ms
verify-develop: test-affected exit=0 duration=126ms
verify-develop: test-affected exit=0 duration=104ms
verify-develop: test-affected exit=0 duration=143ms
verify-develop: test-affected exit=0 duration=130ms
verify-develop: test-affected exit=0 duration=116ms
verify-develop: test-affected exit=0 duration=95ms
verify-develop: test-affected exit=0 duration=89ms
verify-develop: test-affected exit=0 duration=132ms
verify-develop: test-affected exit=0 duration=209ms
verify-develop: iteration checks passed

