scripts/task-tracker/lib/delivery-method-reconciliation.mjs 39ms (unchanged)
scripts/task-tracker/verbs/deliver.mjs 64ms (unchanged)
scripts/tests/unit/task-tracker/lib/delivery-method-reconciliation.test.mjs 7ms (unchanged)
scripts/tests/unit/task-tracker/verbs/deliver.test.mjs 35ms (unchanged)
✔ layout audit rejects a discovered test outside the canonical lane tree (72.850917ms)
✔ layout audit rejects a test placed directly in a canonical lane root (37.099958ms)
✔ line-cap audit still examines a misplaced test discovered outside the canonical tree (42.538958ms)
✔ a hidden support-subtree test cannot evade discovery, the runner, or any audit (105.01625ms)
✔ feature-oriented files keep semantic ownership after their lane correction (1.634417ms)
✔ current test-tree baseline is well formed (1.0315ms)
✔ AC3/AC4: every current baseline test remains live in its recorded lane (0.200875ms)
✔ AC1: no *.test.mjs file remains directly in a lane root (0.245791ms)
✔ AC2: every lane subdirectory mirrors a real source subsystem (or is core/meta) (3.211916ms)
✔ AC4: the three lanes are a disjoint partition whose union is the whole discovery set (5.529ms)
ℹ tests 10
ℹ suites 0
ℹ pass 10
ℹ fail 0
ℹ cancelled 0
ℹ skipped 0
ℹ todo 0
ℹ duration_ms 326.024084
✔ cold retry converges timing after before-effect (2.011916ms)
✔ cold retry converges timing after after-effect-before-response (0.644875ms)
✔ cold retry converges timing after after-response-before-checkpoint (0.341542ms)
✔ cold retry converges estimation after before-effect (0.302041ms)
✔ cold retry converges estimation after after-effect-before-response (0.328125ms)
✔ cold retry converges estimation after after-response-before-checkpoint (0.26125ms)
✔ cold retry converges lifecycle after before-effect (0.257583ms)
✔ cold retry converges lifecycle after after-effect-before-response (0.207625ms)
✔ cold retry converges lifecycle after after-response-before-checkpoint (0.25075ms)
✔ cold retry converges board after before-effect (0.26725ms)
✔ cold retry converges board after after-effect-before-response (0.310375ms)
✔ cold retry converges board after after-response-before-checkpoint (0.241333ms)
✔ cold retry converges disposition after before-effect (0.220666ms)
✔ cold retry converges disposition after after-effect-before-response (0.227792ms)
✔ cold retry converges disposition after after-response-before-checkpoint (0.486417ms)
✔ cold retry converges issue after before-effect (0.300334ms)
✔ cold retry converges issue after after-effect-before-response (0.274041ms)
✔ cold retry converges issue after after-response-before-checkpoint (0.256875ms)
✔ cold retry converges labels after before-effect (0.254708ms)
✔ cold retry converges labels after after-effect-before-response (0.2405ms)
✔ cold retry converges labels after after-response-before-checkpoint (0.356375ms)
✔ cold retry converges cleanup after before-effect (0.247916ms)
✔ cold retry converges cleanup after after-effect-before-response (0.234208ms)
✔ cold retry converges cleanup after after-response-before-checkpoint (0.252125ms)
✔ pre-close contention refuses effects while a post-completion race is cleanup pending (0.531542ms)
✔ public close dispatcher selects marked synthetic v2 and ignores unmarked v1 (312.013333ms)
ℹ tests 26
ℹ suites 0
ℹ pass 26
ℹ fail 0
ℹ cancelled 0
ℹ skipped 0
ℹ todo 0
ℹ duration_ms 446.238792
✔ intent is journaled before one provider effect and lost response resumes by readback (965.501166ms)
✔ real Git multi-source squash matches accepted tree while changed-base and dropped content refuse (2017.973125ms)
✔ public deliver dispatcher selects synthetic v2 and leaves unmarked bodies on v1 (403.257084ms)
ℹ tests 3
ℹ suites 0
ℹ pass 3
ℹ fail 0
ℹ cancelled 0
ℹ skipped 0
ℹ todo 0
ℹ duration_ms 3478.466375
✔ AC1: buildContext decomposes into named capability objects (1.43925ms)
✔ AC2: assembleCapabilities groups flat members by reference (0.126875ms)
✔ strict sub-issue capability fetches project identity and Status name in one query (0.392583ms)
✔ strict sub-issue capability reports a thrown GraphQL query as unknown (0.741916ms)
✔ legacy fetchSubIssues delegates and preserves numeric issue numbers only for ok snapshots (0.249083ms)
✔ AC2: verbClose is migrated to the narrow capability interface (0.419ms)
✔ AC3: verbClose runs against a narrow fixture (no active task path) (44.975ms)
ℹ tests 7
ℹ suites 0
ℹ pass 7
ℹ fail 0
ℹ cancelled 0
ℹ skipped 0
ℹ todo 0
ℹ duration_ms 160.144667
[task-tracker] ⛔ Refusing to close #1381: review-authorization-missing. Run `/task deliver` until a verified exact-head receipt exists, then retry. If the pull request was merged with a method this project does not declare (`delivery-verification:merge-method`), reconcile it with `/task deliver <N> --reconcile-merge-method <merge|squash|rebase> --reason "<why>"`.
[task-tracker] projectDir override: AI_TASK_MANAGER_PROJECT_DIR=/Users/kpburson/projects/Vibe-Coding/ai-task-manager/.worktrees/1574-historical-intent/.scratch/test/aitm-1381-close-wiring-8yvjek for #1381
Closed #1381.
#1381 is already fully closed; no terminal writes were repeated.
[task-tracker] ⛔ Refusing to close #1381: delivery-authority:accepted-evidence. Run `/task deliver` until a verified exact-head receipt exists, then retry. If the pull request was merged with a method this project does not declare (`delivery-verification:merge-method`), reconcile it with `/task deliver <N> --reconcile-merge-method <merge|squash|rebase> --reason "<why>"`.
[task-tracker] ⛔ Refusing to close #1381: delivery-authority:accepted-evidence. Run `/task deliver` until a verified exact-head receipt exists, then retry. If the pull request was merged with a method this project does not declare (`delivery-verification:merge-method`), reconcile it with `/task deliver <N> --reconcile-merge-method <merge|squash|rebase> --reason "<why>"`.
[task-tracker] ⛔ Refusing to close #1381: review-authorization-missing. Run `/task deliver` until a verified exact-head receipt exists, then retry. If the pull request was merged with a method this project does not declare (`delivery-verification:merge-method`), reconcile it with `/task deliver <N> --reconcile-merge-method <merge|squash|rebase> --reason "<why>"`.
[task-tracker] ⛔ Refusing to close #1381: close-delivery-receipt:missing. Run `/task deliver` until a verified exact-head receipt exists, then retry. If the pull request was merged with a method this project does not declare (`delivery-verification:merge-method`), reconcile it with `/task deliver <N> --reconcile-merge-method <merge|squash|rebase> --reason "<why>"`.
[task-tracker] ⛔ Refusing to close #1381: close-delivery-receipt:merge-commit-mismatch. Run `/task deliver` until a verified exact-head receipt exists, then retry. If the pull request was merged with a method this project does not declare (`delivery-verification:merge-method`), reconcile it with `/task deliver <N> --reconcile-merge-method <merge|squash|rebase> --reason "<why>"`.
[task-tracker] ⛔ Refusing to close #1381: delivery-verification:merge-method. Run `/task deliver` until a verified exact-head receipt exists, then retry. If the pull request was merged with a method this project does not declare (`delivery-verification:merge-method`), reconcile it with `/task deliver <N> --reconcile-merge-method <merge|squash|rebase> --reason "<why>"`.
[task-tracker] ⛔ Refusing to close #1381: delivery-verification:merge-commit-bytes. Run `/task deliver` until a verified exact-head receipt exists, then retry. If the pull request was merged with a method this project does not declare (`delivery-verification:merge-method`), reconcile it with `/task deliver <N> --reconcile-merge-method <merge|squash|rebase> --reason "<why>"`.
Closed #1381.
Closed #1381.
✔ A to B reused-branch delivery closes historical A through production seams and retries read-only (38.895917ms)
✔ interrupted A delivery recovers its receipt after the branch advances without provider action (2.288125ms)
✔ reused-branch composition fails closed on ambiguous PR and corrupt record histories (4.561792ms)
✔ historical recovery refuses unreadable trunk, unreachable merge, and altered authorized bytes (2.319458ms)
✔ composed close refuses stale lifecycle, approval, PR, merge, method, and attribution evidence (16.324708ms)
✔ partial Delivered terminal transaction resumes only its exact suffix under durable authority (7.329167ms)
✔ close rejects malformed provider timestamps before receipt or terminal mutation (0.967292ms)
✔ #1382 and #1383 project one approved ledger but produce distinct terminal record chains (15.789ms)
✔ amendment gates keep Phase B ledger authority after #1381 Done and block chain or #939 drift (10.547625ms)
ℹ tests 9
ℹ suites 0
ℹ pass 9
ℹ fail 0
ℹ cancelled 0
ℹ skipped 0
ℹ todo 0
ℹ duration_ms 198.3245
✔ legacy approval keeps the marker lane while directory approval consumes accepted evidence (5.618333ms)
✔ human and Full-Auto approval provenance are explicit and non-interchangeable (1.062333ms)
✔ directory Review and Approval predicates reject stale SHA, epoch, and authority (0.197084ms)
✔ manual lifecycle checkbox edits cannot satisfy directory-governed close (0.511875ms)
✔ close resolves current directory evidence but leaves legacy bodies on the existing lane (0.255875ms)
✔ close fails closed when accepted directory Review or Approval evidence is absent (0.339667ms)
✔ deliver resolves marker-free exact-head directory approval authority (0.877625ms)
✔ runDeliver consumes marker-free exact-head directory Review and Approval evidence (4.020709ms)
✔ runDeliver refuses directory authority without accepted exact-head Review evidence (0.467416ms)
✔ runDeliver never hybridizes directory Review with legacy body Approval (0.542167ms)
ℹ tests 10
ℹ suites 0
ℹ pass 10
ℹ fail 0
ℹ cancelled 0
ℹ skipped 0
ℹ todo 0
ℹ duration_ms 139.471417
close-lifecycle-tick.test.mjs: all passed
✔ scripts/tests/slow/task-tracker/verbs/close-lifecycle-tick.test.mjs (88.455959ms)
ℹ tests 1
ℹ suites 0
ℹ pass 1
ℹ fail 0
ℹ cancelled 0
ℹ skipped 0
ℹ todo 0
ℹ duration_ms 93.09325
coverage-close.test.mjs: defined
✔ no active task (2.929208ms)
✔ discover bucket → discarded (3.167542ms)
✔ target adopted into empty state → Closed (74.921083ms)
✔ convergence close-issue: board Done + issue OPEN → gh close (358.790375ms)
✔ convergence close-issue: outcome failure leaves the issue OPEN and active (6.622542ms)
✔ convergence close-issue: disposition failure leaves issue OPEN and active (5.855125ms)
✔ convergence close-issue: gh close fails → exit 1 (6.243625ms)
✔ convergence noop + boardDrift: issue CLOSED, board behind → converge (50.048042ms)
✔ convergence noop + boardDrift: move fails + board not Done → exit 1 (0.830583ms)
[task-tracker] projectDir override: AI_TASK_MANAGER_PROJECT_DIR=/Users/kpburson/projects/Vibe-Coding/ai-task-manager/.worktrees/1574-historical-intent/.scratch/test/aitm-613-FUcBkx for the active issue
✔ convergence noop, no drift: issue CLOSED + board Done → already closed (49.151542ms)
✔ happy tail: approval marker present → emitted, Closed (47.779875ms)
✔ happy tail: Full-Auto default records review approval without a prior marker (42.800792ms)
✔ happy-tail candidate refuses close when terminal timing is only queued (0.854833ms)
✔ final move non-benign failure + board not Done → exit 1 (0.645041ms)
✔ offline final move cannot verify board Done → refuses non-benign failure (0.649667ms)
[task-tracker] projectDir override: AI_TASK_MANAGER_PROJECT_DIR=/Users/kpburson/projects/Vibe-Coding/ai-task-manager/.worktrees/1574-historical-intent/.scratch/test/aitm-613-K5kWkM for the active issue
✔ dirty + CI headless, no --answer → exit 5 (36.683917ms)
[task-tracker] projectDir override: AI_TASK_MANAGER_PROJECT_DIR=/Users/kpburson/projects/Vibe-Coding/ai-task-manager/.worktrees/1574-historical-intent/.scratch/test/aitm-613-NrtnCO for the active issue
✔ dirty + --answer cancel → left in Review (37.888458ms)
[task-tracker] projectDir override: AI_TASK_MANAGER_PROJECT_DIR=/Users/kpburson/projects/Vibe-Coding/ai-task-manager/.worktrees/1574-historical-intent/.scratch/test/aitm-613-OsQKNF for the active issue
✔ dirty + --answer yes → refuse, exit 6 (39.691125ms)
[task-tracker] projectDir override: AI_TASK_MANAGER_PROJECT_DIR=/Users/kpburson/projects/Vibe-Coding/ai-task-manager/.worktrees/1574-historical-intent/.scratch/test/aitm-613-5yWmau for the active issue
✔ dirty + invalid --answer → exit 1 (40.740792ms)
[task-tracker] projectDir override: AI_TASK_MANAGER_PROJECT_DIR=/Users/kpburson/projects/Vibe-Coding/ai-task-manager/.worktrees/1574-historical-intent/.scratch/test/aitm-613-FJLVuQ for the active issue
✔ dirty + interactive (no CI, no answer) → PROMPT_REQUIRED (41.541708ms)
✔ dirty + --answer no → audit row, continues to Closed (73.555125ms)
✔ gate-eval failure, no --force → fail-closed exit 3 (24.7145ms)
✔ --force: gate-eval throw swallowed → cascade + close pipeline → Closed (109.421833ms)
✔ cascade: disposition failure leaves child and parent OPEN and active (1.774625ms)
✔ cascade: outcome failure leaves child in Review and parent OPEN and active (1.29575ms)
✔ cascade: queued terminal timing leaves child in Review and retains evidence for retry (0.974959ms)
✔ cascade: each child outcome uses its own resolved worktree (103.80825ms)
✔ assertFieldsPersisted: aitm-fields marker missing → throws (7.788125ms)
✔ assertFieldsPersisted: engagedTime null → throws (6.905708ms)
✔ assertFieldsPersisted: body re-read fails → throws (6.654542ms)
✔ tickLifecycleOnClose: ticks story-closed + timing-flushed via mutate (0.331083ms)
⚠ lifecycle-tick best-effort failed: boom
✔ tickLifecycleOnClose: mutate throws → best-effort swallow (1503.44225ms)
ℹ tests 32
ℹ suites 0
ℹ pass 32
ℹ fail 0
ℹ cancelled 0
ℹ skipped 0
ℹ todo 0
ℹ duration_ms 2793.492667
orchestrators.test.mjs: ok
✔ move-state: agent-context call (no env, no TTY) is refused with exit 3 (81.244083ms)
✔ move-state: chokepoint call (AITM_INTERNAL=1) moves and prints confirmation (90.60225ms)
✔ move-state: illegal matrix transition is refused with exit 5 (83.413708ms)
✔ move-state: valid forward transition (refine → ready-for-plan) succeeds (87.414041ms)
✔ promote: recorded=done is terminal-refused (forward-only) (1.68375ms)
✔ promote: board/recorded divergence is drift-refused with both states (0.13325ms)
✔ promote: no recorded marker and no live board item is an error (0.118917ms)
✔ promote: unknown recorded state is an error (0.084875ms)
✔ promote: delegate-timeout policy — test gets none, close gets a bounded budget (0.097541ms)
✔ close: no active task and no target prints "no active task" and does nothing (2.27775ms)
✔ close: an active review issue runs the terminal done move after the wrap rows (87.902333ms)
ℹ tests 11
ℹ suites 0
ℹ pass 11
ℹ fail 0
ℹ cancelled 0
ℹ skipped 0
ℹ todo 0
ℹ duration_ms 544.278458
close-emission-order.test.mjs: ok
Closed #999.
Closed #999.
Closed #999.
✔ buildReviewToDoneClosePair emits review:approved then issue:wrap (13.620334ms)
✔ verbClose emits review:approved + issue:wrap before the done board move (84.89625ms)
✔ combined close + done-move stream is review:approved → issue:wrap → issue:closed (0.175917ms)
✔ #692 AC2 — retried close does not re-emit an existing review:approved/issue:wrap pair (71.212792ms)
✔ #692 AC3 — review:approved active duration derives from the timing comment (75.310958ms)
ℹ tests 5
ℹ suites 0
ℹ pass 5
ℹ fail 0
ℹ cancelled 0
ℹ skipped 0
ℹ todo 0
ℹ duration_ms 351.201625
✔ proof-gated scanner waives suite, tests DoD, and derived aggregate boxes (1.077125ms)
✔ scanner preserves byte-identical default-deny behavior without proof (0.103166ms)
✔ Test exit guard uses proof resolution and keeps unrelated blockers (0.267ms)
✔ close verb passes validated docs-only proof to the shared scanner (0.121833ms)
✔ earned lane-skip predicate requires docs-only proof and every dropped lane (0.332625ms)
✔ proof resolver accepts only a validated current receipt for a live docs-only body (0.602875ms)
ℹ tests 6
ℹ suites 0
ℹ pass 6
ℹ fail 0
ℹ cancelled 0
ℹ skipped 0
ℹ todo 0
ℹ duration_ms 102.128875
close-cross-close.test.mjs: all passed
✔ source: no `closingDifferentIssue` references remain (dead-code check) (0.499625ms)
✔ source: bind-mismatch refusal now lives in the shared preflight helper (0.099125ms)
✔ source: preflight bind-mismatch uses exit(7) (0.091959ms)
✔ refuses cross-close: exit 7, PROMPT_REQUIRED on stdout (via dispatcher preflight) (97.291667ms)
✔ allows close when target equals s.active (no refusal) (5.682416ms)
✔ allows close when s.active is null and target is given (2.896292ms)
ℹ tests 6
ℹ suites 0
ℹ pass 6
ℹ fail 0
ℹ cancelled 0
ℹ skipped 0
ℹ todo 0
ℹ duration_ms 204.355292
close-repair.test.mjs: all passed
✔ #708 AC2 (baseline): board=Done + issue=CLOSED without --repair → noop short-circuit (no timing flush) (19.338708ms)
✔ #708 AC2: same state WITH --repair → bypasses noop and replays the full atomic close (8.928458ms)
✔ #708 AC4: `--repair` is documented in the close verb help output (0.2145ms)
ℹ tests 3
ℹ suites 0
ℹ pass 3
ℹ fail 0
ℹ cancelled 0
ℹ skipped 0
ℹ todo 0
ℹ duration_ms 139.838417
✔ an operator cannot launder a false squash through the lane (0.664333ms)
✔ the lane cannot be used to rubber-stamp a matching configuration (0.075458ms)
✔ an unattributable topology refuses rather than defaulting to the declaration (0.139791ms)
✔ a merge whose second parent is not the delivered head refuses (0.084417ms)
ℹ tests 4
ℹ suites 0
ℹ pass 4
ℹ fail 0
ℹ cancelled 0
ℹ skipped 0
ℹ todo 0
ℹ duration_ms 51.666
✔ parses one exact canonical reconciliation marker and validates all record fields (3.7925ms)
✔ builds a reconciliation record carrying both methods and the reason (0.118042ms)
✔ builds a frozen v2 reconstruction record with the exact retroactive origin (0.096625ms)
✔ validates a v2 reconstruction record and refuses a tampered origin (0.100792ms)
✔ renders v2 with the no-delivery-time-intent reconstruction explanation (0.128417ms)
✔ records are frozen so a caller cannot mutate recorded evidence (0.059417ms)
✔ divergent is false when the observed method equals the configured one (0.061834ms)
✔ refuses an empty or whitespace reason (0.105709ms)
✔ refuses a reason that is only a placeholder (0.09375ms)
✔ refuses a merge method outside the known set (0.1215ms)
✔ refuses malformed shas (0.08875ms)
✔ validate accepts a freshly built record and rejects a tampered one (0.103292ms)
✔ resolve returns the declared method when observation agrees (0.534833ms)
✔ resolve refuses when the declared method contradicts observation (0.081958ms)
✔ resolve refuses a no-op reconciliation that matches configuration (0.059ms)
✔ resolve refuses an unknown observation rather than guessing (0.059958ms)
ℹ tests 16
ℹ suites 0
ℹ pass 16
ℹ fail 0
ℹ cancelled 0
ℹ skipped 0
ℹ todo 0
ℹ duration_ms 56.55675
✔ native-blocked R4P child stays current for epic admission but waits for its predecessor (2.808917ms)
✔ configured-project mapping ignores legacy blocker markers as dependency authority (0.251ms)
✔ configured-project child mapping carries current refinement and terminal evidence (0.217167ms)
✔ configured-project mapping rejects stale refinement evidence and board-rank drift (0.246ms)
✔ epic admission and terminal delivery fail closed on incomplete descriptors and board drift (0.209458ms)
✔ strict local WIP cannot be disabled by project configuration (0.288917ms)
✔ epic Plan admission requires every executable child at R4P or later with refinement evidence (0.159042ms)
✔ R4P state enforces epic child admission before entering Plan (0.083708ms)
✔ next-child selection uses only dependency-ready R4P children and rank (0.094458ms)
✔ next-child selection fails closed while any sibling is locally active (0.103167ms)
✔ local WIP policy has no blocker exception while another child is active (0.425834ms)
✔ epic Test admission requires Done or an accepted closed disposition (0.14925ms)
✔ pull-next advances one dependency-ready R4P child exactly one edge and then stops (9.44475ms)
✔ pull-next refuses to start another local child while a sibling is active (0.212459ms)
✔ operator help, architecture, and pickup guidance describe R4P child staging (4.488ms)
✔ epic child enumeration exhausts every GraphQL page and refuses cursor ambiguity (0.805292ms)
✔ configured child project membership and fields paginate exhaustively (0.22775ms)
ℹ tests 17
ℹ suites 0
ℹ pass 17
ℹ fail 0
ℹ cancelled 0
ℹ skipped 0
ℹ todo 0
ℹ duration_ms 129.944875
✔ @me resolves to the authenticated user and an explicit reviewer is preserved (0.566042ms)
✔ disabled gate authorizes delivery without PR review evidence (0.395708ms)
✔ missing approval requests the eligible human reviewer (0.11075ms)
✔ an existing review request waits without requesting the same reviewer again (0.097584ms)
✔ only the latest applicable exact-head review can authorize delivery (0.168667ms)
✔ review assignment and stale-head approval are not approval evidence (0.065584ms)
✔ the PR author, bots, and unreadable evidence fail closed (0.078292ms)
✔ delivery checks CI before requesting a reviewer and emits no delivery intent (2.271917ms)
✔ exact-head human PR approval authorizes normal provider delivery (3.341667ms)
ℹ tests 9
ℹ suites 0
ℹ pass 9
ℹ fail 0
ℹ cancelled 0
ℹ skipped 0
ℹ todo 0
ℹ duration_ms 82.195917
✔ ac-stamp seam: a cited AC resolves to its literal verifier command (AC3) (1.932375ms)
✔ ac-stamp seam: stamping a cited AC writes a readable evidence proof (AC3) (1.167125ms)
✔ ac-stamp seam: cited stamp reconciliation is idempotent for an already-listed command (AC3) (0.235291ms)
✔ ac-stamp seam: cited and legacy ACs share one key and both stamp readable proofs (AC3/AC5) (0.379083ms)
✔ verbAcStamp is exported as an async function (0.060458ms)
ℹ tests 5
ℹ suites 0
ℹ pass 5
ℹ fail 0
ℹ cancelled 0
ℹ skipped 0
ℹ todo 0
ℹ duration_ms 66.035583
{
  "status": "clean"
}
✔ action-ledger parses audit, gc, and approved reconcile modes (0.691083ms)
✔ verb routes one selected mode through its runtime (0.396792ms)
ℹ tests 2
ℹ suites 0
ℹ pass 2
ℹ fail 0
ℹ cancelled 0
ℹ skipped 0
ℹ todo 0
ℹ duration_ms 59.267625
approve: lifecycle-tick-noop: 'passed-final-review' label not matched — body may use legacy heading or customized DoD
approve: lifecycle-tick-noop: 'passed-final-review' label not matched — body may use legacy heading or customized DoD
approve: lifecycle-tick-noop: 'passed-final-review' label not matched — body may use legacy heading or customized DoD
approve: lifecycle-tick-noop: 'passed-final-review' label not matched — body may use legacy heading or customized DoD
approve: lifecycle-tick-noop: 'passed-final-review' label not matched — body may use legacy heading or customized DoD
✔ scripts/tests/unit/task-tracker/verbs/approve-core.test.mjs (367.650709ms)
ℹ tests 1
ℹ suites 0
ℹ pass 1
ℹ fail 0
ℹ cancelled 0
ℹ skipped 0
ℹ todo 0
ℹ duration_ms 371.815917
approve: lifecycle-tick-noop: 'passed-final-review' label not matched — body may use legacy heading or customized DoD
approve: lifecycle-tick-noop: 'passed-final-review' label not matched — body may use legacy heading or customized DoD
approve: lifecycle-tick-noop: 'passed-final-review' label not matched — body may use legacy heading or customized DoD
approve: lifecycle-tick-noop: 'passed-final-review' label not matched — body may use legacy heading or customized DoD
✔ scripts/tests/unit/task-tracker/verbs/approve-full-auto-detect.test.mjs (378.077833ms)
ℹ tests 1
ℹ suites 0
ℹ pass 1
ℹ fail 0
ℹ cancelled 0
ℹ skipped 0
ℹ todo 0
ℹ duration_ms 382.424541
⚠ approve: review-notes post failed: network down
✔ runApprove in human mode posts notes with human source from stdin drivers (4.386833ms)
✔ runApprove in full-auto mode posts notes with auto source and derived drivers (1.255875ms)
✔ runApprove in human mode skips notes comment when no drivers entered (0.561959ms)
✔ runApprove still ticks lifecycle even if notes-post fails (0.905625ms)
ℹ tests 4
ℹ suites 0
ℹ pass 4
ℹ fail 0
ℹ cancelled 0
ℹ skipped 0
ℹ todo 0
ℹ duration_ms 76.722625
✔ exports the marker-authorized approval timing capabilities (0.471334ms)
✔ #1127 marker-authorized boundary is inserted at approval and deduplicated (14.673625ms)
✔ marker-authorized boundary ignores fenced approval lookalikes (0.2815ms)
✔ legacy colon approval marker remains valid reconciliation authority (0.108625ms)
✔ #1127 delayed close cannot inflate Review or published active totals (1.29075ms)
✔ legacy repair uses the last marker at approval, not a later close marker (0.500916ms)
✔ legacy repair preserves an explicit unavailable full marker at approval (0.343ms)
✔ legacy repair treats an empty historical full-marker cell as unavailable (0.326459ms)
✔ post-close retry cannot duplicate the same authoritative approval event (0.5275ms)
✔ runApprove reconciles timing after first approval and on an already-approved retry (5.043208ms)
✔ runApprove refreshes stale Full-Auto approval carriers after lifecycle invalidation (1.517208ms)
✔ runApprove removes a legacy unbounded Full-Auto footnote during stale re-approval (2.06175ms)
ℹ tests 12
ℹ suites 0
ℹ pass 12
ℹ fail 0
ℹ cancelled 0
ℹ skipped 0
ℹ todo 0
ℹ duration_ms 104.953042
✔ assign claims an unassigned pre-Develop story without changing Status (1.326041ms)
✔ assign transfers a locally-owned story to one different owner while preserving Status (0.195666ms)
✔ assign refuses foreign and multiple ownership before mutation (0.256417ms)
✔ assign treats a thrown add with a matching read-back as ambiguous and never compensates (0.17075ms)
✔ assign never destructively compensates a successful but provenance-ambiguous add (0.145791ms)
✔ transfer does not destructively compensate after the prior owner was removed (0.146458ms)
✔ assign never mutates when the durable audit reservation fails (0.254333ms)
✔ assign is idempotent for the requested singleton owner (0.11375ms)
✔ assign retries a pending completion audit without repeating ownership mutation (0.316ms)
✔ assign reports audit-pending after verified mutation when completion write fails (0.177875ms)
✔ transfer retry repairs completion audit from the original owner workstation (0.217042ms)
✔ audit retry correlates by transaction id instead of suppressing a newer identical intent (0.136125ms)
✔ transfer retry never completes a pending transaction for a different requested target (0.078209ms)
✔ ownership verb refusals give the operator a concrete recovery action (0.304208ms)
✔ Done preserves final ownership and refuses transfer (0.059542ms)
ℹ tests 15
ℹ suites 0
ℹ pass 15
ℹ fail 0
ℹ cancelled 0
ℹ skipped 0
ℹ todo 0
ℹ duration_ms 62.345625
[task-tracker] ✓ #20 blocked by #12
[task-tracker] ✓ #20 blocked by #4
[task-tracker] ✓ #20 native blockers already converged
[task-tracker] ✓ #20 native blockers already converged
[task-tracker] ✓ #20 removed native blockers #9
[task-tracker] ✓ #20 removed native blockers #4, #9
[task-tracker] ✓ #20 has no matching native blockers to remove
[task-tracker] ✓ #20 removed native blockers #4
[task-tracker] ✓ #20 has no matching native blockers to remove
✔ parseByList and block arguments normalize valid issue refs and reject partial-invalid input (1.053708ms)
✔ unblock arguments distinguish subtract-some from clear-all (0.100541ms)
✔ block unions requested refs into the native set without duplicates (0.622958ms)
✔ block accepts existing closed issues because AITM Status decides readiness (0.123083ms)
✔ block is idempotent when every requested ref already exists but still projects (0.11375ms)
✔ block refuses self, invalid, and missing refs before graph mutation (0.196667ms)
✔ block retry converges after projection failed without duplicating graph edges or comments (0.190458ms)
✔ unblock subtracts only present requested refs and ignores absent refs (0.191917ms)
✔ unblock without --by clears the native set (0.1315ms)
✔ unblock repeat is idempotent and still projects (0.381542ms)
ℹ tests 10
ℹ suites 0
ℹ pass 10
ℹ fail 0
ℹ cancelled 0
ℹ skipped 0
ℹ todo 0
ℹ duration_ms 57.880833
✔ resolveBoardTarget: explicit #N wins over active issue (0.793583ms)
✔ resolveBoardTarget: falls back to the active issue (0.082166ms)
✔ resolveBoardTarget: null when neither is present (0.052333ms)
✔ verbBoard: prints "#N board Status: <state>" from the pinned reader (0.650166ms)
✔ verbBoard: reports not-on-board when the pinned reader returns null (0.178792ms)
✔ verbBoard: usage error and non-zero exit when no target resolvable (0.147667ms)
✔ evaluateGhProject: blocks `gh project item-list <n> --owner` (0.164333ms)
✔ evaluateGhProject: blocks other gh project forms (view, item-add) (0.098ms)
✔ evaluateGhProject: a bare mention of "gh project" in prose does not trip (0.07725ms)
✔ evaluateGhProject: blocks a ProjectV2 query pinning a non-bound id (0.168333ms)
✔ evaluateGhProject: allows a ProjectV2 query pinning only the bound id (0.096459ms)
✔ evaluateGhProject: blocks a ProjectV2 query with no pinned id (client filter) (0.064209ms)
✔ evaluateGhProject: fails closed when boundProjectId is unreadable (null) (0.044459ms)
✔ evaluateGhProject: ignores non-project gh api graphql (issues, sub-issues) (0.056625ms)
✔ evaluateGhProject: ignores unrelated commands (0.0515ms)
ℹ tests 15
ℹ suites 0
ℹ pass 15
ℹ fail 0
ℹ cancelled 0
ℹ skipped 0
ℹ todo 0
ℹ duration_ms 54.191209
check-verb-migration.test.mjs: defined
[task-tracker] ✓ "already checked criterion" already checked on #777 (no-op)
[task-tracker] ✓ "already checked criterion" already checked on #777 (no-op)
✔ legacy `check` on an already-checked box does NOT uncheck (no toggle) (1.83775ms)
✔ legacy `check` emits a deprecation notice on stderr (0.664833ms)
✔ no instructional `task check "<label>"` toggle call site survives (237.841583ms)
✔ no "Toggle a checkbox" description survives (124.77325ms)
ℹ tests 4
ℹ suites 0
ℹ pass 4
ℹ fail 0
ℹ cancelled 0
ℹ skipped 0
ℹ todo 0
ℹ duration_ms 430.777667
✔ prefix-collision: toggling the shorter label does not touch the longer line (1.012959ms)
✔ round-trip: toggling an exact-match unchecked line flips to [x] then back to [ ] (0.123167ms)
✔ regex metacharacters in the label are matched literally (0.097625ms)
✔ missing label returns not-found and does not throw (0.066958ms)
✔ batch: multi-label toggle accumulates in one body (0.455208ms)
✔ batch: mixed found / already-checked / not-found reported independently; not-found does not drop the batch (0.113417ms)
✔ batch: single label behaves like the legacy single-label toggle (0.082ms)
✔ batch: empty label list is a no-op returning the body unchanged (0.056167ms)
✔ #411 bare visible label ticks a marker-bearing line (0.110959ms)
✔ #411 full-line argument (label + markers) still ticks the line (backward compat) (0.152459ms)
✔ #411 marker-bearing line retains its trailing markers after toggle (0.084208ms)
✔ #411 ambiguous: two lines sharing a stripped label yield ambiguous and tick neither (0.062583ms)
✔ #411 batch reports ambiguous independently without dropping other labels (0.083292ms)
ℹ tests 13
ℹ suites 0
ℹ pass 13
ℹ fail 0
ℹ cancelled 0
ℹ skipped 0
ℹ todo 0
ℹ duration_ms 66.434041
✔ shared close cleanup sweeps bindings before fleet deregistration and occupancy release (0.752625ms)
✔ binding cleanup is mandatory and prevents false close success (0.208625ms)
✔ Done, disposition, and convergence close lanes retain the shared cleanup boundary (0.67125ms)
ℹ tests 3
ℹ suites 0
ℹ pass 3
ℹ fail 0
ℹ cancelled 0
ℹ skipped 0
ℹ todo 0
ℹ duration_ms 99.99125
close-converge-audit-emission.test.mjs: defined
✔ Case A — converge with approved body emits BOTH review:approved and issue:wrap (#801 AC1) (70.842166ms)
✔ Case B — converge with no approval marker WITHHOLDS review:approved, still emits issue:wrap (#801 AC2) (46.382667ms)
✔ Case C — converge is idempotent when the pair already exists (#801 AC3) (44.255417ms)
ℹ tests 3
ℹ suites 0
ℹ pass 3
ℹ fail 0
ℹ cancelled 0
ℹ skipped 0
ℹ todo 0
ℹ duration_ms 258.448625
#925 was already closed on GitHub — finalized housekeeping and converged the board to Done.
#925 was already closed on GitHub — finalized housekeeping and converged the board to Done.
#925 was already closed on GitHub — finalized housekeeping and converged the board to Done.
#925 was already closed on GitHub — finalized housekeeping and converged the board to Done.
[task-tracker] ⛔ Refusing to close #925: review-authorization-missing. Run `/task deliver` until a verified exact-head receipt exists, then retry. If the pull request was merged with a method this project does not declare (`delivery-verification:merge-method`), reconcile it with `/task deliver <N> --reconcile-merge-method <merge|squash|rebase> --reason "<why>"`.
#925 was already closed on GitHub — finalized housekeeping and converged the board to Done.
#925 was already closed on GitHub — finalized housekeeping and converged the board to Done.
#925 was already closed on GitHub — finalized housekeeping and converged the board to Done.
#925 was already closed on GitHub — finalized housekeeping and converged the board to Done.
#925 was already closed on GitHub — finalized housekeeping and converged the board to Done.
[task-tracker] ⛔ Refusing to close #925: directory-approval-evidence-missing. Run `/task deliver` until a verified exact-head receipt exists, then retry. If the pull request was merged with a method this project does not declare (`delivery-verification:merge-method`), reconcile it with `/task deliver <N> --reconcile-merge-method <merge|squash|rebase> --reason "<why>"`.
[task-tracker] ⛔ Refusing to close #925: directory-review-evidence-missing. Run `/task deliver` until a verified exact-head receipt exists, then retry. If the pull request was merged with a method this project does not declare (`delivery-verification:merge-method`), reconcile it with `/task deliver <N> --reconcile-merge-method <merge|squash|rebase> --reason "<why>"`.
[task-tracker] ⛔ Refusing to close #925: directory-review-evidence-missing. Run `/task deliver` until a verified exact-head receipt exists, then retry. If the pull request was merged with a method this project does not declare (`delivery-verification:merge-method`), reconcile it with `/task deliver <N> --reconcile-merge-method <merge|squash|rebase> --reason "<why>"`.
[task-tracker] ⛔ Refusing to close #925: directory-review-evidence-missing. Run `/task deliver` until a verified exact-head receipt exists, then retry. If the pull request was merged with a method this project does not declare (`delivery-verification:merge-method`), reconcile it with `/task deliver <N> --reconcile-merge-method <merge|squash|rebase> --reason "<why>"`.
#925 was already closed on GitHub — finalized housekeeping and converged the board to Done.
#925 recovery completed after posting the timing audit.
#925 recovery completed after posting the timing audit.
#925 closed-issue aberration failed at postTimingAudit: postTimingAudit returned a failed result. Local task state was retained for retry.
#925 closed-issue aberration failed at postTimingAudit: postTimingAudit returned a failed result. Local task state was retained for retry.
#925 closed-issue aberration failed at postTimingAudit: postTimingAudit returned a failed result. Local task state was retained for retry.
✔ finalize passes the configured tail profile and explicit review authority (23.219208ms)
✔ stale close approval refuses after fresh Test and Agent Review evidence (3.424583ms)
✔ #1403 close authorizes review against accepted delivery SHA after local HEAD advances (1.439666ms)
✔ close consumes marker-free exact-head directory human authority (2.261958ms)
✔ production close derives accepted head from marker-free directory Review evidence (2.167334ms)
✔ production close resolves directory authority from immutable Test SHA after local HEAD advances (2.202542ms)
✔ production close refuses directory Review without directory Approval despite body approval (1.212541ms)
✔ close fails closed for stale or malformed marker-free directory authority (3.441125ms)
✔ verb entry rejects a empty string tail profile before every observable effect (0.86325ms)
✔ verb entry rejects a null tail profile before every observable effect (0.4995ms)
✔ verb entry rejects a false tail profile before every observable effect (0.500291ms)
✔ verb entry rejects a zero tail profile before every observable effect (0.439041ms)
✔ verb entry rejects a negative zero tail profile before every observable effect (0.411625ms)
✔ verb entry rejects a zero bigint tail profile before every observable effect (0.434667ms)
✔ verb entry rejects a NaN tail profile before every observable effect (0.972333ms)
✔ verb entry rejects a object tail profile before every observable effect (0.790459ms)
✔ verb entry rejects a unknown string tail profile before every observable effect (0.607208ms)
✔ lifecycle reconcile delegates through the grouped issue-body mutator (1.377125ms)
✔ transaction prefix does not satisfy exact timing transaction lookup (1.702167ms)
✔ incidental prose does not satisfy exact timing transaction lookup (0.780875ms)
✔ false timing audit fails and leaves durable recovery pending at Review (1.44225ms)
✔ failed timing audit fails and leaves durable recovery pending at Review (1.153708ms)
✔ queued timing audit fails and leaves durable recovery pending at Review (0.913958ms)
ℹ tests 23
ℹ suites 0
ℹ pass 23
ℹ fail 0
ℹ cancelled 0
ℹ skipped 0
ℹ todo 0
ℹ duration_ms 153.116583
#925 is closed for not_planned — left issue and board untouched.
#925 is closed and Done but its body could not be read for transaction inspection: transient body outage
No convergence mutation was attempted; retry later.
#925 recovery completed after reopening the issue, restoring the board to Review, and posting the timing audit.
#925 child inventory is unknown: GraphQL unavailable
No convergence mutation was attempted; retry later.
#925 recovery completed after posting the timing audit.
#925 recovery completed after restoring the board to Review and posting the timing audit.
#925 recovery completed without repeating live-state repair or timing effects.
#925 recovery completed after reopening the issue and posting the timing audit.
#925 recovery completed after reopening the issue and posting the timing audit.
#925 does not have a restartable Delivered close transaction: delivered-close-supersession:no-stale-transaction
No convergence mutation was attempted; retry later.
#925 stale Delivered close transaction could not be restarted: delivered-close-supersession:fresh-authority
No convergence mutation was attempted; retry later.
#925 stale Delivered close transaction could not be restarted: delivered-close-supersession:live-terminal-state
No convergence mutation was attempted; retry later.
#925 stale Delivered close transaction could not be restarted: delivered-close-supersession:live-terminal-state
No convergence mutation was attempted; retry later.
#925 stale Delivered close transaction could not be restarted: delivered-close-supersession:live-terminal-state
No convergence mutation was attempted; retry later.
#925 stale Delivered close transaction could not be restarted: delivered-close-supersession:live-terminal-state
No convergence mutation was attempted; retry later.
#925 stale Delivered close transaction could not be restarted: delivered-close-supersession:live-terminal-state
No convergence mutation was attempted; retry later.
#925 stale Delivered close transaction could not be restarted: delivered-close-supersession:live-terminal-state
No convergence mutation was attempted; retry later.
#925 stale Delivered close transaction could not be restarted: delivered-close-supersession:dirty-worktree
No convergence mutation was attempted; retry later.
#925 stale Delivered close transaction could not be restarted: delivered-close-supersession:terminal-prefix
No convergence mutation was attempted; retry later.
#925 stale Delivered close transaction could not be restarted: close-delivery-receipt:test-sha-mismatch
No convergence mutation was attempted; retry later.
#925 stale Delivered close transaction could not be restarted: list unavailable
No convergence mutation was attempted; retry later.
#925 stale Delivered close transaction could not be restarted: create unavailable
No convergence mutation was attempted; retry later.
#925 stale Delivered close transaction could not be restarted: read unavailable
No convergence mutation was attempted; retry later.
#925 stale Delivered close transaction could not be restarted: delivered-close-supersession:comment-readback
No convergence mutation was attempted; retry later.
#925 stale Delivered close transaction could not be restarted: delivered-close-supersession:body-write
No convergence mutation was attempted; retry later.
#925 stale Delivered close transaction could not be restarted: delivered-close-supersession:body-readback
No convergence mutation was attempted; retry later.
Closed #925.
#925 stale Delivered close transaction could not be restarted: delivered-close-supersession:duplicate-evidence
No convergence mutation was attempted; retry later.
Closed #925.
[task-tracker] ⛔ Refusing to close #925: delivered-close-transaction-accepted-sha-mismatch. Run `/task deliver` until a verified exact-head receipt exists, then retry. If the pull request was merged with a method this project does not declare (`delivery-verification:merge-method`), reconcile it with `/task deliver <N> --reconcile-merge-method <merge|squash|rebase> --reason "<why>"`.
#925 closed-issue aberration failed at writeRecoveryPhase:intent: recovery marker readback mismatch for transaction: expected 6e46fd03-6f02-4d31-880f-2d5012e5d133, got tx-stale. Local task state was retained for retry.
#925 closed-issue aberration failed at writeRecoveryPhase:intent: recovery marker readback mismatch for phase: expected intent, got reopened. Local task state was retained for retry.
#925 closed-issue aberration failed at writeRecoveryPhase:intent: recovery marker mutation failed for phase intent: expected status ok/no-op with verified body. Local task state was retained for retry.
#925 closed-issue aberration failed at writeRecoveryPhase:intent: recovery marker mutation failed for phase intent: expected status ok/no-op with verified body. Local task state was retained for retry.
#925 closed-issue aberration failed at writeRecoveryPhase:intent: issueBodyMutator.mutate capability is required for recovery persistence. Local task state was retained for retry.
#925 closed-issue finalize failed at emitClosePair: terminal timing issue:wrap was not durably posted: network down. Local task state was retained for retry.
[task-tracker] ⛔ Refusing to close #925: terminal timing issue:wrap was not durably posted: network down. Issue left OPEN; retry after timing evidence is reachable.
[task-tracker] ⛔ Refusing to close #925: close-delivery-receipt:input. Run `/task deliver` until a verified exact-head receipt exists, then retry. If the pull request was merged with a method this project does not declare (`delivery-verification:merge-method`), reconcile it with `/task deliver <N> --reconcile-merge-method <merge|squash|rebase> --reason "<why>"`.
[task-tracker] ⛔ Refusing to close #925: close-delivery-receipt:lineage. Run `/task deliver` until a verified exact-head receipt exists, then retry. If the pull request was merged with a method this project does not declare (`delivery-verification:merge-method`), reconcile it with `/task deliver <N> --reconcile-merge-method <merge|squash|rebase> --reason "<why>"`.
[task-tracker] ⛔ Refusing to close #925: close-delivery-receipt:missing. Run `/task deliver` until a verified exact-head receipt exists, then retry. If the pull request was merged with a method this project does not declare (`delivery-verification:merge-method`), reconcile it with `/task deliver <N> --reconcile-merge-method <merge|squash|rebase> --reason "<why>"`.
[task-tracker] ⛔ Refusing to close #925: close-delivery-receipt:malformed. Run `/task deliver` until a verified exact-head receipt exists, then retry. If the pull request was merged with a method this project does not declare (`delivery-verification:merge-method`), reconcile it with `/task deliver <N> --reconcile-merge-method <merge|squash|rebase> --reason "<why>"`.
[task-tracker] ⛔ Refusing to close #925: close-delivery-receipt:duplicate. Run `/task deliver` until a verified exact-head receipt exists, then retry. If the pull request was merged with a method this project does not declare (`delivery-verification:merge-method`), reconcile it with `/task deliver <N> --reconcile-merge-method <merge|squash|rebase> --reason "<why>"`.
[task-tracker] ⛔ Refusing to close #925: close-delivery-receipt:conflicting. Run `/task deliver` until a verified exact-head receipt exists, then retry. If the pull request was merged with a method this project does not declare (`delivery-verification:merge-method`), reconcile it with `/task deliver <N> --reconcile-merge-method <merge|squash|rebase> --reason "<why>"`.
[task-tracker] ⛔ Refusing to close #925: close-delivery-receipt:ambiguous-pr. Run `/task deliver` until a verified exact-head receipt exists, then retry. If the pull request was merged with a method this project does not declare (`delivery-verification:merge-method`), reconcile it with `/task deliver <N> --reconcile-merge-method <merge|squash|rebase> --reason "<why>"`.
[task-tracker] ⛔ Refusing to close #925: close-delivery-receipt:not-merged. Run `/task deliver` until a verified exact-head receipt exists, then retry. If the pull request was merged with a method this project does not declare (`delivery-verification:merge-method`), reconcile it with `/task deliver <N> --reconcile-merge-method <merge|squash|rebase> --reason "<why>"`.
[task-tracker] ⛔ Refusing to close #925: close-delivery-receipt:branch-mismatch. Run `/task deliver` until a verified exact-head receipt exists, then retry. If the pull request was merged with a method this project does not declare (`delivery-verification:merge-method`), reconcile it with `/task deliver <N> --reconcile-merge-method <merge|squash|rebase> --reason "<why>"`.
[task-tracker] ⛔ Refusing to close #925: close-delivery-receipt:base-mismatch. Run `/task deliver` until a verified exact-head receipt exists, then retry. If the pull request was merged with a method this project does not declare (`delivery-verification:merge-method`), reconcile it with `/task deliver <N> --reconcile-merge-method <merge|squash|rebase> --reason "<why>"`.
[task-tracker] ⛔ Refusing to close #925: close-delivery-receipt:head-mismatch. Run `/task deliver` until a verified exact-head receipt exists, then retry. If the pull request was merged with a method this project does not declare (`delivery-verification:merge-method`), reconcile it with `/task deliver <N> --reconcile-merge-method <merge|squash|rebase> --reason "<why>"`.
[task-tracker] ⛔ Refusing to close #925: close-delivery-receipt:issue-mismatch. Run `/task deliver` until a verified exact-head receipt exists, then retry. If the pull request was merged with a method this project does not declare (`delivery-verification:merge-method`), reconcile it with `/task deliver <N> --reconcile-merge-method <merge|squash|rebase> --reason "<why>"`.
[task-tracker] ⛔ Refusing to close #925: close-delivery-receipt:pr-mismatch. Run `/task deliver` until a verified exact-head receipt exists, then retry. If the pull request was merged with a method this project does not declare (`delivery-verification:merge-method`), reconcile it with `/task deliver <N> --reconcile-merge-method <merge|squash|rebase> --reason "<why>"`.
[task-tracker] ⛔ Refusing to close #925: close-delivery-receipt:merge-commit-missing. Run `/task deliver` until a verified exact-head receipt exists, then retry. If the pull request was merged with a method this project does not declare (`delivery-verification:merge-method`), reconcile it with `/task deliver <N> --reconcile-merge-method <merge|squash|rebase> --reason "<why>"`.
[task-tracker] ⛔ Refusing to close #925: close-delivery-receipt:merge-commit-mismatch. Run `/task deliver` until a verified exact-head receipt exists, then retry. If the pull request was merged with a method this project does not declare (`delivery-verification:merge-method`), reconcile it with `/task deliver <N> --reconcile-merge-method <merge|squash|rebase> --reason "<why>"`.
✔ close asks the outcome runtime about forecast-free epics and permits a legacy skip (1.133375ms)
✔ close passes explicit reopened-cycle correction authority to the outcome runtime (0.0905ms)
✔ close uses the frozen Plan forecast and refuses a drifted ready marker (0.423166ms)
✔ close refuses an adaptive ready forecast without frozen Plan lineage (0.216666ms)
✔ primary convergence resolves the issue worktree instead of inheriting the caller directory (0.09725ms)
✔ primary convergence fails closed when issue worktree registration is unavailable (0.203584ms)
✔ dead issue returns without body or child reads (4.902292ms)
✔ completed issue already at Done fails closed when transaction inspection is unavailable (0.834875ms)
✔ pending recovery on a completed issue already at Done resumes before noop (14.245542ms)
✔ completed not-Done issue refuses an unknown strict child snapshot (1.31875ms)
✔ pending recovery on an open issue resumes from its serialized phase (1.289542ms)
✔ pending recovery outranks close-issue for an open issue already at Done (1.130833ms)
✔ retry after a successful timing post does not duplicate the transaction audit (1.215333ms)
✔ pending recovery on a still-closed issue preserves its durable transaction (1.952833ms)
✔ complete recovery is not reused when a later close is a new aberration (2.686875ms)
✔ stale restart refuses unsafe live state before audit or terminal mutation (89.522333ms)
✔ stale restart refuses terminal prefixes and stale delivery authority (11.881ms)
✔ stale restart fails closed across comment and body persistence failures (53.935333ms)
✔ stale restart reuses matching evidence and rejects duplicates before body mutation (23.81825ms)
✔ stale restart is incompatible with force, repair, answer, and disposition lanes (2.093417ms)
✔ ordinary close retains same-SHA resume and stale-SHA refusal without restart writes (3.444583ms)
✔ mismatched transaction recovery mutation refuses before later effects (1.241ms)
✔ mismatched phase recovery mutation refuses before later effects (1.460416ms)
✔ failed status recovery mutation refuses before later effects (0.643042ms)
✔ failed result recovery mutation refuses before later effects (0.614ms)
✔ recovery persistence requires the grouped issue-body mutator capability (0.546958ms)
✔ explicit close has no direct issue-body mutator import or fallback (0.609458ms)
✔ v1 estimation outcome is required before the terminal Done move (0.368792ms)
✔ receipt authorization precedes outcome; Done precedes Delivered disposition (0.325625ms)
✔ convergence close synchronizes terminal timing before freezing its outcome (0.316625ms)
✔ convergence refuses completion when a terminal timing row is only queued (1.099ms)
✔ board-Done open-issue convergence refuses GitHub close when terminal timing is queued (0.973667ms)
✔ delivery receipt input refusal precedes every specified side effect (1.15125ms)
✔ delivery receipt lineage refusal precedes every specified side effect (1.069083ms)
✔ delivery receipt missing refusal precedes every specified side effect (1.134792ms)
✔ delivery receipt malformed refusal precedes every specified side effect (1.08825ms)
✔ delivery receipt duplicate refusal precedes every specified side effect (1.205375ms)
✔ delivery receipt conflicting refusal precedes every specified side effect (0.921333ms)
✔ delivery receipt ambiguous-pr refusal precedes every specified side effect (0.727125ms)
✔ delivery receipt not-merged refusal precedes every specified side effect (0.636875ms)
✔ delivery receipt branch-mismatch refusal precedes every specified side effect (0.859458ms)
✔ delivery receipt base-mismatch refusal precedes every specified side effect (1.0685ms)
✔ delivery receipt head-mismatch refusal precedes every specified side effect (0.993667ms)
✔ delivery receipt issue-mismatch refusal precedes every specified side effect (1.264625ms)
✔ delivery receipt pr-mismatch refusal precedes every specified side effect (1.058667ms)
✔ delivery receipt merge-commit-missing refusal precedes every specified side effect (0.968833ms)
✔ delivery receipt merge-commit-mismatch refusal precedes every specified side effect (1.017375ms)
ℹ tests 47
ℹ suites 0
ℹ pass 47
ℹ fail 0
ℹ cancelled 0
ℹ skipped 0
ℹ todo 0
ℹ duration_ms 346.632125
#925 is already fully closed; no terminal writes were repeated.
Closed #925.
Closed #925.
Closed #925.
Closed #925.
Closed #925.
Closed #925.
Closed #925.
Closed #925.
Closed #925.
Closed #925.
Closed #925.
Closed #925.
Closed #925.
Closed #925.
Closed #925.
Closed #925.
Closed #925.
Closed #925.
Closed #925.
[task-tracker] ⛔ Refusing to finalize #925: a newer binding or occupancy claim supersedes the terminal cleanup authority (no-recovery-backed-replacement).
Closed #925.
Closed #925.
#925 terminal disposition could not be read after transaction discovery: project field unavailable
No convergence mutation was attempted; retry later.
[task-tracker] warn: failed to strip ToDo label on #925: label API unavailable
Closed #925.
[task-tracker] ⛔ Refusing to close #925: close-delivery-receipt:fresh-input. Run `/task deliver` until a verified exact-head receipt exists, then retry. If the pull request was merged with a method this project does not declare (`delivery-verification:merge-method`), reconcile it with `/task deliver <N> --reconcile-merge-method <merge|squash|rebase> --reason "<why>"`.
Closed #925.
Closed #925.
Closed #925.
Closed #925.
Closed #925.
Closed #925.
Closed #925.
#925 is already fully closed; no terminal writes were repeated.
✔ fully converged Delivered close retry is an exact read-only success (1.030708ms)
✔ completed disposition step refuses a conflicting live terminal disposition (0.250792ms)
✔ open Done recovery refuses a disposition that contradicts its completed step (0.100708ms)
✔ pending disposition step refuses a contradictory live terminal disposition (0.087792ms)
✔ partial Delivered close transaction exposes only its missing suffix (0.193334ms)
✔ malformed, duplicate, and contradictory Delivered close records fail closed (0.144292ms)
✔ Delivered close transaction marker round-trips exact canonical bytes (0.81225ms)
✔ duplicate or malformed Delivered close markers refuse during read (0.260375ms)
✔ completed Delivered close retry performs no terminal mutation (4.916125ms)
✔ successful Delivered close persists a complete terminal transaction (22.312458ms)
✔ explicit restart audits a stale pre-terminal transaction before replacing and replaying it (16.592916ms)
✔ restart adopts an audit-backed replacement body after the body-write response was lost (13.362416ms)
✔ partial Delivered close runs only the missing terminal suffix (21.603041ms)
✔ Done-board open-issue retry resumes at issue close without replaying earlier steps (2.5915ms)
✔ closed Done retry resumes only labels and binding from durable issue step (2.294917ms)
✔ closed not-Done issue resumes its delivered-close transaction (2.756917ms)
✔ pending Delivered disposition is adopted without overwriting it (1.948459ms)
✔ durable effects without checkpoints are observed and adopted before replay (7.753375ms)
✔ newer binding conflict survives a terminal close retry untouched (1.841875ms)
✔ stale pre-close binding residue resumes without refreshing close authority (1.82875ms)
✔ Done-state durable retry bypasses ordinary Review gates without force or renewed approval (2.195333ms)
✔ disposition read outage after transaction discovery fails closed (0.806583ms)
✔ label cleanup failure leaves labels and binding transaction steps pending (0.636417ms)
✔ markerless open Done close is adopted into a complete durable transaction (2.604917ms)
✔ receipt-gate injection does not implicitly bypass fresh verification (1.139042ms)
✔ lost transaction-checkpoint response is adopted without repeating durable effects (29.963209ms)
ℹ tests 26
ℹ suites 0
ℹ pass 26
ℹ fail 0
ℹ cancelled 0
ℹ skipped 0
ℹ todo 0
ℹ duration_ms 246.470375
✔ #1470 close loads source proof for an external recovery receipt (4.379792ms)
✔ #1470 close inspects the merge tree needed by squash proof (0.188041ms)
✔ #1381 close carries immutable accepted authority after the reused branch advances (1.539166ms)
✔ #1397 projects delivery records under the unique accepted-head PR in either order (0.966833ms)
✔ #1406 ignores valid delivery records from an earlier pull request (1.148958ms)
✔ #1399 rejects an invalid GitHub comment timestamp before record projection (0.576875ms)
✔ #1397 refuses zero or duplicate accepted-head candidates before projection (0.488458ms)
ℹ tests 7
ℹ suites 0
ℹ pass 7
ℹ fail 0
ℹ cancelled 0
ℹ skipped 0
ℹ todo 0
ℹ duration_ms 107.904791
✔ names the reconciliation lane so it is discoverable from the refusal (0.423959ms)
✔ still carries the original deliver-then-retry guidance (0.064584ms)
✔ surfaces the close target and the underlying reason verbatim (0.052667ms)
✔ does not advertise --force as an escape from this gate (0.06425ms)
ℹ tests 4
ℹ suites 0
ℹ pass 4
ℹ fail 0
ℹ cancelled 0
ℹ skipped 0
ℹ todo 0
ℹ duration_ms 96.983167
✔ valid exact-head delivery receipt authorizes close (2.96925ms)
✔ close freshly verifies receipt reachability and authorized attribution bytes (1.201042ms)
✔ close fresh verification refuses unreachable trunk or altered attribution bytes (0.579375ms)
✔ #1395 close selects the unique accepted-head PR regardless of branch history order (0.762167ms)
✔ #1395 close refuses zero or multiple accepted-head PR matches (0.621958ms)
✔ #1401 matching Test and Review determine the accepted head after local HEAD advances (0.142875ms)
✔ missing, malformed, duplicate, conflicting, and mismatched receipt evidence fails closed (3.092959ms)
✔ child merge-back and explicit no-PR local trunk lane skip the PR receipt gate (0.281958ms)
✔ close contains no PR mutation or provider-action wait/retry path (0.815916ms)
ℹ tests 9
ℹ suites 0
ℹ pass 9
ℹ fail 0
ℹ cancelled 0
ℹ skipped 0
ℹ todo 0
ℹ duration_ms 62.784584
✔ Incorporated review evidence is strict, exact-SHA, and resolved against current policy (4.133875ms)
✔ Incorporated review evidence rejects malformed claims, red commands, and ambiguous tips (1.928083ms)
✔ Incorporated review evidence refuses stale approval without current standing (0.534833ms)
✔ durable review authority permits strict retry evidence after Full-Auto standing is removed (0.400334ms)
✔ fresh Incorporated preparation uses exact human ledger approval for a carrier-only row (0.873875ms)
✔ fresh, partial, and completed preparation normalize or reuse exact review authority (2.071417ms)
✔ close Incorporated lane authorizes before invoking its dedicated mutation runner (0.169208ms)
✔ authorization refusal leaves the Incorporated mutation runner untouched (0.14325ms)
✔ ordinary close treats --of as an assertion, never as authority discovery (0.185916ms)
ℹ tests 9
ℹ suites 0
ℹ pass 9
ℹ fail 0
ℹ cancelled 0
ℹ skipped 0
ℹ todo 0
ℹ duration_ms 106.766834
close-lifecycle-tick-retry.test.mjs: all passed
✔ #672 — transient failure is retried and a later success reports ok:true (0.572208ms)
✔ #672 — named guard error is not retried (0.2325ms)
✔ #672 — exhausting all retries returns ok:false with a message (0.208916ms)
ℹ tests 3
ℹ suites 0
ℹ pass 3
ℹ fail 0
ℹ cancelled 0
ℹ skipped 0
ℹ todo 0
ℹ duration_ms 96.180292
✔ exact no-commit authorization permits close without PR verification (2.67925ms)
✔ no-commit close fails closed for missing or malformed authorization (0.623209ms)
✔ no-commit comment projection rejects malformed, duplicate, and conflicting authority (0.336167ms)
✔ no-commit close rejects wrong issue, kind, deliverable URL, or accepted SHA (0.671417ms)
✔ code-kind issue still requires the pull-request receipt path (0.17875ms)
✔ epic with a pull request requires the pull-request receipt path (0.149208ms)
✔ close input loads no-commit authorization even when the branch has no pull request (0.768333ms)
ℹ tests 7
ℹ suites 0
ℹ pass 7
ℹ fail 0
ℹ cancelled 0
ℹ skipped 0
ℹ todo 0
ℹ duration_ms 102.237291
✔ close releases authoritative occupancy even when fleet cleanup fails (0.6965ms)
✔ close cannot report success when authoritative occupancy release fails (0.201ms)
ℹ tests 2
ℹ suites 0
ℹ pass 2
ℹ fail 0
ℹ cancelled 0
ℹ skipped 0
ℹ todo 0
ℹ duration_ms 91.133125
✔ tickLifecycleOnClose stays offline through the injected pexec seam (3.988208ms)
ℹ tests 1
ℹ suites 0
ℹ pass 1
ℹ fail 0
ℹ cancelled 0
ℹ skipped 0
ℹ todo 0
ℹ duration_ms 97.995708
close-reconcile-lifecycle.test.mjs: defined
✔ close on already-done issue (no drift) re-ticks strayed lifecycle DoD boxes (279.438959ms)
✔ close on closed issue with lagging board (drift) reconciles after converging (53.345584ms)
✔ reconcile drives an unticked real body to ticked story-closed + timing-flushed (#753 AC4) (0.776167ms)
✔ reconcile does not fabricate an absent lifecycle box (#753 AC3) (0.171125ms)
✔ reconcile is idempotent on already-ticked boxes (#753 AC3) (0.105959ms)
✔ convergence decision for the happy path is unchanged by the #753 seam (#753 AC4) (0.403125ms)
ℹ tests 6
ℹ suites 0
ℹ pass 6
ℹ fail 0
ℹ cancelled 0
ℹ skipped 0
ℹ todo 0
ℹ duration_ms 431.975333
Closed #925.
[task-tracker] ⛔ Refusing to close #925: terminal timing issue:wrap was not durably posted: lost response. Issue left OPEN; retry after timing evidence is reachable.
Closed #925.
[task-tracker] ⛔ Refusing to close #925: terminal timing issue:wrap was not durably posted: lost response. Issue left OPEN; retry after timing evidence is reachable.
Closed #925.
Closed #925.
Closed #925.
#925 stale Delivered close transaction could not be restarted: delivered-close-supersession:recovery-backing-ambiguous
No convergence mutation was attempted; retry later.
#925 stale Delivered close transaction could not be restarted: reopened-close-recovery:malformed-comment
No convergence mutation was attempted; retry later.
#925 stale Delivered close transaction could not be restarted: reopened-close-recovery:live-terminal-state
No convergence mutation was attempted; retry later.
#925 stale Delivered close transaction could not be restarted: reopened-close-recovery:live-terminal-state
No convergence mutation was attempted; retry later.
#925 stale Delivered close transaction could not be restarted: delivered-close-supersession:dirty-worktree
No convergence mutation was attempted; retry later.
#925 stale Delivered close transaction could not be restarted: reopened-close-recovery:live-terminal-state
No convergence mutation was attempted; retry later.
#925 stale Delivered close transaction could not be restarted: reopened-close-recovery:recovery-backed-transaction
No convergence mutation was attempted; retry later.
#925 stale Delivered close transaction could not be restarted: reopened-close-recovery:fresh-authority
No convergence mutation was attempted; retry later.
✔ stale restart composes one immutable reopened recovery with a partial replacement (44.643417ms)
✔ recovery-backed stale restart reuses the second link after a lost response (37.073625ms)
✔ recovery-backed stale restart resumes durable progress after the second link (76.820209ms)
✔ recovery-backed stale restart refuses contradictions before persistence (90.057208ms)
ℹ tests 4
ℹ suites 0
ℹ pass 4
ℹ fail 0
ℹ cancelled 0
ℹ skipped 0
ℹ todo 0
ℹ duration_ms 348.039542
[task-tracker] projectDir override: AI_TASK_MANAGER_PROJECT_DIR=/Users/kpburson/projects/Vibe-Coding/ai-task-manager/.worktrees/1574-historical-intent/.scratch/test/aitm-1490-close-wiring-EV9gBb for #1490
[task-tracker] ⛔ Refusing to close #1490: intentional interruption after timing. Issue left OPEN; repair outcome evidence and retry.
Closed #1490.
✔ #1490: OPEN/REOPENED normalizes to `reopened` and reaches authorization (4.7145ms)
✔ #1490: a plain OPEN issue is not recoverable (0.8835ms)
✔ #1490: durable evidence is written BEFORE the body is mutated (1.821291ms)
✔ #1490: Delivered survives recovery mint, timing checkpoint, and stale retry (45.85625ms)
✔ #1490: durable recovery authorizes an outcome correction only for its replacement transaction (1.269541ms)
✔ #1490: outcome correction accepts only the exact recovery-to-supersession chain (1.087042ms)
✔ #1490: the primary estimation step consumes the durable reopened-recovery authority (0.467416ms)
✔ #1490: gate-resolved Test and Review SHAs are the exact values used (1.179083ms)
✔ #1490: historical evidence is genuinely resolved, not asserted (0.705041ms)
✔ #1490: a fabricated or copied verifier result refuses (1.588208ms)
✔ #1490: absent Review authority refuses without an accepted-SHA substitution (0.58ms)
✔ #1490: contradictory live state writes nothing (3.609917ms)
✔ #1490: interruption after the comment reuses its replacement UUID (1.510667ms)
✔ #1490: interruption after the body replacement resumes without rewriting (1.440459ms)
✔ #1490: an unchanged mutation read-back refuses (0.900416ms)
✔ #1490: malformed durable evidence refuses rather than being skipped (0.238541ms)
✔ #1490: a recovery comment rendered for a different issue refuses (1.209709ms)
✔ #1490: the rendered comment round-trips through the strict codec (0.118292ms)
✔ #1490: a resume at a NONZERO prefix reuses the durable recovery, not a new mint (1.529834ms)
✔ #1490: a resume after the `board` step accepts board `done` (1.483041ms)
✔ #1490: a resume after the `issue` step accepts a CLOSED issue (1.232208ms)
✔ #1490: prefix-awareness is a predicate, not a bypass (6.159958ms)
✔ #1490: a retry after ALL steps completed is idempotent, not a refusal or a re-mint (0.667792ms)
✔ #1490: a completed replacement reopened for a new accepted SHA chains recovery (1.182083ms)
✔ #1490: a FRESH mint still requires the step-zero shape (0.716125ms)
✔ #1490: two durable records naming the same replacement refuse rather than pick one (0.687458ms)
ℹ tests 26
ℹ suites 0
ℹ pass 26
ℹ fail 0
ℹ cancelled 0
ℹ skipped 0
ℹ todo 0
ℹ duration_ms 195.512958
Closed #925.
Closed #925.
✔ gate-bypassed ordinary close ignores reviewer env and passes explicit authority (94.656625ms)
✔ human-gate ordinary close without reviewer env passes explicit authority (73.402334ms)
ℹ tests 2
ℹ suites 0
ℹ pass 2
ℹ fail 0
ℹ cancelled 0
ℹ skipped 0
ℹ todo 0
ℹ duration_ms 270.32375
close-strip-labels.test.mjs: ok
✔ closeLabelRemoveArgs builds the expected gh args (0.749292ms)
✔ convergence close-issue path strips only ToDo after gh close (273.624167ms)
✔ main close path strips only ToDo after gh close (54.736291ms)
✔ label-strip failure leaves close incomplete for a truthful retry (7.276792ms)
ℹ tests 4
ℹ suites 0
ℹ pass 4
ℹ fail 0
ℹ cancelled 0
ℹ skipped 0
ℹ todo 0
ℹ duration_ms 435.077667
✔ comment parses a strict target, key, and body file (1.028375ms)
✔ owned comment creates, updates, and no-ops exactly one stable marker (0.492625ms)
✔ owned comment refuses duplicate markers and marker spoofing (0.1875ms)
✔ write success is reported only after exact correlated read-back (0.121209ms)
✔ a concurrent duplicate ownership marker after create is a refusal (0.16ms)
✔ ambiguous create transport is recovered only from one exact marker read-back (0.215209ms)
✔ comment listing is exhaustive, correlated, and cursor-safe (0.247833ms)
✔ default GraphQL adapters create, read, update, and no-op through production queries (0.352084ms)
ℹ tests 8
ℹ suites 0
ℹ pass 8
ℹ fail 0
ℹ cancelled 0
ℹ skipped 0
ℹ todo 0
ℹ duration_ms 69.932417
commit-trace-verb.test.mjs: all passed
✔ scripts/tests/unit/task-tracker/verbs/commit-trace-verb.test.mjs (47.216375ms)
ℹ tests 1
ℹ suites 0
ℹ pass 1
ℹ fail 0
ℹ cancelled 0
ℹ skipped 0
ℹ todo 0
ℹ duration_ms 51.533458
coverage-ac-stamp.test.mjs: defined
[task-tracker] ac-stamp: no active task
[task-tracker] ac-stamp: no active task
Usage: /task ac-stamp "<acceptance criterion label>"
[task-tracker] ac-stamp: no Acceptance Criteria line carrying `aitm-verified-by` matching "totally absent label" found in #777 body.
[task-tracker] ac-stamp on #777: running 1 verifier(s) for AC "cover the ac-stamp verb"…
  ✗ node scripts/task-tracker/tools/coverage-threshold.mjs scripts/task-tracker/verbs/ac-stamp.mjs scripts/tests/unit/task-tracker/verbs/coverage-ac-stamp.test.mjs 80 (exit=1)
[task-tracker] ac-stamp: verifier `node scripts/task-tracker/tools/coverage-threshold.mjs scripts/task-tracker/verbs/ac-stamp.mjs scripts/tests/unit/task-tracker/verbs/coverage-ac-stamp.test.mjs 80` failed (exit=1). No marker stamped.
[task-tracker] ac-stamp on #777: running 1 verifier(s) for AC "cover the ac-stamp verb"…
  ✓ node scripts/task-tracker/tools/coverage-threshold.mjs scripts/task-tracker/verbs/ac-stamp.mjs scripts/tests/unit/task-tracker/verbs/coverage-ac-stamp.test.mjs 80 (exit=0)
[task-tracker] ✓ ac-stamp on #777: run-props (key=e8e3ca61) upserted onto the AC line's aitm-verified marker (sha=abc1234).
✔ no active task → exit 1 (1.102292ms)
✔ discover bucket active → exit 1 (0.567875ms)
✔ empty label → exit 1 (0.367334ms)
✔ no AC line matching label → exit 1 (1.941208ms)
✔ verifier non-zero exit → refuse, exit 1 (2.449834ms)
✔ happy path: verifier passes → stamps marker, no exit (4.271417ms)
ℹ tests 6
ℹ suites 0
ℹ pass 6
ℹ fail 0
ℹ cancelled 0
ℹ skipped 0
ℹ todo 0
ℹ duration_ms 78.522833
coverage-auto.test.mjs: defined
✔ runAuto: invalid choice → status invalid (0.643458ms)
✔ runAuto: missing sessionId → status no-session (0.118209ms)
✔ runAuto: valid choice → load→apply→save, status ok (1.066459ms)
✔ cli: no choice → usage on stderr, exit 2 (0.188875ms)
✔ cli: invalid choice → error on stderr, exit 2 (0.230334ms)
ℹ tests 5
ℹ suites 0
ℹ pass 5
ℹ fail 0
ℹ cancelled 0
ℹ skipped 0
ℹ todo 0
ℹ duration_ms 50.045833
coverage-check-verb.test.mjs: defined
[task-tracker] ⚠ `check` is deprecated and now aliases `ensureChecked` (it no longer toggles). Use `/task ensureChecked "<label>"` to tick, `/task ensureUnchecked "<label>"` to untick.
no active task
[task-tracker] ⚠ `check` is deprecated and now aliases `ensureChecked` (it no longer toggles). Use `/task ensureChecked "<label>"` to tick, `/task ensureUnchecked "<label>"` to untick.
no active task
[task-tracker] ⚠ `check` is deprecated and now aliases `ensureChecked` (it no longer toggles). Use `/task ensureChecked "<label>"` to tick, `/task ensureUnchecked "<label>"` to untick.
Usage: /task ensureChecked "<label>"
[task-tracker] ⚠ `check` is deprecated and now aliases `ensureChecked` (it no longer toggles). Use `/task ensureChecked "<label>"` to tick, `/task ensureUnchecked "<label>"` to untick.
[task-tracker] checkbox "totally absent" not found in #777
Checkboxes found:
  "plain ac no verifier <!-- aitm-non-demonstrable -->"
  "verified ac unchecked <!-- aitm-verified cmd="`echo ok`" -->"
  "verified ac checked <!-- aitm-verified cmd="`echo ok`" -->"
  "dup label"
  "dup label"
  "All automated tests pass <!-- aitm-verified cmd="`npm run test:all`" --> <!-- dod:functional:tests -->"
  "Acceptance criteria met <!-- dod:functional:acs -->"
  "Lint and format checks pass <!-- aitm-verified cmd="`npm run lint`" --> <!-- dod:functional:lint -->"
[task-tracker] ⚠ `check` is deprecated and now aliases `ensureChecked` (it no longer toggles). Use `/task ensureChecked "<label>"` to tick, `/task ensureUnchecked "<label>"` to untick.
[task-tracker] checkbox "dup label" is ambiguous in #777: 2 lines share this visible label. Disambiguate with a longer label or the full line text.
[task-tracker] ⚠ `check` is deprecated and now aliases `ensureChecked` (it no longer toggles). Use `/task ensureChecked "<label>"` to tick, `/task ensureUnchecked "<label>"` to untick.
EVIDENCE_REQUIRED: [task-tracker] ✗ Refusing to tick AC "verified ac unchecked" on #777.
  This acceptance criterion declares a verifier (aitm-verified cmd="…") but carries
  no aitm-ac-evidence:abc61792 marker. Run `/task ac-stamp "verified ac unchecked"` to
  execute `echo ok` in a sandbox; the evidence marker it stamps unlocks this tick.
[task-tracker] ⚠ `check` is deprecated and now aliases `ensureChecked` (it no longer toggles). Use `/task ensureChecked "<label>"` to tick, `/task ensureUnchecked "<label>"` to untick.
[task-tracker] ✓ "verified ac checked" already checked on #777 (no-op)
[task-tracker] ⚠ `check` is deprecated and now aliases `ensureChecked` (it no longer toggles). Use `/task ensureChecked "<label>"` to tick, `/task ensureUnchecked "<label>"` to untick.
[task-tracker] ✓ Checked "plain ac no verifier" on #777 (unverified — audit marker recorded)
[task-tracker] ⚠ `check` is deprecated and now aliases `ensureChecked` (it no longer toggles). Use `/task ensureChecked "<label>"` to tick, `/task ensureUnchecked "<label>"` to untick.
[task-tracker] ✗ Refusing to tick Functional DoD "All automated tests pass" on #777.
  Key dod:functional:tests has no aitm-dod-evidence marker. Run
  `/task dod-stamp tests` to execute the verifier in a sandbox; the
  evidence marker it stamps unlocks this tick.
[task-tracker] ⚠ `check` is deprecated and now aliases `ensureChecked` (it no longer toggles). Use `/task ensureChecked "<label>"` to tick, `/task ensureUnchecked "<label>"` to untick.
UNVERIFIED_HATCH_REFUSED: [task-tracker] ✗ Refusing --allow-unverified-ticks on AC "verified ac unchecked" in #777.
  This acceptance criterion declares a verifier (aitm-verified cmd="…"), so it is
  demonstrable — the unverified hatch is only for ACs carrying the
  `<!-- aitm-non-demonstrable -->` opt-out marker or otherwise no machine verifier.
  Run `/task ac-stamp "verified ac unchecked"` to execute `echo ok` and stamp real evidence instead.
[task-tracker] ⚠ `check` is deprecated and now aliases `ensureChecked` (it no longer toggles). Use `/task ensureChecked "<label>"` to tick, `/task ensureUnchecked "<label>"` to untick.
[task-tracker] ✓ "verified ac checked" already checked on #777 (no-op)
[task-tracker] ⚠ `check` is deprecated and now aliases `ensureChecked` (it no longer toggles). Use `/task ensureChecked "<label>"` to tick, `/task ensureUnchecked "<label>"` to untick.
[task-tracker] ✓ Checked "plain ac no verifier" on #777 (unverified)
[task-tracker] ⚠ `check` is deprecated and now aliases `ensureChecked` (it no longer toggles). Use `/task ensureChecked "<label>"` to tick, `/task ensureUnchecked "<label>"` to untick.
[task-tracker] ✗ Refusing to tick Functional DoD "All automated tests pass" on #777.
  Key dod:functional:tests has no aitm-dod-evidence marker. Run
  `/task dod-stamp tests` to execute the verifier in a sandbox; the
  evidence marker it stamps unlocks this tick.
[task-tracker] batch tick on #777 refused: 1 evidence-gated label(s) lack evidence. Run `/task dod-stamp <key>` or `/task ac-stamp "<label>"` for each, then retry.
[task-tracker] ⚠ `check` is deprecated and now aliases `ensureChecked` (it no longer toggles). Use `/task ensureChecked "<label>"` to tick, `/task ensureUnchecked "<label>"` to untick.
[task-tracker] ✗ checkbox "no such label" not found in #777
[task-tracker] ⚠ `check` is deprecated and now aliases `ensureChecked` (it no longer toggles). Use `/task ensureChecked "<label>"` to tick, `/task ensureUnchecked "<label>"` to untick.
[task-tracker] ✗ checkbox "dup label" is ambiguous in #777: 2 lines share this visible label.
[task-tracker] ⚠ `check` is deprecated and now aliases `ensureChecked` (it no longer toggles). Use `/task ensureChecked "<label>"` to tick, `/task ensureUnchecked "<label>"` to untick.
✔ verbCheck: no active task → exit 1 (1.32675ms)
✔ verbCheck: discover bucket active → exit 1 (0.506458ms)
✔ verbCheck: empty label → exit 1 (0.413167ms)
✔ verbCheck: not-found label → exit 1 (1.196959ms)
✔ verbCheck: ambiguous label → exit 1 (0.557791ms)
✔ verbCheck: evidence-gated AC without stamp → exit 1 (3.346209ms)
✔ verbCheck: happy path single toggle (uncheck) → no exit (0.59375ms)
✔ verbCheck: --allow-unverified-ticks happy path → no exit (3.193875ms)
✔ verbCheck: --allow-unverified-ticks on DoD item → refuse, exit 1 (0.52775ms)
✔ verbCheck: --allow-unverified-ticks on verifier AC → refuse, exit 1 (0.753625ms)
✔ verbCheck: batch happy path (uncheck) → no exit (0.928542ms)
✔ verbCheck: batch with --allow-unverified-ticks → no exit (1.593959ms)
✔ verbCheck: batch gate failure → exit 1 (0.44575ms)
✔ verbCheck: batch not-found label → exit 1 (0.505417ms)
✔ verbCheck: batch ambiguous label → exit 1 (0.482958ms)
Usage: /task ensureChecked --label "<label>" [--label ...] | --labels-file <path>
[task-tracker] ⚠ `check` is deprecated and now aliases `ensureChecked` (it no longer toggles). Use `/task ensureChecked "<label>"` to tick, `/task ensureUnchecked "<label>"` to untick.
✔ verbCheck: --labels-file empty + no --label → usage exit 1 (4.17875ms)
[task-tracker] ✓ "verified ac checked" already checked on #777 (no-op)
[task-tracker] ⚠ `check` is deprecated and now aliases `ensureChecked` (it no longer toggles). Use `/task ensureChecked "<label>"` to tick, `/task ensureUnchecked "<label>"` to untick.
✔ verbCheck: --labels-file with a label → no exit (1.008834ms)
[task-tracker] ✓ Marked deep-dive-complete on #777 at 2026-09-10T06:28:20.487Z
[task-tracker] ⚠ `check` is deprecated and now aliases `ensureChecked` (it no longer toggles). Use `/task ensureChecked "<label>"` to tick, `/task ensureUnchecked "<label>"` to untick.
stage-bound refusal: marking deep-dive complete via `/task ensureChecked "Deep dive complete"` is not permitted while #777 is in state `refine`.
  To proceed: /task promote → plan, then retry.
  Bypass (legacy artifacts only): add an `<!-- aitm-stage-bound-grandfather -->` marker to the body.
[task-tracker] ⚠ `check` is deprecated and now aliases `ensureChecked` (it no longer toggles). Use `/task ensureChecked "<label>"` to tick, `/task ensureUnchecked "<label>"` to untick.
✔ verbCheck: "deep dive complete" outside Refine → ensureDeepDive, no exit (240.798541ms)
✔ verbCheck: "deep dive complete" while bound in Refine → refuse, exit 1 (1.255709ms)
[task-tracker] ✓ Marked discussion complete on #777 at 2026-09-10T06:28:20.727Z (token stripped, aitm-discussed stamped, Discuss label removed)

✅ DISCUSSION RESOLVED — #777 · implementation may commence
✔ verbCheck: "discussion complete" → marks discussed, no exit (42.928583ms)
ℹ tests 20
ℹ suites 0
ℹ pass 20
ℹ fail 0
ℹ cancelled 0
ℹ skipped 0
ℹ todo 0
ℹ duration_ms 374.601041
coverage-check.test.mjs: defined
✔ toggleChecklistLine: not-found (1.1035ms)
✔ toggleChecklistLine: ambiguous (0.112625ms)
✔ toggleChecklistLine: toggles unchecked → checked, preserving markers (0.127583ms)
✔ toggleChecklistLine: toggles checked → unchecked (full-line label arg) (0.093958ms)
✔ toggleChecklistLines: folds mixed results (0.138875ms)
✔ parseCheckArgs: labels, labels-file, positional, hatch flag (0.402625ms)
✔ parseCheckArgs: trailing --label with no value is ignored (0.055958ms)
✔ classifyUnverifiedTick: eligible for a proofless AC tagged non-demonstrable (1.988209ms)
✔ classifyUnverifiedTick: refuses an undeclared AC (no verifier, no marker) (0.224667ms)
✔ classifyUnverifiedTick: refuses a Functional DoD item (0.158416ms)
✔ classifyUnverifiedTick: refuses a verifier-bearing AC (0.145833ms)
✔ formatUnverifiedHatchRefusal: names label and verifier (0.096791ms)
✔ formatUnverifiedHatchRefusal: falls back when no commands (0.054166ms)
✔ appendUnverifiedTickAudit: appends marker then is idempotent (0.08325ms)
✔ gateFunctionalDodTick: pass when no Functional section (0.044167ms)
✔ gateFunctionalDodTick: pass when label is not a DoD key (0.052291ms)
✔ gateFunctionalDodTick: pass when DoD item already checked (0.055375ms)
✔ gateFunctionalDodTick: refuse-derived for acs key (0.056417ms)
✔ gateFunctionalDodTick: refuse-missing-evidence for unstamped stampable key (0.061917ms)
✔ gateEvidenceTick: DoD non-pass propagates through (0.068958ms)
✔ gateEvidenceTick: pass for a non-verifier AC (0.06375ms)
✔ gateEvidenceTick: pass when verifier AC already checked (0.076834ms)
✔ gateEvidenceTick: refuse-ac-evidence for unstamped verifier AC (0.064834ms)
ℹ tests 23
ℹ suites 0
ℹ pass 23
ℹ fail 0
ℹ cancelled 0
ℹ skipped 0
ℹ todo 0
ℹ duration_ms 71.59625
coverage-commit-trace.test.mjs: defined
✔ runCommitTrace: happy path threads info through injected deps (8.447042ms)
✔ runCommitTrace: strips leading # from issueNumber (1.834917ms)
✔ runCommitTrace: throws without issueNumber (0.287459ms)
✔ runCommitTrace: throws without cfg.repo (0.109709ms)
Usage: /task commit-trace #N
Usage: /task commit-trace #N
commit-trace: commit-trace: cfg.repo is required
commit-trace: commit-trace: cfg.repo is required
✔ runCommitTrace: falls back to getProjectDir() when projectDir omitted (81.128625ms)
✔ verbCommitTrace: no target → usage, exit 1 (0.767ms)
✔ verbCommitTrace: discover bucket active + no positional → usage, exit 1 (0.299959ms)
✔ verbCommitTrace: positional target but runCommitTrace throws → catch, exit 1 (0.287ms)
✔ verbCommitTrace: target resolved from state.active, then catch → exit 1 (0.377416ms)
ℹ tests 9
ℹ suites 0
ℹ pass 9
ℹ fail 0
ℹ cancelled 0
ℹ skipped 0
ℹ todo 0
ℹ duration_ms 144.683834
coverage-config.test.mjs: defined
✔ no args → prints formatted config (0.751416ms)
✔ init → prints interview guidance (0.132ms)
✔ get known key → prints value + source (0.077084ms)
✔ get unknown key → error, exit 1 (0.121708ms)
✔ set valid key → writes via setConfigValue, prints value (1.684125ms)
✔ set unknown key → setConfigValue throws → error, exit 1 (0.123375ms)
ℹ tests 6
ℹ suites 0
ℹ pass 6
ℹ fail 0
ℹ cancelled 0
ℹ skipped 0
ℹ todo 0
ℹ duration_ms 55.77
coverage-dod-stamp.test.mjs: defined
[task-tracker] dod-stamp: no active task
Usage: /task dod-stamp <key>
  key ∈ { tests, lint, commits }
[task-tracker] dod-stamp: unknown key "bogus"
[task-tracker] dod-stamp: key "acs" is DERIVED — it is computed from the body at close time. Do not stamp manually; `/task close` will derive it.
[task-tracker] dod-stamp: no `dod:functional:tests` line found in #777 body.
[task-tracker] dod-stamp: `dod:functional:tests` line carries no verifier command. Add one (e.g. `<!-- aitm-verified cmd="\`npm test\`" -->`) before stamping.
[task-tracker] dod-stamp tests on #777: running 1 verifier(s)…
  ✗ node --test scripts/tests/unit/task-tracker/verbs/coverage-dod-stamp.test.mjs (exit=1)
[task-tracker] dod-stamp tests: verifier `node --test scripts/tests/unit/task-tracker/verbs/coverage-dod-stamp.test.mjs` failed (exit=1). No marker stamped.
[task-tracker] dod-stamp tests on #777: running 1 verifier(s)…
  ✓ node --test scripts/tests/unit/task-tracker/verbs/coverage-dod-stamp.test.mjs (exit=0)
[task-tracker] ✓ dod-stamp tests on #777: run-props upserted onto the dod:functional:tests line's aitm-verified marker (sha=abc1234).
✔ no active task → exit 1 (1.125083ms)
✔ empty key → exit 1 (0.347542ms)
✔ unknown key → exit 1 (0.412541ms)
✔ derived key (acs) → refuse, exit 1 (0.310208ms)
✔ keyed line absent → exit 1 (1.568125ms)
✔ keyed line has no verifier command → exit 1 (0.484833ms)
✔ verifier non-zero exit → refuse, exit 1 (2.222833ms)
✔ happy path: verifier passes → stamps marker, no exit (4.334ms)
ℹ tests 8
ℹ suites 0
ℹ pass 8
ℹ fail 0
ℹ cancelled 0
ℹ skipped 0
ℹ todo 0
ℹ duration_ms 80.070041
coverage-evidence-markers.test.mjs: defined
Usage: /task evidence-markers <audit|backfill> #N [--map-file mappings.json] [--dry-run]
evidence-markers backfill requires --map-file <json>
✔ runEvidenceMarkers: audit clean body → status clean (1.214167ms)
✔ runEvidenceMarkers: audit issues body → status issues-found (0.264625ms)
✔ runEvidenceMarkers: defaults to audit mode when mode omitted (0.137959ms)
✔ runEvidenceMarkers: backfill changed body → writes via mutateBody (1.302208ms)
✔ runEvidenceMarkers: backfill dry-run does not write (0.150625ms)
✔ runEvidenceMarkers: backfill with unchanged body skips write (0.154875ms)
✔ runEvidenceMarkers: backfill without mapping → ambiguous (0.103625ms)
✔ runEvidenceMarkers: unknown mode throws (0.331333ms)
✔ runEvidenceMarkers: throws without issueNumber (0.150166ms)
✔ runEvidenceMarkers: throws without cfg.repo (0.10875ms)
✔ verbEvidenceMarkers: no issue number → usage, exit 1 (0.2725ms)
✔ verbEvidenceMarkers: backfill without --map-file → exit 2 (0.123333ms)
missing-evidence: bare ac
missing-verification-command: npm test
stale-verification-command: npm run lint
evidence-markers: issues-found
✔ verbEvidenceMarkers: audit issues body prints audit, status issues-found (237.37625ms)
evidence-markers: clean
✔ verbEvidenceMarkers: audit clean body → exits normally (14.746333ms)
evidence-markers: dry-run
✔ verbEvidenceMarkers: backfill dry-run with map-file (13.518458ms)
missing-evidence: needs backfill
ambiguous-evidence: needs backfill
✔ verbEvidenceMarkers: backfill ambiguous → exit 3 (13.025417ms)
ℹ tests 16
ℹ suites 0
ℹ pass 16
ℹ fail 0
ℹ cancelled 0
ℹ skipped 0
ℹ todo 0
ℹ duration_ms 348.100625
coverage-fleet.test.mjs: defined
(node:35917) [DEP0187] DeprecationWarning: Passing invalid argument types to fs.existsSync is deprecated
(Use `node --trace-deprecation ...` to show where the warning was created)
✔ list: empty registry → "No fleet tasks registered." (7.721375ms)
✔ list: renders entries, covering both age formats and effectiveKind (6.978167ms)
✔ prune: nothing stale → "nothing stale", no eviction (6.49875ms)
✔ prune: evicts a worktree entry whose directory is gone (6.965084ms)
✔ prune --dry-run: reports "Would evict" but leaves the registry intact (7.9475ms)
ℹ tests 5
ℹ suites 0
ℹ pass 5
ℹ fail 0
ℹ cancelled 0
ℹ skipped 0
ℹ todo 0
ℹ duration_ms 94.571625
coverage-kind.test.mjs: defined
[task-tracker] ✓ kind on #42: set to "audit".
[task-tracker] ✓ kind on #99: cleared (code is the default lane).
[task-tracker] ✓ kind on #42: set to "epic".
✔ no args → usage error, exit 1 (0.658625ms)
✔ one arg with no active task → exit 1 (0.610667ms)
✔ invalid kind → exit 1 (0.136458ms)
✔ invalid issue number → exit 1 (0.109916ms)
✔ happy path: explicit target + non-code kind → sets marker (2.738625ms)
✔ happy path: one-arg active-bind form + code kind → clears marker (1.258791ms)
✔ epic kind delegates all carriers to the shared metadata reconciler (0.189542ms)
✔ epic body reconciliation appends the introduced DoD verifier with the next stable id (1.823375ms)
✔ repeating epic body reconciliation is content-idempotent and Review preflight accepts it (1.559875ms)
ℹ tests 9
ℹ suites 0
ℹ pass 9
ℹ fail 0
ℹ cancelled 0
ℹ skipped 0
ℹ todo 0
ℹ duration_ms 83.099041
coverage-mirror-deep-dive.test.mjs: defined
mirror-deep-dive: --from-comment <id|url|#issuecomment-<id>> or --repair-placement is required
{
  "status": "repaired"
}
mirror-deep-dive: --repair-placement and --from-comment are mutually exclusive
mirror-deep-dive: no issue specified and no active binding — pass #N or /task start #N first
✔ missing --from-comment → exit 2 (0.556917ms)
✔ --repair-placement needs no source comment and uses the active target (1.037542ms)
✔ repair and source-comment modes are mutually exclusive (0.181708ms)
✔ no target and no active binding → exit 2 (0.478416ms)
✔ target derived from active bind; unconfigured repo throws (0.575167ms)
✔ --from-comment= form + explicit #N → unconfigured repo throws (0.169042ms)
{
  "status": "mirrored",
  "commentId": "777",
  "url": "https://example/c/777"
}
✔ happy path: mirrors comment prose into the issue body, prints result (260.959042ms)
ℹ tests 7
ℹ suites 0
ℹ pass 7
ℹ fail 0
ℹ cancelled 0
ℹ skipped 0
ℹ todo 0
ℹ duration_ms 332.454042
coverage-plan-approve.test.mjs: defined
✔ runPlanApprove: throws without issueNumber (0.941875ms)
✔ runPlanApprove: throws without cfg (0.140083ms)
✔ runPlanApprove: not in plan state → wrong-state (0.188958ms)
✔ runPlanApprove: forbidden compound command in AC → forbidden-command (1.337791ms)
✔ runPlanApprove: both markers present → already-approved (no write) (1.129958ms)
✔ runPlanApprove: clean body → approved, mutate stamps both markers (0.756958ms)
✔ runPlanApprove: approval present, entry missing → re-stamped-entry (0.239667ms)
✔ verbPlanApprove: no issue number → usage, exit 1 (0.350583ms)
✔ verbPlanApprove: TT_SKIP_NETWORK set → refuses, exit 1 (0.145334ms)
✔ verbPlanApprove: approved → stdout, no exit (0.304209ms)
✔ verbPlanApprove: already-approved → stdout, no exit (0.172875ms)
✔ verbPlanApprove: re-stamped-entry → stdout, no exit (0.141ms)
✔ verbPlanApprove: repaired adaptive approval → stdout, no exit (0.144958ms)
✔ verbPlanApprove: missing adaptive forecast → stderr, exit 13 (0.088167ms)
✔ verbPlanApprove: wrong-state → stderr, exit 3 (0.065167ms)
✔ verbPlanApprove: forbidden-command → stderr, exit 12 (0.147667ms)
✔ verbPlanApprove: runPlanApprove throws → stderr, exit 1 (0.108167ms)
ℹ tests 17
ℹ suites 0
ℹ pass 17
ℹ fail 0
ℹ cancelled 0
ℹ skipped 0
ℹ todo 0
ℹ duration_ms 77.146625
[task-tracker] projectDir override: AI_TASK_MANAGER_PROJECT_DIR=/Users/kpburson/projects/Vibe-Coding/ai-task-manager/.worktrees/1574-historical-intent/.scratch/test/promote-gXlnqC for #100
✔ runPromote: throws without issueNumber or cfg (0.914458ms)
✔ runPromote: assertBound is invoked and may throw (0.154208ms)
[task-tracker] projectDir override: AI_TASK_MANAGER_PROJECT_DIR=/Users/kpburson/projects/Vibe-Coding/ai-task-manager/.worktrees/1574-historical-intent/.scratch/test/promote-gXlnqC for #1005
✔ runPromote: refine→R4P promoted via direct move + refine-estimate hook (224.920791ms)
[task-tracker] projectDir override: AI_TASK_MANAGER_PROJECT_DIR=/Users/kpburson/projects/Vibe-Coding/ai-task-manager/.worktrees/1574-historical-intent/.scratch/test/promote-gXlnqC for #1471
[task-tracker] projectDir override: AI_TASK_MANAGER_PROJECT_DIR=/Users/kpburson/projects/Vibe-Coding/ai-task-manager/.worktrees/1574-historical-intent/.scratch/test/promote-gXlnqC for #1473
✔ runPromote: refine→R4P refused when refine-estimate signals missing (2.673666ms)
✔ runPromote: refine→R4P refused when refine-exit gate returns blockers (1.110334ms)
[task-tracker] WARN: required project field "Start Time" (cfg.fieldStartTime) is not configured — board stamp skipped. Re-run `scripts/gh/init-project-config.sh` to discover and persist field ids.
[task-tracker] projectDir override: AI_TASK_MANAGER_PROJECT_DIR=/Users/kpburson/projects/Vibe-Coding/ai-task-manager/.worktrees/1574-historical-intent/.scratch/test/promote-gXlnqC for #1472
✔ runPromote: backlog→refine direct move (1.951375ms)
[task-tracker] projectDir override: AI_TASK_MANAGER_PROJECT_DIR=/Users/kpburson/projects/Vibe-Coding/ai-task-manager/.worktrees/1574-historical-intent/.scratch/test/promote-gXlnqC for #101
✔ runPromote: backlog→refine stamps Start time on success (1.002209ms)
[task-tracker] projectDir override: AI_TASK_MANAGER_PROJECT_DIR=/Users/kpburson/projects/Vibe-Coding/ai-task-manager/.worktrees/1574-historical-intent/.scratch/test/promote-gXlnqC for #1011
✔ runPromote: plan→develop promoted when planned-estimate appendix present (10.640292ms)
[task-tracker] projectDir override: AI_TASK_MANAGER_PROJECT_DIR=/Users/kpburson/projects/Vibe-Coding/ai-task-manager/.worktrees/1574-historical-intent/.scratch/test/promote-gXlnqC for #102
✔ runPromote: plan→develop refused when refine-estimate comment missing (3.158542ms)
[task-tracker] projectDir override: AI_TASK_MANAGER_PROJECT_DIR=/Users/kpburson/projects/Vibe-Coding/ai-task-manager/.worktrees/1574-historical-intent/.scratch/test/promote-gXlnqC for #1361
✔ runPromote: develop→test delegates to /task test (17.40825ms)
✔ runPromote: develop→test refused when CODE_COMPLETE gate blocks (8.119417ms)
[review] derive-rescan: #315 derive pass failed (non-fatal, rescanning live body): Command failed: gh issue view 2572 -R o/r --json body -q .body
stub-gh: refused issue view 2572 -R o/r --json body -q .body

[review] derive-rescan: live-body refresh failed; scanning pre-derive body: Command failed: gh issue view 2572 -R o/r --json body --jq .body
stub-gh: refused issue view 2572 -R o/r --json body --jq .body

[task-tracker] projectDir override: AI_TASK_MANAGER_PROJECT_DIR=/Users/kpburson/projects/Vibe-Coding/ai-task-manager/.worktrees/1574-historical-intent/.scratch/test/promote-gXlnqC for #2572
✔ runPromote: test→review delegates to /task review (20.155167ms)
[review] derive-rescan: #315 derive pass failed (non-fatal, rescanning live body): Command failed: gh issue view 1031 -R o/r --json body -q .body
stub-gh: refused issue view 1031 -R o/r --json body -q .body

[review] derive-rescan: live-body refresh failed; scanning pre-derive body: Command failed: gh issue view 1031 -R o/r --json body --jq .body
stub-gh: refused issue view 1031 -R o/r --json body --jq .body

[task-tracker] projectDir override: AI_TASK_MANAGER_PROJECT_DIR=/Users/kpburson/projects/Vibe-Coding/ai-task-manager/.worktrees/1574-historical-intent/.scratch/test/promote-gXlnqC for #1031
[task-tracker] projectDir override: AI_TASK_MANAGER_PROJECT_DIR=/Users/kpburson/projects/Vibe-Coding/ai-task-manager/.worktrees/1574-historical-intent/.scratch/test/promote-gXlnqC for #104
✔ runPromote: test→review refused when dod-verified marker missing (16.050458ms)
[task-tracker] projectDir override: AI_TASK_MANAGER_PROJECT_DIR=/Users/kpburson/projects/Vibe-Coding/ai-task-manager/.worktrees/1574-historical-intent/.scratch/test/promote-gXlnqC for #108
✔ runPromote: review→done delegates to /task close (16.258ms)
✔ runPromote: terminal refusal on done (0.156792ms)
✔ runPromote: drift refused when live ≠ recorded (0.051667ms)
[task-tracker] projectDir override: AI_TASK_MANAGER_PROJECT_DIR=/Users/kpburson/projects/Vibe-Coding/ai-task-manager/.worktrees/1574-historical-intent/.scratch/test/promote-gXlnqC for #109
✔ runPromote: bootstrap when lastKnownState absent (2.113666ms)
✔ runPromote: error when no recorded and no live state (0.079709ms)
[task-tracker] projectDir override: AI_TASK_MANAGER_PROJECT_DIR=/Users/kpburson/projects/Vibe-Coding/ai-task-manager/.worktrees/1574-historical-intent/.scratch/test/promote-gXlnqC for #132
✔ runPromote: transition-failed when alias verb exits non-zero (7.137459ms)
[task-tracker] projectDir override: AI_TASK_MANAGER_PROJECT_DIR=/Users/kpburson/projects/Vibe-Coding/ai-task-manager/.worktrees/1574-historical-intent/.scratch/test/promote-gXlnqC for #1751
✔ runPromote: promoted-with-warning, markers already synced (noop repair) (6.982625ms)
[task-tracker] projectDir override: AI_TASK_MANAGER_PROJECT_DIR=/Users/kpburson/projects/Vibe-Coding/ai-task-manager/.worktrees/1574-historical-intent/.scratch/test/promote-gXlnqC for #1753
✔ runPromote: promoted-with-warning, stale marker → repair write fires (7.126292ms)
[task-tracker] projectDir override: AI_TASK_MANAGER_PROJECT_DIR=/Users/kpburson/projects/Vibe-Coding/ai-task-manager/.worktrees/1574-historical-intent/.scratch/test/promote-gXlnqC for #134
✔ runPromote: delegate non-zero AND board drifted to non-target → transition-failed (6.423375ms)
Usage: promote #N
[task-tracker] projectDir override: AI_TASK_MANAGER_PROJECT_DIR=/Users/kpburson/projects/Vibe-Coding/ai-task-manager/.worktrees/1574-historical-intent/.scratch/test/promote-gXlnqC for #1473
✔ runPromote: post-failure getLiveState throw is swallowed (6.982209ms)
✔ runPromote: error when recorded state is unknown (0.1325ms)
✔ spawnVerbTimeout: test → undefined, others → finite budget (0.143125ms)
✔ verbPromote: no issue number → usage, exit 1 (0.333916ms)
✓ #1473 promoted: backlog → refine (direct)
[task-tracker] projectDir override: AI_TASK_MANAGER_PROJECT_DIR=/Users/kpburson/projects/Vibe-Coding/ai-task-manager/.worktrees/1574-historical-intent/.scratch/test/promote-gXlnqC for #100
✔ verbPromote: promoted → stdout, no exit (1.846459ms)
✓ #100 promoted: refine → ready-for-plan (direct)
  ↳ posted "### 🛠 Refine estimate" comment
✔ verbPromote: refine→R4P promoted prints refine-estimate comment line (5.728791ms)
[review] derive-rescan: #315 derive pass failed (non-fatal, rescanning live body): Command failed: gh issue view 1031 -R o/r --json body -q .body
stub-gh: refused issue view 1031 -R o/r --json body -q .body

[review] derive-rescan: live-body refresh failed; scanning pre-derive body: Command failed: gh issue view 1031 -R o/r --json body --jq .body
stub-gh: refused issue view 1031 -R o/r --json body --jq .body

[task-tracker] projectDir override: AI_TASK_MANAGER_PROJECT_DIR=/Users/kpburson/projects/Vibe-Coding/ai-task-manager/.worktrees/1574-historical-intent/.scratch/test/promote-gXlnqC for #1031

⛔ Refusing to promote #1031 to review: test-to-review-dod-missing: `aitm-dod-verified` marker absent — re-run `/task test #1031` to produce sandbox evidence before promoting to Review.
   BLOCKED: test-to-review-dod-missing: `aitm-dod-verified` marker absent — re-run `/task test #1031` to produce sandbox evidence before promoting to Review.

[task-tracker] projectDir override: AI_TASK_MANAGER_PROJECT_DIR=/Users/kpburson/projects/Vibe-Coding/ai-task-manager/.worktrees/1574-historical-intent/.scratch/test/promote-gXlnqC for #1134
✔ verbPromote: refused gate → exit 4 with BLOCKED lines (17.146459ms)

⛔ Refusing to promote #1134 to develop: plan-exit-decomposition: must-split (size-xl, estimate-hours); no linked plan path; Run `npx aitm split-plan <issue> --dry-run` or add a complete visible `## Decomposition Waiver` section.
   BLOCKED: plan-exit-decomposition: must-split (size-xl, estimate-hours); no linked plan path
   BLOCKED: Run `npx aitm split-plan <issue> --dry-run` or add a complete visible `## Decomposition Waiver` section.


⛔ Refusing to promote #107:
   BLOCKED: drift detected: board says "develop", task-tracker says "plan". Run `/task reconcile <accept-live|revert-to-recorded>`.


⛔ already in done (#106); promote is forward-only.

[task-tracker] projectDir override: AI_TASK_MANAGER_PROJECT_DIR=/Users/kpburson/projects/Vibe-Coding/ai-task-manager/.worktrees/1574-historical-intent/.scratch/test/promote-gXlnqC for #1751
✔ verbPromote: decomposition refusal renders blockers and exits 4 (3.124792ms)
✔ verbPromote: drift-refused → exit 4 (0.64575ms)
✔ verbPromote: terminal-refused → exit 4 (0.477417ms)
✓ #1751 promoted: develop → test (/task test)
  ⚠ delegate /task test exited 1 — board reached target; treating as soft warning.
  ↳ marker repaired (attempts: 1)
[task-tracker] projectDir override: AI_TASK_MANAGER_PROJECT_DIR=/Users/kpburson/projects/Vibe-Coding/ai-task-manager/.worktrees/1574-historical-intent/.scratch/test/promote-gXlnqC for #109
✔ verbPromote: promoted-with-warning prints soft-warning (7.830166ms)
promote: promote: delegate /task test exited 4; recorded state left at "develop".
promote: promote: unknown recorded state "bogus" for #110
promote: not bound to #9
✔ verbPromote: transition-failed → exits with delegate code (7.641ms)
✔ verbPromote: error status → exit 1 (0.703292ms)
✔ verbPromote: runPromote throw → catch → exit 1 (0.48925ms)
ℹ tests 36
ℹ suites 0
ℹ pass 36
ℹ fail 0
ℹ cancelled 0
ℹ skipped 0
ℹ todo 0
ℹ duration_ms 507.262291
coverage-update.test.mjs: defined
✔ no active task → "nothing to update", no flush (1.333583ms)
✔ active === discover → "nothing to update" (0.310292ms)
✔ happy path: default "checkpoint" description, wall == active → no wall note (28.850417ms)
✔ happy path: rest joins to description, wall != active → wall note shown (14.041584ms)
ℹ tests 4
ℹ suites 0
ℹ pass 4
ℹ fail 0
ℹ cancelled 0
ℹ skipped 0
ℹ todo 0
ℹ duration_ms 100.793167
✔ deliver source has no terminal lifecycle dependency (0.773833ms)
✔ #1512 default adapter resolves @me to an eligible human reviewer (0.652458ms)
✔ #1512 default adapter normalizes exact-head PR review evidence (0.242708ms)
✔ default live PR snapshot records a server-confirmed deleted source branch (1.367875ms)
✔ default PR adapter proves a complete paginated commit inventory (0.692917ms)
✔ default PR adapter rejects initial head mismatch (0.331041ms)
✔ default PR adapter rejects head drift between pages (0.139917ms)
✔ #1390 default PR adapter canonicalizes live GitHub second-precision mergedAt (0.227667ms)
✔ #1390 default PR adapter rejects missing or malformed mergedAt (0.23825ms)
✔ default merge-history inspector returns exact parents and authorized commit bytes (0.265708ms)
✔ #1389 default comment adapter canonicalizes live GitHub second-precision timestamps (0.152125ms)
✔ #1389 default comment adapter rejects malformed GitHub timestamps (0.082375ms)
✔ #1413 default delivery adapter excludes optional and historical PR checks (0.268542ms)
✔ #1413 default delivery adapter preserves pending required checks as non-green (0.150417ms)
✔ #1504 default delivery adapter reads an explicit absent required-check policy (0.172375ms)
✔ #1504 absent required checks remain unreadable after pull-request head drift (0.108583ms)
✔ #1504 default delivery adapter propagates unrelated exit-one check failures (0.07125ms)
ℹ tests 17
ℹ suites 0
ℹ pass 17
ℹ fail 0
ℹ cancelled 0
ℹ skipped 0
ℹ todo 0
ℹ duration_ms 80.591875
✔ #1490: external default-squash recovery writes one intent and one receipt (6.728333ms)
✔ #1490: a refused external default-squash recovery writes zero records (0.634125ms)
✔ #1490: an indented canonical-looking trailer writes zero records (0.4275ms)
✔ #1490: the harness rejects an unexpected squash-parent ancestry question (0.640292ms)
✔ #1490: an unauthorized attribution token writes zero records (0.496834ms)
ℹ tests 5
ℹ suites 0
ℹ pass 5
ℹ fail 0
ℹ cancelled 0
ℹ skipped 0
ℹ todo 0
ℹ duration_ms 80.948417
✔ default delivery adapter unwraps the raw GitHub GraphQL envelope for child lineage (1.034458ms)
✔ default delivery adapter accepts only an explicit null parent as top-level lineage (0.121583ms)
✔ default delivery adapter rejects GraphQL errors instead of selecting trunk (0.259583ms)
✔ default delivery adapter rejects missing data instead of selecting trunk (0.091125ms)
✔ default delivery adapter rejects missing issue instead of selecting trunk (0.108833ms)
✔ default delivery adapter rejects malformed parent instead of selecting trunk (0.099584ms)
ℹ tests 6
ℹ suites 0
ℹ pass 6
ℹ fail 0
ℹ cancelled 0
ℹ skipped 0
ℹ todo 0
ℹ duration_ms 74.664917
✔ omits a matching unattributed source record with two repository parents (0.868292ms)
✔ accepts GitHub ellipsis truncation when immutable inspection proves the full merge title (0.118709ms)
✔ preserves strict attribution input for one parent (0.07625ms)
✔ preserves strict attribution input for mismatched title (0.061625ms)
✔ preserves strict attribution input for malformed parents (0.076084ms)
✔ preserves strict attribution input when repository inspection fails (0.098958ms)
✔ preserves strict attribution input when immutable records are malformed (0.07525ms)
✔ refuses merged attribution when the provider inventory is not proven complete (0.0585ms)
✔ does not inspect attributed source subjects (0.070666ms)
ℹ tests 9
ℹ suites 0
ℹ pass 9
ℹ fail 0
ℹ cancelled 0
ℹ skipped 0
ℹ todo 0
ℹ duration_ms 73.9025
✔ selects the current PR while retaining valid prior delivery history (3.7625ms)
ℹ tests 1
ℹ suites 0
ℹ pass 1
ℹ fail 0
ℹ cancelled 0
ℹ skipped 0
ℹ todo 0
ℹ duration_ms 73.0935
✔ reviewed no-commit issue records action-free delivery and reuses exact readback (3.716667ms)
✔ code-kind issue never enters the no-commit delivery path (0.35725ms)
✔ epic with a pull request uses provider delivery instead of no-commit delivery (0.188292ms)
✔ no-commit delivery fails closed without exact deliverable evidence (0.249042ms)
ℹ tests 4
ℹ suites 0
ℹ pass 4
ℹ fail 0
ℹ cancelled 0
ℹ skipped 0
ℹ todo 0
ℹ duration_ms 74.169167
✔ selects the sole current-head PR from historical branch PRs (4.893333ms)
✔ recovers the sole merged current-head PR from historical branch PRs (1.726084ms)
✔ preserves count refusal for zero or duplicate exact-head PRs (0.420375ms)
ℹ tests 3
ℹ suites 0
ℹ pass 3
ℹ fail 0
ℹ cancelled 0
ℹ skipped 0
ℹ todo 0
ℹ duration_ms 75.992
✔ returns null when the lane is not requested (0.660084ms)
✔ parses the declared method and reason (0.472667ms)
✔ accepts the equals form (0.098542ms)
✔ refuses a method outside the known set (0.210791ms)
✔ refuses a missing reason — the ledger must record why (0.074666ms)
✔ refuses an empty or placeholder reason (0.07825ms)
✔ refuses a reason without the lane flag, so it cannot be silently ignored (0.086667ms)
✔ refuses a repeated flag rather than picking one (0.054542ms)
ℹ tests 8
ℹ suites 0
ℹ pass 8
ℹ fail 0
ℹ cancelled 0
ℹ skipped 0
ℹ todo 0
ℹ duration_ms 74.966
✔ external recovery refuses identical source and merge messages as squash proof (4.79475ms)
✔ external recovery refuses a multi-commit inventory not terminating at the accepted head as squash proof (0.536834ms)
✔ external recovery refuses missing source evidence fields as squash proof (0.414875ms)
✔ external recovery refuses source parent mismatch as squash proof (0.339667ms)
✔ external recovery refuses source tree mismatch as squash proof (0.351666ms)
✔ external recovery refuses configured merge method as squash proof (0.309833ms)
ℹ tests 6
ℹ suites 0
ℹ pass 6
ℹ fail 0
ℹ cancelled 0
ℹ skipped 0
ℹ todo 0
ℹ duration_ms 77.73175
✔ open-PR preflight omits a locally verified two-parent ancestry merge (5.740083ms)
✔ open-PR preflight preserves an unattributed local commit omitted by provider records (0.601042ms)
✔ merged external recovery refuses an incomplete provider commit inventory (0.287291ms)
✔ merged external recovery refuses source inventory not bound to the PR head (0.2315ms)
✔ merged external recovery refuses source inventory not bound to the PR head (0.250334ms)
ℹ tests 5
ℹ suites 0
ℹ pass 5
ℹ fail 0
ℹ cancelled 0
ℹ skipped 0
ℹ todo 0
ℹ duration_ms 76.64375
✔ first open-PR call posts one exact intent before emitting one action and exits 20 (6.727417ms)
✔ configured rebase refuses before durable intent or provider action output (0.441958ms)
✔ lost POST response reconciles the server-visible dedupe key without posting again (1.01675ms)
✔ same dedupe key with divergent authorized bytes fails closed (0.552792ms)
✔ same-head pending intent reruns live preflight and re-emits byte-identical JSON (0.933958ms)
✔ merged exact head is independently verified and receives one durable receipt (1.776791ms)
✔ merged verification rejects a missing merge SHA (0.940083ms)
✔ merged verification rejects the wrong recorded pre-merge head (0.553ms)
✔ merged delivery refuses a test SHA disagreement without appending a receipt (0.974208ms)
✔ merged delivery refuses a review SHA disagreement without appending a receipt (0.517583ms)
✔ merged verification rejects an exposed merge-method mismatch (0.672375ms)
✔ merged verification rejects a live-history merge-method mismatch (0.563167ms)
✔ merged verification rejects an indistinguishable live-history merge method (0.504792ms)
✔ ordinary delivery still requires live merge bytes to equal the prior authorization (0.513791ms)
✔ configured merge verifies an exact two-parent live-history shape (0.7745ms)
✔ merged verification rejects unknown branch disposition observations (2.468ms)
✔ merged verification fails closed when the authoritative trunk fetch fails (0.595166ms)
✔ merged verification rejects a merge result unreachable from fetched origin/trunk (0.545291ms)
✔ ordinary intent rejects a merge timestamp earlier than the server intent timestamp (0.545959ms)
✔ ambiguous provider outcome reconciles an open PR as the same action-required intent (0.486834ms)
✔ ambiguous provider outcome reconciles a merged PR from live state, not provider output (0.659083ms)
✔ repeated exact receipt re-verifies live PR and trunk without creating another comment (1.139792ms)
✔ advanced local head recovers one historical receipt from a prior durable intent (0.992375ms)
✔ advanced local head refuses historical recovery while the accepted PR is open (0.471875ms)
✔ advanced local head requires accepted Agent Review and standing approval (0.731542ms)
✔ advanced local head refuses wrong-SHA Test or Review evidence (0.624958ms)
✔ advanced local head enforces intent-time ordering and trunk reachability (1.045416ms)
✔ advanced local head rejects divergent prior intent repository bytes (0.546791ms)
✔ advanced local head rejects divergent prior intent issue bytes (0.447208ms)
✔ advanced local head rejects divergent prior intent pull request bytes (0.431208ms)
✔ advanced local head rejects divergent prior intent base bytes (0.514875ms)
✔ advanced local head rejects divergent prior intent branch bytes (0.440834ms)
✔ advanced local head rejects divergent prior intent head bytes (0.438917ms)
✔ advanced local head rejects divergent prior intent method bytes (0.44925ms)
✔ advanced local head rejects divergent prior intent attribution bytes (0.446958ms)
✔ advanced local head rejects divergent prior intent title bytes (0.816125ms)
✔ advanced local head rejects divergent prior intent message bytes (0.495916ms)
✔ advanced local head refuses historical recovery when Full-Auto delivery is disabled (0.432375ms)
✔ advanced local head rejects duplicate and divergent historical receipts (1.59425ms)
✔ advanced local head refuses historical recovery without a prior intent (0.124375ms)
✔ advanced local head explicitly reconstructs a missing intent after proving historical delivery (1.163625ms)
✔ historical reconstruction retries a persisted 1-record prefix without duplicates (1.328958ms)
✔ historical reconstruction retries a persisted 2-record prefix without duplicates (0.910875ms)
✔ historical reconstruction retries a persisted 3-record prefix without duplicates (0.737666ms)
✔ historical reconstruction recovers a lost reconciliation POST response without duplicate records (0.686709ms)
▶ historical reconstruction retries require explicit authority and fresh provider/Git proof
  ✔ 1 records: missing flag (0.14075ms)
  ✔ 1 records: changed reason (0.146625ms)
  ✔ 1 records: placeholder reason (0.129375ms)
  ✔ 1 records: changed declaration (0.108084ms)
  ✔ 1 records: unreachable merge (0.380417ms)
  ✔ 1 records: changed topology (0.14275ms)
  ✔ 1 records: changed live bytes (0.240708ms)
  ✔ 2 records: missing flag (0.167292ms)
  ✔ 2 records: changed reason (0.204542ms)
  ✔ 2 records: placeholder reason (0.184084ms)
  ✔ 2 records: changed declaration (0.16175ms)
  ✔ 2 records: unreachable merge (0.2195ms)
  ✔ 2 records: changed topology (0.157125ms)
  ✔ 2 records: changed live bytes (0.234625ms)
  ✔ 3 records: missing flag (0.183ms)
  ✔ 3 records: changed reason (0.207583ms)
  ✔ 3 records: placeholder reason (0.194833ms)
  ✔ 3 records: changed declaration (0.184875ms)
  ✔ 3 records: unreachable merge (0.247166ms)
  ✔ 3 records: changed topology (0.1855ms)
  ✔ 3 records: changed live bytes (0.25125ms)
✔ historical reconstruction retries require explicit authority and fresh provider/Git proof (5.138417ms)
▶ historical reconstruction refuses missing, malformed, or mismatched v2 retry provenance
  ✔ missing (0.248375ms)
  ✔ malformed (0.50475ms)
  ✔ v1 only (0.209542ms)
  ✔ wrong origin (0.17875ms)
  ✔ wrong issue (0.181333ms)
  ✔ wrong repository (0.179167ms)
  ✔ wrong PR (0.180458ms)
  ✔ wrong accepted SHA (0.178083ms)
  ✔ wrong merge SHA (0.300083ms)
  ✔ wrong configured method (0.179875ms)
  ✔ wrong observed method (0.185916ms)
  ✔ wrong reason (0.186ms)
  ✔ false divergence (0.173334ms)
✔ historical reconstruction refuses missing, malformed, or mismatched v2 retry provenance (3.677ms)
✔ historical reconstruction refuses unmerged PR without any ledger writes (0.107417ms)
✔ historical reconstruction refuses unreachable merge without any ledger writes (0.116208ms)
✔ historical reconstruction refuses unattributable topology without any ledger writes (0.088542ms)
✔ historical reconstruction refuses declared method mismatch without any ledger writes (0.087208ms)
✔ historical reconstruction refuses missing flag without any ledger writes (0.078667ms)
✔ historical reconstruction refuses failed trunk fetch without any ledger writes (0.122709ms)
✔ historical reconstruction refuses provider method mismatch without any ledger writes (0.120583ms)
✔ historical reconstruction refuses invalid attribution without any ledger writes (0.14125ms)
✔ advanced local head refuses an external recovery intent (0.264208ms)
✔ lost receipt POST response is reconciled from the single server-visible receipt (0.675291ms)
✔ conflicting receipts fail closed before any new comment is created (1.26275ms)
✔ already-merged external recovery appends an external intent and receipt without an action (0.626083ms)
✔ external recovery proves a configured squash from complete single-source history (0.508417ms)
✔ external recovery accepts exact legacy escaped attribution (0.692833ms)
▶ external recovery refuses altered legacy escaped attribution
  ✔ missing (0.227125ms)
  ✔ altered (0.158167ms)
  ✔ duplicated (0.148584ms)
  ✔ physical newlines (0.164958ms)
  ✔ altered title (0.171667ms)
  ✔ non-squash (0.145667ms)
  ✔ multiple tokens (0.162875ms)
✔ external recovery refuses altered legacy escaped attribution (1.433667ms)
✔ external recovery refuses ambiguous one-parent rewritten history with missing method observation (0.154625ms)
✔ external recovery refuses ambiguous one-parent rewritten history with null method observation (0.110417ms)
✔ external recovery strictly rejects malformed provider merge-method evidence (0.132208ms)
✔ external recovery rejects a provider method observation that mismatches configuration (0.140209ms)
✔ external recovery structurally verifies a two-parent merge without provider method evidence (0.723459ms)
✔ ordinary prior-intent squash remains verifiable without provider method evidence (0.644417ms)
✔ external recovery records observed merge bytes instead of synthesizing provider bytes (0.70825ms)
✔ external recovery refuses empty-title observed commit bytes before writing (0.230833ms)
✔ external recovery refuses control-character-title observed commit bytes before writing (0.161916ms)
✔ external recovery refuses control-character-message observed commit bytes before writing (0.139166ms)
✔ failed first external recovery writes nothing and a corrected retry succeeds (0.556708ms)
✔ external recovery derives required attribution from PR history when post-merge range is empty (0.442209ms)
✔ repeated external recovery re-verifies as already delivered without timestamp reclassification (0.64675ms)
✔ changed head requires fresh Test and review evidence then supersedes the prior intent (0.946584ms)
✔ child lineage returns an explicit non-provider result without provider or terminal effects (0.070666ms)
✔ unknown lineage fails closed instead of being classified as child delivery (0.074625ms)
✔ requested issue number never substitutes for a missing active binding (0.108959ms)
ℹ tests 120
ℹ suites 0
ℹ pass 120
ℹ fail 0
ℹ cancelled 0
ℹ skipped 0
ℹ todo 0
ℹ duration_ms 151.902333
✔ defaultRunMoveState (demote) delegates to host with --demote argv + demote env (0.562ms)
✔ defaultRunMoveState (demote) returns the host exit code verbatim (0.137416ms)
ℹ tests 2
ℹ suites 0
ℹ pass 2
ℹ fail 0
ℹ cancelled 0
ℹ skipped 0
ℹ todo 0
ℹ duration_ms 89.513792
✔ demote: test→develop happy path (2.323042ms)
✔ demote: review→develop happy path (0.233833ms)
✔ demote: refused from every non-{test,review} source (0.205334ms)
✔ demote: drift refused when live ≠ recorded (0.083917ms)
✔ demote: transition-failed when move-state exits non-zero (0.083291ms)
✔ demote: bootstrap when lastKnownState absent — syncs to live, then refuses if live is not test/review (0.104459ms)
✔ demote: bootstrap then demote from test succeeds (0.143875ms)
✔ demote: test→develop landed write carries develop marker (#295 closure semantics) (0.104666ms)
ℹ tests 8
ℹ suites 0
ℹ pass 8
ℹ fail 0
ℹ cancelled 0
ℹ skipped 0
ℹ todo 0
ℹ duration_ms 100.098417
✔ runDemote hard-refuses with no --rework (from review) (0.631792ms)
✔ runDemote hard-refuses with no --rework (from test) (0.068875ms)
✔ runDemote treats a whitespace-only --rework as absent (0.060541ms)
✔ runDemote with a real --rework from a legal source demotes and threads the reason (0.465375ms)
✔ runDemote still refuses an illegal source even with --rework (0.176917ms)
✔ defaultRunMoveState appends --demote and --demote-reason when a reason is present (0.288458ms)
✔ defaultRunMoveState omits --demote-reason when the reason is blank (0.135209ms)
✔ parseArgs extracts issue number and --rework in both forms (0.41075ms)
✔ #932 demote-strips-VC-evidence: uncheck + drop run-props, keep declaration (0.910583ms)
✔ #932 demote-preserves-protected: no invariant marker is lost (1.017542ms)
✔ #932 re-promote-restamps-new-sha: stripped item re-stamps against the new HEAD, not the old (0.185291ms)
✔ #932 demote-with-nothing-to-strip: a body with only declarations is a safe no-op (0.074208ms)
✔ #1557 compatibility repair accepts only the exact valid stranded provenance tuple (0.792458ms)
✔ #932 runDemote wires invalidateEvidence into the state-recording mutate and reports it (1.336458ms)
✔ #848 AC6: demote LEGAL_FROM/DEMOTE_TARGET unchanged by the park addition (0.063083ms)
ℹ tests 15
ℹ suites 0
ℹ pass 15
ℹ fail 0
ℹ cancelled 0
ℹ skipped 0
ℹ todo 0
ℹ duration_ms 99.911541
✔ Develop owns exact-head implementation verification as a resident action (0.608167ms)
✔ Develop verification runs the finalizer and persists its receipt (0.152416ms)
ℹ tests 2
ℹ suites 0
ℹ pass 2
ℹ fail 0
ℹ cancelled 0
ℹ skipped 0
ℹ todo 0
ℹ duration_ms 68.186792
dod-stamp-state-gate.test.mjs: defined
[task-tracker] dod-stamp tests: restricted verifier command(s) [npm run test:all] require the issue to be in `test` (current: `develop`). Run `/task promote` to reach `test`, where a sandboxed suite run is the sanctioned path.
[task-tracker] dod-stamp tests on #778: running 1 verifier(s)…
  ✓ npm run test:all (exit=0)
[task-tracker] ✓ dod-stamp tests on #778: run-props upserted onto the dod:functional:tests line's aitm-verified marker (sha=abc1234).
[task-tracker] ac-stamp: restricted verifier command(s) [npm run test:all] require the issue to be in `test` (current: `develop`). Run `/task promote` to reach `test`, where a sandboxed suite run is the sanctioned path.
[task-tracker] ac-stamp on #780: running 1 verifier(s) for AC "full suite must pass"…
  ✓ npm run test:all (exit=0)
[task-tracker] ✓ ac-stamp on #780: run-props (key=3bdb5b17) upserted onto the AC line's aitm-verified marker (sha=abc1234).
[task-tracker] dod-stamp tests on #781: reusing Test receipt 01KYZ7Q780MSDWE6F2DVR5QX55; standard commands were not rerun.
[task-tracker] ✓ dod-stamp tests on #781: run-props upserted onto the dod:functional:tests line's aitm-verified marker (sha=aaaaaaaaaaaaaaaaaaaaaaaaaaaaaaaaaaaaaaaa).
[task-tracker] dod-stamp tests: verifier command(s) [npm run test:all] cannot run in `review`. Demote and run `/task test` to produce a valid exact-SHA Test receipt, then retry.
[task-tracker] dod-stamp tests on #783: reusing Test receipt 01KYZ7Q780JDF5PAS5QEXTE9ZH; standard commands were not rerun.
[task-tracker] ✓ dod-stamp tests on #783: run-props upserted onto the dod:functional:tests line's aitm-verified marker (sha=aaaaaaaaaaaaaaaaaaaaaaaaaaaaaaaaaaaaaaaa).
[task-tracker] ac-stamp on #784: reusing Test receipt 01KYZ7Q780MGHJVE7APS8CQREY; standard commands were not rerun.
[task-tracker] ✓ ac-stamp on #784: evidence stamped from Test receipt (sha=aaaaaaaaaaaaaaaaaaaaaaaaaaaaaaaaaaaaaaaa).
[task-tracker] dod-stamp tests: verifier command(s) [npm run lint] cannot run in `review`. Demote and run `/task test` to produce a valid exact-SHA Test receipt, then retry.
[task-tracker] ac-stamp: verifier command(s) [npm run lint] cannot run in `review`. Demote and run `/task test` to produce a valid exact-SHA Test receipt, then retry.
[task-tracker] dod-stamp tests: verifier command(s) [npm run test:all] cannot run in `review`. Demote and run `/task test` to produce a valid exact-SHA Test receipt, then retry.
[task-tracker] ac-stamp: verifier command(s) [npm run test:all] cannot run in `review`. Demote and run `/task test` to produce a valid exact-SHA Test receipt, then retry.
[task-tracker] dod-stamp tests: live issue state could not be resolved; verifier execution is refused.
[task-tracker] ac-stamp: live issue state could not be resolved; verifier execution is refused.
✔ dod-stamp tests: refuses in develop, verifier never runs (3.201416ms)
✔ dod-stamp tests: proceeds normally once in test state (6.295833ms)
✔ ac-stamp: refuses a restricted verifier command in develop, verifier never runs (1.189834ms)
✔ ac-stamp: proceeds normally once in test state (2.088417ms)
✔ dod-stamp tests: Review + valid receipt reuses and does not spawn npm (2.113583ms)
✔ dod-stamp tests: Review + stale receipt refuses and does not spawn npm (0.756291ms)
✔ dod-stamp tests: Test + valid receipt reuses and does not spawn npm (1.024958ms)
✔ ac-stamp: Review + valid receipt reuses Test provenance and does not spawn npm (0.990209ms)
✔ Review + uncovered lint refuses on both stamp surfaces without spawning npm (0.620541ms)
✔ Review + issue-mismatched receipt refuses on both stamp surfaces (1.032292ms)
✔ unavailable live state refuses on both stamp surfaces (0.722208ms)
ℹ tests 11
ℹ suites 0
ℹ pass 11
ℹ fail 0
ℹ cancelled 0
ℹ skipped 0
ℹ todo 0
ℹ duration_ms 96.431625
ensure-checked.test.mjs: defined
[task-tracker] ✓ Checked "proven ac with execution proof" on #777
[task-tracker] ✓ Checked "proven ac with execution proof" on #777
[task-tracker] ✓ "proven ac with execution proof" already checked on #777 (no-op)
[task-tracker] ✓ "verified ac checked" already checked on #777 (no-op)
EVIDENCE_REQUIRED: [task-tracker] ✗ Refusing to tick AC "verified ac unchecked" on #777.
  This acceptance criterion declares a verifier (aitm-verified cmd="…") but carries
  no aitm-ac-evidence:abc61792 marker. Run `/task ac-stamp "verified ac unchecked"` to
  execute `echo ok` in a sandbox; the evidence marker it stamps unlocks this tick.
[task-tracker] ✓ Checked "plain ac no verifier" on #777 (unverified — audit marker recorded)
UNVERIFIED_HATCH_REFUSED: [task-tracker] ✗ Refusing --allow-unverified-ticks on AC "undeclared ac no verifier no marker" in #777.
  This acceptance criterion declares no verifier and carries no
  `<!-- aitm-non-demonstrable -->` opt-out marker, so it is not yet classified as
  demonstrable or honestly non-demonstrable. Either declare a verifier (aitm-verified
  cmd="…") and run `/task ac-stamp "undeclared ac no verifier no marker"`, or add the opt-out marker to the line
  if it is genuinely unverifiable.
UNVERIFIED_HATCH_REFUSED: [task-tracker] ✗ Refusing --allow-unverified-ticks on AC "verified ac unchecked" in #777.
  This acceptance criterion declares a verifier (aitm-verified cmd="…"), so it is
  demonstrable — the unverified hatch is only for ACs carrying the
  `<!-- aitm-non-demonstrable -->` opt-out marker or otherwise no machine verifier.
  Run `/task ac-stamp "verified ac unchecked"` to execute `echo ok` and stamp real evidence instead.
✔ setChecklistLine: ticks an unchecked line (changed) (0.9405ms)
✔ setChecklistLine: already-checked is a byte-identical no-op (0.111584ms)
✔ setChecklistLine: checked desired never unchecks a checked line (0.071833ms)
✔ setChecklistLine: preserves trailing evidence markers on tick (0.084834ms)
✔ setChecklistLine: not-found (0.077ms)
✔ setChecklistLine: ambiguous reports count (0.079583ms)
✔ setChecklistLines: folds desired across labels, records per-label result (0.4215ms)
✔ verbEnsureChecked: ticks a proof-bearing unchecked AC and writes [x] (5.859584ms)
✔ verbEnsureChecked: idempotent re-run on already-checked is a no-op (1.90825ms)
✔ verbEnsureChecked: never unchecks an already-checked AC (0.640417ms)
✔ verbEnsureChecked: evidence gate fires on verifier-AC transition → exit 1 (0.656042ms)
✔ verbEnsureChecked: --allow-unverified-ticks hatch ticks a proofless AC (1.078459ms)
✔ verbEnsureChecked: --allow-unverified-ticks refused on an undeclared AC (no verifier, no marker) → exit 1 (0.493666ms)
✔ verbEnsureChecked: --allow-unverified-ticks refused on verifier AC → exit 1 (0.411458ms)
[task-tracker] ✓ Marked deep-dive-complete on #777 at 2026-09-10T06:28:25.076Z
✔ verbEnsureChecked: special-label "deep dive complete" routes to ensureDeepDive (221.147583ms)
[task-tracker] ✓ Marked discussion complete on #777 at 2026-09-10T06:28:25.295Z (token stripped, aitm-discussed stamped, Discuss label removed)

✅ DISCUSSION RESOLVED — #777 · implementation may commence
✔ verbEnsureChecked: special-label "discussion complete" marks discussed (43.428833ms)
ℹ tests 16
ℹ suites 0
ℹ pass 16
ℹ fail 0
ℹ cancelled 0
ℹ skipped 0
ℹ todo 0
ℹ duration_ms 347.3125
ensure-unchecked.test.mjs: defined
[task-tracker] ✓ Unchecked "verified ac checked" on #777
[task-tracker] ✓ "plain ac no verifier" already unchecked on #777 (no-op)
[task-tracker] ✓ "plain ac no verifier" already unchecked on #777 (no-op)
[task-tracker] ✓ Unchecked "verified ac checked" on #777
[task-tracker] checkbox "deep dive complete" not found in #777
Checkboxes found:
  "plain ac no verifier"
  "verified ac checked <!-- aitm-verified cmd="`echo ok`" -->"
[task-tracker] checkbox "discussion complete" not found in #777
Checkboxes found:
  "plain ac no verifier"
  "verified ac checked <!-- aitm-verified cmd="`echo ok`" -->"
✔ setChecklistLine: unchecks a checked line (changed) (1.004708ms)
✔ setChecklistLine: already-unchecked is a byte-identical no-op (0.110334ms)
✔ setChecklistLine: unchecked desired never checks an unchecked line (0.066584ms)
✔ setChecklistLine: preserves trailing evidence markers on untick (0.087458ms)
✔ setChecklistLines: folds untick across labels with per-label results (0.468084ms)
✔ verbEnsureUnchecked: unchecks a checked AC and writes [ ] (4.794166ms)
✔ verbEnsureUnchecked: idempotent re-run on already-unchecked is a no-op (0.583792ms)
✔ verbEnsureUnchecked: never checks an unchecked AC (0.441583ms)
✔ verbEnsureUnchecked: runs NO evidence gate when un-ticking a verifier AC (1.337584ms)
✔ verbEnsureUnchecked: "deep dive complete" is ordinary text, not the marker route (0.583041ms)
✔ verbEnsureUnchecked: "discussion complete" is ordinary text, not the discuss route (0.423083ms)
ℹ tests 11
ℹ suites 0
ℹ pass 11
ℹ fail 0
ℹ cancelled 0
ℹ skipped 0
ℹ todo 0
ℹ duration_ms 77.772958
[task-tracker] ✓ #1067 AC-reconciled: epic goals re-read against delivered children.
[task-tracker] ✓ #1067 deliverable recorded: https://github.com/kburson/ai-task-manager/issues/1067#issuecomment-5227079541
AC↔child bijection — epic #1067: no `**Cn · #NNN**` mapping declared on any AC. 1 AC(s) and 0 child(ren) are related only by convention, so neither drift direction can be detected here. Declaring the mapping is optional — knowing it is absent is not.
[task-tracker] ✓ #1067 AC-reconciled: epic goals re-read against delivered children.
[task-tracker] ✓ #1067 deliverable recorded: https://github.com/kburson/ai-task-manager/issues/1067#issuecomment-5227079541
AC↔child bijection — epic #1067: no `**Cn · #NNN**` mapping declared on any AC. 1 AC(s) and 0 child(ren) are related only by convention, so neither drift direction can be detected here. Declaring the mapping is optional — knowing it is absent is not.
[task-tracker] ✓ #1067 AC-reconciled: epic goals re-read against delivered children.
AC↔child bijection — epic #1067: no `**Cn · #NNN**` mapping declared on any AC. 1 AC(s) and 0 child(ren) are related only by convention, so neither drift direction can be detected here. Declaring the mapping is optional — knowing it is absent is not.
✔ setDeliverablePosted inserts one URL-bearing marker and retries byte-identically (0.867333ms)
✔ setDeliverablePosted refuses to replace a different or provenance-free marker (1.238334ms)
✔ validateEpicDeliverableComment accepts only a non-empty comment on the target issue (0.516083ms)
✔ parseEpicReconcileArgs supports explicit and active targets and rejects malformed flags (0.207083ms)
✔ verbEpicReconcile validates the comment before one combined versioned mutation (0.978167ms)
✔ foreign deliverable fails before body mutation (0.139125ms)
✔ production comment fetch reads the exact REST comment endpoint (0.406167ms)
✔ no deliverable flag preserves reconciliation-only compatibility (0.192333ms)
ℹ tests 8
ℹ suites 0
ℹ pass 8
ℹ fail 0
ℹ cancelled 0
ℹ skipped 0
ℹ todo 0
ℹ duration_ms 73.552959
✔ verified recovery releases a confirmed closed issue without an override (0.785875ms)
✔ advisory fleet cleanup cannot turn an authoritative recovery into failure (0.146833ms)
✔ recovery refuses to release a binding for an open issue (0.234917ms)
✔ recovery fails closed when GitHub issue state is unavailable (0.105417ms)
ℹ tests 4
ℹ suites 0
ℹ pass 4
ℹ fail 0
ℹ cancelled 0
ℹ skipped 0
ℹ todo 0
ℹ duration_ms 55.057375
✔ legacy body without dod:functional markers passes the gate (0.823959ms)
✔ label outside Functional section passes the gate (0.834ms)
✔ stampable key without evidence marker refuses with missing-evidence (0.107541ms)
✔ stampable key WITH evidence marker passes (0.083042ms)
✔ derived keys refuse outright with refuse-derived (0.093833ms)
✔ already-ticked Functional key passes (unticking allowed) (0.065333ms)
ℹ tests 6
ℹ suites 0
ℹ pass 6
ℹ fail 0
ℹ cancelled 0
ℹ skipped 0
ℹ todo 0
ℹ duration_ms 66.549042
✔ deliver help and catalog describe current-head and historical recovery modes exactly (0.742459ms)
✔ close help distinguishes Incorporated owner assertion from duplicate and incident-epic use (0.188ms)
✔ close help exposes the audited stale pre-terminal transaction restart contract (0.149458ms)
✔ #1490: close help exposes the reopened completed-transaction recovery contract (0.166166ms)
✔ incident-ledger help requires executable Incorporated carrier authority (0.218792ms)
ℹ tests 5
ℹ suites 0
ℹ pass 5
ℹ fail 0
ℹ cancelled 0
ℹ skipped 0
ℹ todo 0
ℹ duration_ms 56.09975
✔ incident-ledger keeps record and approval as mutually exclusive explicit modes (0.8905ms)
✔ incident-ledger help and provider rule publish exact verifier phase syntax (0.230584ms)
✔ production runtime fetches and pins one fresh origin/trunk snapshot (0.26775ms)
ℹ tests 3
ℹ suites 0
ℹ pass 3
ℹ fail 0
ℹ cancelled 0
ℹ skipped 0
ℹ todo 0
ℹ duration_ms 74.348333
PASS: parseArgs extracts all fields
PASS: validateArgs rejects unknown size
PASS: buildInflationSection produces three-part format
PASS: successful append — comment patched, board updated, body updated
PASS: estimate inflation converges comment, board, and body on the ceiling
PASS: missing refine-estimate comment → no-refine-comment
PASS: idempotent re-run appends second block, preserves first

All inflate-estimate tests passed.
✔ scripts/tests/unit/task-tracker/verbs/inflate-estimate.test.mjs (57.698042ms)
ℹ tests 1
ℹ suites 0
ℹ pass 1
ℹ fail 0
ℹ cancelled 0
ℹ skipped 0
ℹ todo 0
ℹ duration_ms 63.192583
✔ issue-body parses one target and one operation file strictly (0.933708ms)
✔ issue-body accepts only the versioned declarative schemas (0.141959ms)
✔ exact replacement is evaluated against the fresh body and requires one match (0.377459ms)
✔ named section replacement obeys heading boundaries and explicit preconditions (0.257042ms)
✔ expectedVersion is checked inside the fresh-base transformation (0.141459ms)
✔ declarative operations preserve every AITM marker byte-for-byte (0.088875ms)
✔ runIssueBodyOperation uses canonical mutate and verifies returned live body (0.372166ms)
✔ canonical write enforces expected version and protected-marker invariants (0.35575ms)
ℹ tests 8
ℹ suites 0
ℹ pass 8
ℹ fail 0
ℹ cancelled 0
ℹ skipped 0
ℹ todo 0
ℹ duration_ms 66.698209
✔ issue enumeration stays below GitHub GraphQL node-cost limits (0.807625ms)
✔ classification migrates only strict open markers and ignores fenced examples (0.724833ms)
✔ marker removal preserves fenced examples byte-for-byte (0.314625ms)
✔ argument parser requires exactly one explicit mode (0.241ms)
✔ dry-run reports deterministic actions without mutation (0.239667ms)
✔ apply orders native convergence and readback before destructive legacy cleanup (0.133708ms)
✔ every partial failure preserves the final legacy marker step for retry (0.714417ms)
✔ apply refuses a changed live marker before any graph or cleanup mutation (0.097625ms)
✔ strict candidates with no missing native edge report already-native (0.315542ms)
✔ run reports ambiguous open carriers as exit 3 only for apply (0.142833ms)
ℹ tests 10
ℹ suites 0
ℹ pass 10
ℹ fail 0
ℹ cancelled 0
ℹ skipped 0
ℹ todo 0
ℹ duration_ms 65.364875
[task-tracker] Could not move 42 to test: move-state exited 1
[task-tracker] Run manually: node scripts/gh/move-state.mjs 42 test
[task-tracker] Could not move 42 to test: move-state exited 2
[task-tracker] Run manually: node scripts/gh/move-state.mjs 42 test
[task-tracker] Could not move 42 to test: move-state exited 3
[task-tracker] Run manually: node scripts/gh/move-state.mjs 42 test
[task-tracker] Could not move 42 to test: move-state exited 5
[task-tracker] Run manually: node scripts/gh/move-state.mjs 42 test
[task-tracker] Could not move 42 to test: move-state exited 7
[task-tracker] Run manually: node scripts/gh/move-state.mjs 42 test
✔ every lifecycle command maps to one explicit Cursor trigger and target contract (0.876208ms)
✔ command Cursor requests reject inferred or extra targets (0.224666ms)
✔ every caller seam produces the canonical argv shape + verb context (0.7495ms)
✔ every caller seam relays the host exit code verbatim (2.229625ms)
✔ runtime(→close) seam: canonical argv + runtime context + status parity (1.119542ms)
ℹ tests 5
ℹ suites 0
ℹ pass 5
ℹ fail 0
ℹ cancelled 0
ℹ skipped 0
ℹ todo 0
ℹ duration_ms 116.636583
✔ AC2: isHelpProbe is true for each help token, case-insensitive (0.409125ms)
✔ AC3: a title containing a help word is NOT a probe (0.063084ms)
✔ AC4: no-arg / empty rest is NOT a probe (0.049667ms)
✔ AC1: verbNew("help") prints help and performs no create/bind mutation (9.571542ms)
ℹ tests 4
ℹ suites 0
ℹ pass 4
ℹ fail 0
ℹ cancelled 0
ℹ skipped 0
ℹ todo 0
ℹ duration_ms 60.887958
✔ routes through create-issue.mjs --shape stub, not raw gh issue create (0.558208ms)
✔ honors TT_FAKE_NEW_ISSUE short-circuit without shelling out (0.075ms)
✔ SKIP_NETWORK short-circuits to #0 without shelling out (0.063375ms)
ℹ tests 3
ℹ suites 0
ℹ pass 3
ℹ fail 0
ℹ cancelled 0
ℹ skipped 0
ℹ todo 0
ℹ duration_ms 50.652125
✔ extractKind pulls the --kind value and leaves title tokens intact (0.73375ms)
✔ extractKind returns null kind and unchanged rest when --kind absent (AC3) (0.0615ms)
✔ extractKind consumes only the first --kind occurrence (0.058167ms)
✔ extractKind drops a trailing --kind with no value (0.050333ms)
✔ extractKind tolerates a non-array (0.054042ms)
✔ createNewIssue appends --kind to the spawned argv when kind is set (0.183125ms)
✔ createNewIssue omits --kind from argv when kind is null (AC3) (0.095291ms)
✔ createNewIssue omits --kind from argv when kind is an empty string (0.057625ms)
✔ createNewIssue no-kind argv is byte-identical to the default-arg call (AC3) (0.080625ms)
✔ createNewIssue never forwards cfg.defaultLabels into the argv (#748 Defect A) (0.101208ms)
✔ findUnknownFlags reports every unrecognized flag token (#748 Defect B) (0.116959ms)
✔ findUnknownFlags returns [] for a plain title (#748 Defect B) (0.062042ms)
✔ findUnknownFlags returns [] for kind-stripped title tokens (#748 Defect B) (0.045042ms)
✔ findUnknownFlags flags a short -x option token (#748 Defect B) (0.042625ms)
✔ findUnknownFlags tolerates a non-array (0.04075ms)
ℹ tests 15
ℹ suites 0
ℹ pass 15
ℹ fail 0
ℹ cancelled 0
ℹ skipped 0
ℹ todo 0
ℹ duration_ms 54.699792
✔ case fall-through: promote and next share verbPromote handler (0.442541ms)
✔ ISSUE_ARG_VERBS includes next (0.094916ms)
✔ help text documents next as alias of promote (0.241041ms)
ℹ tests 3
ℹ suites 0
ℹ pass 3
ℹ fail 0
ℹ cancelled 0
ℹ skipped 0
ℹ todo 0
ℹ duration_ms 57.340041
✔ Park compatibility boundary is the canonical Shelve boundary (0.67625ms)
✔ Park strict argv accepts the Shelve owner-removal flag (0.2545ms)
✔ Park strict argv refuses the Shelve-only stale-blocker migration flag (0.213667ms)
✔ Park refuses the Shelve-only migration flag before it obtains a lock or starts a transaction (0.222958ms)
✔ Park delegates to the one Shelve transaction authority (0.134041ms)
✔ Park no longer accepts Plan and no longer has an estimate-preserving path (0.080458ms)
ℹ tests 6
ℹ suites 0
ℹ pass 6
ℹ fail 0
ℹ cancelled 0
ℹ skipped 0
ℹ todo 0
ℹ duration_ms 94.818292
plan-approve-collapse: ok
✔ scripts/tests/unit/task-tracker/verbs/plan-approve-collapse.test.mjs (65.920084ms)
ℹ tests 1
ℹ suites 0
ℹ pass 1
ℹ fail 0
ℹ cancelled 0
ℹ skipped 0
ℹ todo 0
ℹ duration_ms 70.315958
plan-approve.test.mjs: all passed
✔ scripts/tests/unit/task-tracker/verbs/plan-approve.test.mjs (68.502625ms)
ℹ tests 1
ℹ suites 0
ℹ pass 1
ℹ fail 0
ℹ cancelled 0
ℹ skipped 0
ℹ todo 0
ℹ duration_ms 73.219
✔ parseArgs extracts planned/current/rationale and strips trailing h (0.876417ms)
✔ parseArgs omits absent current keys and falls back to active issue (0.092667ms)
✔ parseArgs selects v1 evidence or explicit legacy compatibility mode (0.080792ms)
✔ runPlanEstimate delegates evidence-file execution to adaptive authority (0.211042ms)
✔ legacy planned flags require explicit compatibility mode (0.391792ms)
✔ resolveTargetIssue prefers explicit positional over active (0.087292ms)
✔ runPlanEstimate rejects missing target (0.102083ms)
✔ runPlanEstimate rejects missing cfg.repo (0.107375ms)
✔ runPlanEstimate rejects empty planned column (0.093708ms)
✔ runPlanEstimate appends with explicit current (no board read) (0.222166ms)
✔ compatibility Plan normalizes explicit Refine and Plan projections (0.168875ms)
✔ compatibility Plan normalizes a board-derived Refine projection (0.222ms)
✔ compatibility Plan treats a null current projection as board-derived (0.108917ms)
✔ runPlanEstimate sources current from the board when --current-* omitted (0.536542ms)
✔ runPlanEstimate mirrors planned when board read is empty (0.135042ms)
✔ runPlanEstimate mirrors planned when board read throws (0.115ms)
✔ runPlanEstimate skips board read when projectId is absent (0.067417ms)
✔ runPlanEstimate heals an empty appendix via repopulate on duplicate (0.064625ms)
✔ runPlanEstimate surfaces no-refine-comment from append (0.046042ms)
✔ plan-estimate is registered in the command catalog (0.084958ms)
ℹ tests 20
ℹ suites 0
ℹ pass 20
ℹ fail 0
ℹ cancelled 0
ℹ skipped 0
ℹ todo 0
ℹ duration_ms 84.163375
  ⚠ user-story: User Story section missing or incomplete — `## User Story` must contain three non-placeholder lines before promoting to Ready for Planning (Connextra format: "As a…\nI want to…\nSo that…")
✔ runPromote: TT_FULL_AUTO=1 cannot bypass an unresolved {discuss} directive (2.828791ms)
  ⚠ user-story: User Story section missing or incomplete — `## User Story` must contain three non-placeholder lines before promoting to Ready for Planning (Connextra format: "As a…\nI want to…\nSo that…")
✔ runPromote: promotes once the discussion is resolved (token stripped) (0.953084ms)
ℹ tests 2
ℹ suites 0
ℹ pass 2
ℹ fail 0
ℹ cancelled 0
ℹ skipped 0
ℹ todo 0
ℹ duration_ms 106.064125
✔ defaultRunMoveState delegates to runMoveStateHost with promote env + synthetic argv (0.542ms)
✔ defaultRunMoveState returns the host exit code verbatim (non-zero preserved) (0.142208ms)
ℹ tests 2
ℹ suites 0
ℹ pass 2
ℹ fail 0
ℹ cancelled 0
ℹ skipped 0
ℹ todo 0
ℹ duration_ms 100.2055
✔ runPromote redirects to /task review, not /task close, when aitm-review-failed is present (2.656125ms)
✔ runPromote redirects to /task review when no Agent Review evidence has ever been recorded (0.268958ms)
✔ runPromote still delegates review → close when Agent Review genuinely passed (unchanged) (258.456041ms)
ℹ tests 3
ℹ suites 0
ℹ pass 3
ℹ fail 0
ℹ cancelled 0
ℹ skipped 0
ℹ todo 0
ℹ duration_ms 364.033542
✔ AC1: test delegate gets no outer timeout (or >= SANDBOX_TIMEOUT_MS), never the GH-API cap (0.447917ms)
✔ AC2: a sandbox run exceeding 60s is not SIGTERMd at the outer layer (0.066666ms)
✔ AC3: the move-state delegate timeout is unchanged (GH_API_TIMEOUT_MS * 2) (0.063041ms)
✔ quick delegates (close) keep the short budget (0.045709ms)
ℹ tests 4
ℹ suites 0
ℹ pass 4
ℹ fail 0
ℹ cancelled 0
ℹ skipped 0
ℹ todo 0
ℹ duration_ms 98.157792
✔ the test delegate runs inside promote-held lock instead of deadlocking (3.228917ms)
✔ the test delegate still acquires for real when promote is not holding (0.668833ms)
✔ a promote frame on a different issue does not wave the delegate through (0.926542ms)
ℹ tests 3
ℹ suites 0
ℹ pass 3
ℹ fail 0
ℹ cancelled 0
ℹ skipped 0
ℹ todo 0
ℹ duration_ms 79.36275
✔ test → review delegates to the review verb (0.402208ms)
✔ the other aliases are unchanged (0.063708ms)
✔ only post-Develop transitions use alias verbs (0.354792ms)
✔ promote reaches the canonical policy delegate branch whenever the source has one (0.370209ms)
✔ the stale "test has no alias" comment is gone (0.195916ms)
ℹ tests 5
ℹ suites 0
ℹ pass 5
ℹ fail 0
ℹ cancelled 0
ℹ skipped 0
ℹ todo 0
ℹ duration_ms 95.796
[review] derive-rescan: #315 derive pass failed (non-fatal, rescanning live body): Command failed: gh issue view 820 -R o/r --json body -q .body
stub-gh: refused issue view 820 -R o/r --json body -q .body

[review] derive-rescan: live-body refresh failed; scanning pre-derive body: Command failed: gh issue view 820 -R o/r --json body --jq .body
stub-gh: refused issue view 820 -R o/r --json body --jq .body

[task-tracker] projectDir override: AI_TASK_MANAGER_PROJECT_DIR=/Users/kpburson/projects/Vibe-Coding/ai-task-manager/.worktrees/1574-historical-intent/.scratch/test/promote-820-tSR0YD for #820
✔ AC1 — promote from Test delegates to the review verb, not the direct move path (243.739ms)
[review] derive-rescan: #315 derive pass failed (non-fatal, rescanning live body): Command failed: gh issue view 820 -R o/r --json body -q .body
stub-gh: refused issue view 820 -R o/r --json body -q .body

[review] derive-rescan: live-body refresh failed; scanning pre-derive body: Command failed: gh issue view 820 -R o/r --json body --jq .body
stub-gh: refused issue view 820 -R o/r --json body --jq .body

[task-tracker] projectDir override: AI_TASK_MANAGER_PROJECT_DIR=/Users/kpburson/projects/Vibe-Coding/ai-task-manager/.worktrees/1574-historical-intent/.scratch/test/promote-820-tSR0YD for #820
✔ AC5 — the reported route is alias:review, never direct (17.6175ms)
[review] derive-rescan: #315 derive pass failed (non-fatal, rescanning live body): Command failed: gh issue view 820 -R o/r --json body -q .body
stub-gh: refused issue view 820 -R o/r --json body -q .body

[review] derive-rescan: live-body refresh failed; scanning pre-derive body: Command failed: gh issue view 820 -R o/r --json body --jq .body
stub-gh: refused issue view 820 -R o/r --json body --jq .body

[task-tracker] projectDir override: AI_TASK_MANAGER_PROJECT_DIR=/Users/kpburson/projects/Vibe-Coding/ai-task-manager/.worktrees/1574-historical-intent/.scratch/test/promote-820-tSR0YD for #820
✔ AC3 — a delegate that never reaches Review does not fall back to a direct move (17.728166ms)
[review] derive-rescan: #315 derive pass failed (non-fatal, rescanning live body): Command failed: gh issue view 820 -R o/r --json body -q .body
stub-gh: refused issue view 820 -R o/r --json body -q .body

[review] derive-rescan: live-body refresh failed; scanning pre-derive body: Command failed: gh issue view 820 -R o/r --json body --jq .body
stub-gh: refused issue view 820 -R o/r --json body --jq .body

[task-tracker] projectDir override: AI_TASK_MANAGER_PROJECT_DIR=/Users/kpburson/projects/Vibe-Coding/ai-task-manager/.worktrees/1574-historical-intent/.scratch/test/promote-820-tSR0YD for #820
✔ AC3 — #881 model: a gate objection after entry leaves the issue in Review (no demote, no direct move) (17.01975ms)
✔ #1458 — Cursor enters Review before validation and leaves an objection resident there (0.679666ms)
[review] derive-rescan: #315 derive pass failed (non-fatal, rescanning live body): Command failed: gh issue view 820 -R o/r --json body -q .body
stub-gh: refused issue view 820 -R o/r --json body -q .body

[review] derive-rescan: live-body refresh failed; scanning pre-derive body: Command failed: gh issue view 820 -R o/r --json body --jq .body
stub-gh: refused issue view 820 -R o/r --json body --jq .body

[task-tracker] projectDir override: AI_TASK_MANAGER_PROJECT_DIR=/Users/kpburson/projects/Vibe-Coding/ai-task-manager/.worktrees/1574-historical-intent/.scratch/test/promote-820-tSR0YD for #820
[task-tracker] projectDir override: AI_TASK_MANAGER_PROJECT_DIR=/Users/kpburson/projects/Vibe-Coding/ai-task-manager/.worktrees/1574-historical-intent/.scratch/test/promote-820-tSR0YD for #821
✔ AC3 — #710 defense: delegate exits 0 but board never reached Review (16.485042ms)
[task-tracker] projectDir override: AI_TASK_MANAGER_PROJECT_DIR=/Users/kpburson/projects/Vibe-Coding/ai-task-manager/.worktrees/1574-historical-intent/.scratch/test/promote-820-tSR0YD for #822
✔ AC6 — develop still delegates to test (12.21325ms)
✔ AC6 — review still delegates to close (when Agent Review genuinely passed) (16.41675ms)
ℹ tests 8
ℹ suites 0
ℹ pass 8
ℹ fail 0
ℹ cancelled 0
ℹ skipped 0
ℹ todo 0
ℹ duration_ms 437.797208
[move-state:warn] #101: transition commit provenance missing: Cannot read properties of undefined (reading 'repo')
✔ the default convergence adapter owns the background profile and preserves the active task (0.722667ms)
✔ a background Done move runs issue/project tail steps without touching the parent session (0.851541ms)
ℹ tests 2
ℹ suites 0
ℹ pass 2
ℹ fail 0
ℹ cancelled 0
ℹ skipped 0
ℹ todo 0
ℹ duration_ms 109.504334
✔ finalizes a completed closed child before selecting the next ranked child (380.746541ms)
✔ leaves a dead-disposition child untouched and continues selection (342.964042ms)
✔ an aberration recovery pauses without promoting another child (0.409833ms)
✔ a failed convergence pauses selection and reports the child (0.27125ms)
✔ a pending durable recovery is converged and pauses before promotion (0.2895ms)
✔ a completed durable recovery is not pending and selection may continue (341.982042ms)
✔ already-Done closed children and open children are not convergence candidates (362.183083ms)
ℹ tests 7
ℹ suites 0
ℹ pass 7
ℹ fail 0
ℹ cancelled 0
ℹ skipped 0
ℹ todo 0
ℹ duration_ms 1539.724583
✔ runPullNext refuses when epic is not in develop (0.720833ms)
✔ pull-next live-state reads use the exact configured-project snapshot (0.102125ms)
✔ runPullNext returns no-children for epic with no sub-issues (0.115834ms)
✔ runPullNext returns no-eligible when no R4P children exist (3.39225ms)
✔ runPullNext promotes lowest-rank R4P child (3.345959ms)
✔ #1260 pulled epic child names the bound epic integration branch (0.248375ms)
✔ #1260 solo-story planning guidance remains current trunk (0.066708ms)
✔ #1260 missing epic branch authority fails closed to generic epic guidance (0.173292ms)
✔ #1260 default epic branch resolver reads the already-bound project directory (0.099708ms)
✔ runPullNext refuses false success when the selected child did not reach Plan (0.208209ms)
✔ runPullNext delegates the selected child through the real promote bind seam (#1114) (17.161125ms)
✔ selected-child promotion reuses its held lock instead of entering the locking verb wrapper (0.168834ms)
✔ direct promote remains fail-closed on a mismatched bind (#1114) (0.247417ms)
✔ runPullNext skips a child whose external native dependency is not Done (1.498459ms)
✔ runPullNext selects a child when its external native dependency is Done (1.288375ms)
✔ runPullNext audits the epic before child selection (#758) (1.183583ms)
✔ runPullNext refuses ambiguous epic audit drift (0.082459ms)
✔ runPullNext refuses every pull when any child descriptor is incomplete (0.069959ms)
✔ runPullNext holds shared parent authority across selection and promotion (1.652792ms)
✔ runPullNext does not audit when the epic is not in develop (#758) (0.081ms)
✔ runPullNext requires epicNumber and cfg (0.106875ms)
✔ runPullNext surfaces fetch failures (0.111292ms)
ℹ tests 22
ℹ suites 0
ℹ pass 22
ℹ fail 0
ℹ cancelled 0
ℹ skipped 0
ℹ todo 0
ℹ duration_ms 137.682334
✔ reconcile.defaultRunMoveState calls the in-process host with the revert argv/env (no spawn) (0.781416ms)
✔ reconcile.defaultRunMoveState relays the host exit code verbatim (0.129667ms)
✔ reconcile.mjs no longer spawns a move-state child (0.25425ms)
ℹ tests 3
ℹ suites 0
ℹ pass 3
ℹ fail 0
ℹ cancelled 0
ℹ skipped 0
ℹ todo 0
ℹ duration_ms 98.013333
✔ AC1/AC2: a two-state gap (board=develop, marker=review) walks develop→test→review (2.538375ms)
✔ AC1/AC2: a wider gap (board=refine, marker=review) walks every intermediate state (0.362666ms)
✔ AC1: a single forward step (board=develop, marker=test) is unchanged behaviour (0.129542ms)
✔ AC4: recorded BEHIND live (board=review, marker=plan) refuses forward-only, names accept-live (0.090542ms)
✔ AC2: a mid-walk move-state failure stops and reports the walked prefix (0.104791ms)
ℹ tests 5
ℹ suites 0
ℹ pass 5
ℹ fail 0
ℹ cancelled 0
ℹ skipped 0
ℹ todo 0
ℹ duration_ms 100.082542
✔ reconcile accept-live: drifted issue writes new state + reconciled audit marker (3.064958ms)
✔ reconcile accept-live: test → develop invalidates stale demotion proof and reports it (#1037) (0.911125ms)
✔ reconcile accept-live: review → develop invalidates stale demotion proof and reports it (#1037) (0.20525ms)
✔ reconcile accept-live preserves execution proof for forward drift (#1037) (0.153583ms)
✔ reconcile accept-live preserves execution proof for unrelated rollback (#1037) (0.115875ms)
✔ reconcile accept-live stamps aitm-entered-<live> when absent (#174) (0.320917ms)
✔ reconcile accept-live is idempotent for entry marker (#174) (0.157792ms)
✔ reconcile accept-live: legacy Assigned status stamps canonical R4P evidence (#436, #1211) (0.213666ms)
✔ reconcile revert-to-recorded: recorded BEHIND live refuses forward-only, names accept-live (#740) (0.097834ms)
✔ reconcile: no drift refused (0.401333ms)
✔ reconcile: missing mode returns error (0.080542ms)
✔ reconcile: unknown mode returns error (0.057084ms)
✔ reconcile revert-to-recorded: no recorded state → error (0.062667ms)
✔ reconcile accept-live: no live state → error (0.061292ms)
✔ reconcile accept-live: preserves forward markers as history + adds visit marker (#181) (0.162833ms)
✔ reconcile revert-to-recorded: does NOT strip future entry markers (0.107542ms)
✔ reconcile revert: transition-failed when move-state exits non-zero (0.051416ms)
ℹ tests 17
ℹ suites 0
ℹ pass 17
ℹ fail 0
ℹ cancelled 0
ℹ skipped 0
ℹ todo 0
ℹ duration_ms 104.49525
✔ a refused Refine completion rolls back the refine-complete marker (5.679083ms)
✔ rationale marker and field-db values survive a rolled-back promote (2.014792ms)
✔ a successful Refine completion leaves the refine-complete marker in place (0.272375ms)
ℹ tests 3
ℹ suites 0
ℹ pass 3
ℹ fail 0
ℹ cancelled 0
ℹ skipped 0
ℹ todo 0
ℹ duration_ms 101.422208
✔ #223: refine refreshes aitm-fields cache with priority/size/estimate/rank (1.844583ms)
✔ #223: refine overrides stale prior values in aitm-fields cache (0.708125ms)
ℹ tests 2
ℹ suites 0
ℹ pass 2
ℹ fail 0
ℹ cancelled 0
ℹ skipped 0
ℹ todo 0
ℹ duration_ms 93.427334
✔ stale backlog body recovers from one fresh read before the first Refine walk (1.382292ms)
✔ historical Assigned alias is not treated as a canonical pre-Refine arc (0.078625ms)
✔ genuine marker absence remains fail-closed after exactly one fresh read (0.115042ms)
✔ fresh-read failure preserves the original refusal (0.132333ms)
✔ non-pre-Refine arcs do not perform the fresh read (0.065583ms)
✔ successful contiguity refresh preserves unrelated refusals (0.242333ms)
ℹ tests 6
ℹ suites 0
ℹ pass 6
ℹ fail 0
ℹ cancelled 0
ℹ skipped 0
ℹ todo 0
ℹ duration_ms 62.349291
PASS: refine on Refine-state issue completes to R4P (#1213)
PASS: refine is idempotent on a Refine-state issue (#282)
PASS: refine stamps aitm-refine-complete marker (#282)
PASS: stampRefineCompleteMarker is idempotent
PASS: promote refuses refine→R4P when aitm-refine-complete absent (#282)
PASS: promote refusal message names the producing verb (#282)
PASS: full-auto promote chain still requires explicit marker (#282)

All #282 stage-completion-marker tests passed.
✔ scripts/tests/unit/task-tracker/verbs/refine-stage-completion.test.mjs (98.742625ms)
ℹ tests 1
ℹ suites 0
ℹ pass 1
ℹ fail 0
ℹ cancelled 0
ℹ skipped 0
ℹ todo 0
ℹ duration_ms 103.115291
PASS: parseArgs extracts all flags
PASS: parseArgs accepts #N and trailing-h estimate
PASS: parseArgs rejects unknown flags
PASS: validateArgs rejects each missing/invalid field
PASS: buildRationaleMarker emits canonical shape and round-trips
PASS: buildRationaleMarker four-flag combo lands tokens in slots, reason in rationale
PASS: buildRationaleMarker emits rank as number
PASS: buildRationaleMarker rejects missing/empty reason
PASS: applyRationaleMarker strips existing + prepends new
PASS: runRefine happy path — tether + body marker + promote
PASS: Refine converges off-grid input on the half-hour ceiling
PASS: runRefine surfaces tether failure and skips promote
PASS: runRefine forwards --rank + --labels
PASS: runRefine omits rank/labels when not supplied

All refine verb tests passed.
✔ scripts/tests/unit/task-tracker/verbs/refine-verb.test.mjs (88.665125ms)
ℹ tests 1
ℹ suites 0
ℹ pass 1
ℹ fail 0
ℹ cancelled 0
ℹ skipped 0
ℹ todo 0
ℹ duration_ms 92.835125
✓ #996 rejected — moved back to Develop.
✔ reject.mjs posts an audit row with event slug `rejected:develop`, not bare `develop` (25.483958ms)
✔ a timing log containing a `rejected:develop` row passes timing-log-sequence validation (1.181958ms)
ℹ tests 2
ℹ suites 0
ℹ pass 2
ℹ fail 0
ℹ cancelled 0
ℹ skipped 0
ℹ todo 0
ℹ duration_ms 76.629542
✔ a valid docs-only lane-skip drops exactly the three complete lanes (0.805958ms)
✔ lint-full and format-full are never droppable, even when the record names them (0.45975ms)
✔ a receipt with no laneSkip requires all five classifications (0.095458ms)
✔ an empty changedPaths relaxes nothing — an empty diff is not proven docs-only (0.0685ms)
✔ a code path in changedPaths relaxes nothing (0.090792ms)
✔ a non-docs-only kind relaxes nothing (0.096625ms)
✔ an unrecognized reason relaxes nothing (0.074417ms)
✔ a malformed laneSkip relaxes nothing (0.07575ms)
✔ a partial lanes list drops only the lanes it names (0.081542ms)
✔ an unknown classification in lanes is ignored (0.108125ms)
ℹ tests 10
ℹ suites 0
ℹ pass 10
ℹ fail 0
ℹ cancelled 0
ℹ skipped 0
ℹ todo 0
ℹ duration_ms 51.257125
✔ sandbox-verify-fail: emits a `test:failed` audit slug, never a bare `develop` or `review:failed` (1.278167ms)
✔ sandbox-verify-fail: demotes with `--demote` + `--demote-reason` (canonical demoted:develop entry row) (0.122625ms)
✔ sandbox-verify-fail: the produced audit slug is accepted by V3 timing-log-sequence (bare `develop` is not) (1.331708ms)
ℹ tests 3
ℹ suites 0
ℹ pass 3
ℹ fail 0
ℹ cancelled 0
ℹ skipped 0
ℹ todo 0
ℹ duration_ms 90.054875
✔ Review installs the agent-validation resident action by direct reference (0.763125ms)
✔ fresh Agent Review Passed evidence completes the current Review visit (1.002375ms)
✔ an objection persists failed evidence and returns failed without a board move (1.241958ms)
✔ Review entry is forward while an in-Review retry is actions-only (0.1995ms)
✔ an in-Review retry executes only the Cursor actions-only trigger (0.156166ms)
✔ Review classifies resident and boundary Cursor outcomes without swallowing failures (0.138125ms)
✔ resume, switch, and the dispatcher carry the Review resident wake (0.08925ms)
✔ #1488: verbStart delegates to verbResume and does not re-issue the Review wake (0.062ms)
✔ #1488: the wake decision exempts the start verb and no other (0.101375ms)
✔ #1488: resume and rebind still wake Review residents (0.159042ms)
✔ a passing Review probe continues into actions-only resident execution (0.112166ms)
✔ a gate objection performs NO board move — the issue stays in Review (0.24925ms)
✔ the failure timeline is exactly: stamp the marker, then post review:failed (0.081458ms)
✔ the review:failed row says the issue stays in Review, not that it reverted (0.068541ms)
✔ the marker stamp is best-effort — a mutate throw does not lose the row (0.121291ms)
✔ the failure path never passes --demote to anything (0.064875ms)
✔ verbReview delegates the authoritative Test → Review move and gate to the Cursor (0.1245ms)
✔ there is exactly ONE authoritative move-to-review call site (0.0495ms)
✔ emitReviewGateFailureTimeline no longer destructures runMoveState (0.071125ms)
✔ the operator is told to fix in place and re-run, not to fix in Develop (0.05475ms)
✔ the resident action consumes the Cursor-hydrated body and comments snapshot (0.102166ms)
✔ both gate outcome paths derive their write from the post-move body (0.067959ms)
ℹ tests 22
ℹ suites 0
ℹ pass 22
ℹ fail 0
ℹ cancelled 0
ℹ skipped 0
ℹ todo 0
ℹ duration_ms 101.76425
✔ buildDeferredReviewRow stamps the ts supplied at call time (row branch) (11.685042ms)
✔ buildDeferredReviewRow stamps the ts supplied at call time (flush branch) (0.141709ms)
✔ spec carries no timestamp: same spec yields post-time ts, never an earlier baked ts (0.076125ms)
✔ review row ts is monotonically non-decreasing vs the preceding move-state pair (0.067291ms)
✔ buildDeferredReviewRow returns null for a null spec (0.484292ms)
ℹ tests 5
ℹ suites 0
ℹ pass 5
ℹ fail 0
ℹ cancelled 0
ℹ skipped 0
ℹ todo 0
ℹ duration_ms 103.760667
✔ extractUnverifiedTickLabels: finds a single trailing audit marker (0.522458ms)
✔ extractUnverifiedTickLabels: finds multiple markers and unescapes &quot; (0.078625ms)
✔ extractUnverifiedTickLabels: empty body / no markers yields an empty set (0.060917ms)
✔ the stripped checkbox label used at match time equals the stored marker label (0.689208ms)
ℹ tests 4
ℹ suites 0
ℹ pass 4
ℹ fail 0
ℹ cancelled 0
ℹ skipped 0
ℹ todo 0
ℹ duration_ms 89.584959
✔ AC1: strips AITM_ISSUE_LOCK_HELD from the inherited env (0.398875ms)
✔ AC1: every var in SANDBOX_STRIPPED_ENV_VARS is removed (0.083666ms)
✔ AC1: overrides are applied after the scrub and win (0.064875ms)
✔ AC1: does not mutate the input env object (0.059292ms)
ℹ tests 4
ℹ suites 0
ℹ pass 4
ℹ fail 0
ℹ cancelled 0
ℹ skipped 0
ℹ todo 0
ℹ duration_ms 77.555916
✔ builds one deterministic child proposal per numbered task (1.797625ms)
✔ bounds Scope and provenance to the exact source task section (0.197625ms)
✔ records a root source as both parent and nested epic (0.136041ms)
✔ refuses duplicate numbers, empty titles, and missing verifiers (0.073959ms)
✔ writes canonical deterministic fragments for sanctioned creation (4.567292ms)
✔ sanctioned dry-run body preserves exact task verifiers behind AC citations (180.310583ms)
✔ dry-run preflights every child and performs no live create (4.713042ms)
✔ reads proposal text from the pinned HEAD commit rather than the working tree (3.333875ms)
✔ default plan reader ignores uncommitted working-tree plan changes (64.312333ms)
✔ human dry-run output exposes complete proposals and future creator argv (2.342834ms)
✔ hidden and placeholder Governing-spec metadata fall back to the sanctioned default (3.885333ms)
✔ rejects a missing --plan value instead of consuming the next option (0.378208ms)
✔ confirm validates all drafts before the first live creation (2.882041ms)
✔ confirm performs no live creation when any draft preflight fails (3.148ms)
✔ refuses unresolved parent provenance before any creator call (0.3735ms)
✔ refuses malformed resolved parent provenance (0.241333ms)
✔ confirm stops on partial live failure and retains created issue numbers (2.514833ms)
ℹ tests 17
ℹ suites 0
ℹ pass 17
ℹ fail 0
ℹ cancelled 0
ℹ skipped 0
ℹ todo 0
ℹ duration_ms 340.47125
✔ direct test and generic promotion converge on the same Develop-to-Test request (0.683167ms)
✔ rebind and resume wake Test in place through actions-only (0.091625ms)
✔ task binding dispatches Test residents through verbTest (0.331583ms)
ℹ tests 3
ℹ suites 0
ℹ pass 3
ℹ fail 0
ℹ cancelled 0
ℹ skipped 0
ℹ todo 0
ℹ duration_ms 50.69
✔ supersede.defaultRunMoveState calls the in-process host with the supersede argv/env (no spawn) (0.928042ms)
✔ supersede.defaultRunMoveState relays the host exit code verbatim (0.143417ms)
✔ supersede.mjs no longer spawns a move-state child (0.221917ms)
ℹ tests 3
ℹ suites 0
ℹ pass 3
ℹ fail 0
ℹ cancelled 0
ℹ skipped 0
ℹ todo 0
ℹ duration_ms 97.907709
✔ parseArgs: positional dead + --by (0.787125ms)
✔ parseArgs: dead falls back to active bind (0.06725ms)
✔ parseArgs: missing --by reported via byProvided (0.0645ms)
✔ happy path: stamps marker, moves done, comments both, closes not-planned (0.597ms)
✔ successful supersede releases the terminal binding before reporting success (0.112917ms)
✔ superseder-missing: refuses before any write (0.081458ms)
✔ transition-failed: marker written, no comments/close on nonzero move exit (0.15575ms)
✔ self-supersede throws (0.239625ms)
✔ missing byIssue throws (0.082417ms)
✔ missing deadIssue throws (0.110459ms)
ℹ tests 10
ℹ suites 0
ℹ pass 10
ℹ fail 0
ℹ cancelled 0
ℹ skipped 0
ℹ todo 0
ℹ duration_ms 93.143042
✔ runVerbTest: an allowlist-rejected VC alongside a passing VC yields status "passed", not "failed" (13.269958ms)
✔ runVerbTest: an allowlist-rejected VC alone (no other commands) yields status "passed" (0.96175ms)
✔ runVerbTest: a genuine nonzero-exit failure alongside a rejected VC still yields status "failed" (0.595375ms)
✔ runVerbTest: a metacharacter/injection-vector rejection is NOT excluded from the gate — status stays "failed" (0.410292ms)
ℹ tests 4
ℹ suites 0
ℹ pass 4
ℹ fail 0
ℹ cancelled 0
ℹ skipped 0
ℹ todo 0
ℹ duration_ms 86.2315
✔ Test owns the resumable PR and exact-head quick-CI action (0.627583ms)
✔ Test verification fails closed when both receipt and HEAD are absent (0.192583ms)
✔ Test action keeps infrastructure waiting and classifies source failure for demotion (0.136667ms)
ℹ tests 3
ℹ suites 0
ℹ pass 3
ℹ fail 0
ℹ cancelled 0
ℹ skipped 0
ℹ todo 0
ℹ duration_ms 67.75675
✔ a docs-only kind with a provably docs-only diff skips the complete lanes (15.314834ms)
✔ a code kind runs every lane even when its diff is all documentation (1.787375ms)
✔ a docs-only kind whose diff touches code still runs every lane (1.599667ms)
✔ an unresolvable (empty) diff is default-deny: the lanes run (1.137ms)
✔ skipping lanes while a legacy aggregate is declared refuses the transition (0.647166ms)
✔ a declared aggregate is still derived normally when the lanes DO run (1.537959ms)
✔ the receipt records the skip and fabricates no lane pass entries (0.953167ms)
✔ a receipt from a run that DID execute the lanes carries no skip record (1.568125ms)
✔ the green summary comment names the skipped lanes (0.86875ms)
ℹ tests 9
ℹ suites 0
ℹ pass 9
ℹ fail 0
ℹ cancelled 0
ℹ skipped 0
ℹ todo 0
ℹ duration_ms 103.30175
✔ #952: pre-#864 body — sandbox never sees npm run test:all, both lanes run (15.094042ms)
✔ #1557: Test entry repairs an unchecked provenance-only declaration before moving (1.54775ms)
✔ #952: already-migrated body — idempotent, no extra migration write (0.901625ms)
ℹ tests 3
ℹ suites 0
ℹ pass 3
ℹ fail 0
ℹ cancelled 0
ℹ skipped 0
ℹ todo 0
ℹ duration_ms 89.364959
✔ AC1: two auto-token calls with identical inputs yield different paths (0.539583ms)
✔ AC2: explicit token is deterministic; distinct tokens never alias (0.10825ms)
✔ AC3 regression: run B reclaim target never names run A live worktree (0.105042ms)
ℹ tests 3
ℹ suites 0
ℹ pass 3
ℹ fail 0
ℹ cancelled 0
ℹ skipped 0
ℹ todo 0
ℹ duration_ms 73.470708
✔ unassign removes the local singleton only before Develop and preserves Status (1.235625ms)
✔ unassign refuses Develop Test and Review without mutating ownership or Status (0.144958ms)
✔ unassign refuses foreign multiple and absent ownership without mutation (0.184375ms)
✔ unassign treats a thrown removal with empty read-back as ambiguous, not success (0.172333ms)
✔ unassign fails closed when Status changes around the ownership mutation (0.124833ms)
✔ unassign never mutates when the durable audit reservation fails (0.251375ms)
✔ unassign retries a pending completion audit without repeating ownership mutation (0.293375ms)
✔ unassign repairs only the newest unmatched transaction id (0.212125ms)
ℹ tests 8
ℹ suites 0
ℹ pass 8
ℹ fail 0
ℹ cancelled 0
ℹ skipped 0
ℹ todo 0
ℹ duration_ms 56.189916
PASS: help text distinguishes /task discover (backlog gen) from /task plan (Sprint-Planning)
✔ scripts/tests/unit/task-tracker/verbs/verb-discover-help.test.mjs (45.778333ms)
ℹ tests 1
ℹ suites 0
ℹ pass 1
ℹ fail 0
ℹ cancelled 0
ℹ skipped 0
ℹ todo 0
ℹ duration_ms 49.909834
PASS: runPlan(ready-for-plan) promotes R4P→Plan via verbPromote
PASS: runPlan refuses any non-R4P current state and never delegates to promote
PASS: runPlan validates args
PASS: discover.mjs no longer exports verbPlan
✔ scripts/tests/unit/task-tracker/verbs/verb-plan-promote.test.mjs (83.330084ms)
ℹ tests 1
ℹ suites 0
ℹ pass 1
ℹ fail 0
ℹ cancelled 0
ℹ skipped 0
ℹ todo 0
ℹ duration_ms 87.91025
✔ defaultExecInSandbox: binds AI_TASK_MANAGER_PROJECT_DIR to the sandbox path (31.039167ms)
✔ defaultExecInSandbox: child inherits parent env alongside AI_TASK_MANAGER_PROJECT_DIR (29.623833ms)
✔ defaultExecInSandbox: binds the governed Test issue for bare issue-aware verifiers (29.887708ms)
ℹ tests 3
ℹ suites 0
ℹ pass 3
ℹ fail 0
ℹ cancelled 0
ℹ skipped 0
ℹ todo 0
ℹ duration_ms 160.589125
scripts/task-tracker/lib/delivery-method-reconciliation.mjs -> scripts/tests/integration/task-tracker/lib/evidence-v2/close-flow.test.mjs [import-transitive] test transitively imports changed path
scripts/task-tracker/lib/delivery-method-reconciliation.mjs -> scripts/tests/integration/task-tracker/lib/evidence-v2/delivery-flow.test.mjs [import-transitive] test transitively imports changed path
scripts/task-tracker/lib/delivery-method-reconciliation.mjs -> scripts/tests/integration/task-tracker/lib/runtime-capabilities.test.mjs [import-transitive] test transitively imports changed path
scripts/task-tracker/lib/delivery-method-reconciliation.mjs -> scripts/tests/integration/task-tracker/verbs/deliver-close.integration.test.mjs [import-transitive] test transitively imports changed path
scripts/task-tracker/lib/delivery-method-reconciliation.mjs -> scripts/tests/integration/task-tracker/verbs/github-record-approval-close-gates.test.mjs [import-transitive] test transitively imports changed path
scripts/task-tracker/lib/delivery-method-reconciliation.mjs -> scripts/tests/slow/task-tracker/verbs/close-lifecycle-tick.test.mjs [import-transitive] test transitively imports changed path
scripts/task-tracker/lib/delivery-method-reconciliation.mjs -> scripts/tests/slow/task-tracker/verbs/coverage-close.test.mjs [import-transitive] test transitively imports changed path
scripts/task-tracker/lib/delivery-method-reconciliation.mjs -> scripts/tests/unit/task-tracker/characterization/orchestrators.test.mjs [import-transitive] test transitively imports changed path
scripts/task-tracker/lib/delivery-method-reconciliation.mjs -> scripts/tests/unit/task-tracker/core/close-emission-order.test.mjs [import-transitive] test transitively imports changed path
scripts/task-tracker/lib/delivery-method-reconciliation.mjs -> scripts/tests/unit/task-tracker/core/docs-only-lane-skip-completeness.test.mjs [import-transitive] test transitively imports changed path
scripts/task-tracker/lib/delivery-method-reconciliation.mjs -> scripts/tests/unit/task-tracker/lib/close-cross-close.test.mjs [import-transitive] test transitively imports changed path
scripts/task-tracker/lib/delivery-method-reconciliation.mjs -> scripts/tests/unit/task-tracker/lib/close-repair.test.mjs [import-transitive] test transitively imports changed path
scripts/task-tracker/lib/delivery-method-reconciliation.mjs -> scripts/tests/unit/task-tracker/lib/delivery-method-reconciliation-regression.test.mjs [import-direct] test statically imports changed path
scripts/task-tracker/lib/delivery-method-reconciliation.mjs -> scripts/tests/unit/task-tracker/lib/delivery-method-reconciliation.test.mjs [basename] conventional basename compatibility mapping
scripts/task-tracker/lib/delivery-method-reconciliation.mjs -> scripts/tests/unit/task-tracker/lib/delivery-method-reconciliation.test.mjs [import-direct] test statically imports changed path
scripts/task-tracker/lib/delivery-method-reconciliation.mjs -> scripts/tests/unit/task-tracker/lib/epic-r4p-orchestration.test.mjs [import-transitive] test transitively imports changed path
scripts/task-tracker/lib/delivery-method-reconciliation.mjs -> scripts/tests/unit/task-tracker/lib/manual-code-review-delivery.test.mjs [import-transitive] test transitively imports changed path
scripts/task-tracker/lib/delivery-method-reconciliation.mjs -> scripts/tests/unit/task-tracker/verbs/close-binding-cleanup.test.mjs [import-transitive] test transitively imports changed path
scripts/task-tracker/lib/delivery-method-reconciliation.mjs -> scripts/tests/unit/task-tracker/verbs/close-converge-audit-emission.test.mjs [import-transitive] test transitively imports changed path
scripts/task-tracker/lib/delivery-method-reconciliation.mjs -> scripts/tests/unit/task-tracker/verbs/close-convergence-wiring-finalize.test.mjs [import-transitive] test transitively imports changed path
scripts/task-tracker/lib/delivery-method-reconciliation.mjs -> scripts/tests/unit/task-tracker/verbs/close-convergence-wiring.test.mjs [import-transitive] test transitively imports changed path
scripts/task-tracker/lib/delivery-method-reconciliation.mjs -> scripts/tests/unit/task-tracker/verbs/close-delivered-idempotence.test.mjs [import-transitive] test transitively imports changed path
scripts/task-tracker/lib/delivery-method-reconciliation.mjs -> scripts/tests/unit/task-tracker/verbs/close-delivery-gate-input.test.mjs [import-transitive] test transitively imports changed path
scripts/task-tracker/lib/delivery-method-reconciliation.mjs -> scripts/tests/unit/task-tracker/verbs/close-delivery-gate-refusal.test.mjs [import-transitive] test transitively imports changed path
scripts/task-tracker/lib/delivery-method-reconciliation.mjs -> scripts/tests/unit/task-tracker/verbs/close-incorporated.test.mjs [import-transitive] test transitively imports changed path
scripts/task-tracker/lib/delivery-method-reconciliation.mjs -> scripts/tests/unit/task-tracker/verbs/close-lifecycle-tick-retry.test.mjs [import-transitive] test transitively imports changed path
scripts/task-tracker/lib/delivery-method-reconciliation.mjs -> scripts/tests/unit/task-tracker/verbs/close-no-commit-delivery.test.mjs [import-transitive] test transitively imports changed path
scripts/task-tracker/lib/delivery-method-reconciliation.mjs -> scripts/tests/unit/task-tracker/verbs/close-occupancy-cleanup.test.mjs [import-transitive] test transitively imports changed path
scripts/task-tracker/lib/delivery-method-reconciliation.mjs -> scripts/tests/unit/task-tracker/verbs/close-pexec-offline.test.mjs [import-transitive] test transitively imports changed path
scripts/task-tracker/lib/delivery-method-reconciliation.mjs -> scripts/tests/unit/task-tracker/verbs/close-reconcile-lifecycle.test.mjs [import-transitive] test transitively imports changed path
scripts/task-tracker/lib/delivery-method-reconciliation.mjs -> scripts/tests/unit/task-tracker/verbs/close-recovery-backed-stale-wiring.test.mjs [import-transitive] test transitively imports changed path
scripts/task-tracker/lib/delivery-method-reconciliation.mjs -> scripts/tests/unit/task-tracker/verbs/close-reopened-recovery-wiring.test.mjs [import-transitive] test transitively imports changed path
scripts/task-tracker/lib/delivery-method-reconciliation.mjs -> scripts/tests/unit/task-tracker/verbs/close-review-authority-wiring.test.mjs [import-transitive] test transitively imports changed path
scripts/task-tracker/lib/delivery-method-reconciliation.mjs -> scripts/tests/unit/task-tracker/verbs/close-strip-labels.test.mjs [import-transitive] test transitively imports changed path
scripts/task-tracker/lib/delivery-method-reconciliation.mjs -> scripts/tests/unit/task-tracker/verbs/deliver-default-deps.test.mjs [import-transitive] test transitively imports changed path
scripts/task-tracker/lib/delivery-method-reconciliation.mjs -> scripts/tests/unit/task-tracker/verbs/deliver-default-squash-recovery.test.mjs [import-transitive] test transitively imports changed path
scripts/task-tracker/lib/delivery-method-reconciliation.mjs -> scripts/tests/unit/task-tracker/verbs/deliver-lineage-adapter.test.mjs [import-transitive] test transitively imports changed path
scripts/task-tracker/lib/delivery-method-reconciliation.mjs -> scripts/tests/unit/task-tracker/verbs/deliver-merged-source-attribution.test.mjs [import-transitive] test transitively imports changed path
scripts/task-tracker/lib/delivery-method-reconciliation.mjs -> scripts/tests/unit/task-tracker/verbs/deliver-multiple-pr-records.test.mjs [import-transitive] test transitively imports changed path
scripts/task-tracker/lib/delivery-method-reconciliation.mjs -> scripts/tests/unit/task-tracker/verbs/deliver-no-commit.test.mjs [import-transitive] test transitively imports changed path
scripts/task-tracker/lib/delivery-method-reconciliation.mjs -> scripts/tests/unit/task-tracker/verbs/deliver-pr-selection.test.mjs [import-transitive] test transitively imports changed path
scripts/task-tracker/lib/delivery-method-reconciliation.mjs -> scripts/tests/unit/task-tracker/verbs/deliver-reconcile-args.test.mjs [import-transitive] test transitively imports changed path
scripts/task-tracker/lib/delivery-method-reconciliation.mjs -> scripts/tests/unit/task-tracker/verbs/deliver-single-source-squash.test.mjs [import-transitive] test transitively imports changed path
scripts/task-tracker/lib/delivery-method-reconciliation.mjs -> scripts/tests/unit/task-tracker/verbs/deliver-source-inventory.test.mjs [import-transitive] test transitively imports changed path
scripts/task-tracker/lib/delivery-method-reconciliation.mjs -> scripts/tests/unit/task-tracker/verbs/deliver.test.mjs [import-transitive] test transitively imports changed path
scripts/task-tracker/lib/delivery-method-reconciliation.mjs -> scripts/tests/unit/task-tracker/verbs/pull-next-background-profile.test.mjs [import-transitive] test transitively imports changed path
scripts/task-tracker/lib/delivery-method-reconciliation.mjs -> scripts/tests/unit/task-tracker/verbs/pull-next-close-convergence.test.mjs [import-transitive] test transitively imports changed path
scripts/task-tracker/lib/delivery-method-reconciliation.mjs -> scripts/tests/unit/task-tracker/verbs/pull-next-verb.test.mjs [import-transitive] test transitively imports changed path
scripts/task-tracker/verbs/deliver.mjs -> scripts/tests/integration/task-tracker/lib/evidence-v2/close-flow.test.mjs [import-transitive] test transitively imports changed path
scripts/task-tracker/verbs/deliver.mjs -> scripts/tests/integration/task-tracker/lib/evidence-v2/delivery-flow.test.mjs [import-direct] test statically imports changed path
scripts/task-tracker/verbs/deliver.mjs -> scripts/tests/integration/task-tracker/lib/runtime-capabilities.test.mjs [import-transitive] test transitively imports changed path
scripts/task-tracker/verbs/deliver.mjs -> scripts/tests/integration/task-tracker/verbs/deliver-close.integration.test.mjs [import-transitive] test transitively imports changed path
scripts/task-tracker/verbs/deliver.mjs -> scripts/tests/integration/task-tracker/verbs/github-record-approval-close-gates.test.mjs [import-direct] test statically imports changed path
scripts/task-tracker/verbs/deliver.mjs -> scripts/tests/slow/task-tracker/verbs/close-lifecycle-tick.test.mjs [import-transitive] test transitively imports changed path
scripts/task-tracker/verbs/deliver.mjs -> scripts/tests/slow/task-tracker/verbs/coverage-close.test.mjs [import-transitive] test transitively imports changed path
scripts/task-tracker/verbs/deliver.mjs -> scripts/tests/unit/task-tracker/characterization/orchestrators.test.mjs [import-transitive] test transitively imports changed path
scripts/task-tracker/verbs/deliver.mjs -> scripts/tests/unit/task-tracker/core/close-emission-order.test.mjs [import-transitive] test transitively imports changed path
scripts/task-tracker/verbs/deliver.mjs -> scripts/tests/unit/task-tracker/core/docs-only-lane-skip-completeness.test.mjs [import-transitive] test transitively imports changed path
scripts/task-tracker/verbs/deliver.mjs -> scripts/tests/unit/task-tracker/lib/close-cross-close.test.mjs [import-transitive] test transitively imports changed path
scripts/task-tracker/verbs/deliver.mjs -> scripts/tests/unit/task-tracker/lib/close-repair.test.mjs [import-transitive] test transitively imports changed path
scripts/task-tracker/verbs/deliver.mjs -> scripts/tests/unit/task-tracker/lib/epic-r4p-orchestration.test.mjs [import-transitive] test transitively imports changed path
scripts/task-tracker/verbs/deliver.mjs -> scripts/tests/unit/task-tracker/lib/manual-code-review-delivery.test.mjs [import-transitive] test transitively imports changed path
scripts/task-tracker/verbs/deliver.mjs -> scripts/tests/unit/task-tracker/verbs/ac-stamp.test.mjs [manifest] CLI subprocess coverage is not completely visible through static imports
scripts/task-tracker/verbs/deliver.mjs -> scripts/tests/unit/task-tracker/verbs/action-ledger.test.mjs [manifest] CLI subprocess coverage is not completely visible through static imports
scripts/task-tracker/verbs/deliver.mjs -> scripts/tests/unit/task-tracker/verbs/approve-core.test.mjs [manifest] CLI subprocess coverage is not completely visible through static imports
scripts/task-tracker/verbs/deliver.mjs -> scripts/tests/unit/task-tracker/verbs/approve-full-auto-detect.test.mjs [manifest] CLI subprocess coverage is not completely visible through static imports
scripts/task-tracker/verbs/deliver.mjs -> scripts/tests/unit/task-tracker/verbs/approve-review-notes.test.mjs [manifest] CLI subprocess coverage is not completely visible through static imports
scripts/task-tracker/verbs/deliver.mjs -> scripts/tests/unit/task-tracker/verbs/approve-timing-boundary.test.mjs [manifest] CLI subprocess coverage is not completely visible through static imports
scripts/task-tracker/verbs/deliver.mjs -> scripts/tests/unit/task-tracker/verbs/assign.test.mjs [manifest] CLI subprocess coverage is not completely visible through static imports
scripts/task-tracker/verbs/deliver.mjs -> scripts/tests/unit/task-tracker/verbs/block-verb.test.mjs [manifest] CLI subprocess coverage is not completely visible through static imports
scripts/task-tracker/verbs/deliver.mjs -> scripts/tests/unit/task-tracker/verbs/board-and-project-guard.test.mjs [manifest] CLI subprocess coverage is not completely visible through static imports
scripts/task-tracker/verbs/deliver.mjs -> scripts/tests/unit/task-tracker/verbs/check-verb-migration.test.mjs [manifest] CLI subprocess coverage is not completely visible through static imports
scripts/task-tracker/verbs/deliver.mjs -> scripts/tests/unit/task-tracker/verbs/check.test.mjs [manifest] CLI subprocess coverage is not completely visible through static imports
scripts/task-tracker/verbs/deliver.mjs -> scripts/tests/unit/task-tracker/verbs/close-binding-cleanup.test.mjs [import-transitive] test transitively imports changed path
scripts/task-tracker/verbs/deliver.mjs -> scripts/tests/unit/task-tracker/verbs/close-binding-cleanup.test.mjs [manifest] CLI subprocess coverage is not completely visible through static imports
scripts/task-tracker/verbs/deliver.mjs -> scripts/tests/unit/task-tracker/verbs/close-converge-audit-emission.test.mjs [import-transitive] test transitively imports changed path
scripts/task-tracker/verbs/deliver.mjs -> scripts/tests/unit/task-tracker/verbs/close-converge-audit-emission.test.mjs [manifest] CLI subprocess coverage is not completely visible through static imports
scripts/task-tracker/verbs/deliver.mjs -> scripts/tests/unit/task-tracker/verbs/close-convergence-wiring-finalize.test.mjs [import-transitive] test transitively imports changed path
scripts/task-tracker/verbs/deliver.mjs -> scripts/tests/unit/task-tracker/verbs/close-convergence-wiring-finalize.test.mjs [manifest] CLI subprocess coverage is not completely visible through static imports
scripts/task-tracker/verbs/deliver.mjs -> scripts/tests/unit/task-tracker/verbs/close-convergence-wiring.test.mjs [import-transitive] test transitively imports changed path
scripts/task-tracker/verbs/deliver.mjs -> scripts/tests/unit/task-tracker/verbs/close-convergence-wiring.test.mjs [manifest] CLI subprocess coverage is not completely visible through static imports
scripts/task-tracker/verbs/deliver.mjs -> scripts/tests/unit/task-tracker/verbs/close-delivered-idempotence.test.mjs [import-transitive] test transitively imports changed path
scripts/task-tracker/verbs/deliver.mjs -> scripts/tests/unit/task-tracker/verbs/close-delivered-idempotence.test.mjs [manifest] CLI subprocess coverage is not completely visible through static imports
scripts/task-tracker/verbs/deliver.mjs -> scripts/tests/unit/task-tracker/verbs/close-delivery-gate-input.test.mjs [import-transitive] test transitively imports changed path
scripts/task-tracker/verbs/deliver.mjs -> scripts/tests/unit/task-tracker/verbs/close-delivery-gate-input.test.mjs [manifest] CLI subprocess coverage is not completely visible through static imports
scripts/task-tracker/verbs/deliver.mjs -> scripts/tests/unit/task-tracker/verbs/close-delivery-gate-refusal.test.mjs [import-transitive] test transitively imports changed path
scripts/task-tracker/verbs/deliver.mjs -> scripts/tests/unit/task-tracker/verbs/close-delivery-gate-refusal.test.mjs [manifest] CLI subprocess coverage is not completely visible through static imports
scripts/task-tracker/verbs/deliver.mjs -> scripts/tests/unit/task-tracker/verbs/close-delivery-receipt.test.mjs [manifest] CLI subprocess coverage is not completely visible through static imports
scripts/task-tracker/verbs/deliver.mjs -> scripts/tests/unit/task-tracker/verbs/close-incorporated.test.mjs [import-transitive] test transitively imports changed path
scripts/task-tracker/verbs/deliver.mjs -> scripts/tests/unit/task-tracker/verbs/close-incorporated.test.mjs [manifest] CLI subprocess coverage is not completely visible through static imports
scripts/task-tracker/verbs/deliver.mjs -> scripts/tests/unit/task-tracker/verbs/close-lifecycle-tick-retry.test.mjs [import-transitive] test transitively imports changed path
scripts/task-tracker/verbs/deliver.mjs -> scripts/tests/unit/task-tracker/verbs/close-lifecycle-tick-retry.test.mjs [manifest] CLI subprocess coverage is not completely visible through static imports
scripts/task-tracker/verbs/deliver.mjs -> scripts/tests/unit/task-tracker/verbs/close-no-commit-delivery.test.mjs [import-transitive] test transitively imports changed path
scripts/task-tracker/verbs/deliver.mjs -> scripts/tests/unit/task-tracker/verbs/close-no-commit-delivery.test.mjs [manifest] CLI subprocess coverage is not completely visible through static imports
scripts/task-tracker/verbs/deliver.mjs -> scripts/tests/unit/task-tracker/verbs/close-occupancy-cleanup.test.mjs [import-transitive] test transitively imports changed path
scripts/task-tracker/verbs/deliver.mjs -> scripts/tests/unit/task-tracker/verbs/close-occupancy-cleanup.test.mjs [manifest] CLI subprocess coverage is not completely visible through static imports
scripts/task-tracker/verbs/deliver.mjs -> scripts/tests/unit/task-tracker/verbs/close-pexec-offline.test.mjs [import-transitive] test transitively imports changed path
scripts/task-tracker/verbs/deliver.mjs -> scripts/tests/unit/task-tracker/verbs/close-pexec-offline.test.mjs [manifest] CLI subprocess coverage is not completely visible through static imports
scripts/task-tracker/verbs/deliver.mjs -> scripts/tests/unit/task-tracker/verbs/close-reconcile-lifecycle.test.mjs [import-transitive] test transitively imports changed path
scripts/task-tracker/verbs/deliver.mjs -> scripts/tests/unit/task-tracker/verbs/close-reconcile-lifecycle.test.mjs [manifest] CLI subprocess coverage is not completely visible through static imports
scripts/task-tracker/verbs/deliver.mjs -> scripts/tests/unit/task-tracker/verbs/close-recovery-backed-stale-wiring.test.mjs [import-transitive] test transitively imports changed path
scripts/task-tracker/verbs/deliver.mjs -> scripts/tests/unit/task-tracker/verbs/close-recovery-backed-stale-wiring.test.mjs [manifest] CLI subprocess coverage is not completely visible through static imports
scripts/task-tracker/verbs/deliver.mjs -> scripts/tests/unit/task-tracker/verbs/close-reopened-recovery-wiring.test.mjs [import-transitive] test transitively imports changed path
scripts/task-tracker/verbs/deliver.mjs -> scripts/tests/unit/task-tracker/verbs/close-reopened-recovery-wiring.test.mjs [manifest] CLI subprocess coverage is not completely visible through static imports
scripts/task-tracker/verbs/deliver.mjs -> scripts/tests/unit/task-tracker/verbs/close-review-authority-wiring.test.mjs [import-transitive] test transitively imports changed path
scripts/task-tracker/verbs/deliver.mjs -> scripts/tests/unit/task-tracker/verbs/close-review-authority-wiring.test.mjs [manifest] CLI subprocess coverage is not completely visible through static imports
scripts/task-tracker/verbs/deliver.mjs -> scripts/tests/unit/task-tracker/verbs/close-strip-labels.test.mjs [import-transitive] test transitively imports changed path
scripts/task-tracker/verbs/deliver.mjs -> scripts/tests/unit/task-tracker/verbs/close-strip-labels.test.mjs [manifest] CLI subprocess coverage is not completely visible through static imports
scripts/task-tracker/verbs/deliver.mjs -> scripts/tests/unit/task-tracker/verbs/comment.test.mjs [manifest] CLI subprocess coverage is not completely visible through static imports
scripts/task-tracker/verbs/deliver.mjs -> scripts/tests/unit/task-tracker/verbs/commit-trace-verb.test.mjs [manifest] CLI subprocess coverage is not completely visible through static imports
scripts/task-tracker/verbs/deliver.mjs -> scripts/tests/unit/task-tracker/verbs/coverage-ac-stamp.test.mjs [manifest] CLI subprocess coverage is not completely visible through static imports
scripts/task-tracker/verbs/deliver.mjs -> scripts/tests/unit/task-tracker/verbs/coverage-auto.test.mjs [manifest] CLI subprocess coverage is not completely visible through static imports
scripts/task-tracker/verbs/deliver.mjs -> scripts/tests/unit/task-tracker/verbs/coverage-check-verb.test.mjs [manifest] CLI subprocess coverage is not completely visible through static imports
scripts/task-tracker/verbs/deliver.mjs -> scripts/tests/unit/task-tracker/verbs/coverage-check.test.mjs [manifest] CLI subprocess coverage is not completely visible through static imports
scripts/task-tracker/verbs/deliver.mjs -> scripts/tests/unit/task-tracker/verbs/coverage-commit-trace.test.mjs [manifest] CLI subprocess coverage is not completely visible through static imports
scripts/task-tracker/verbs/deliver.mjs -> scripts/tests/unit/task-tracker/verbs/coverage-config.test.mjs [manifest] CLI subprocess coverage is not completely visible through static imports
scripts/task-tracker/verbs/deliver.mjs -> scripts/tests/unit/task-tracker/verbs/coverage-dod-stamp.test.mjs [manifest] CLI subprocess coverage is not completely visible through static imports
scripts/task-tracker/verbs/deliver.mjs -> scripts/tests/unit/task-tracker/verbs/coverage-evidence-markers.test.mjs [manifest] CLI subprocess coverage is not completely visible through static imports
scripts/task-tracker/verbs/deliver.mjs -> scripts/tests/unit/task-tracker/verbs/coverage-fleet.test.mjs [manifest] CLI subprocess coverage is not completely visible through static imports
scripts/task-tracker/verbs/deliver.mjs -> scripts/tests/unit/task-tracker/verbs/coverage-kind.test.mjs [manifest] CLI subprocess coverage is not completely visible through static imports
scripts/task-tracker/verbs/deliver.mjs -> scripts/tests/unit/task-tracker/verbs/coverage-mirror-deep-dive.test.mjs [manifest] CLI subprocess coverage is not completely visible through static imports
scripts/task-tracker/verbs/deliver.mjs -> scripts/tests/unit/task-tracker/verbs/coverage-plan-approve.test.mjs [manifest] CLI subprocess coverage is not completely visible through static imports
scripts/task-tracker/verbs/deliver.mjs -> scripts/tests/unit/task-tracker/verbs/coverage-promote.test.mjs [manifest] CLI subprocess coverage is not completely visible through static imports
scripts/task-tracker/verbs/deliver.mjs -> scripts/tests/unit/task-tracker/verbs/coverage-update.test.mjs [manifest] CLI subprocess coverage is not completely visible through static imports
scripts/task-tracker/verbs/deliver.mjs -> scripts/tests/unit/task-tracker/verbs/deliver-default-deps.test.mjs [import-direct] test statically imports changed path
scripts/task-tracker/verbs/deliver.mjs -> scripts/tests/unit/task-tracker/verbs/deliver-default-deps.test.mjs [manifest] CLI subprocess coverage is not completely visible through static imports
scripts/task-tracker/verbs/deliver.mjs -> scripts/tests/unit/task-tracker/verbs/deliver-default-squash-recovery.test.mjs [import-transitive] test transitively imports changed path
scripts/task-tracker/verbs/deliver.mjs -> scripts/tests/unit/task-tracker/verbs/deliver-default-squash-recovery.test.mjs [manifest] CLI subprocess coverage is not completely visible through static imports
scripts/task-tracker/verbs/deliver.mjs -> scripts/tests/unit/task-tracker/verbs/deliver-lineage-adapter.test.mjs [import-direct] test statically imports changed path
scripts/task-tracker/verbs/deliver.mjs -> scripts/tests/unit/task-tracker/verbs/deliver-lineage-adapter.test.mjs [manifest] CLI subprocess coverage is not completely visible through static imports
scripts/task-tracker/verbs/deliver.mjs -> scripts/tests/unit/task-tracker/verbs/deliver-merged-source-attribution.test.mjs [import-direct] test statically imports changed path
scripts/task-tracker/verbs/deliver.mjs -> scripts/tests/unit/task-tracker/verbs/deliver-merged-source-attribution.test.mjs [manifest] CLI subprocess coverage is not completely visible through static imports
scripts/task-tracker/verbs/deliver.mjs -> scripts/tests/unit/task-tracker/verbs/deliver-multiple-pr-records.test.mjs [import-direct] test statically imports changed path
scripts/task-tracker/verbs/deliver.mjs -> scripts/tests/unit/task-tracker/verbs/deliver-multiple-pr-records.test.mjs [manifest] CLI subprocess coverage is not completely visible through static imports
scripts/task-tracker/verbs/deliver.mjs -> scripts/tests/unit/task-tracker/verbs/deliver-no-commit.test.mjs [import-direct] test statically imports changed path
scripts/task-tracker/verbs/deliver.mjs -> scripts/tests/unit/task-tracker/verbs/deliver-no-commit.test.mjs [manifest] CLI subprocess coverage is not completely visible through static imports
scripts/task-tracker/verbs/deliver.mjs -> scripts/tests/unit/task-tracker/verbs/deliver-pr-selection.test.mjs [import-direct] test statically imports changed path
scripts/task-tracker/verbs/deliver.mjs -> scripts/tests/unit/task-tracker/verbs/deliver-pr-selection.test.mjs [manifest] CLI subprocess coverage is not completely visible through static imports
scripts/task-tracker/verbs/deliver.mjs -> scripts/tests/unit/task-tracker/verbs/deliver-reconcile-args.test.mjs [import-direct] test statically imports changed path
scripts/task-tracker/verbs/deliver.mjs -> scripts/tests/unit/task-tracker/verbs/deliver-reconcile-args.test.mjs [manifest] CLI subprocess coverage is not completely visible through static imports
scripts/task-tracker/verbs/deliver.mjs -> scripts/tests/unit/task-tracker/verbs/deliver-single-source-squash.test.mjs [import-transitive] test transitively imports changed path
scripts/task-tracker/verbs/deliver.mjs -> scripts/tests/unit/task-tracker/verbs/deliver-single-source-squash.test.mjs [manifest] CLI subprocess coverage is not completely visible through static imports
scripts/task-tracker/verbs/deliver.mjs -> scripts/tests/unit/task-tracker/verbs/deliver-source-inventory.test.mjs [import-transitive] test transitively imports changed path
scripts/task-tracker/verbs/deliver.mjs -> scripts/tests/unit/task-tracker/verbs/deliver-source-inventory.test.mjs [manifest] CLI subprocess coverage is not completely visible through static imports
scripts/task-tracker/verbs/deliver.mjs -> scripts/tests/unit/task-tracker/verbs/deliver.test.mjs [basename] conventional basename compatibility mapping
scripts/task-tracker/verbs/deliver.mjs -> scripts/tests/unit/task-tracker/verbs/deliver.test.mjs [import-direct] test statically imports changed path
scripts/task-tracker/verbs/deliver.mjs -> scripts/tests/unit/task-tracker/verbs/deliver.test.mjs [manifest] CLI subprocess coverage is not completely visible through static imports
scripts/task-tracker/verbs/deliver.mjs -> scripts/tests/unit/task-tracker/verbs/demote-inprocess.test.mjs [manifest] CLI subprocess coverage is not completely visible through static imports
scripts/task-tracker/verbs/deliver.mjs -> scripts/tests/unit/task-tracker/verbs/demote-verb.test.mjs [manifest] CLI subprocess coverage is not completely visible through static imports
scripts/task-tracker/verbs/deliver.mjs -> scripts/tests/unit/task-tracker/verbs/demote.test.mjs [manifest] CLI subprocess coverage is not completely visible through static imports
scripts/task-tracker/verbs/deliver.mjs -> scripts/tests/unit/task-tracker/verbs/develop-state-action.test.mjs [manifest] CLI subprocess coverage is not completely visible through static imports
scripts/task-tracker/verbs/deliver.mjs -> scripts/tests/unit/task-tracker/verbs/dod-stamp-state-gate.test.mjs [manifest] CLI subprocess coverage is not completely visible through static imports
scripts/task-tracker/verbs/deliver.mjs -> scripts/tests/unit/task-tracker/verbs/ensure-checked.test.mjs [manifest] CLI subprocess coverage is not completely visible through static imports
scripts/task-tracker/verbs/deliver.mjs -> scripts/tests/unit/task-tracker/verbs/ensure-unchecked.test.mjs [manifest] CLI subprocess coverage is not completely visible through static imports
scripts/task-tracker/verbs/deliver.mjs -> scripts/tests/unit/task-tracker/verbs/epic-reconcile.test.mjs [manifest] CLI subprocess coverage is not completely visible through static imports
scripts/task-tracker/verbs/deliver.mjs -> scripts/tests/unit/task-tracker/verbs/fleet-closed-bindings.test.mjs [manifest] CLI subprocess coverage is not completely visible through static imports
scripts/task-tracker/verbs/deliver.mjs -> scripts/tests/unit/task-tracker/verbs/functional-dod-gate.test.mjs [manifest] CLI subprocess coverage is not completely visible through static imports
scripts/task-tracker/verbs/deliver.mjs -> scripts/tests/unit/task-tracker/verbs/help.test.mjs [manifest] CLI subprocess coverage is not completely visible through static imports
scripts/task-tracker/verbs/deliver.mjs -> scripts/tests/unit/task-tracker/verbs/incident-ledger.test.mjs [manifest] CLI subprocess coverage is not completely visible through static imports
scripts/task-tracker/verbs/deliver.mjs -> scripts/tests/unit/task-tracker/verbs/inflate-estimate.test.mjs [manifest] CLI subprocess coverage is not completely visible through static imports
scripts/task-tracker/verbs/deliver.mjs -> scripts/tests/unit/task-tracker/verbs/issue-body.test.mjs [manifest] CLI subprocess coverage is not completely visible through static imports
scripts/task-tracker/verbs/deliver.mjs -> scripts/tests/unit/task-tracker/verbs/migrate-dependencies.test.mjs [manifest] CLI subprocess coverage is not completely visible through static imports
scripts/task-tracker/verbs/deliver.mjs -> scripts/tests/unit/task-tracker/verbs/move-inprocess-parity.test.mjs [manifest] CLI subprocess coverage is not completely visible through static imports
scripts/task-tracker/verbs/deliver.mjs -> scripts/tests/unit/task-tracker/verbs/new-help-probe-guard.test.mjs [manifest] CLI subprocess coverage is not completely visible through static imports
scripts/task-tracker/verbs/deliver.mjs -> scripts/tests/unit/task-tracker/verbs/new-routes-create-issue.test.mjs [manifest] CLI subprocess coverage is not completely visible through static imports
scripts/task-tracker/verbs/deliver.mjs -> scripts/tests/unit/task-tracker/verbs/new.test.mjs [manifest] CLI subprocess coverage is not completely visible through static imports
scripts/task-tracker/verbs/deliver.mjs -> scripts/tests/unit/task-tracker/verbs/next-alias.test.mjs [manifest] CLI subprocess coverage is not completely visible through static imports
scripts/task-tracker/verbs/deliver.mjs -> scripts/tests/unit/task-tracker/verbs/park.test.mjs [manifest] CLI subprocess coverage is not completely visible through static imports
scripts/task-tracker/verbs/deliver.mjs -> scripts/tests/unit/task-tracker/verbs/plan-approve-collapse.test.mjs [manifest] CLI subprocess coverage is not completely visible through static imports
scripts/task-tracker/verbs/deliver.mjs -> scripts/tests/unit/task-tracker/verbs/plan-approve.test.mjs [manifest] CLI subprocess coverage is not completely visible through static imports
scripts/task-tracker/verbs/deliver.mjs -> scripts/tests/unit/task-tracker/verbs/plan-estimate.test.mjs [manifest] CLI subprocess coverage is not completely visible through static imports
scripts/task-tracker/verbs/deliver.mjs -> scripts/tests/unit/task-tracker/verbs/promote-discuss-refusal.test.mjs [manifest] CLI subprocess coverage is not completely visible through static imports
scripts/task-tracker/verbs/deliver.mjs -> scripts/tests/unit/task-tracker/verbs/promote-inprocess.test.mjs [manifest] CLI subprocess coverage is not completely visible through static imports
scripts/task-tracker/verbs/deliver.mjs -> scripts/tests/unit/task-tracker/verbs/promote-review-close-agent-review-gate.test.mjs [manifest] CLI subprocess coverage is not completely visible through static imports
scripts/task-tracker/verbs/deliver.mjs -> scripts/tests/unit/task-tracker/verbs/promote-spawn-timeout.test.mjs [manifest] CLI subprocess coverage is not completely visible through static imports
scripts/task-tracker/verbs/deliver.mjs -> scripts/tests/unit/task-tracker/verbs/promote-test-delegation.test.mjs [manifest] CLI subprocess coverage is not completely visible through static imports
scripts/task-tracker/verbs/deliver.mjs -> scripts/tests/unit/task-tracker/verbs/promote-test-review-alias.test.mjs [manifest] CLI subprocess coverage is not completely visible through static imports
scripts/task-tracker/verbs/deliver.mjs -> scripts/tests/unit/task-tracker/verbs/promote-test-to-review-gate.test.mjs [manifest] CLI subprocess coverage is not completely visible through static imports
scripts/task-tracker/verbs/deliver.mjs -> scripts/tests/unit/task-tracker/verbs/pull-next-background-profile.test.mjs [import-transitive] test transitively imports changed path
scripts/task-tracker/verbs/deliver.mjs -> scripts/tests/unit/task-tracker/verbs/pull-next-background-profile.test.mjs [manifest] CLI subprocess coverage is not completely visible through static imports
scripts/task-tracker/verbs/deliver.mjs -> scripts/tests/unit/task-tracker/verbs/pull-next-close-convergence.test.mjs [import-transitive] test transitively imports changed path
scripts/task-tracker/verbs/deliver.mjs -> scripts/tests/unit/task-tracker/verbs/pull-next-close-convergence.test.mjs [manifest] CLI subprocess coverage is not completely visible through static imports
scripts/task-tracker/verbs/deliver.mjs -> scripts/tests/unit/task-tracker/verbs/pull-next-verb.test.mjs [import-transitive] test transitively imports changed path
scripts/task-tracker/verbs/deliver.mjs -> scripts/tests/unit/task-tracker/verbs/pull-next-verb.test.mjs [manifest] CLI subprocess coverage is not completely visible through static imports
scripts/task-tracker/verbs/deliver.mjs -> scripts/tests/unit/task-tracker/verbs/reconcile-inprocess.test.mjs [manifest] CLI subprocess coverage is not completely visible through static imports
scripts/task-tracker/verbs/deliver.mjs -> scripts/tests/unit/task-tracker/verbs/reconcile-multistep-walk.test.mjs [manifest] CLI subprocess coverage is not completely visible through static imports
scripts/task-tracker/verbs/deliver.mjs -> scripts/tests/unit/task-tracker/verbs/reconcile-verb.test.mjs [manifest] CLI subprocess coverage is not completely visible through static imports
scripts/task-tracker/verbs/deliver.mjs -> scripts/tests/unit/task-tracker/verbs/refine-atomic-rollback.test.mjs [manifest] CLI subprocess coverage is not completely visible through static imports
scripts/task-tracker/verbs/deliver.mjs -> scripts/tests/unit/task-tracker/verbs/refine-fields-cache-refresh.test.mjs [manifest] CLI subprocess coverage is not completely visible through static imports
scripts/task-tracker/verbs/deliver.mjs -> scripts/tests/unit/task-tracker/verbs/refine-fresh-body-retry.test.mjs [manifest] CLI subprocess coverage is not completely visible through static imports
scripts/task-tracker/verbs/deliver.mjs -> scripts/tests/unit/task-tracker/verbs/refine-stage-completion.test.mjs [manifest] CLI subprocess coverage is not completely visible through static imports
scripts/task-tracker/verbs/deliver.mjs -> scripts/tests/unit/task-tracker/verbs/refine-verb.test.mjs [manifest] CLI subprocess coverage is not completely visible through static imports
scripts/task-tracker/verbs/deliver.mjs -> scripts/tests/unit/task-tracker/verbs/reject.test.mjs [manifest] CLI subprocess coverage is not completely visible through static imports
scripts/task-tracker/verbs/deliver.mjs -> scripts/tests/unit/task-tracker/verbs/review-receipt-lane-skip.test.mjs [manifest] CLI subprocess coverage is not completely visible through static imports
scripts/task-tracker/verbs/deliver.mjs -> scripts/tests/unit/task-tracker/verbs/review-sandbox-demote-slug.test.mjs [manifest] CLI subprocess coverage is not completely visible through static imports
scripts/task-tracker/verbs/deliver.mjs -> scripts/tests/unit/task-tracker/verbs/review-state-action.test.mjs [manifest] CLI subprocess coverage is not completely visible through static imports
scripts/task-tracker/verbs/deliver.mjs -> scripts/tests/unit/task-tracker/verbs/review-timing-monotonic.test.mjs [manifest] CLI subprocess coverage is not completely visible through static imports
scripts/task-tracker/verbs/deliver.mjs -> scripts/tests/unit/task-tracker/verbs/review-unverified-tick-hatch.test.mjs [manifest] CLI subprocess coverage is not completely visible through static imports
scripts/task-tracker/verbs/deliver.mjs -> scripts/tests/unit/task-tracker/verbs/sandbox-env-isolation.test.mjs [manifest] CLI subprocess coverage is not completely visible through static imports
scripts/task-tracker/verbs/deliver.mjs -> scripts/tests/unit/task-tracker/verbs/split-plan.test.mjs [manifest] CLI subprocess coverage is not completely visible through static imports
scripts/task-tracker/verbs/deliver.mjs -> scripts/tests/unit/task-tracker/verbs/state-cursor-promotion-parity.test.mjs [manifest] CLI subprocess coverage is not completely visible through static imports
scripts/task-tracker/verbs/deliver.mjs -> scripts/tests/unit/task-tracker/verbs/supersede-inprocess.test.mjs [manifest] CLI subprocess coverage is not completely visible through static imports
scripts/task-tracker/verbs/deliver.mjs -> scripts/tests/unit/task-tracker/verbs/supersede-verb.test.mjs [manifest] CLI subprocess coverage is not completely visible through static imports
scripts/task-tracker/verbs/deliver.mjs -> scripts/tests/unit/task-tracker/verbs/test-rejected-vc-not-scored-as-failed.test.mjs [manifest] CLI subprocess coverage is not completely visible through static imports
scripts/task-tracker/verbs/deliver.mjs -> scripts/tests/unit/task-tracker/verbs/test-state-action.test.mjs [manifest] CLI subprocess coverage is not completely visible through static imports
scripts/task-tracker/verbs/deliver.mjs -> scripts/tests/unit/task-tracker/verbs/test-verb-kind-aware-lanes.test.mjs [manifest] CLI subprocess coverage is not completely visible through static imports
scripts/task-tracker/verbs/deliver.mjs -> scripts/tests/unit/task-tracker/verbs/test-verb-lane-split-migration.test.mjs [manifest] CLI subprocess coverage is not completely visible through static imports
scripts/task-tracker/verbs/deliver.mjs -> scripts/tests/unit/task-tracker/verbs/test-verb-sandbox-worktree-path.test.mjs [manifest] CLI subprocess coverage is not completely visible through static imports
scripts/task-tracker/verbs/deliver.mjs -> scripts/tests/unit/task-tracker/verbs/unassign.test.mjs [manifest] CLI subprocess coverage is not completely visible through static imports
scripts/task-tracker/verbs/deliver.mjs -> scripts/tests/unit/task-tracker/verbs/verb-discover-help.test.mjs [manifest] CLI subprocess coverage is not completely visible through static imports
scripts/task-tracker/verbs/deliver.mjs -> scripts/tests/unit/task-tracker/verbs/verb-plan-promote.test.mjs [manifest] CLI subprocess coverage is not completely visible through static imports
scripts/task-tracker/verbs/deliver.mjs -> scripts/tests/unit/task-tracker/verbs/verb-test-sandbox-env.test.mjs [manifest] CLI subprocess coverage is not completely visible through static imports
scripts/tests/unit/task-tracker/lib/delivery-method-reconciliation.test.mjs -> scripts/tests/integration/meta/test-tree-layout.test.mjs [manifest] current test tree authority change
scripts/tests/unit/task-tracker/lib/delivery-method-reconciliation.test.mjs -> scripts/tests/unit/task-tracker/lib/delivery-method-reconciliation.test.mjs [changed-test] changed or newly discovered test
scripts/tests/unit/task-tracker/verbs/deliver.test.mjs -> scripts/tests/integration/meta/test-tree-layout.test.mjs [manifest] current test tree authority change
scripts/tests/unit/task-tracker/verbs/deliver.test.mjs -> scripts/tests/unit/task-tracker/verbs/deliver.test.mjs [changed-test] changed or newly discovered test
verify-develop: lint-affected-fix exit=0 duration=656ms
verify-develop: format-affected-fix exit=0 duration=419ms
verify-develop: test-affected exit=0 duration=360ms
verify-develop: test-affected exit=0 duration=481ms
verify-develop: test-affected exit=0 duration=3513ms
verify-develop: test-affected exit=0 duration=196ms
verify-develop: test-affected exit=0 duration=233ms
verify-develop: test-affected exit=0 duration=175ms
verify-develop: test-affected exit=0 duration=128ms
verify-develop: test-affected exit=0 duration=2830ms
verify-develop: test-affected exit=0 duration=593ms
verify-develop: test-affected exit=0 duration=384ms
verify-develop: test-affected exit=0 duration=134ms
verify-develop: test-affected exit=0 duration=238ms
verify-develop: test-affected exit=0 duration=176ms
verify-develop: test-affected exit=0 duration=86ms
verify-develop: test-affected exit=0 duration=91ms
verify-develop: test-affected exit=0 duration=165ms
verify-develop: test-affected exit=0 duration=116ms
verify-develop: test-affected exit=0 duration=99ms
verify-develop: test-affected exit=0 duration=92ms
verify-develop: test-affected exit=0 duration=405ms
verify-develop: test-affected exit=0 duration=417ms
verify-develop: test-affected exit=0 duration=110ms
verify-develop: test-affected exit=0 duration=141ms
verify-develop: test-affected exit=0 duration=98ms
verify-develop: test-affected exit=0 duration=92ms
verify-develop: test-affected exit=0 duration=89ms
verify-develop: test-affected exit=0 duration=464ms
verify-develop: test-affected exit=0 duration=100ms
verify-develop: test-affected exit=0 duration=132ms
verify-develop: test-affected exit=0 duration=292ms
verify-develop: test-affected exit=0 duration=187ms
verify-develop: test-affected exit=0 duration=380ms
verify-develop: test-affected exit=0 duration=280ms
verify-develop: test-affected exit=0 duration=141ms
verify-develop: test-affected exit=0 duration=131ms
verify-develop: test-affected exit=0 duration=96ms
verify-develop: test-affected exit=0 duration=141ms
verify-develop: test-affected exit=0 duration=129ms
verify-develop: test-affected exit=0 duration=136ms
verify-develop: test-affected exit=0 duration=123ms
verify-develop: test-affected exit=0 duration=132ms
verify-develop: test-affected exit=0 duration=465ms
verify-develop: test-affected exit=0 duration=381ms
verify-develop: test-affected exit=0 duration=230ms
verify-develop: test-affected exit=0 duration=304ms
verify-develop: test-affected exit=0 duration=470ms
verify-develop: test-affected exit=0 duration=104ms
verify-develop: test-affected exit=0 duration=86ms
verify-develop: test-affected exit=0 duration=115ms
verify-develop: test-affected exit=0 duration=83ms
verify-develop: test-affected exit=0 duration=409ms
verify-develop: test-affected exit=0 duration=107ms
verify-develop: test-affected exit=0 duration=177ms
verify-develop: test-affected exit=0 duration=89ms
verify-develop: test-affected exit=0 duration=112ms
verify-develop: test-affected exit=0 duration=381ms
verify-develop: test-affected exit=0 duration=129ms
verify-develop: test-affected exit=0 duration=118ms
verify-develop: test-affected exit=0 duration=367ms
verify-develop: test-affected exit=0 duration=112ms
verify-develop: test-affected exit=0 duration=538ms
verify-develop: test-affected exit=0 duration=135ms
verify-develop: test-affected exit=0 duration=115ms
verify-develop: test-affected exit=0 duration=114ms
verify-develop: test-affected exit=0 duration=109ms
verify-develop: test-affected exit=0 duration=107ms
verify-develop: test-affected exit=0 duration=105ms
verify-develop: test-affected exit=0 duration=107ms
verify-develop: test-affected exit=0 duration=110ms
verify-develop: test-affected exit=0 duration=109ms
verify-develop: test-affected exit=0 duration=110ms
verify-develop: test-affected exit=0 duration=110ms
verify-develop: test-affected exit=0 duration=186ms
verify-develop: test-affected exit=0 duration=126ms
verify-develop: test-affected exit=0 duration=134ms
verify-develop: test-affected exit=0 duration=133ms
verify-develop: test-affected exit=0 duration=101ms
verify-develop: test-affected exit=0 duration=132ms
verify-develop: test-affected exit=0 duration=394ms
verify-develop: test-affected exit=0 duration=112ms
verify-develop: test-affected exit=0 duration=107ms
verify-develop: test-affected exit=0 duration=87ms
verify-develop: test-affected exit=0 duration=99ms
verify-develop: test-affected exit=0 duration=92ms
verify-develop: test-affected exit=0 duration=108ms
verify-develop: test-affected exit=0 duration=99ms
verify-develop: test-affected exit=0 duration=103ms
verify-develop: test-affected exit=0 duration=100ms
verify-develop: test-affected exit=0 duration=149ms
verify-develop: test-affected exit=0 duration=94ms
verify-develop: test-affected exit=0 duration=85ms
verify-develop: test-affected exit=0 duration=90ms
verify-develop: test-affected exit=0 duration=89ms
verify-develop: test-affected exit=0 duration=130ms
verify-develop: test-affected exit=0 duration=106ms
verify-develop: test-affected exit=0 duration=111ms
verify-develop: test-affected exit=0 duration=119ms
verify-develop: test-affected exit=0 duration=142ms
verify-develop: test-affected exit=0 duration=137ms
verify-develop: test-affected exit=0 duration=402ms
verify-develop: test-affected exit=0 duration=142ms
verify-develop: test-affected exit=0 duration=112ms
verify-develop: test-affected exit=0 duration=130ms
verify-develop: test-affected exit=0 duration=471ms
verify-develop: test-affected exit=0 duration=144ms
verify-develop: test-affected exit=0 duration=1576ms
verify-develop: test-affected exit=0 duration=178ms
verify-develop: test-affected exit=0 duration=133ms
verify-develop: test-affected exit=0 duration=136ms
verify-develop: test-affected exit=0 duration=139ms
verify-develop: test-affected exit=0 duration=136ms
verify-develop: test-affected exit=0 duration=127ms
verify-develop: test-affected exit=0 duration=98ms
verify-develop: test-affected exit=0 duration=137ms
verify-develop: test-affected exit=0 duration=127ms
verify-develop: test-affected exit=0 duration=110ms
verify-develop: test-affected exit=0 duration=84ms
verify-develop: test-affected exit=0 duration=125ms
verify-develop: test-affected exit=0 duration=135ms
verify-develop: test-affected exit=0 duration=138ms
verify-develop: test-affected exit=0 duration=123ms
verify-develop: test-affected exit=0 duration=111ms
verify-develop: test-affected exit=0 duration=373ms
verify-develop: test-affected exit=0 duration=83ms
verify-develop: test-affected exit=0 duration=129ms
verify-develop: test-affected exit=0 duration=127ms
verify-develop: test-affected exit=0 duration=118ms
verify-develop: test-affected exit=0 duration=102ms
verify-develop: test-affected exit=0 duration=137ms
verify-develop: test-affected exit=0 duration=123ms
verify-develop: test-affected exit=0 duration=107ms
verify-develop: test-affected exit=0 duration=88ms
verify-develop: test-affected exit=0 duration=84ms
verify-develop: test-affected exit=0 duration=122ms
verify-develop: test-affected exit=0 duration=194ms
verify-develop: iteration checks passed

