docs/guides/workflow.md [no-verification-impact] path has no source, test, fixture, runner, dependency, or verification impact
scripts/task-tracker/lib/action-decision/legacy-refusals.json [no-verification-impact] path has no source, test, fixture, runner, dependency, or verification impact
scripts/task-tracker/lib/action-decision/test.mjs -> scripts/tests/integration/task-tracker/delivery-waiver-merge-method.integration.test.mjs [import-transitive] test transitively imports changed path
scripts/task-tracker/lib/action-decision/test.mjs -> scripts/tests/integration/task-tracker/lib/action-close-default.test.mjs [import-transitive] test transitively imports changed path
scripts/task-tracker/lib/action-decision/test.mjs -> scripts/tests/integration/task-tracker/lib/action-close-local-parent.test.mjs [import-transitive] test transitively imports changed path
scripts/task-tracker/lib/action-decision/test.mjs -> scripts/tests/integration/task-tracker/lib/action-close-local-trunk.test.mjs [import-transitive] test transitively imports changed path
scripts/task-tracker/lib/action-decision/test.mjs -> scripts/tests/integration/task-tracker/lib/action-close-normalization.test.mjs [import-transitive] test transitively imports changed path
scripts/task-tracker/lib/action-decision/test.mjs -> scripts/tests/integration/task-tracker/lib/action-close-v5.test.mjs [import-transitive] test transitively imports changed path
scripts/task-tracker/lib/action-decision/test.mjs -> scripts/tests/integration/task-tracker/lib/action-close-waiver.test.mjs [import-transitive] test transitively imports changed path
scripts/task-tracker/lib/action-decision/test.mjs -> scripts/tests/integration/task-tracker/lib/action-close.test.mjs [import-transitive] test transitively imports changed path
scripts/task-tracker/lib/action-decision/test.mjs -> scripts/tests/integration/task-tracker/lib/action-deliver.test.mjs [import-transitive] test transitively imports changed path
scripts/task-tracker/lib/action-decision/test.mjs -> scripts/tests/integration/task-tracker/lib/action-evaluator-large-graph.test.mjs [import-transitive] test transitively imports changed path
scripts/task-tracker/lib/action-decision/test.mjs -> scripts/tests/integration/task-tracker/lib/action-evaluator-local-trunk.test.mjs [import-transitive] test transitively imports changed path
scripts/task-tracker/lib/action-decision/test.mjs -> scripts/tests/integration/task-tracker/lib/action-evaluator.test.mjs [import-transitive] test transitively imports changed path
scripts/task-tracker/lib/action-decision/test.mjs -> scripts/tests/integration/task-tracker/lib/action-normalization.test.mjs [import-transitive] test transitively imports changed path
scripts/task-tracker/lib/action-decision/test.mjs -> scripts/tests/integration/task-tracker/lib/action-parity.test.mjs [import-transitive] test transitively imports changed path
scripts/task-tracker/lib/action-decision/test.mjs -> scripts/tests/integration/task-tracker/lib/action-review-reviewed-scope.test.mjs [import-transitive] test transitively imports changed path
scripts/task-tracker/lib/action-decision/test.mjs -> scripts/tests/integration/task-tracker/lib/action-review.test.mjs [import-transitive] test transitively imports changed path
scripts/task-tracker/lib/action-decision/test.mjs -> scripts/tests/integration/task-tracker/lib/action-session-promote.test.mjs [import-transitive] test transitively imports changed path
scripts/task-tracker/lib/action-decision/test.mjs -> scripts/tests/integration/task-tracker/lib/action-test.test.mjs [import-direct] test statically imports changed path
scripts/task-tracker/lib/action-decision/test.mjs -> scripts/tests/integration/task-tracker/lib/actor-flush-isolation.test.mjs [import-transitive] test transitively imports changed path
scripts/task-tracker/lib/action-decision/test.mjs -> scripts/tests/integration/task-tracker/lib/evidence-v2/close-flow.test.mjs [import-transitive] test transitively imports changed path
scripts/task-tracker/lib/action-decision/test.mjs -> scripts/tests/integration/task-tracker/lib/guidance-admission.test.mjs [import-transitive] test transitively imports changed path
scripts/task-tracker/lib/action-decision/test.mjs -> scripts/tests/integration/task-tracker/lib/guidance-authority-cost.test.mjs [import-transitive] test transitively imports changed path
scripts/task-tracker/lib/action-decision/test.mjs -> scripts/tests/integration/task-tracker/lib/guidance-explain.test.mjs [import-transitive] test transitively imports changed path
scripts/task-tracker/lib/action-decision/test.mjs -> scripts/tests/integration/task-tracker/lib/guidance-preslim-report.test.mjs [import-transitive] test transitively imports changed path
scripts/task-tracker/lib/action-decision/test.mjs -> scripts/tests/integration/task-tracker/lib/guidance-recertification-capture.test.mjs [import-transitive] test transitively imports changed path
scripts/task-tracker/lib/action-decision/test.mjs -> scripts/tests/integration/task-tracker/lib/guidance-release.test.mjs [import-transitive] test transitively imports changed path
scripts/task-tracker/lib/action-decision/test.mjs -> scripts/tests/integration/task-tracker/lib/pr1866-review-regressions.test.mjs [import-transitive] test transitively imports changed path
scripts/task-tracker/lib/action-decision/test.mjs -> scripts/tests/integration/task-tracker/lib/runtime-capabilities.test.mjs [import-transitive] test transitively imports changed path
scripts/task-tracker/lib/action-decision/test.mjs -> scripts/tests/integration/task-tracker/lib/shelve-blocked-r4p-state-exit.integration.test.mjs [import-transitive] test transitively imports changed path
scripts/task-tracker/lib/action-decision/test.mjs -> scripts/tests/integration/task-tracker/lib/shelve-stale-refinement-recovery.integration.test.mjs [import-transitive] test transitively imports changed path
scripts/task-tracker/lib/action-decision/test.mjs -> scripts/tests/integration/task-tracker/lib/shelve-transaction.integration.test.mjs [import-transitive] test transitively imports changed path
scripts/task-tracker/lib/action-decision/test.mjs -> scripts/tests/integration/task-tracker/lib/stage-aware-verification.integration.test.mjs [import-transitive] test transitively imports changed path
scripts/task-tracker/lib/action-decision/test.mjs -> scripts/tests/integration/task-tracker/lib/timing-actor-runtime.test.mjs [import-transitive] test transitively imports changed path
scripts/task-tracker/lib/action-decision/test.mjs -> scripts/tests/integration/task-tracker/lib/timing-delivery-provenance.test.mjs [import-transitive] test transitively imports changed path
scripts/task-tracker/lib/action-decision/test.mjs -> scripts/tests/integration/task-tracker/lib/verification-provider.integration.test.mjs [import-transitive] test transitively imports changed path
scripts/task-tracker/lib/action-decision/test.mjs -> scripts/tests/integration/task-tracker/local-trunk-close.integration.test.mjs [import-transitive] test transitively imports changed path
scripts/task-tracker/lib/action-decision/test.mjs -> scripts/tests/integration/task-tracker/verbs/child-close-telemetry.integration.test.mjs [import-transitive] test transitively imports changed path
scripts/task-tracker/lib/action-decision/test.mjs -> scripts/tests/integration/task-tracker/verbs/deliver-close.integration.test.mjs [import-transitive] test transitively imports changed path
scripts/task-tracker/lib/action-decision/test.mjs -> scripts/tests/integration/task-tracker/verbs/delivery-attribution-exception.test.mjs [import-transitive] test transitively imports changed path
scripts/task-tracker/lib/action-decision/test.mjs -> scripts/tests/integration/task-tracker/verbs/github-record-approval-close-gates.test.mjs [import-transitive] test transitively imports changed path
scripts/task-tracker/lib/action-decision/test.mjs -> scripts/tests/integration/task-tracker/verbs/github-record-test-review-gates.test.mjs [import-transitive] test transitively imports changed path
scripts/task-tracker/lib/action-decision/test.mjs -> scripts/tests/integration/task-tracker/verbs/shelve.test.mjs [import-transitive] test transitively imports changed path
scripts/task-tracker/lib/action-decision/test.mjs -> scripts/tests/integration/task-tracker/verbs/workflow-preflight.test.mjs [import-transitive] test transitively imports changed path
scripts/task-tracker/lib/action-decision/test.mjs -> scripts/tests/slow/task-tracker/lib/dirty-review-promote-false-success.test.mjs [import-transitive] test transitively imports changed path
scripts/task-tracker/lib/action-decision/test.mjs -> scripts/tests/slow/task-tracker/verbs/close-lifecycle-tick.test.mjs [import-transitive] test transitively imports changed path
scripts/task-tracker/lib/action-decision/test.mjs -> scripts/tests/slow/task-tracker/verbs/coverage-close.test.mjs [import-transitive] test transitively imports changed path
scripts/task-tracker/lib/action-decision/test.mjs -> scripts/tests/slow/task-tracker/verbs/deadlock-regression.test.mjs [import-transitive] test transitively imports changed path
scripts/task-tracker/lib/action-decision/test.mjs -> scripts/tests/slow/task-tracker/verbs/promote-verb.test.mjs [import-transitive] test transitively imports changed path
scripts/task-tracker/lib/action-decision/test.mjs -> scripts/tests/slow/task-tracker/verbs/recovery-path-independence.test.mjs [import-transitive] test transitively imports changed path
scripts/task-tracker/lib/action-decision/test.mjs -> scripts/tests/slow/task-tracker/verbs/state-marker-single-writer.test.mjs [import-transitive] test transitively imports changed path
scripts/task-tracker/lib/action-decision/test.mjs -> scripts/tests/slow/task-tracker/verbs/verb-test-remove-worktree.test.mjs [import-transitive] test transitively imports changed path
scripts/task-tracker/lib/action-decision/test.mjs -> scripts/tests/unit/gh/gh-client-injection.test.mjs [import-transitive] test transitively imports changed path
scripts/task-tracker/lib/action-decision/test.mjs -> scripts/tests/unit/task-tracker/characterization/orchestrators.test.mjs [import-transitive] test transitively imports changed path
scripts/task-tracker/lib/action-decision/test.mjs -> scripts/tests/unit/task-tracker/core/cli-help-flag.test.mjs [import-transitive] test transitively imports changed path
scripts/task-tracker/lib/action-decision/test.mjs -> scripts/tests/unit/task-tracker/core/close-emission-order.test.mjs [import-transitive] test transitively imports changed path
scripts/task-tracker/lib/action-decision/test.mjs -> scripts/tests/unit/task-tracker/core/command-manifest.test.mjs [import-transitive] test transitively imports changed path
scripts/task-tracker/lib/action-decision/test.mjs -> scripts/tests/unit/task-tracker/core/docs-only-lane-skip-completeness.test.mjs [import-transitive] test transitively imports changed path
scripts/task-tracker/lib/action-decision/test.mjs -> scripts/tests/unit/task-tracker/core/handle-migrate-result.test.mjs [import-transitive] test transitively imports changed path
scripts/task-tracker/lib/action-decision/test.mjs -> scripts/tests/unit/task-tracker/core/move-state-structured-result.test.mjs [import-transitive] test transitively imports changed path
scripts/task-tracker/lib/action-decision/test.mjs -> scripts/tests/unit/task-tracker/core/phase-events.test.mjs [import-transitive] test transitively imports changed path
scripts/task-tracker/lib/action-decision/test.mjs -> scripts/tests/unit/task-tracker/core/runtime-move-inprocess.test.mjs [import-transitive] test transitively imports changed path
scripts/task-tracker/lib/action-decision/test.mjs -> scripts/tests/unit/task-tracker/core/state-machine-self-transition.test.mjs [import-transitive] test transitively imports changed path
scripts/task-tracker/lib/action-decision/test.mjs -> scripts/tests/unit/task-tracker/core/task-tracker-preflight-target.test.mjs [import-transitive] test transitively imports changed path
scripts/task-tracker/lib/action-decision/test.mjs -> scripts/tests/unit/task-tracker/gh/coverage-dispatch-prep.test.mjs [import-transitive] test transitively imports changed path
scripts/task-tracker/lib/action-decision/test.mjs -> scripts/tests/unit/task-tracker/gh/dispatch-prep-inprocess.test.mjs [import-transitive] test transitively imports changed path
scripts/task-tracker/lib/action-decision/test.mjs -> scripts/tests/unit/task-tracker/gh/move-state-host-returns.test.mjs [import-transitive] test transitively imports changed path
scripts/task-tracker/lib/action-decision/test.mjs -> scripts/tests/unit/task-tracker/gh/review-in-place.test.mjs [import-transitive] test transitively imports changed path
scripts/task-tracker/lib/action-decision/test.mjs -> scripts/tests/unit/task-tracker/lib/action-authority-cost.test.mjs [import-transitive] test transitively imports changed path
scripts/task-tracker/lib/action-decision/test.mjs -> scripts/tests/unit/task-tracker/lib/auto-mode.test.mjs [import-transitive] test transitively imports changed path
scripts/task-tracker/lib/action-decision/test.mjs -> scripts/tests/unit/task-tracker/lib/backfill-holes.test.mjs [import-transitive] test transitively imports changed path
scripts/task-tracker/lib/action-decision/test.mjs -> scripts/tests/unit/task-tracker/lib/close-cross-close.test.mjs [import-transitive] test transitively imports changed path
scripts/task-tracker/lib/action-decision/test.mjs -> scripts/tests/unit/task-tracker/lib/close-repair.test.mjs [import-transitive] test transitively imports changed path
scripts/task-tracker/lib/action-decision/test.mjs -> scripts/tests/unit/task-tracker/lib/coverage-demote.test.mjs [import-transitive] test transitively imports changed path
scripts/task-tracker/lib/action-decision/test.mjs -> scripts/tests/unit/task-tracker/lib/coverage-plan.test.mjs [import-transitive] test transitively imports changed path
scripts/task-tracker/lib/action-decision/test.mjs -> scripts/tests/unit/task-tracker/lib/coverage-reconcile.test.mjs [import-transitive] test transitively imports changed path
scripts/task-tracker/lib/action-decision/test.mjs -> scripts/tests/unit/task-tracker/lib/coverage-review.test.mjs [import-transitive] test transitively imports changed path
scripts/task-tracker/lib/action-decision/test.mjs -> scripts/tests/unit/task-tracker/lib/coverage-supersede.test.mjs [import-transitive] test transitively imports changed path
scripts/task-tracker/lib/action-decision/test.mjs -> scripts/tests/unit/task-tracker/lib/entry-marker-contiguity-recovery.test.mjs [import-transitive] test transitively imports changed path
scripts/task-tracker/lib/action-decision/test.mjs -> scripts/tests/unit/task-tracker/lib/epic-r4p-orchestration.test.mjs [import-transitive] test transitively imports changed path
scripts/task-tracker/lib/action-decision/test.mjs -> scripts/tests/unit/task-tracker/lib/heal-entry-markers-delegates.test.mjs [import-transitive] test transitively imports changed path
scripts/task-tracker/lib/action-decision/test.mjs -> scripts/tests/unit/task-tracker/lib/lifecycle-history-actions.test.mjs [import-transitive] test transitively imports changed path
scripts/task-tracker/lib/action-decision/test.mjs -> scripts/tests/unit/task-tracker/lib/local-trunk-close-receipt.test.mjs [import-transitive] test transitively imports changed path
scripts/task-tracker/lib/action-decision/test.mjs -> scripts/tests/unit/task-tracker/lib/move-state/move-regression.test.mjs [import-transitive] test transitively imports changed path
scripts/task-tracker/lib/action-decision/test.mjs -> scripts/tests/unit/task-tracker/lib/move-state/move-state-board-marker-atomicity.test.mjs [import-transitive] test transitively imports changed path
scripts/task-tracker/lib/action-decision/test.mjs -> scripts/tests/unit/task-tracker/lib/move-state/move-state-core.test.mjs [import-transitive] test transitively imports changed path
scripts/task-tracker/lib/action-decision/test.mjs -> scripts/tests/unit/task-tracker/lib/move-state/move-state-idempotent.test.mjs [import-transitive] test transitively imports changed path
scripts/task-tracker/lib/action-decision/test.mjs -> scripts/tests/unit/task-tracker/lib/move-state/move-state-sentinel-write.test.mjs [import-transitive] test transitively imports changed path
scripts/task-tracker/lib/action-decision/test.mjs -> scripts/tests/unit/task-tracker/lib/move-state/move-state-tail-profiles.test.mjs [import-transitive] test transitively imports changed path
scripts/task-tracker/lib/action-decision/test.mjs -> scripts/tests/unit/task-tracker/lib/move-state/move-state-worktree-trunk-ref.test.mjs [import-transitive] test transitively imports changed path
scripts/task-tracker/lib/action-decision/test.mjs -> scripts/tests/unit/task-tracker/lib/r4p-jit-boundaries.test.mjs [import-transitive] test transitively imports changed path
scripts/task-tracker/lib/action-decision/test.mjs -> scripts/tests/unit/task-tracker/lib/reconcile-no-drift-seed.test.mjs [import-transitive] test transitively imports changed path
scripts/task-tracker/lib/action-decision/test.mjs -> scripts/tests/unit/task-tracker/lib/reconcile-sentinel-drift.test.mjs [import-transitive] test transitively imports changed path
scripts/task-tracker/lib/action-decision/test.mjs -> scripts/tests/unit/task-tracker/lib/refine-tbd-placeholder.test.mjs [import-transitive] test transitively imports changed path
scripts/task-tracker/lib/action-decision/test.mjs -> scripts/tests/unit/task-tracker/lib/review-derive-rescan.test.mjs [import-transitive] test transitively imports changed path
scripts/task-tracker/lib/action-decision/test.mjs -> scripts/tests/unit/task-tracker/lib/review-probe-policy.test.mjs [import-transitive] test transitively imports changed path
scripts/task-tracker/lib/action-decision/test.mjs -> scripts/tests/unit/task-tracker/lib/review-receipt-reuse.test.mjs [import-transitive] test transitively imports changed path
scripts/task-tracker/lib/action-decision/test.mjs -> scripts/tests/unit/task-tracker/lib/review-verb-timing-order.test.mjs [import-transitive] test transitively imports changed path
scripts/task-tracker/lib/action-decision/test.mjs -> scripts/tests/unit/task-tracker/lib/shelve-boundaries.test.mjs [import-transitive] test transitively imports changed path
scripts/task-tracker/lib/action-decision/test.mjs -> scripts/tests/unit/task-tracker/lib/state-engine-policy-characterization.test.mjs [import-transitive] test transitively imports changed path
scripts/task-tracker/lib/action-decision/test.mjs -> scripts/tests/unit/task-tracker/lib/terminal-disposition.test.mjs [import-transitive] test transitively imports changed path
scripts/task-tracker/lib/action-decision/test.mjs -> scripts/tests/unit/task-tracker/lib/test-sha-drift-gate.test.mjs [import-transitive] test transitively imports changed path
scripts/task-tracker/lib/action-decision/test.mjs -> scripts/tests/unit/task-tracker/lib/test-verb-injection.test.mjs [import-direct] test statically imports changed path
scripts/task-tracker/lib/action-decision/test.mjs -> scripts/tests/unit/task-tracker/lib/test-verb-receipt-refusal-audit.test.mjs [import-transitive] test transitively imports changed path
scripts/task-tracker/lib/action-decision/test.mjs -> scripts/tests/unit/task-tracker/lib/test-verb-receipt-retirement.test.mjs [import-transitive] test transitively imports changed path
scripts/task-tracker/lib/action-decision/test.mjs -> scripts/tests/unit/task-tracker/lib/test-verb-receipt-reuse.test.mjs [import-transitive] test transitively imports changed path
scripts/task-tracker/lib/action-decision/test.mjs -> scripts/tests/unit/task-tracker/lib/test-verb-result.test.mjs [import-transitive] test transitively imports changed path
scripts/task-tracker/lib/action-decision/test.mjs -> scripts/tests/unit/task-tracker/lib/test-verb-retry.test.mjs [import-transitive] test transitively imports changed path
scripts/task-tracker/lib/action-decision/test.mjs -> scripts/tests/unit/task-tracker/lib/test-verb-sandbox.test.mjs [import-transitive] test transitively imports changed path
scripts/task-tracker/lib/action-decision/test.mjs -> scripts/tests/unit/task-tracker/lib/verification-receipt-carry-forward.test.mjs [import-transitive] test transitively imports changed path
scripts/task-tracker/lib/action-decision/test.mjs -> scripts/tests/unit/task-tracker/verbs/close-authority-refresh.test.mjs [import-transitive] test transitively imports changed path
scripts/task-tracker/lib/action-decision/test.mjs -> scripts/tests/unit/task-tracker/verbs/close-binding-cleanup.test.mjs [import-transitive] test transitively imports changed path
scripts/task-tracker/lib/action-decision/test.mjs -> scripts/tests/unit/task-tracker/verbs/close-child-refresh.test.mjs [import-transitive] test transitively imports changed path
scripts/task-tracker/lib/action-decision/test.mjs -> scripts/tests/unit/task-tracker/verbs/close-converge-audit-emission.test.mjs [import-transitive] test transitively imports changed path
scripts/task-tracker/lib/action-decision/test.mjs -> scripts/tests/unit/task-tracker/verbs/close-convergence-wiring-finalize.test.mjs [import-transitive] test transitively imports changed path
scripts/task-tracker/lib/action-decision/test.mjs -> scripts/tests/unit/task-tracker/verbs/close-convergence-wiring.test.mjs [import-transitive] test transitively imports changed path
scripts/task-tracker/lib/action-decision/test.mjs -> scripts/tests/unit/task-tracker/verbs/close-delivered-idempotence.test.mjs [import-transitive] test transitively imports changed path
scripts/task-tracker/lib/action-decision/test.mjs -> scripts/tests/unit/task-tracker/verbs/close-delivery-gate-input.test.mjs [import-transitive] test transitively imports changed path
scripts/task-tracker/lib/action-decision/test.mjs -> scripts/tests/unit/task-tracker/verbs/close-delivery-gate-refusal.test.mjs [import-transitive] test transitively imports changed path
scripts/task-tracker/lib/action-decision/test.mjs -> scripts/tests/unit/task-tracker/verbs/close-false-delivery-recovery-contract.test.mjs [import-transitive] test transitively imports changed path
scripts/task-tracker/lib/action-decision/test.mjs -> scripts/tests/unit/task-tracker/verbs/close-false-delivery-recovery-wiring.test.mjs [import-transitive] test transitively imports changed path
scripts/task-tracker/lib/action-decision/test.mjs -> scripts/tests/unit/task-tracker/verbs/close-incorporated.test.mjs [import-transitive] test transitively imports changed path
scripts/task-tracker/lib/action-decision/test.mjs -> scripts/tests/unit/task-tracker/verbs/close-lifecycle-tick-retry.test.mjs [import-transitive] test transitively imports changed path
scripts/task-tracker/lib/action-decision/test.mjs -> scripts/tests/unit/task-tracker/verbs/close-no-commit-delivery.test.mjs [import-transitive] test transitively imports changed path
scripts/task-tracker/lib/action-decision/test.mjs -> scripts/tests/unit/task-tracker/verbs/close-occupancy-cleanup.test.mjs [import-transitive] test transitively imports changed path
scripts/task-tracker/lib/action-decision/test.mjs -> scripts/tests/unit/task-tracker/verbs/close-pexec-offline.test.mjs [import-transitive] test transitively imports changed path
scripts/task-tracker/lib/action-decision/test.mjs -> scripts/tests/unit/task-tracker/verbs/close-projected-guard-refresh.test.mjs [import-transitive] test transitively imports changed path
scripts/task-tracker/lib/action-decision/test.mjs -> scripts/tests/unit/task-tracker/verbs/close-reconcile-lifecycle.test.mjs [import-transitive] test transitively imports changed path
scripts/task-tracker/lib/action-decision/test.mjs -> scripts/tests/unit/task-tracker/verbs/close-recovery-backed-stale-wiring.test.mjs [import-transitive] test transitively imports changed path
scripts/task-tracker/lib/action-decision/test.mjs -> scripts/tests/unit/task-tracker/verbs/close-reopened-recovery-wiring.test.mjs [import-transitive] test transitively imports changed path
scripts/task-tracker/lib/action-decision/test.mjs -> scripts/tests/unit/task-tracker/verbs/close-review-authority-wiring.test.mjs [import-transitive] test transitively imports changed path
scripts/task-tracker/lib/action-decision/test.mjs -> scripts/tests/unit/task-tracker/verbs/close-strip-labels.test.mjs [import-transitive] test transitively imports changed path
scripts/task-tracker/lib/action-decision/test.mjs -> scripts/tests/unit/task-tracker/verbs/close-transaction-refresh.test.mjs [import-transitive] test transitively imports changed path
scripts/task-tracker/lib/action-decision/test.mjs -> scripts/tests/unit/task-tracker/verbs/coverage-promote.test.mjs [import-transitive] test transitively imports changed path
scripts/task-tracker/lib/action-decision/test.mjs -> scripts/tests/unit/task-tracker/verbs/demote-inprocess.test.mjs [import-transitive] test transitively imports changed path
scripts/task-tracker/lib/action-decision/test.mjs -> scripts/tests/unit/task-tracker/verbs/demote-verb.test.mjs [import-transitive] test transitively imports changed path
scripts/task-tracker/lib/action-decision/test.mjs -> scripts/tests/unit/task-tracker/verbs/demote.test.mjs [import-transitive] test transitively imports changed path
scripts/task-tracker/lib/action-decision/test.mjs -> scripts/tests/unit/task-tracker/verbs/move-inprocess-parity.test.mjs [import-transitive] test transitively imports changed path
scripts/task-tracker/lib/action-decision/test.mjs -> scripts/tests/unit/task-tracker/verbs/park.test.mjs [import-transitive] test transitively imports changed path
scripts/task-tracker/lib/action-decision/test.mjs -> scripts/tests/unit/task-tracker/verbs/promote-discuss-refusal.test.mjs [import-transitive] test transitively imports changed path
scripts/task-tracker/lib/action-decision/test.mjs -> scripts/tests/unit/task-tracker/verbs/promote-inprocess.test.mjs [import-transitive] test transitively imports changed path
scripts/task-tracker/lib/action-decision/test.mjs -> scripts/tests/unit/task-tracker/verbs/promote-review-close-agent-review-gate.test.mjs [import-transitive] test transitively imports changed path
scripts/task-tracker/lib/action-decision/test.mjs -> scripts/tests/unit/task-tracker/verbs/promote-spawn-timeout.test.mjs [import-transitive] test transitively imports changed path
scripts/task-tracker/lib/action-decision/test.mjs -> scripts/tests/unit/task-tracker/verbs/promote-test-delegation.test.mjs [import-transitive] test transitively imports changed path
scripts/task-tracker/lib/action-decision/test.mjs -> scripts/tests/unit/task-tracker/verbs/promote-test-review-alias.test.mjs [import-transitive] test transitively imports changed path
scripts/task-tracker/lib/action-decision/test.mjs -> scripts/tests/unit/task-tracker/verbs/promote-test-to-review-gate.test.mjs [import-transitive] test transitively imports changed path
scripts/task-tracker/lib/action-decision/test.mjs -> scripts/tests/unit/task-tracker/verbs/pull-next-background-profile.test.mjs [import-transitive] test transitively imports changed path
scripts/task-tracker/lib/action-decision/test.mjs -> scripts/tests/unit/task-tracker/verbs/pull-next-close-convergence.test.mjs [import-transitive] test transitively imports changed path
scripts/task-tracker/lib/action-decision/test.mjs -> scripts/tests/unit/task-tracker/verbs/pull-next-verb.test.mjs [import-transitive] test transitively imports changed path
scripts/task-tracker/lib/action-decision/test.mjs -> scripts/tests/unit/task-tracker/verbs/reconcile-inprocess.test.mjs [import-transitive] test transitively imports changed path
scripts/task-tracker/lib/action-decision/test.mjs -> scripts/tests/unit/task-tracker/verbs/reconcile-multistep-walk.test.mjs [import-transitive] test transitively imports changed path
scripts/task-tracker/lib/action-decision/test.mjs -> scripts/tests/unit/task-tracker/verbs/reconcile-verb.test.mjs [import-transitive] test transitively imports changed path
scripts/task-tracker/lib/action-decision/test.mjs -> scripts/tests/unit/task-tracker/verbs/refine-atomic-rollback.test.mjs [import-transitive] test transitively imports changed path
scripts/task-tracker/lib/action-decision/test.mjs -> scripts/tests/unit/task-tracker/verbs/refine-fields-cache-refresh.test.mjs [import-transitive] test transitively imports changed path
scripts/task-tracker/lib/action-decision/test.mjs -> scripts/tests/unit/task-tracker/verbs/refine-fresh-body-retry.test.mjs [import-transitive] test transitively imports changed path
scripts/task-tracker/lib/action-decision/test.mjs -> scripts/tests/unit/task-tracker/verbs/refine-stage-completion.test.mjs [import-transitive] test transitively imports changed path
scripts/task-tracker/lib/action-decision/test.mjs -> scripts/tests/unit/task-tracker/verbs/refine-verb.test.mjs [import-transitive] test transitively imports changed path
scripts/task-tracker/lib/action-decision/test.mjs -> scripts/tests/unit/task-tracker/verbs/review-sandbox-demote-slug.test.mjs [import-transitive] test transitively imports changed path
scripts/task-tracker/lib/action-decision/test.mjs -> scripts/tests/unit/task-tracker/verbs/review-state-action.test.mjs [import-transitive] test transitively imports changed path
scripts/task-tracker/lib/action-decision/test.mjs -> scripts/tests/unit/task-tracker/verbs/review-timing-monotonic.test.mjs [import-transitive] test transitively imports changed path
scripts/task-tracker/lib/action-decision/test.mjs -> scripts/tests/unit/task-tracker/verbs/review-unverified-tick-hatch.test.mjs [import-transitive] test transitively imports changed path
scripts/task-tracker/lib/action-decision/test.mjs -> scripts/tests/unit/task-tracker/verbs/sandbox-env-isolation.test.mjs [import-transitive] test transitively imports changed path
scripts/task-tracker/lib/action-decision/test.mjs -> scripts/tests/unit/task-tracker/verbs/supersede-inprocess.test.mjs [import-transitive] test transitively imports changed path
scripts/task-tracker/lib/action-decision/test.mjs -> scripts/tests/unit/task-tracker/verbs/supersede-verb.test.mjs [import-transitive] test transitively imports changed path
scripts/task-tracker/lib/action-decision/test.mjs -> scripts/tests/unit/task-tracker/verbs/test-project-provider-npm-ci-args.test.mjs [import-transitive] test transitively imports changed path
scripts/task-tracker/lib/action-decision/test.mjs -> scripts/tests/unit/task-tracker/verbs/test-rejected-vc-not-scored-as-failed.test.mjs [import-transitive] test transitively imports changed path
scripts/task-tracker/lib/action-decision/test.mjs -> scripts/tests/unit/task-tracker/verbs/test-verb-kind-aware-lanes.test.mjs [import-transitive] test transitively imports changed path
scripts/task-tracker/lib/action-decision/test.mjs -> scripts/tests/unit/task-tracker/verbs/test-verb-lane-split-migration.test.mjs [import-transitive] test transitively imports changed path
scripts/task-tracker/lib/action-decision/test.mjs -> scripts/tests/unit/task-tracker/verbs/test-verb-sandbox-worktree-path.test.mjs [import-transitive] test transitively imports changed path
scripts/task-tracker/lib/action-decision/test.mjs -> scripts/tests/unit/task-tracker/verbs/verb-plan-promote.test.mjs [import-transitive] test transitively imports changed path
scripts/task-tracker/lib/action-decision/test.mjs -> scripts/tests/unit/task-tracker/verbs/verb-test-sandbox-env.test.mjs [import-transitive] test transitively imports changed path
scripts/task-tracker/lib/verification-receipt-retirement.mjs -> scripts/tests/integration/task-tracker/delivery-waiver-merge-method.integration.test.mjs [import-transitive] test transitively imports changed path
scripts/task-tracker/lib/verification-receipt-retirement.mjs -> scripts/tests/integration/task-tracker/lib/action-close-default.test.mjs [import-transitive] test transitively imports changed path
scripts/task-tracker/lib/verification-receipt-retirement.mjs -> scripts/tests/integration/task-tracker/lib/action-close-local-parent.test.mjs [import-transitive] test transitively imports changed path
scripts/task-tracker/lib/verification-receipt-retirement.mjs -> scripts/tests/integration/task-tracker/lib/action-close-local-trunk.test.mjs [import-transitive] test transitively imports changed path
scripts/task-tracker/lib/verification-receipt-retirement.mjs -> scripts/tests/integration/task-tracker/lib/action-close-normalization.test.mjs [import-transitive] test transitively imports changed path
scripts/task-tracker/lib/verification-receipt-retirement.mjs -> scripts/tests/integration/task-tracker/lib/action-close-v5.test.mjs [import-transitive] test transitively imports changed path
scripts/task-tracker/lib/verification-receipt-retirement.mjs -> scripts/tests/integration/task-tracker/lib/action-close-waiver.test.mjs [import-transitive] test transitively imports changed path
scripts/task-tracker/lib/verification-receipt-retirement.mjs -> scripts/tests/integration/task-tracker/lib/action-close.test.mjs [import-transitive] test transitively imports changed path
scripts/task-tracker/lib/verification-receipt-retirement.mjs -> scripts/tests/integration/task-tracker/lib/action-deliver.test.mjs [import-transitive] test transitively imports changed path
scripts/task-tracker/lib/verification-receipt-retirement.mjs -> scripts/tests/integration/task-tracker/lib/action-evaluator-large-graph.test.mjs [import-transitive] test transitively imports changed path
scripts/task-tracker/lib/verification-receipt-retirement.mjs -> scripts/tests/integration/task-tracker/lib/action-evaluator-local-trunk.test.mjs [import-transitive] test transitively imports changed path
scripts/task-tracker/lib/verification-receipt-retirement.mjs -> scripts/tests/integration/task-tracker/lib/action-evaluator.test.mjs [import-transitive] test transitively imports changed path
scripts/task-tracker/lib/verification-receipt-retirement.mjs -> scripts/tests/integration/task-tracker/lib/action-normalization.test.mjs [import-transitive] test transitively imports changed path
scripts/task-tracker/lib/verification-receipt-retirement.mjs -> scripts/tests/integration/task-tracker/lib/action-parity.test.mjs [import-transitive] test transitively imports changed path
scripts/task-tracker/lib/verification-receipt-retirement.mjs -> scripts/tests/integration/task-tracker/lib/action-review-reviewed-scope.test.mjs [import-transitive] test transitively imports changed path
scripts/task-tracker/lib/verification-receipt-retirement.mjs -> scripts/tests/integration/task-tracker/lib/action-review.test.mjs [import-transitive] test transitively imports changed path
scripts/task-tracker/lib/verification-receipt-retirement.mjs -> scripts/tests/integration/task-tracker/lib/action-session-promote.test.mjs [import-transitive] test transitively imports changed path
scripts/task-tracker/lib/verification-receipt-retirement.mjs -> scripts/tests/integration/task-tracker/lib/action-test.test.mjs [import-transitive] test transitively imports changed path
scripts/task-tracker/lib/verification-receipt-retirement.mjs -> scripts/tests/integration/task-tracker/lib/actor-flush-isolation.test.mjs [import-transitive] test transitively imports changed path
scripts/task-tracker/lib/verification-receipt-retirement.mjs -> scripts/tests/integration/task-tracker/lib/evidence-v2/close-flow.test.mjs [import-transitive] test transitively imports changed path
scripts/task-tracker/lib/verification-receipt-retirement.mjs -> scripts/tests/integration/task-tracker/lib/guidance-admission.test.mjs [import-transitive] test transitively imports changed path
scripts/task-tracker/lib/verification-receipt-retirement.mjs -> scripts/tests/integration/task-tracker/lib/guidance-authority-cost.test.mjs [import-transitive] test transitively imports changed path
scripts/task-tracker/lib/verification-receipt-retirement.mjs -> scripts/tests/integration/task-tracker/lib/guidance-explain.test.mjs [import-transitive] test transitively imports changed path
scripts/task-tracker/lib/verification-receipt-retirement.mjs -> scripts/tests/integration/task-tracker/lib/guidance-preslim-report.test.mjs [import-transitive] test transitively imports changed path
scripts/task-tracker/lib/verification-receipt-retirement.mjs -> scripts/tests/integration/task-tracker/lib/guidance-recertification-capture.test.mjs [import-transitive] test transitively imports changed path
scripts/task-tracker/lib/verification-receipt-retirement.mjs -> scripts/tests/integration/task-tracker/lib/guidance-release.test.mjs [import-transitive] test transitively imports changed path
scripts/task-tracker/lib/verification-receipt-retirement.mjs -> scripts/tests/integration/task-tracker/lib/pr1866-review-regressions.test.mjs [import-transitive] test transitively imports changed path
scripts/task-tracker/lib/verification-receipt-retirement.mjs -> scripts/tests/integration/task-tracker/lib/runtime-capabilities.test.mjs [import-transitive] test transitively imports changed path
scripts/task-tracker/lib/verification-receipt-retirement.mjs -> scripts/tests/integration/task-tracker/lib/shelve-blocked-r4p-state-exit.integration.test.mjs [import-transitive] test transitively imports changed path
scripts/task-tracker/lib/verification-receipt-retirement.mjs -> scripts/tests/integration/task-tracker/lib/shelve-stale-refinement-recovery.integration.test.mjs [import-transitive] test transitively imports changed path
scripts/task-tracker/lib/verification-receipt-retirement.mjs -> scripts/tests/integration/task-tracker/lib/shelve-transaction.integration.test.mjs [import-transitive] test transitively imports changed path
scripts/task-tracker/lib/verification-receipt-retirement.mjs -> scripts/tests/integration/task-tracker/lib/stage-aware-verification.integration.test.mjs [import-direct] test statically imports changed path
scripts/task-tracker/lib/verification-receipt-retirement.mjs -> scripts/tests/integration/task-tracker/lib/timing-actor-runtime.test.mjs [import-transitive] test transitively imports changed path
scripts/task-tracker/lib/verification-receipt-retirement.mjs -> scripts/tests/integration/task-tracker/lib/timing-delivery-provenance.test.mjs [import-transitive] test transitively imports changed path
scripts/task-tracker/lib/verification-receipt-retirement.mjs -> scripts/tests/integration/task-tracker/lib/verification-provider.integration.test.mjs [import-transitive] test transitively imports changed path
scripts/task-tracker/lib/verification-receipt-retirement.mjs -> scripts/tests/integration/task-tracker/local-trunk-close.integration.test.mjs [import-transitive] test transitively imports changed path
scripts/task-tracker/lib/verification-receipt-retirement.mjs -> scripts/tests/integration/task-tracker/verbs/child-close-telemetry.integration.test.mjs [import-transitive] test transitively imports changed path
scripts/task-tracker/lib/verification-receipt-retirement.mjs -> scripts/tests/integration/task-tracker/verbs/deliver-close.integration.test.mjs [import-transitive] test transitively imports changed path
scripts/task-tracker/lib/verification-receipt-retirement.mjs -> scripts/tests/integration/task-tracker/verbs/delivery-attribution-exception.test.mjs [import-transitive] test transitively imports changed path
scripts/task-tracker/lib/verification-receipt-retirement.mjs -> scripts/tests/integration/task-tracker/verbs/github-record-approval-close-gates.test.mjs [import-transitive] test transitively imports changed path
scripts/task-tracker/lib/verification-receipt-retirement.mjs -> scripts/tests/integration/task-tracker/verbs/github-record-test-review-gates.test.mjs [import-transitive] test transitively imports changed path
scripts/task-tracker/lib/verification-receipt-retirement.mjs -> scripts/tests/integration/task-tracker/verbs/shelve.test.mjs [import-transitive] test transitively imports changed path
scripts/task-tracker/lib/verification-receipt-retirement.mjs -> scripts/tests/integration/task-tracker/verbs/workflow-preflight.test.mjs [import-transitive] test transitively imports changed path
scripts/task-tracker/lib/verification-receipt-retirement.mjs -> scripts/tests/slow/task-tracker/lib/dirty-review-promote-false-success.test.mjs [import-transitive] test transitively imports changed path
scripts/task-tracker/lib/verification-receipt-retirement.mjs -> scripts/tests/slow/task-tracker/verbs/close-lifecycle-tick.test.mjs [import-transitive] test transitively imports changed path
scripts/task-tracker/lib/verification-receipt-retirement.mjs -> scripts/tests/slow/task-tracker/verbs/coverage-close.test.mjs [import-transitive] test transitively imports changed path
scripts/task-tracker/lib/verification-receipt-retirement.mjs -> scripts/tests/slow/task-tracker/verbs/deadlock-regression.test.mjs [import-transitive] test transitively imports changed path
scripts/task-tracker/lib/verification-receipt-retirement.mjs -> scripts/tests/slow/task-tracker/verbs/promote-verb.test.mjs [import-transitive] test transitively imports changed path
scripts/task-tracker/lib/verification-receipt-retirement.mjs -> scripts/tests/slow/task-tracker/verbs/recovery-path-independence.test.mjs [import-transitive] test transitively imports changed path
scripts/task-tracker/lib/verification-receipt-retirement.mjs -> scripts/tests/slow/task-tracker/verbs/state-marker-single-writer.test.mjs [import-transitive] test transitively imports changed path
scripts/task-tracker/lib/verification-receipt-retirement.mjs -> scripts/tests/slow/task-tracker/verbs/verb-test-remove-worktree.test.mjs [import-transitive] test transitively imports changed path
scripts/task-tracker/lib/verification-receipt-retirement.mjs -> scripts/tests/unit/gh/gh-client-injection.test.mjs [import-transitive] test transitively imports changed path
scripts/task-tracker/lib/verification-receipt-retirement.mjs -> scripts/tests/unit/task-tracker/characterization/orchestrators.test.mjs [import-transitive] test transitively imports changed path
scripts/task-tracker/lib/verification-receipt-retirement.mjs -> scripts/tests/unit/task-tracker/core/cli-help-flag.test.mjs [import-transitive] test transitively imports changed path
scripts/task-tracker/lib/verification-receipt-retirement.mjs -> scripts/tests/unit/task-tracker/core/close-emission-order.test.mjs [import-transitive] test transitively imports changed path
scripts/task-tracker/lib/verification-receipt-retirement.mjs -> scripts/tests/unit/task-tracker/core/command-manifest.test.mjs [import-transitive] test transitively imports changed path
scripts/task-tracker/lib/verification-receipt-retirement.mjs -> scripts/tests/unit/task-tracker/core/docs-only-lane-skip-completeness.test.mjs [import-transitive] test transitively imports changed path
scripts/task-tracker/lib/verification-receipt-retirement.mjs -> scripts/tests/unit/task-tracker/core/handle-migrate-result.test.mjs [import-transitive] test transitively imports changed path
scripts/task-tracker/lib/verification-receipt-retirement.mjs -> scripts/tests/unit/task-tracker/core/move-state-structured-result.test.mjs [import-transitive] test transitively imports changed path
scripts/task-tracker/lib/verification-receipt-retirement.mjs -> scripts/tests/unit/task-tracker/core/phase-events.test.mjs [import-transitive] test transitively imports changed path
scripts/task-tracker/lib/verification-receipt-retirement.mjs -> scripts/tests/unit/task-tracker/core/runtime-move-inprocess.test.mjs [import-transitive] test transitively imports changed path
scripts/task-tracker/lib/verification-receipt-retirement.mjs -> scripts/tests/unit/task-tracker/core/state-machine-self-transition.test.mjs [import-transitive] test transitively imports changed path
scripts/task-tracker/lib/verification-receipt-retirement.mjs -> scripts/tests/unit/task-tracker/core/task-tracker-preflight-target.test.mjs [import-transitive] test transitively imports changed path
scripts/task-tracker/lib/verification-receipt-retirement.mjs -> scripts/tests/unit/task-tracker/gh/coverage-dispatch-prep.test.mjs [import-transitive] test transitively imports changed path
scripts/task-tracker/lib/verification-receipt-retirement.mjs -> scripts/tests/unit/task-tracker/gh/dispatch-prep-inprocess.test.mjs [import-transitive] test transitively imports changed path
scripts/task-tracker/lib/verification-receipt-retirement.mjs -> scripts/tests/unit/task-tracker/gh/move-state-host-returns.test.mjs [import-transitive] test transitively imports changed path
scripts/task-tracker/lib/verification-receipt-retirement.mjs -> scripts/tests/unit/task-tracker/gh/review-in-place.test.mjs [import-transitive] test transitively imports changed path
scripts/task-tracker/lib/verification-receipt-retirement.mjs -> scripts/tests/unit/task-tracker/lib/action-authority-cost.test.mjs [import-transitive] test transitively imports changed path
scripts/task-tracker/lib/verification-receipt-retirement.mjs -> scripts/tests/unit/task-tracker/lib/auto-mode.test.mjs [import-transitive] test transitively imports changed path
scripts/task-tracker/lib/verification-receipt-retirement.mjs -> scripts/tests/unit/task-tracker/lib/backfill-holes.test.mjs [import-transitive] test transitively imports changed path
scripts/task-tracker/lib/verification-receipt-retirement.mjs -> scripts/tests/unit/task-tracker/lib/close-cross-close.test.mjs [import-transitive] test transitively imports changed path
scripts/task-tracker/lib/verification-receipt-retirement.mjs -> scripts/tests/unit/task-tracker/lib/close-repair.test.mjs [import-transitive] test transitively imports changed path
scripts/task-tracker/lib/verification-receipt-retirement.mjs -> scripts/tests/unit/task-tracker/lib/coverage-demote.test.mjs [import-transitive] test transitively imports changed path
scripts/task-tracker/lib/verification-receipt-retirement.mjs -> scripts/tests/unit/task-tracker/lib/coverage-plan.test.mjs [import-transitive] test transitively imports changed path
scripts/task-tracker/lib/verification-receipt-retirement.mjs -> scripts/tests/unit/task-tracker/lib/coverage-reconcile.test.mjs [import-transitive] test transitively imports changed path
scripts/task-tracker/lib/verification-receipt-retirement.mjs -> scripts/tests/unit/task-tracker/lib/coverage-review.test.mjs [import-transitive] test transitively imports changed path
scripts/task-tracker/lib/verification-receipt-retirement.mjs -> scripts/tests/unit/task-tracker/lib/coverage-supersede.test.mjs [import-transitive] test transitively imports changed path
scripts/task-tracker/lib/verification-receipt-retirement.mjs -> scripts/tests/unit/task-tracker/lib/entry-marker-contiguity-recovery.test.mjs [import-transitive] test transitively imports changed path
scripts/task-tracker/lib/verification-receipt-retirement.mjs -> scripts/tests/unit/task-tracker/lib/epic-r4p-orchestration.test.mjs [import-transitive] test transitively imports changed path
scripts/task-tracker/lib/verification-receipt-retirement.mjs -> scripts/tests/unit/task-tracker/lib/heal-entry-markers-delegates.test.mjs [import-transitive] test transitively imports changed path
scripts/task-tracker/lib/verification-receipt-retirement.mjs -> scripts/tests/unit/task-tracker/lib/lifecycle-history-actions.test.mjs [import-transitive] test transitively imports changed path
scripts/task-tracker/lib/verification-receipt-retirement.mjs -> scripts/tests/unit/task-tracker/lib/local-trunk-close-receipt.test.mjs [import-transitive] test transitively imports changed path
scripts/task-tracker/lib/verification-receipt-retirement.mjs -> scripts/tests/unit/task-tracker/lib/move-state/move-regression.test.mjs [import-transitive] test transitively imports changed path
scripts/task-tracker/lib/verification-receipt-retirement.mjs -> scripts/tests/unit/task-tracker/lib/move-state/move-state-board-marker-atomicity.test.mjs [import-transitive] test transitively imports changed path
scripts/task-tracker/lib/verification-receipt-retirement.mjs -> scripts/tests/unit/task-tracker/lib/move-state/move-state-core.test.mjs [import-transitive] test transitively imports changed path
scripts/task-tracker/lib/verification-receipt-retirement.mjs -> scripts/tests/unit/task-tracker/lib/move-state/move-state-idempotent.test.mjs [import-transitive] test transitively imports changed path
scripts/task-tracker/lib/verification-receipt-retirement.mjs -> scripts/tests/unit/task-tracker/lib/move-state/move-state-sentinel-write.test.mjs [import-transitive] test transitively imports changed path
scripts/task-tracker/lib/verification-receipt-retirement.mjs -> scripts/tests/unit/task-tracker/lib/move-state/move-state-tail-profiles.test.mjs [import-transitive] test transitively imports changed path
scripts/task-tracker/lib/verification-receipt-retirement.mjs -> scripts/tests/unit/task-tracker/lib/move-state/move-state-worktree-trunk-ref.test.mjs [import-transitive] test transitively imports changed path
scripts/task-tracker/lib/verification-receipt-retirement.mjs -> scripts/tests/unit/task-tracker/lib/r4p-jit-boundaries.test.mjs [import-transitive] test transitively imports changed path
scripts/task-tracker/lib/verification-receipt-retirement.mjs -> scripts/tests/unit/task-tracker/lib/reconcile-no-drift-seed.test.mjs [import-transitive] test transitively imports changed path
scripts/task-tracker/lib/verification-receipt-retirement.mjs -> scripts/tests/unit/task-tracker/lib/reconcile-sentinel-drift.test.mjs [import-transitive] test transitively imports changed path
scripts/task-tracker/lib/verification-receipt-retirement.mjs -> scripts/tests/unit/task-tracker/lib/refine-tbd-placeholder.test.mjs [import-transitive] test transitively imports changed path
scripts/task-tracker/lib/verification-receipt-retirement.mjs -> scripts/tests/unit/task-tracker/lib/review-derive-rescan.test.mjs [import-transitive] test transitively imports changed path
scripts/task-tracker/lib/verification-receipt-retirement.mjs -> scripts/tests/unit/task-tracker/lib/review-probe-policy.test.mjs [import-transitive] test transitively imports changed path
scripts/task-tracker/lib/verification-receipt-retirement.mjs -> scripts/tests/unit/task-tracker/lib/review-receipt-reuse.test.mjs [import-transitive] test transitively imports changed path
scripts/task-tracker/lib/verification-receipt-retirement.mjs -> scripts/tests/unit/task-tracker/lib/review-verb-timing-order.test.mjs [import-transitive] test transitively imports changed path
scripts/task-tracker/lib/verification-receipt-retirement.mjs -> scripts/tests/unit/task-tracker/lib/shelve-boundaries.test.mjs [import-transitive] test transitively imports changed path
scripts/task-tracker/lib/verification-receipt-retirement.mjs -> scripts/tests/unit/task-tracker/lib/state-engine-policy-characterization.test.mjs [import-transitive] test transitively imports changed path
scripts/task-tracker/lib/verification-receipt-retirement.mjs -> scripts/tests/unit/task-tracker/lib/terminal-disposition.test.mjs [import-transitive] test transitively imports changed path
scripts/task-tracker/lib/verification-receipt-retirement.mjs -> scripts/tests/unit/task-tracker/lib/test-sha-drift-gate.test.mjs [import-transitive] test transitively imports changed path
scripts/task-tracker/lib/verification-receipt-retirement.mjs -> scripts/tests/unit/task-tracker/lib/test-verb-injection.test.mjs [import-transitive] test transitively imports changed path
scripts/task-tracker/lib/verification-receipt-retirement.mjs -> scripts/tests/unit/task-tracker/lib/test-verb-receipt-refusal-audit.test.mjs [import-transitive] test transitively imports changed path
scripts/task-tracker/lib/verification-receipt-retirement.mjs -> scripts/tests/unit/task-tracker/lib/test-verb-receipt-retirement.test.mjs [import-transitive] test transitively imports changed path
scripts/task-tracker/lib/verification-receipt-retirement.mjs -> scripts/tests/unit/task-tracker/lib/test-verb-receipt-reuse.test.mjs [import-transitive] test transitively imports changed path
scripts/task-tracker/lib/verification-receipt-retirement.mjs -> scripts/tests/unit/task-tracker/lib/test-verb-result.test.mjs [import-transitive] test transitively imports changed path
scripts/task-tracker/lib/verification-receipt-retirement.mjs -> scripts/tests/unit/task-tracker/lib/test-verb-retry.test.mjs [import-transitive] test transitively imports changed path
scripts/task-tracker/lib/verification-receipt-retirement.mjs -> scripts/tests/unit/task-tracker/lib/test-verb-sandbox.test.mjs [import-transitive] test transitively imports changed path
scripts/task-tracker/lib/verification-receipt-retirement.mjs -> scripts/tests/unit/task-tracker/lib/verification-receipt-carry-forward.test.mjs [import-transitive] test transitively imports changed path
scripts/task-tracker/lib/verification-receipt-retirement.mjs -> scripts/tests/unit/task-tracker/lib/verification-receipt-retirement.test.mjs [basename] conventional basename compatibility mapping
scripts/task-tracker/lib/verification-receipt-retirement.mjs -> scripts/tests/unit/task-tracker/lib/verification-receipt-retirement.test.mjs [import-direct] test statically imports changed path
scripts/task-tracker/lib/verification-receipt-retirement.mjs -> scripts/tests/unit/task-tracker/verbs/close-authority-refresh.test.mjs [import-transitive] test transitively imports changed path
scripts/task-tracker/lib/verification-receipt-retirement.mjs -> scripts/tests/unit/task-tracker/verbs/close-binding-cleanup.test.mjs [import-transitive] test transitively imports changed path
scripts/task-tracker/lib/verification-receipt-retirement.mjs -> scripts/tests/unit/task-tracker/verbs/close-child-refresh.test.mjs [import-transitive] test transitively imports changed path
scripts/task-tracker/lib/verification-receipt-retirement.mjs -> scripts/tests/unit/task-tracker/verbs/close-converge-audit-emission.test.mjs [import-transitive] test transitively imports changed path
scripts/task-tracker/lib/verification-receipt-retirement.mjs -> scripts/tests/unit/task-tracker/verbs/close-convergence-wiring-finalize.test.mjs [import-transitive] test transitively imports changed path
scripts/task-tracker/lib/verification-receipt-retirement.mjs -> scripts/tests/unit/task-tracker/verbs/close-convergence-wiring.test.mjs [import-transitive] test transitively imports changed path
scripts/task-tracker/lib/verification-receipt-retirement.mjs -> scripts/tests/unit/task-tracker/verbs/close-delivered-idempotence.test.mjs [import-transitive] test transitively imports changed path
scripts/task-tracker/lib/verification-receipt-retirement.mjs -> scripts/tests/unit/task-tracker/verbs/close-delivery-gate-input.test.mjs [import-transitive] test transitively imports changed path
scripts/task-tracker/lib/verification-receipt-retirement.mjs -> scripts/tests/unit/task-tracker/verbs/close-delivery-gate-refusal.test.mjs [import-transitive] test transitively imports changed path
scripts/task-tracker/lib/verification-receipt-retirement.mjs -> scripts/tests/unit/task-tracker/verbs/close-false-delivery-recovery-contract.test.mjs [import-transitive] test transitively imports changed path
scripts/task-tracker/lib/verification-receipt-retirement.mjs -> scripts/tests/unit/task-tracker/verbs/close-false-delivery-recovery-wiring.test.mjs [import-transitive] test transitively imports changed path
scripts/task-tracker/lib/verification-receipt-retirement.mjs -> scripts/tests/unit/task-tracker/verbs/close-incorporated.test.mjs [import-transitive] test transitively imports changed path
scripts/task-tracker/lib/verification-receipt-retirement.mjs -> scripts/tests/unit/task-tracker/verbs/close-lifecycle-tick-retry.test.mjs [import-transitive] test transitively imports changed path
scripts/task-tracker/lib/verification-receipt-retirement.mjs -> scripts/tests/unit/task-tracker/verbs/close-no-commit-delivery.test.mjs [import-transitive] test transitively imports changed path
scripts/task-tracker/lib/verification-receipt-retirement.mjs -> scripts/tests/unit/task-tracker/verbs/close-occupancy-cleanup.test.mjs [import-transitive] test transitively imports changed path
scripts/task-tracker/lib/verification-receipt-retirement.mjs -> scripts/tests/unit/task-tracker/verbs/close-pexec-offline.test.mjs [import-transitive] test transitively imports changed path
scripts/task-tracker/lib/verification-receipt-retirement.mjs -> scripts/tests/unit/task-tracker/verbs/close-projected-guard-refresh.test.mjs [import-transitive] test transitively imports changed path
scripts/task-tracker/lib/verification-receipt-retirement.mjs -> scripts/tests/unit/task-tracker/verbs/close-reconcile-lifecycle.test.mjs [import-transitive] test transitively imports changed path
scripts/task-tracker/lib/verification-receipt-retirement.mjs -> scripts/tests/unit/task-tracker/verbs/close-recovery-backed-stale-wiring.test.mjs [import-transitive] test transitively imports changed path
scripts/task-tracker/lib/verification-receipt-retirement.mjs -> scripts/tests/unit/task-tracker/verbs/close-reopened-recovery-wiring.test.mjs [import-transitive] test transitively imports changed path
scripts/task-tracker/lib/verification-receipt-retirement.mjs -> scripts/tests/unit/task-tracker/verbs/close-review-authority-wiring.test.mjs [import-transitive] test transitively imports changed path
scripts/task-tracker/lib/verification-receipt-retirement.mjs -> scripts/tests/unit/task-tracker/verbs/close-strip-labels.test.mjs [import-transitive] test transitively imports changed path
scripts/task-tracker/lib/verification-receipt-retirement.mjs -> scripts/tests/unit/task-tracker/verbs/close-transaction-refresh.test.mjs [import-transitive] test transitively imports changed path
scripts/task-tracker/lib/verification-receipt-retirement.mjs -> scripts/tests/unit/task-tracker/verbs/coverage-promote.test.mjs [import-transitive] test transitively imports changed path
scripts/task-tracker/lib/verification-receipt-retirement.mjs -> scripts/tests/unit/task-tracker/verbs/demote-inprocess.test.mjs [import-transitive] test transitively imports changed path
scripts/task-tracker/lib/verification-receipt-retirement.mjs -> scripts/tests/unit/task-tracker/verbs/demote-verb.test.mjs [import-transitive] test transitively imports changed path
scripts/task-tracker/lib/verification-receipt-retirement.mjs -> scripts/tests/unit/task-tracker/verbs/demote.test.mjs [import-transitive] test transitively imports changed path
scripts/task-tracker/lib/verification-receipt-retirement.mjs -> scripts/tests/unit/task-tracker/verbs/move-inprocess-parity.test.mjs [import-transitive] test transitively imports changed path
scripts/task-tracker/lib/verification-receipt-retirement.mjs -> scripts/tests/unit/task-tracker/verbs/park.test.mjs [import-transitive] test transitively imports changed path
scripts/task-tracker/lib/verification-receipt-retirement.mjs -> scripts/tests/unit/task-tracker/verbs/promote-discuss-refusal.test.mjs [import-transitive] test transitively imports changed path
scripts/task-tracker/lib/verification-receipt-retirement.mjs -> scripts/tests/unit/task-tracker/verbs/promote-inprocess.test.mjs [import-transitive] test transitively imports changed path
scripts/task-tracker/lib/verification-receipt-retirement.mjs -> scripts/tests/unit/task-tracker/verbs/promote-review-close-agent-review-gate.test.mjs [import-transitive] test transitively imports changed path
scripts/task-tracker/lib/verification-receipt-retirement.mjs -> scripts/tests/unit/task-tracker/verbs/promote-spawn-timeout.test.mjs [import-transitive] test transitively imports changed path
scripts/task-tracker/lib/verification-receipt-retirement.mjs -> scripts/tests/unit/task-tracker/verbs/promote-test-delegation.test.mjs [import-transitive] test transitively imports changed path
scripts/task-tracker/lib/verification-receipt-retirement.mjs -> scripts/tests/unit/task-tracker/verbs/promote-test-review-alias.test.mjs [import-transitive] test transitively imports changed path
scripts/task-tracker/lib/verification-receipt-retirement.mjs -> scripts/tests/unit/task-tracker/verbs/promote-test-to-review-gate.test.mjs [import-transitive] test transitively imports changed path
scripts/task-tracker/lib/verification-receipt-retirement.mjs -> scripts/tests/unit/task-tracker/verbs/pull-next-background-profile.test.mjs [import-transitive] test transitively imports changed path
scripts/task-tracker/lib/verification-receipt-retirement.mjs -> scripts/tests/unit/task-tracker/verbs/pull-next-close-convergence.test.mjs [import-transitive] test transitively imports changed path
scripts/task-tracker/lib/verification-receipt-retirement.mjs -> scripts/tests/unit/task-tracker/verbs/pull-next-verb.test.mjs [import-transitive] test transitively imports changed path
scripts/task-tracker/lib/verification-receipt-retirement.mjs -> scripts/tests/unit/task-tracker/verbs/reconcile-inprocess.test.mjs [import-transitive] test transitively imports changed path
scripts/task-tracker/lib/verification-receipt-retirement.mjs -> scripts/tests/unit/task-tracker/verbs/reconcile-multistep-walk.test.mjs [import-transitive] test transitively imports changed path
scripts/task-tracker/lib/verification-receipt-retirement.mjs -> scripts/tests/unit/task-tracker/verbs/reconcile-verb.test.mjs [import-transitive] test transitively imports changed path
scripts/task-tracker/lib/verification-receipt-retirement.mjs -> scripts/tests/unit/task-tracker/verbs/refine-atomic-rollback.test.mjs [import-transitive] test transitively imports changed path
scripts/task-tracker/lib/verification-receipt-retirement.mjs -> scripts/tests/unit/task-tracker/verbs/refine-fields-cache-refresh.test.mjs [import-transitive] test transitively imports changed path
scripts/task-tracker/lib/verification-receipt-retirement.mjs -> scripts/tests/unit/task-tracker/verbs/refine-fresh-body-retry.test.mjs [import-transitive] test transitively imports changed path
scripts/task-tracker/lib/verification-receipt-retirement.mjs -> scripts/tests/unit/task-tracker/verbs/refine-stage-completion.test.mjs [import-transitive] test transitively imports changed path
scripts/task-tracker/lib/verification-receipt-retirement.mjs -> scripts/tests/unit/task-tracker/verbs/refine-verb.test.mjs [import-transitive] test transitively imports changed path
scripts/task-tracker/lib/verification-receipt-retirement.mjs -> scripts/tests/unit/task-tracker/verbs/review-sandbox-demote-slug.test.mjs [import-transitive] test transitively imports changed path
scripts/task-tracker/lib/verification-receipt-retirement.mjs -> scripts/tests/unit/task-tracker/verbs/review-state-action.test.mjs [import-transitive] test transitively imports changed path
scripts/task-tracker/lib/verification-receipt-retirement.mjs -> scripts/tests/unit/task-tracker/verbs/review-timing-monotonic.test.mjs [import-transitive] test transitively imports changed path
scripts/task-tracker/lib/verification-receipt-retirement.mjs -> scripts/tests/unit/task-tracker/verbs/review-unverified-tick-hatch.test.mjs [import-transitive] test transitively imports changed path
scripts/task-tracker/lib/verification-receipt-retirement.mjs -> scripts/tests/unit/task-tracker/verbs/sandbox-env-isolation.test.mjs [import-transitive] test transitively imports changed path
scripts/task-tracker/lib/verification-receipt-retirement.mjs -> scripts/tests/unit/task-tracker/verbs/supersede-inprocess.test.mjs [import-transitive] test transitively imports changed path
scripts/task-tracker/lib/verification-receipt-retirement.mjs -> scripts/tests/unit/task-tracker/verbs/supersede-verb.test.mjs [import-transitive] test transitively imports changed path
scripts/task-tracker/lib/verification-receipt-retirement.mjs -> scripts/tests/unit/task-tracker/verbs/test-project-provider-npm-ci-args.test.mjs [import-transitive] test transitively imports changed path
scripts/task-tracker/lib/verification-receipt-retirement.mjs -> scripts/tests/unit/task-tracker/verbs/test-rejected-vc-not-scored-as-failed.test.mjs [import-transitive] test transitively imports changed path
scripts/task-tracker/lib/verification-receipt-retirement.mjs -> scripts/tests/unit/task-tracker/verbs/test-verb-kind-aware-lanes.test.mjs [import-transitive] test transitively imports changed path
scripts/task-tracker/lib/verification-receipt-retirement.mjs -> scripts/tests/unit/task-tracker/verbs/test-verb-lane-split-migration.test.mjs [import-transitive] test transitively imports changed path
scripts/task-tracker/lib/verification-receipt-retirement.mjs -> scripts/tests/unit/task-tracker/verbs/test-verb-sandbox-worktree-path.test.mjs [import-transitive] test transitively imports changed path
scripts/task-tracker/lib/verification-receipt-retirement.mjs -> scripts/tests/unit/task-tracker/verbs/verb-plan-promote.test.mjs [import-transitive] test transitively imports changed path
scripts/task-tracker/lib/verification-receipt-retirement.mjs -> scripts/tests/unit/task-tracker/verbs/verb-test-sandbox-env.test.mjs [import-transitive] test transitively imports changed path
scripts/task-tracker/verbs/test.mjs -> scripts/tests/integration/task-tracker/lib/action-test.test.mjs [import-direct] test statically imports changed path
scripts/task-tracker/verbs/test.mjs -> scripts/tests/integration/task-tracker/lib/actor-flush-isolation.test.mjs [import-direct] test statically imports changed path
scripts/task-tracker/verbs/test.mjs -> scripts/tests/integration/task-tracker/lib/pr1866-review-regressions.test.mjs [import-direct] test statically imports changed path
scripts/task-tracker/verbs/test.mjs -> scripts/tests/integration/task-tracker/lib/stage-aware-verification.integration.test.mjs [import-direct] test statically imports changed path
scripts/task-tracker/verbs/test.mjs -> scripts/tests/integration/task-tracker/lib/verification-provider.integration.test.mjs [import-direct] test statically imports changed path
scripts/task-tracker/verbs/test.mjs -> scripts/tests/integration/task-tracker/verbs/github-record-test-review-gates.test.mjs [import-direct] test statically imports changed path
scripts/task-tracker/verbs/test.mjs -> scripts/tests/slow/task-tracker/verbs/verb-test-remove-worktree.test.mjs [import-direct] test statically imports changed path
scripts/task-tracker/verbs/test.mjs -> scripts/tests/unit/task-tracker/lib/test-sha-drift-gate.test.mjs [import-direct] test statically imports changed path
scripts/task-tracker/verbs/test.mjs -> scripts/tests/unit/task-tracker/lib/test-verb-receipt-refusal-audit.test.mjs [import-direct] test statically imports changed path
scripts/task-tracker/verbs/test.mjs -> scripts/tests/unit/task-tracker/lib/test-verb-receipt-retirement.test.mjs [import-direct] test statically imports changed path
scripts/task-tracker/verbs/test.mjs -> scripts/tests/unit/task-tracker/lib/test-verb-receipt-reuse.test.mjs [import-direct] test statically imports changed path
scripts/task-tracker/verbs/test.mjs -> scripts/tests/unit/task-tracker/lib/test-verb-result.test.mjs [import-direct] test statically imports changed path
scripts/task-tracker/verbs/test.mjs -> scripts/tests/unit/task-tracker/lib/test-verb-retry.test.mjs [import-direct] test statically imports changed path
scripts/task-tracker/verbs/test.mjs -> scripts/tests/unit/task-tracker/lib/test-verb-sandbox.test.mjs [import-direct] test statically imports changed path
scripts/task-tracker/verbs/test.mjs -> scripts/tests/unit/task-tracker/verbs/ac-stamp.test.mjs [manifest] CLI subprocess coverage is not completely visible through static imports
scripts/task-tracker/verbs/test.mjs -> scripts/tests/unit/task-tracker/verbs/action-ledger.test.mjs [manifest] CLI subprocess coverage is not completely visible through static imports
scripts/task-tracker/verbs/test.mjs -> scripts/tests/unit/task-tracker/verbs/approve-core.test.mjs [manifest] CLI subprocess coverage is not completely visible through static imports
scripts/task-tracker/verbs/test.mjs -> scripts/tests/unit/task-tracker/verbs/approve-full-auto-detect.test.mjs [manifest] CLI subprocess coverage is not completely visible through static imports
scripts/task-tracker/verbs/test.mjs -> scripts/tests/unit/task-tracker/verbs/approve-review-notes.test.mjs [manifest] CLI subprocess coverage is not completely visible through static imports
scripts/task-tracker/verbs/test.mjs -> scripts/tests/unit/task-tracker/verbs/approve-timing-boundary.test.mjs [manifest] CLI subprocess coverage is not completely visible through static imports
scripts/task-tracker/verbs/test.mjs -> scripts/tests/unit/task-tracker/verbs/assign.test.mjs [manifest] CLI subprocess coverage is not completely visible through static imports
scripts/task-tracker/verbs/test.mjs -> scripts/tests/unit/task-tracker/verbs/block-verb.test.mjs [manifest] CLI subprocess coverage is not completely visible through static imports
scripts/task-tracker/verbs/test.mjs -> scripts/tests/unit/task-tracker/verbs/board-and-project-guard.test.mjs [manifest] CLI subprocess coverage is not completely visible through static imports
scripts/task-tracker/verbs/test.mjs -> scripts/tests/unit/task-tracker/verbs/check-verb-migration.test.mjs [manifest] CLI subprocess coverage is not completely visible through static imports
scripts/task-tracker/verbs/test.mjs -> scripts/tests/unit/task-tracker/verbs/check.test.mjs [manifest] CLI subprocess coverage is not completely visible through static imports
scripts/task-tracker/verbs/test.mjs -> scripts/tests/unit/task-tracker/verbs/close-authority-refresh.test.mjs [manifest] CLI subprocess coverage is not completely visible through static imports
scripts/task-tracker/verbs/test.mjs -> scripts/tests/unit/task-tracker/verbs/close-binding-cleanup.test.mjs [manifest] CLI subprocess coverage is not completely visible through static imports
scripts/task-tracker/verbs/test.mjs -> scripts/tests/unit/task-tracker/verbs/close-child-refresh.test.mjs [manifest] CLI subprocess coverage is not completely visible through static imports
scripts/task-tracker/verbs/test.mjs -> scripts/tests/unit/task-tracker/verbs/close-converge-audit-emission.test.mjs [manifest] CLI subprocess coverage is not completely visible through static imports
scripts/task-tracker/verbs/test.mjs -> scripts/tests/unit/task-tracker/verbs/close-convergence-wiring-finalize.test.mjs [manifest] CLI subprocess coverage is not completely visible through static imports
scripts/task-tracker/verbs/test.mjs -> scripts/tests/unit/task-tracker/verbs/close-convergence-wiring.test.mjs [manifest] CLI subprocess coverage is not completely visible through static imports
scripts/task-tracker/verbs/test.mjs -> scripts/tests/unit/task-tracker/verbs/close-delivered-idempotence.test.mjs [manifest] CLI subprocess coverage is not completely visible through static imports
scripts/task-tracker/verbs/test.mjs -> scripts/tests/unit/task-tracker/verbs/close-delivery-gate-input.test.mjs [manifest] CLI subprocess coverage is not completely visible through static imports
scripts/task-tracker/verbs/test.mjs -> scripts/tests/unit/task-tracker/verbs/close-delivery-gate-refusal.test.mjs [manifest] CLI subprocess coverage is not completely visible through static imports
scripts/task-tracker/verbs/test.mjs -> scripts/tests/unit/task-tracker/verbs/close-delivery-receipt.test.mjs [manifest] CLI subprocess coverage is not completely visible through static imports
scripts/task-tracker/verbs/test.mjs -> scripts/tests/unit/task-tracker/verbs/close-false-delivery-recovery-contract.test.mjs [manifest] CLI subprocess coverage is not completely visible through static imports
scripts/task-tracker/verbs/test.mjs -> scripts/tests/unit/task-tracker/verbs/close-false-delivery-recovery-wiring.test.mjs [manifest] CLI subprocess coverage is not completely visible through static imports
scripts/task-tracker/verbs/test.mjs -> scripts/tests/unit/task-tracker/verbs/close-incorporated.test.mjs [manifest] CLI subprocess coverage is not completely visible through static imports
scripts/task-tracker/verbs/test.mjs -> scripts/tests/unit/task-tracker/verbs/close-lifecycle-tick-retry.test.mjs [manifest] CLI subprocess coverage is not completely visible through static imports
scripts/task-tracker/verbs/test.mjs -> scripts/tests/unit/task-tracker/verbs/close-no-commit-delivery.test.mjs [manifest] CLI subprocess coverage is not completely visible through static imports
scripts/task-tracker/verbs/test.mjs -> scripts/tests/unit/task-tracker/verbs/close-occupancy-cleanup.test.mjs [manifest] CLI subprocess coverage is not completely visible through static imports
scripts/task-tracker/verbs/test.mjs -> scripts/tests/unit/task-tracker/verbs/close-pexec-offline.test.mjs [manifest] CLI subprocess coverage is not completely visible through static imports
scripts/task-tracker/verbs/test.mjs -> scripts/tests/unit/task-tracker/verbs/close-projected-guard-refresh.test.mjs [manifest] CLI subprocess coverage is not completely visible through static imports
scripts/task-tracker/verbs/test.mjs -> scripts/tests/unit/task-tracker/verbs/close-reconcile-lifecycle.test.mjs [manifest] CLI subprocess coverage is not completely visible through static imports
scripts/task-tracker/verbs/test.mjs -> scripts/tests/unit/task-tracker/verbs/close-recovery-backed-stale-wiring.test.mjs [manifest] CLI subprocess coverage is not completely visible through static imports
scripts/task-tracker/verbs/test.mjs -> scripts/tests/unit/task-tracker/verbs/close-reopened-recovery-wiring.test.mjs [manifest] CLI subprocess coverage is not completely visible through static imports
scripts/task-tracker/verbs/test.mjs -> scripts/tests/unit/task-tracker/verbs/close-review-authority-wiring.test.mjs [manifest] CLI subprocess coverage is not completely visible through static imports
scripts/task-tracker/verbs/test.mjs -> scripts/tests/unit/task-tracker/verbs/close-strip-labels.test.mjs [manifest] CLI subprocess coverage is not completely visible through static imports
scripts/task-tracker/verbs/test.mjs -> scripts/tests/unit/task-tracker/verbs/close-transaction-refresh.test.mjs [manifest] CLI subprocess coverage is not completely visible through static imports
scripts/task-tracker/verbs/test.mjs -> scripts/tests/unit/task-tracker/verbs/comment.test.mjs [manifest] CLI subprocess coverage is not completely visible through static imports
scripts/task-tracker/verbs/test.mjs -> scripts/tests/unit/task-tracker/verbs/commit-trace-verb.test.mjs [manifest] CLI subprocess coverage is not completely visible through static imports
scripts/task-tracker/verbs/test.mjs -> scripts/tests/unit/task-tracker/verbs/coverage-ac-stamp.test.mjs [manifest] CLI subprocess coverage is not completely visible through static imports
scripts/task-tracker/verbs/test.mjs -> scripts/tests/unit/task-tracker/verbs/coverage-auto.test.mjs [manifest] CLI subprocess coverage is not completely visible through static imports
scripts/task-tracker/verbs/test.mjs -> scripts/tests/unit/task-tracker/verbs/coverage-check-verb.test.mjs [manifest] CLI subprocess coverage is not completely visible through static imports
scripts/task-tracker/verbs/test.mjs -> scripts/tests/unit/task-tracker/verbs/coverage-check.test.mjs [manifest] CLI subprocess coverage is not completely visible through static imports
scripts/task-tracker/verbs/test.mjs -> scripts/tests/unit/task-tracker/verbs/coverage-commit-trace.test.mjs [manifest] CLI subprocess coverage is not completely visible through static imports
scripts/task-tracker/verbs/test.mjs -> scripts/tests/unit/task-tracker/verbs/coverage-config.test.mjs [manifest] CLI subprocess coverage is not completely visible through static imports
scripts/task-tracker/verbs/test.mjs -> scripts/tests/unit/task-tracker/verbs/coverage-dod-stamp.test.mjs [manifest] CLI subprocess coverage is not completely visible through static imports
scripts/task-tracker/verbs/test.mjs -> scripts/tests/unit/task-tracker/verbs/coverage-evidence-markers.test.mjs [manifest] CLI subprocess coverage is not completely visible through static imports
scripts/task-tracker/verbs/test.mjs -> scripts/tests/unit/task-tracker/verbs/coverage-fleet.test.mjs [manifest] CLI subprocess coverage is not completely visible through static imports
scripts/task-tracker/verbs/test.mjs -> scripts/tests/unit/task-tracker/verbs/coverage-kind.test.mjs [manifest] CLI subprocess coverage is not completely visible through static imports
scripts/task-tracker/verbs/test.mjs -> scripts/tests/unit/task-tracker/verbs/coverage-mirror-deep-dive.test.mjs [manifest] CLI subprocess coverage is not completely visible through static imports
scripts/task-tracker/verbs/test.mjs -> scripts/tests/unit/task-tracker/verbs/coverage-plan-approve.test.mjs [manifest] CLI subprocess coverage is not completely visible through static imports
scripts/task-tracker/verbs/test.mjs -> scripts/tests/unit/task-tracker/verbs/coverage-promote.test.mjs [manifest] CLI subprocess coverage is not completely visible through static imports
scripts/task-tracker/verbs/test.mjs -> scripts/tests/unit/task-tracker/verbs/coverage-update.test.mjs [manifest] CLI subprocess coverage is not completely visible through static imports
scripts/task-tracker/verbs/test.mjs -> scripts/tests/unit/task-tracker/verbs/deliver-default-deps.test.mjs [manifest] CLI subprocess coverage is not completely visible through static imports
scripts/task-tracker/verbs/test.mjs -> scripts/tests/unit/task-tracker/verbs/deliver-default-squash-recovery.test.mjs [manifest] CLI subprocess coverage is not completely visible through static imports
scripts/task-tracker/verbs/test.mjs -> scripts/tests/unit/task-tracker/verbs/deliver-historical-reconstruction.test.mjs [manifest] CLI subprocess coverage is not completely visible through static imports
scripts/task-tracker/verbs/test.mjs -> scripts/tests/unit/task-tracker/verbs/deliver-lineage-adapter.test.mjs [manifest] CLI subprocess coverage is not completely visible through static imports
scripts/task-tracker/verbs/test.mjs -> scripts/tests/unit/task-tracker/verbs/deliver-merged-source-attribution.test.mjs [manifest] CLI subprocess coverage is not completely visible through static imports
scripts/task-tracker/verbs/test.mjs -> scripts/tests/unit/task-tracker/verbs/deliver-multiple-pr-records.test.mjs [manifest] CLI subprocess coverage is not completely visible through static imports
scripts/task-tracker/verbs/test.mjs -> scripts/tests/unit/task-tracker/verbs/deliver-no-commit.test.mjs [manifest] CLI subprocess coverage is not completely visible through static imports
scripts/task-tracker/verbs/test.mjs -> scripts/tests/unit/task-tracker/verbs/deliver-pr-selection.test.mjs [manifest] CLI subprocess coverage is not completely visible through static imports
scripts/task-tracker/verbs/test.mjs -> scripts/tests/unit/task-tracker/verbs/deliver-reconcile-args.test.mjs [manifest] CLI subprocess coverage is not completely visible through static imports
scripts/task-tracker/verbs/test.mjs -> scripts/tests/unit/task-tracker/verbs/deliver-review-waiver.test.mjs [manifest] CLI subprocess coverage is not completely visible through static imports
scripts/task-tracker/verbs/test.mjs -> scripts/tests/unit/task-tracker/verbs/deliver-single-source-squash.test.mjs [manifest] CLI subprocess coverage is not completely visible through static imports
scripts/task-tracker/verbs/test.mjs -> scripts/tests/unit/task-tracker/verbs/deliver-source-inventory.test.mjs [manifest] CLI subprocess coverage is not completely visible through static imports
scripts/task-tracker/verbs/test.mjs -> scripts/tests/unit/task-tracker/verbs/deliver.test.mjs [manifest] CLI subprocess coverage is not completely visible through static imports
scripts/task-tracker/verbs/test.mjs -> scripts/tests/unit/task-tracker/verbs/demote-inprocess.test.mjs [manifest] CLI subprocess coverage is not completely visible through static imports
scripts/task-tracker/verbs/test.mjs -> scripts/tests/unit/task-tracker/verbs/demote-verb.test.mjs [manifest] CLI subprocess coverage is not completely visible through static imports
scripts/task-tracker/verbs/test.mjs -> scripts/tests/unit/task-tracker/verbs/demote.test.mjs [manifest] CLI subprocess coverage is not completely visible through static imports
scripts/task-tracker/verbs/test.mjs -> scripts/tests/unit/task-tracker/verbs/develop-state-action.test.mjs [manifest] CLI subprocess coverage is not completely visible through static imports
scripts/task-tracker/verbs/test.mjs -> scripts/tests/unit/task-tracker/verbs/dod-stamp-state-gate.test.mjs [manifest] CLI subprocess coverage is not completely visible through static imports
scripts/task-tracker/verbs/test.mjs -> scripts/tests/unit/task-tracker/verbs/ensure-checked.test.mjs [manifest] CLI subprocess coverage is not completely visible through static imports
scripts/task-tracker/verbs/test.mjs -> scripts/tests/unit/task-tracker/verbs/ensure-unchecked.test.mjs [manifest] CLI subprocess coverage is not completely visible through static imports
scripts/task-tracker/verbs/test.mjs -> scripts/tests/unit/task-tracker/verbs/epic-reconcile.test.mjs [manifest] CLI subprocess coverage is not completely visible through static imports
scripts/task-tracker/verbs/test.mjs -> scripts/tests/unit/task-tracker/verbs/epic-wave.test.mjs [manifest] CLI subprocess coverage is not completely visible through static imports
scripts/task-tracker/verbs/test.mjs -> scripts/tests/unit/task-tracker/verbs/fleet-closed-bindings.test.mjs [manifest] CLI subprocess coverage is not completely visible through static imports
scripts/task-tracker/verbs/test.mjs -> scripts/tests/unit/task-tracker/verbs/functional-dod-gate.test.mjs [manifest] CLI subprocess coverage is not completely visible through static imports
scripts/task-tracker/verbs/test.mjs -> scripts/tests/unit/task-tracker/verbs/help.test.mjs [manifest] CLI subprocess coverage is not completely visible through static imports
scripts/task-tracker/verbs/test.mjs -> scripts/tests/unit/task-tracker/verbs/incident-ledger.test.mjs [manifest] CLI subprocess coverage is not completely visible through static imports
scripts/task-tracker/verbs/test.mjs -> scripts/tests/unit/task-tracker/verbs/inflate-estimate.test.mjs [manifest] CLI subprocess coverage is not completely visible through static imports
scripts/task-tracker/verbs/test.mjs -> scripts/tests/unit/task-tracker/verbs/issue-body.test.mjs [manifest] CLI subprocess coverage is not completely visible through static imports
scripts/task-tracker/verbs/test.mjs -> scripts/tests/unit/task-tracker/verbs/migrate-dependencies.test.mjs [manifest] CLI subprocess coverage is not completely visible through static imports
scripts/task-tracker/verbs/test.mjs -> scripts/tests/unit/task-tracker/verbs/move-inprocess-parity.test.mjs [manifest] CLI subprocess coverage is not completely visible through static imports
scripts/task-tracker/verbs/test.mjs -> scripts/tests/unit/task-tracker/verbs/new-help-probe-guard.test.mjs [manifest] CLI subprocess coverage is not completely visible through static imports
scripts/task-tracker/verbs/test.mjs -> scripts/tests/unit/task-tracker/verbs/new-routes-create-issue.test.mjs [manifest] CLI subprocess coverage is not completely visible through static imports
scripts/task-tracker/verbs/test.mjs -> scripts/tests/unit/task-tracker/verbs/new.test.mjs [manifest] CLI subprocess coverage is not completely visible through static imports
scripts/task-tracker/verbs/test.mjs -> scripts/tests/unit/task-tracker/verbs/next-alias.test.mjs [manifest] CLI subprocess coverage is not completely visible through static imports
scripts/task-tracker/verbs/test.mjs -> scripts/tests/unit/task-tracker/verbs/park.test.mjs [manifest] CLI subprocess coverage is not completely visible through static imports
scripts/task-tracker/verbs/test.mjs -> scripts/tests/unit/task-tracker/verbs/plan-approve-collapse.test.mjs [manifest] CLI subprocess coverage is not completely visible through static imports
scripts/task-tracker/verbs/test.mjs -> scripts/tests/unit/task-tracker/verbs/plan-approve-core.test.mjs [manifest] CLI subprocess coverage is not completely visible through static imports
scripts/task-tracker/verbs/test.mjs -> scripts/tests/unit/task-tracker/verbs/plan-approve.test.mjs [manifest] CLI subprocess coverage is not completely visible through static imports
scripts/task-tracker/verbs/test.mjs -> scripts/tests/unit/task-tracker/verbs/plan-estimate.test.mjs [manifest] CLI subprocess coverage is not completely visible through static imports
scripts/task-tracker/verbs/test.mjs -> scripts/tests/unit/task-tracker/verbs/promote-discuss-refusal.test.mjs [manifest] CLI subprocess coverage is not completely visible through static imports
scripts/task-tracker/verbs/test.mjs -> scripts/tests/unit/task-tracker/verbs/promote-inprocess.test.mjs [manifest] CLI subprocess coverage is not completely visible through static imports
scripts/task-tracker/verbs/test.mjs -> scripts/tests/unit/task-tracker/verbs/promote-review-close-agent-review-gate.test.mjs [manifest] CLI subprocess coverage is not completely visible through static imports
scripts/task-tracker/verbs/test.mjs -> scripts/tests/unit/task-tracker/verbs/promote-spawn-timeout.test.mjs [manifest] CLI subprocess coverage is not completely visible through static imports
scripts/task-tracker/verbs/test.mjs -> scripts/tests/unit/task-tracker/verbs/promote-test-delegation.test.mjs [import-direct] test statically imports changed path
scripts/task-tracker/verbs/test.mjs -> scripts/tests/unit/task-tracker/verbs/promote-test-delegation.test.mjs [manifest] CLI subprocess coverage is not completely visible through static imports
scripts/task-tracker/verbs/test.mjs -> scripts/tests/unit/task-tracker/verbs/promote-test-review-alias.test.mjs [manifest] CLI subprocess coverage is not completely visible through static imports
scripts/task-tracker/verbs/test.mjs -> scripts/tests/unit/task-tracker/verbs/promote-test-to-review-gate.test.mjs [manifest] CLI subprocess coverage is not completely visible through static imports
scripts/task-tracker/verbs/test.mjs -> scripts/tests/unit/task-tracker/verbs/pull-next-background-profile.test.mjs [manifest] CLI subprocess coverage is not completely visible through static imports
scripts/task-tracker/verbs/test.mjs -> scripts/tests/unit/task-tracker/verbs/pull-next-close-convergence.test.mjs [manifest] CLI subprocess coverage is not completely visible through static imports
scripts/task-tracker/verbs/test.mjs -> scripts/tests/unit/task-tracker/verbs/pull-next-verb.test.mjs [manifest] CLI subprocess coverage is not completely visible through static imports
scripts/task-tracker/verbs/test.mjs -> scripts/tests/unit/task-tracker/verbs/reconcile-inprocess.test.mjs [manifest] CLI subprocess coverage is not completely visible through static imports
scripts/task-tracker/verbs/test.mjs -> scripts/tests/unit/task-tracker/verbs/reconcile-multistep-walk.test.mjs [manifest] CLI subprocess coverage is not completely visible through static imports
scripts/task-tracker/verbs/test.mjs -> scripts/tests/unit/task-tracker/verbs/reconcile-verb.test.mjs [manifest] CLI subprocess coverage is not completely visible through static imports
scripts/task-tracker/verbs/test.mjs -> scripts/tests/unit/task-tracker/verbs/refine-atomic-rollback.test.mjs [manifest] CLI subprocess coverage is not completely visible through static imports
scripts/task-tracker/verbs/test.mjs -> scripts/tests/unit/task-tracker/verbs/refine-fields-cache-refresh.test.mjs [manifest] CLI subprocess coverage is not completely visible through static imports
scripts/task-tracker/verbs/test.mjs -> scripts/tests/unit/task-tracker/verbs/refine-fresh-body-retry.test.mjs [manifest] CLI subprocess coverage is not completely visible through static imports
scripts/task-tracker/verbs/test.mjs -> scripts/tests/unit/task-tracker/verbs/refine-stage-completion.test.mjs [manifest] CLI subprocess coverage is not completely visible through static imports
scripts/task-tracker/verbs/test.mjs -> scripts/tests/unit/task-tracker/verbs/refine-verb.test.mjs [manifest] CLI subprocess coverage is not completely visible through static imports
scripts/task-tracker/verbs/test.mjs -> scripts/tests/unit/task-tracker/verbs/reject.test.mjs [manifest] CLI subprocess coverage is not completely visible through static imports
scripts/task-tracker/verbs/test.mjs -> scripts/tests/unit/task-tracker/verbs/review-receipt-lane-skip.test.mjs [manifest] CLI subprocess coverage is not completely visible through static imports
scripts/task-tracker/verbs/test.mjs -> scripts/tests/unit/task-tracker/verbs/review-sandbox-demote-slug.test.mjs [manifest] CLI subprocess coverage is not completely visible through static imports
scripts/task-tracker/verbs/test.mjs -> scripts/tests/unit/task-tracker/verbs/review-state-action.test.mjs [manifest] CLI subprocess coverage is not completely visible through static imports
scripts/task-tracker/verbs/test.mjs -> scripts/tests/unit/task-tracker/verbs/review-timing-monotonic.test.mjs [manifest] CLI subprocess coverage is not completely visible through static imports
scripts/task-tracker/verbs/test.mjs -> scripts/tests/unit/task-tracker/verbs/review-unverified-tick-hatch.test.mjs [manifest] CLI subprocess coverage is not completely visible through static imports
scripts/task-tracker/verbs/test.mjs -> scripts/tests/unit/task-tracker/verbs/sandbox-env-isolation.test.mjs [import-direct] test statically imports changed path
scripts/task-tracker/verbs/test.mjs -> scripts/tests/unit/task-tracker/verbs/sandbox-env-isolation.test.mjs [manifest] CLI subprocess coverage is not completely visible through static imports
scripts/task-tracker/verbs/test.mjs -> scripts/tests/unit/task-tracker/verbs/split-plan.test.mjs [manifest] CLI subprocess coverage is not completely visible through static imports
scripts/task-tracker/verbs/test.mjs -> scripts/tests/unit/task-tracker/verbs/state-cursor-promotion-parity.test.mjs [manifest] CLI subprocess coverage is not completely visible through static imports
scripts/task-tracker/verbs/test.mjs -> scripts/tests/unit/task-tracker/verbs/supersede-inprocess.test.mjs [manifest] CLI subprocess coverage is not completely visible through static imports
scripts/task-tracker/verbs/test.mjs -> scripts/tests/unit/task-tracker/verbs/supersede-verb.test.mjs [manifest] CLI subprocess coverage is not completely visible through static imports
scripts/task-tracker/verbs/test.mjs -> scripts/tests/unit/task-tracker/verbs/test-project-provider-npm-ci-args.test.mjs [import-direct] test statically imports changed path
scripts/task-tracker/verbs/test.mjs -> scripts/tests/unit/task-tracker/verbs/test-project-provider-npm-ci-args.test.mjs [manifest] CLI subprocess coverage is not completely visible through static imports
scripts/task-tracker/verbs/test.mjs -> scripts/tests/unit/task-tracker/verbs/test-rejected-vc-not-scored-as-failed.test.mjs [import-direct] test statically imports changed path
scripts/task-tracker/verbs/test.mjs -> scripts/tests/unit/task-tracker/verbs/test-rejected-vc-not-scored-as-failed.test.mjs [manifest] CLI subprocess coverage is not completely visible through static imports
scripts/task-tracker/verbs/test.mjs -> scripts/tests/unit/task-tracker/verbs/test-state-action.test.mjs [manifest] CLI subprocess coverage is not completely visible through static imports
scripts/task-tracker/verbs/test.mjs -> scripts/tests/unit/task-tracker/verbs/test-verb-kind-aware-lanes.test.mjs [import-direct] test statically imports changed path
scripts/task-tracker/verbs/test.mjs -> scripts/tests/unit/task-tracker/verbs/test-verb-kind-aware-lanes.test.mjs [manifest] CLI subprocess coverage is not completely visible through static imports
scripts/task-tracker/verbs/test.mjs -> scripts/tests/unit/task-tracker/verbs/test-verb-lane-split-migration.test.mjs [import-direct] test statically imports changed path
scripts/task-tracker/verbs/test.mjs -> scripts/tests/unit/task-tracker/verbs/test-verb-lane-split-migration.test.mjs [manifest] CLI subprocess coverage is not completely visible through static imports
scripts/task-tracker/verbs/test.mjs -> scripts/tests/unit/task-tracker/verbs/test-verb-sandbox-worktree-path.test.mjs [import-direct] test statically imports changed path
scripts/task-tracker/verbs/test.mjs -> scripts/tests/unit/task-tracker/verbs/test-verb-sandbox-worktree-path.test.mjs [manifest] CLI subprocess coverage is not completely visible through static imports
scripts/task-tracker/verbs/test.mjs -> scripts/tests/unit/task-tracker/verbs/unassign.test.mjs [manifest] CLI subprocess coverage is not completely visible through static imports
scripts/task-tracker/verbs/test.mjs -> scripts/tests/unit/task-tracker/verbs/user-story.test.mjs [manifest] CLI subprocess coverage is not completely visible through static imports
scripts/task-tracker/verbs/test.mjs -> scripts/tests/unit/task-tracker/verbs/verb-discover-help.test.mjs [manifest] CLI subprocess coverage is not completely visible through static imports
scripts/task-tracker/verbs/test.mjs -> scripts/tests/unit/task-tracker/verbs/verb-plan-promote.test.mjs [manifest] CLI subprocess coverage is not completely visible through static imports
scripts/task-tracker/verbs/test.mjs -> scripts/tests/unit/task-tracker/verbs/verb-test-sandbox-env.test.mjs [import-direct] test statically imports changed path
scripts/task-tracker/verbs/test.mjs -> scripts/tests/unit/task-tracker/verbs/verb-test-sandbox-env.test.mjs [manifest] CLI subprocess coverage is not completely visible through static imports
scripts/tests/integration/task-tracker/lib/action-test.test.mjs -> scripts/tests/integration/meta/test-tree-layout.test.mjs [manifest] current test tree authority change
scripts/tests/integration/task-tracker/lib/action-test.test.mjs -> scripts/tests/integration/task-tracker/lib/action-test.test.mjs [changed-test] changed or newly discovered test
scripts/tests/unit/task-tracker/lib/test-verb-receipt-retirement.test.mjs -> scripts/tests/integration/meta/test-tree-layout.test.mjs [manifest] current test tree authority change
scripts/tests/unit/task-tracker/lib/test-verb-receipt-retirement.test.mjs -> scripts/tests/unit/task-tracker/lib/test-verb-receipt-retirement.test.mjs [changed-test] changed or newly discovered test
scripts/tests/unit/task-tracker/lib/verification-receipt-retirement.test.mjs -> scripts/tests/integration/meta/test-tree-layout.test.mjs [manifest] current test tree authority change
scripts/tests/unit/task-tracker/lib/verification-receipt-retirement.test.mjs -> scripts/tests/unit/task-tracker/lib/verification-receipt-retirement.test.mjs [changed-test] changed or newly discovered test
✔ layout audit rejects a discovered test outside the canonical lane tree (97.613708ms)
✔ layout audit rejects a test placed directly in a canonical lane root (44.895958ms)
✔ line-cap audit still examines a misplaced test discovered outside the canonical tree (47.3475ms)
✔ a hidden support-subtree test cannot evade discovery, the runner, or any audit (129.015833ms)
✔ feature-oriented files keep semantic ownership after their lane correction (1.672875ms)
✔ current test-tree baseline is well formed (1.233917ms)
✔ AC3/AC4: every current baseline test remains live in its recorded lane (0.286209ms)
✔ AC1: no *.test.mjs file remains directly in a lane root (0.283542ms)
✔ AC2: every lane subdirectory has an explicit subsystem or integration owner (3.637458ms)
✔ AC4: the three lanes are a disjoint partition whose union is the whole discovery set (7.886542ms)
ℹ tests 10
ℹ suites 0
ℹ pass 10
ℹ fail 0
ℹ cancelled 0
ℹ skipped 0
ℹ todo 0
ℹ duration_ms 406.460459
Closed #9184. Delivery merge-method waived (requirement=delivery.verification.merge-method).
✔ no grant preserves the original merged method refusal without terminal writes (8.218041ms)
✔ exact grant produces one v3 intent, immutable burn, one v4 receipt, and idempotent retry (34.509709ms)
✔ synthetic historical waiver reaches the close receipt gate with method visibly waived (49.303291ms)
✔ grant expiry after v3 intent readback refuses the burn and leaves no receipt (7.107625ms)
✔ revocation observed at the effect boundary leaves the confirmed intent unburned (6.194958ms)
✔ two independent verification failures refuse before intent reservation (2.651083ms)
✔ scope drift before intent reservation prevents any journal write (5.108666ms)
✔ fresh approval after pre-reservation issue re-scoping selects the revised grant (12.304292ms)
✔ scope drift after v3 readback leaves approval unburned and no receipt (6.339375ms)
✔ confirmed burn and receipt remain replayable after the grant expires (22.176458ms)
✔ advanced local HEAD still replays the pinned v4 receipt without publication (21.129292ms)
✔ advanced local HEAD resumes an exact confirmed burn before receipt publication (19.821959ms)
✔ completed receipt uses pinned provider observation when retry read omits it (19.169542ms)
✔ revocation recorded after the burn leaves the historical receipt verifiable (22.8595ms)
✔ unresolved receipt publication burns approval and never posts on retry (20.526042ms)
✔ two concurrent deliver contenders project one v3 successor and one burn (14.7915ms)
✔ lost v3 intent response is resolved from exact comment readback (10.340375ms)
✔ another host completing v4 between intent confirmation and readback is adopted exactly (20.661291ms)
✔ two authorized operations naming one predecessor refuse before either reserves it (2.436875ms)
✔ stale per-host grant views for distinct operations still reserve one predecessor (14.899459ms)
ℹ tests 20
ℹ suites 0
ℹ pass 20
ℹ fail 0
ℹ cancelled 0
ℹ skipped 0
ℹ todo 0
ℹ duration_ms 492.571708
✔ production delivery reader resolves empty or omitted trunkRef for an attributed epic child (18.477166ms)
✔ production delivery reader follows the shared local and configured-remote fallback authority (1.265542ms)
✔ production child close resolves an omitted trunkRef and keeps parent attribution blockers (14.674375ms)
✔ production child close projects the same gate outcome with explicit and default trunk refs (14.507416ms)
ℹ tests 4
ℹ suites 0
ℹ pass 4
ℹ fail 0
ℹ cancelled 0
ℹ skipped 0
ℹ todo 0
ℹ duration_ms 207.718542
✔ local parent closes ready with absent remote parent (681.935333ms)
✔ local parent closes ready with divergent remote parent (603.7415ms)
✔ missing opaque parent walks to the surviving registered ancestor (773.713625ms)
✔ absent parents fall back to trunk and cannot attribute an undelivered child (427.297042ms)
✔ local delivery rejects false numeric-prefix attribution (365.377792ms)
✔ missing local commit objects fail closed without remote substitution (624.461125ms)
ℹ tests 6
ℹ suites 0
ℹ pass 6
ℹ fail 0
ℹ cancelled 0
ℹ skipped 0
ℹ todo 0
ℹ duration_ms 3687.799542
✔ completed local-trunk receipt makes advisory close ready without effects (3.8935ms)
✔ completed receipt still refuses when fresh trunk and PR proof drifts (0.838ms)
✔ unconsumed local grant stays blocked in advisory close (0.495125ms)
✔ production local receipt reader verifies exact journal and comment without writes (4.342125ms)
ℹ tests 4
ℹ suites 0
ℹ pass 4
ℹ fail 0
ℹ cancelled 0
ℹ skipped 0
ℹ todo 0
ℹ duration_ms 179.365208
✔ Close preserves unchecked reasons after delivered authority with old attachments removed (78.991ms)
✔ Close preserves unchecked reasons after local-trunk authority with old attachments removed (22.436625ms)
ℹ tests 2
ℹ suites 0
ℹ pass 2
ℹ fail 0
ℹ cancelled 0
ℹ skipped 0
ℹ todo 0
ℹ duration_ms 269.992334
fatal: Not a valid object name ffffffffffffffffffffffffffffffffffffffff^{commit}
✔ production read-only v5 proof is ready on exact base and leaves Git and worktree bytes unchanged (549.189083ms)
✔ production read-only v5 proof is ready on disjoint advanced base and leaves Git and worktree bytes unchanged (450.240917ms)
✔ production v5 proof refuses changed content and overlapping base changes (827.446542ms)
✔ production v5 proof refuses unavailable accepted objects and conflicting receipt bytes (475.558875ms)
ℹ tests 4
ℹ suites 0
ℹ pass 4
ℹ fail 0
ℹ cancelled 0
ℹ skipped 0
ℹ todo 0
ℹ duration_ms 2462.542667
✔ production close guard adapter verifies a pinned v4 receipt through read-only ports (30.577417ms)
ℹ tests 1
ℹ suites 0
ℹ pass 1
ℹ fail 0
ℹ cancelled 0
ℹ skipped 0
ℹ todo 0
ℹ duration_ms 172.546042
✔ production child reader retains complete paginated child identity and refuses malformed pages (1.899542ms)
✔ production worktree reader compares binding identity and observes dirty paths without writing (0.210208ms)
✔ production delivery reader uses canonical parent lineage and current receipt evidence (1.921417ms)
✔ production delivery rejects evidence-v2 without invoking its mutating close runner (0.136917ms)
✔ production guard adapter reads dependencies and refuses missing local commit objects (0.668167ms)
✔ production close reaches ready with fresh authority and only read transports (8.735958ms)
✔ production close collector and terminal authority guard refuse changed delivery after ready (2.749625ms)
✔ production close observes workflow policy when a guard requires enrichment (3.411791ms)
✔ production close cannot select ordinary completion for a CLOSED GitHub issue in Review (1.819291ms)
✔ production close refuses issue-body changes even when semantic scope is unchanged (2.4575ms)
✔ production close refuses a changed issue revision with byte-identical body (1.329959ms)
✔ production close cannot bypass pending recovery on an OPEN issue in Review (2.46575ms)
✔ production close retains immutable initial and current issue revisions (1.226959ms)
✔ ordinary close collects current authority without effects (1.703083ms)
✔ close fails closed on missing objects and retains independent guard blockers (1.040583ms)
✔ close cannot convert a missing receipt or child read into readiness (1.210666ms)
✔ production close adapter fails closed without read-only delivery and guard seams (0.616ms)
✔ production guards pin both child and epic delivery proofs to the verified immutable tip (1.028583ms)
✔ collector preserves all seven fields on read failure and does not execute effects (0.7785ms)
✔ epic child refusals and independent child approval requests survive close collection (0.428708ms)
✔ close preserves approval requests alongside attribution investigation (0.692542ms)
✔ incorporated and malformed evidence-v2 authority cannot select a special close lane (0.690542ms)
✔ a current Review state selects sanctioned close navigation (0.050208ms)
✔ Done remains terminal and cannot select another close (0.036125ms)
✔ Review promotion delegates to the close collector (0.52425ms)
✔ close retains approval and investigation requests simultaneously (0.674375ms)
✔ missing workflow-policy reader is a typed indeterminate result (0.315375ms)
ℹ tests 27
ℹ suites 0
ℹ pass 27
ℹ fail 0
ℹ cancelled 0
ℹ skipped 0
ℹ todo 0
ℹ duration_ms 182.195666
✔ open-PR delivery explanation shares actual preflight and performs no effects (7.313583ms)
✔ stale PR head is blocked by the same exact-head preflight as execution (1.303084ms)
✔ missing provider capability blocks without shell merge guidance (0.716042ms)
✔ an unreadable delivery authority observation is indeterminate (0.707958ms)
✔ simultaneous unreadable sources retain both typed causes (0.551541ms)
✔ merged PR without a delivery receipt cannot claim ready from PR state alone (0.815167ms)
✔ merged PR reconstruction does not infer a provider action (0.643625ms)
✔ merged PR with a live intent and exact read-only trunk proof is explainable (8.049125ms)
✔ merged PR without an intent is explainable when read-only external proof succeeds (1.326917ms)
✔ merged external proof retains source-attribution metadata warnings (1.437833ms)
✔ merged PR with a matching receipt remains explainable without new records (4.839833ms)
✔ default merged proof ports observe remote and local trunk without fetching refs (0.608791ms)
✔ default delivery dependency advertises only the configured provider-action capability (0.115292ms)
✔ a stale local trunk mirror cannot prove merged delivery readiness (2.668166ms)
✔ merged intent cannot explain ready after configured method diverges (2.535458ms)
✔ issue-resident no-commit delivery is explainable without a merge provider (1.168833ms)
✔ production reader selects the current head among historical branch PRs (0.797041ms)
✔ production reader reports an unavailable initial issue without throwing or effects (0.695542ms)
✔ delivery body drift between observed issue and preflight snapshot is indeterminate (0.566834ms)
✔ delivery snapshot cannot claim ready at a different observed worktree HEAD (0.470208ms)
✔ missing exact-head human PR approval is a typed request, not ready (0.632125ms)
✔ ineligible manual code reviewer blocks rather than becoming indeterminate (0.506375ms)
✔ missing complete delivery-record inventory cannot explain ready (0.490167ms)
✔ historical recovery is not silently offered as a ready default delivery (0.46575ms)
✔ malformed v2 evidence marker cannot fall through to v1 delivery readiness (0.59025ms)
✔ an existing intent whose authorized merge method diverges cannot explain ready (0.795416ms)
✔ a prior-head intent may be superseded by fresh exact-head execution (0.724833ms)
✔ an existing no-commit delivery record with a different accepted head blocks readiness (0.812833ms)
✔ execution refuses a changed PR head after a prior ready explanation (1.264584ms)
✔ execution refuses revoked review authorization after a prior ready explanation (0.827334ms)
✔ execution refuses withdrawn exact-head human PR approval after explanation (1.135ms)
✔ execution refuses changed CI after a prior ready explanation (0.831667ms)
✔ execution refuses changed ledger after a prior ready explanation (0.806708ms)
✔ execution refreshes PR head after preflight and before posting an intent (0.295958ms)
✔ execution refreshes lineage before posting an intent (0.273542ms)
ℹ tests 35
ℹ suites 0
ℹ pass 35
ℹ fail 0
ℹ cancelled 0
ℹ skipped 0
ℹ todo 0
ℹ duration_ms 180.144083
✔ exact remote tip checks a large graph without buffering its object list (0.945458ms)
ℹ tests 1
ℹ suites 0
ℹ pass 1
ℹ fail 0
ℹ cancelled 0
ℹ skipped 0
ℹ todo 0
ℹ duration_ms 140.144667
✔ local trunk authority refuses refs/remotes/origin/trunk without a git read (0.536334ms)
✔ local trunk authority refuses origin/trunk without a git read (0.094916ms)
ℹ tests 2
ℹ suites 0
ℹ pass 2
ℹ fail 0
ℹ cancelled 0
ℹ skipped 0
ℹ todo 0
ℹ duration_ms 127.477459
✔ complete shared guards skip policy transport on a ready baseline (0.979625ms)
✔ qualifying refusal loads policy once and replaces the entire baseline result (0.177833ms)
✔ a non-applicable exception does not erase an ordinary guard refusal (0.125667ms)
✔ failed required policy collection is indeterminate and preserves known refusals (0.113417ms)
✔ malformed complete guard output never passes shared execution (0.097125ms)
✔ a completed promotion adapter without an outer effect ledger is indeterminate (4.967667ms)
✔ a complete read-only adapter can report ready from one observed body (0.529417ms)
✔ an adapter without an outer effect ledger cannot claim readiness (0.369208ms)
✔ an ineligible action cannot become ready through a supplied target (0.372083ms)
✔ lazy guard reads join the same attempt and memoize one physical read (0.829084ms)
✔ waivable explanation observes one body and one policy transport, then replaces guards (1.133875ms)
✔ a scope-incompatible policy waiver cannot turn a known refusal ready (1.291209ms)
✔ failed required policy read retains the known refusal and adds an indeterminate cause (0.980459ms)
✔ a throwing shared read-only guard is indeterminate, not a ready result (0.308125ms)
✔ a thrown shared evaluator is a typed guard-error (0.295334ms)
✔ a malformed adapter result is separately classified as invalid (0.230834ms)
✔ incompatible issue body fails before any guard is evaluated (0.287916ms)
✔ missing required body source is an authority failure, not a skipped success (0.250959ms)
✔ known blocked refusal, warning and human request remain complete (0.349833ms)
✔ the complete result retains normalization intent and hashes its inputs (0.383459ms)
✔ an attempted effect stays visible outside guard conversion and forbids readiness (0.929458ms)
✔ exact remote tip needs a complete non-shallow local graph without fetch (0.256875ms)
✔ missing or shallow remote-tip history is attribution-unavailable (0.176583ms)
✔ exact tip is admitted only as a pinned delivery observation (0.221042ms)
✔ complete exact remote tip scopes the existing attribution predicate to its SHA (0.15175ms)
✔ incomplete exact remote history never invokes attribution (0.06325ms)
✔ configured local trunk ref retains explicit local provenance and scopes attribution (0.140666ms)
✔ bare local trunk fallback resolves only the qualified local branch (0.15ms)
ℹ tests 28
ℹ suites 0
ℹ pass 28
ℹ fail 0
ℹ cancelled 0
ℹ skipped 0
ℹ todo 0
ℹ duration_ms 156.955167
✔ ready execution persists the current projection with proof-introduction authority and verified readback (3.8375ms)
✔ the versioned mutation callback remains synchronous so proof guards inspect its body (0.671541ms)
✔ the real versioned body boundary rejects the same proof-introducing edit without evidenceStamp (3.888417ms)
✔ blocked fresh readiness preserves its envelope with pending normalization (0.414125ms)
✔ blocked fresh readiness preserves its envelope without pending normalization (0.104417ms)
✔ indeterminate fresh readiness preserves its envelope with pending normalization (0.179375ms)
✔ indeterminate fresh readiness preserves its envelope without pending normalization (0.078625ms)
✔ real registry completeness labels survive normalization (0.139167ms)
✔ indeterminate readiness on a fresh versioned base is retained before persistence (0.495875ms)
✔ malformed non-ready envelope is invalid with normalization (0.26625ms)
✔ malformed non-ready envelope is invalid without normalization (0.071584ms)
✔ successful normalization keeps persisted truth when readback becomes blocked (0.587541ms)
✔ a thrown fresh authority evaluation is drift, not a write transport failure (0.369459ms)
✔ post-write readback failure refuses while preserving the fact that a write occurred (0.262542ms)
✔ write transport failure is named and stops before post-write authority or later effects (0.19525ms)
✔ changed execution HEAD refuses even if projected decision intent would be identical (0.067583ms)
✔ a changed HEAD during a versioned retry refuses before another push (0.395125ms)
✔ an empty authority body is a failed readback, never an idempotent no-op (0.13925ms)
✔ a version conflict re-evaluates the fresh body and refuses a now-blocked retry (0.755125ms)
✔ a non-overlapping version conflict recomputes and preserves the concurrent edit (0.697708ms)
✔ readback rejects a proof marker attributed to the wrong execution HEAD (0.336625ms)
✔ test-to-review rescan preserves projected refusal before any derived write (1.454084ms)
✔ a concurrent HEAD change wins over an otherwise valid blocked retry (0.296958ms)
✔ remaining projection drift wins over a blocked post-write guard (1.144417ms)
✔ normalization retains warnings and human requests separately from normalization warnings (1.309292ms)
ℹ tests 25
ℹ suites 0
ℹ pass 25
ℹ fail 0
ℹ cancelled 0
ℹ skipped 0
ℹ todo 0
ℹ duration_ms 177.042542
✔ aggregate parity matrix covers every lifecycle action and required scenario (1.244833ms)
✔ aggregate parity executes the seven action suites, not only their metadata (13850.63225ms)
✔ authority cost evidence matches fresh physical reads before A2 certification (39.033ms)
✔ legacy refusal and warning fallbacks remain inventoried and fail closed (1.914917ms)
ℹ tests 4
ℹ suites 0
ℹ pass 4
ℹ fail 0
ℹ cancelled 0
ℹ skipped 0
ℹ todo 0
ℹ duration_ms 14038.694125
✔ real Review projection preserves completeness checkbox labels in action output (8.681041ms)
✔ Review consumes normalized typed labels before transitions or reviewer work (85.583833ms)
✔ real registry preserves reviewed-scope-current-missing without an unclassified fallback (3.029ms)
✔ real registry preserves reviewed-scope-stale without an unclassified fallback (1.093625ms)
✔ real registry preserves reviewed-scope-comment-invalid without an unclassified fallback (0.866625ms)
✔ real registry preserves reviewed-scope-wrong-checkout without an unclassified fallback (0.783ms)
✔ real registry preserves reviewed-scope-read-unavailable without an unclassified fallback (0.737333ms)
✔ reviewed Scope guard is registered only in Test exit (0.130666ms)
✔ read-only Review collector threads explicit execution and invoking directories (1.189334ms)
✔ Review evaluator retains injected authoritative reviewed Scope ports (2.194875ms)
ℹ tests 10
ℹ suites 0
ℹ pass 10
ℹ fail 0
ℹ cancelled 0
ℹ skipped 0
ℹ todo 0
ℹ duration_ms 247.2535

⛔ Refusing to move #1667 to Review:
   BLOCKED: Test receipt SHA no longer matches HEAD

Resolve the blockers above, then retry `/task review #1667`.

✔ direct Review and Test-state Promote share ready evidence without effects (7.571959ms)
✔ Review routing uses its complete collector even when generic guards are available (0.733084ms)
✔ Review guards receive project config and a read-only dependency reconciliation port (0.681209ms)
▶ Review explanation refuses stale HEAD, unreadable evidence, and board drift
  ✔ stale HEAD (1.086333ms)
  ✔ unreadable preflight (1.55025ms)
  ✔ board drift (0.706625ms)
✔ Review explanation refuses stale HEAD, unreadable evidence, and board drift (3.666333ms)
✔ Review preserves simultaneous typed preflight refusals without exposing prose (1.018833ms)
✔ Review retains independent preflight and completeness blockers together (0.82825ms)
✔ Review does not accept a contradictory successful preflight carrying refusals (0.702917ms)
✔ Review refuses a stale exact-HEAD Test receipt even when preflight and guards pass (1.147041ms)
✔ Review execution refuses a stale Test receipt after a ready collector decision (124.438625ms)
✔ Review refuses a preflight computed from a different issue-body revision (1.115875ms)
✔ Review reports a projected Functional DoD normalization without persistence (2.899875ms)
✔ Review guards receive the current directory-backed Test evidence from preflight (0.634667ms)
✔ Review refuses contradictory directory Test evidence read at one boundary (1.274959ms)
✔ real Test-to-Review guards refuse missing exact-HEAD Test proof and incomplete ACs (358.670209ms)
✔ Review resident reruns only incomplete evidence and does not recommend close (1.730583ms)
✔ Review-state Promote delegates to Close rather than a Review rerun (2.405959ms)
✔ live Review read adapter refreshes issue, board, HEAD, and preflight at this boundary (1.337125ms)
✔ live Review-state adapter selects a rerun only after current semantic policy is read (2.456834ms)
✔ live Review-state policy read failure is typed indeterminate, never a rerun grant (0.898125ms)
✔ initial Review authority read failure is typed indeterminate (0.099125ms)
✔ resident ledger comment reader fetches the exact GitHub comment read-only (0.144666ms)
✔ active semantic waiver with failed Review marker selects self-rerun (1.103666ms)
✔ Review re-entry with a clean older ledger head still selects current resident work (1.702917ms)
ℹ tests 26
ℹ suites 0
ℹ pass 26
ℹ fail 0
ℹ cancelled 0
ℹ skipped 0
ℹ todo 0
ℹ duration_ms 685.591
✔ rebind remains a cursor trigger, not a session action (2.100166ms)
✔ read-only bind reports skipped required authority as indeterminate (2.049458ms)
✔ the execution TT_SKIP_NETWORK setting skips required explanation reads (0.824583ms)
✔ disabled assignee match remains ready only with complete matching board and marker (1.1485ms)
✔ disabled assignee match does not conceal a missing board read (1.207542ms)
✔ a body without a last-known-state marker is indeterminate (1.017209ms)
✔ a board and body-marker disagreement blocks bind readiness (0.602875ms)
✔ a mismatched worktree blocks bind readiness (0.657792ms)
✔ an unreadable worktree match is indeterminate, not ready (0.769667ms)
✔ a conflicting occupancy blocks bind before any claim (0.830625ms)
✔ an implicit resume cannot target a different active issue (0.539375ms)
✔ no-argument resume is not ready without a paused session (0.503333ms)
✔ no-argument resume is ready for its paused last issue (0.350084ms)
✔ migration freeze blocks a complete session decision without a side effect (0.594083ms)
✔ enabled ownership check blocks a foreign owner (0.591042ms)
✔ enabled ownership check blocks multiple owners and treats unknown identity as indeterminate (0.97375ms)
✔ a conflicting local configuration observation cannot yield a ready decision (0.373ms)
✔ missing repository configuration is indeterminate even with a complete board fixture (1.323208ms)
✔ observed state drift and migration freeze agree with the execution preflight (0.790542ms)
✔ production session reads and execution refresh the same changed board authority (0.712708ms)
✔ cold numeric bind, switch, and explicit resume select the same fresh target (1.514542ms)
✔ foreign ownership blocks both production explanation and execution preflight (0.755416ms)
✔ another issue occupying the target worktree blocks readiness and the real claim (126.359ms)
✔ a body changing between scope selection and observation is indeterminate (0.823875ms)
✔ a readable stub body without scope sections is an issue-body authority failure (0.589625ms)
✔ real injected resume execution refreshes freeze and preserves its exit 14 refusal (382.975709ms)
✔ early promotion readiness retains an unmapped complete-guard refusal (28.403083ms)
✔ typed plan approval remediation survives complete guard projection (44.399833ms)
✔ unknown and conflicting early state authority never yields a target grant (0.416292ms)
✔ early promotion readiness follows all four canonical forward edges (96.316791ms)
✔ a migration freeze discovered after explanation blocks early promotion readiness (0.495791ms)
✔ terminal Done has no executable early promotion target (0.085166ms)
✔ later promotion delegate stays pending with a valid navigation blocker (0.106667ms)
✔ skipped remote authority cannot yield ready early promotion (0.089125ms)
✔ TT_SKIP_NETWORK also skips early promotion authority without a caller flag (0.083542ms)
✔ read-only dependency readiness does not reconcile disposition (20.930417ms)
✔ a ready early explanation is not a grant after dependency readiness changes (34.174042ms)
✔ a migration freeze activated before locked execution refuses without reading or moving (0.117583ms)
✔ early readiness shares execution session policy and story-intent resolver (0.286291ms)
✔ a real plan-approval guard refuses the same missing marker in explanation and execution (0.986334ms)
✔ complete production early registry retains field, parent, dependency, contiguity, and plan refusals (8860.883791ms)
✔ production evaluator routes a complete bind collector and finishes one v2 attempt (10.529ms)
✔ production evaluator routes complete early promotion without an effect (29.845833ms)
✔ production evaluator routes explicit resume through complete session authority (1.032417ms)
✔ v2 navigation rejects rebind and unresolved state while keeping Done terminal (10.130334ms)
✔ terminal Done refuses an effect, stale authority, and rebind without a false grant (3.765375ms)
✔ a ready v2 explanation never authorizes stale promotion execution (56.481166ms)
✔ v2 early promotion preserves typed plan-approval remediation and human request (22.212042ms)
✔ matching recorded and live state selects one canonical early edge (20.854625ms)
✔ missing effect ledger does not erase unknown navigation authority (1.058583ms)
✔ session navigation refuses a stale proposed state despite internally matching board and marker (0.976875ms)
✔ network-skipped early promotion emits valid v2 uncertainty without remote reads (0.513583ms)
ℹ tests 52
ℹ suites 0
ℹ pass 52
ℹ fail 0
ℹ cancelled 0
ℹ skipped 0
ℹ todo 0
ℹ duration_ms 9982.529166
▶ direct Test and Develop Promote explain the same ready entry without effects
  ✔ direct Test from Develop (6.450792ms)
  ✔ direct Test self-rerun from Test (1.124958ms)
  ✔ Promote from Develop (0.67275ms)
✔ direct Test and Develop Promote explain the same ready entry without effects (8.901917ms)
✔ accepted directory-backed Test evidence does not require legacy VCs or sandbox (1.531417ms)
✔ Review-state Test request is not advertised as runnable (0.691667ms)
✔ Test entry needs an explicit project directory for command and provider authority (0.862708ms)
✔ Test entry resolves the bound project directory when the caller omits it (0.58275ms)
✔ Test explanation reports missing Verification Commands without effects (1.533375ms)
✔ Test entry preserves simultaneous declaration and Develop-exit refusals (0.751875ms)
✔ Test entry aggregates independent binding and declaration blockers (0.605708ms)
▶ Test explanation reports mismatched HEAD, binding, and malformed receipt authority
  ✔ worktree HEAD (0.547125ms)
  ✔ session binding (0.450417ms)
  ✔ claimed receipt (0.617125ms)
✔ Test explanation reports mismatched HEAD, binding, and malformed receipt authority (1.865416ms)
✔ Test explanation names an unavailable required authority read and makes no effects (0.635708ms)
✔ network-skipped Test entry is indeterminate without an empty observation attempt (0.288292ms)
✔ malformed observed HEAD is indeterminate, not blocked or ready (0.82825ms)
✔ a required workflow-policy read failure remains indeterminate for Test entry (1.102834ms)
✔ a configured provider rejected by execution is blocked in Test explanation (0.7185ms)
✔ real Develop-exit guards explain the affected AC and repair on Test and Promote (3370.34175ms)
✔ Test entry retains registered guard warnings while remaining blocked (0.712958ms)
✔ a missing Develop-final receipt is runnable resident work, not completed proof (0.812625ms)
✔ a ready Test explanation does not predetermine a later red locked execution (3.05725ms)
✔ production Test read adapter rechecks live body and board at a fresh boundary (0.665834ms)
✔ production adapter rejects directory evidence whose accepted record epoch is stale (0.729958ms)
✔ the locked Test wrapper supplies the production preflight by default (0.07975ms)
✔ locked Test execution refuses a freshly blocked entry before any sandbox effect (0.107167ms)
✔ rebased Test readiness audits the projected body without changing observed authority (1.592083ms)
✔ current wrong-tree Test provenance remains a readiness refusal (0.750834ms)
ℹ tests 30
ℹ suites 0
ℹ pass 30
ℹ fail 0
ℹ cancelled 0
ℹ skipped 0
ℹ todo 0
ℹ duration_ms 3577.157042
Started #1857.
Paused #1857: +Unknown active min (wall 0), +0 words. Use "/task resume" to resume.
Resumed #1857.
✔ question hooks close only their own actor interval and resume without charging the wait (323.417875ms)
✔ question reply ambiguity retains the original row and replays before resuming (272.570916ms)
✔ question marker cannot substitute another event for the frozen resume (317.794084ms)
✔ question hook respects its own manual pause without creating a resume marker (140.691792ms)
✔ flush preserves genuine own wall interval and unknown estimate despite another actor tail (165.965208ms)
✔ first attributed interruption retains observed cursor delta without a fabricated opener (195.495792ms)
✔ update preserves cumulative actor cursor and unknown total after an unavailable estimate (278.9735ms)
✔ real start pause and resume retain one actor identity and explicit current boundaries (381.347208ms)
✔ phase boundary flushes own actor interval and shared lifecycle rows do not duplicate actor work (191.761125ms)
✔ Test interlock records actual verification engagement from a paused own binding (180.184417ms)
✔ status distinguishes missing activity observation from zero work (116.923417ms)
✔ failed Test execution retains both its failure and actual actor work (184.349125ms)
✔ session tracking initializes a versioned own cursor and refuses corrupt existing authority (168.900083ms)
✔ failed publication retains original row and cursor, then exact replay precedes new work (349.754416ms)
✔ publication cannot overwrite a concurrently changed own timing boundary (118.69425ms)
✔ Review human handoff flushes actual actor work before pausing its own binding (183.057834ms)
✔ compaction hooks use the same actor journal and never resume a paused binding (317.289209ms)
✔ session restart records unknown prior work without synthesizing historical active or idle time (277.321792ms)
✔ actual hook entrypoint refuses a foreign payload actor before mutating timing state (255.666709ms)
✔ actual idle SessionStart preserves cumulative actor word evidence (472.492583ms)
ℹ tests 20
ℹ suites 0
ℹ pass 20
ℹ fail 0
ℹ cancelled 0
ℹ skipped 0
ℹ todo 0
ℹ duration_ms 5057.172333
✔ cold retry converges timing after before-effect (2.268042ms)
✔ cold retry converges timing after after-effect-before-response (1.089833ms)
✔ cold retry converges timing after after-response-before-checkpoint (0.329583ms)
✔ cold retry converges estimation after before-effect (0.292625ms)
✔ cold retry converges estimation after after-effect-before-response (0.321083ms)
✔ cold retry converges estimation after after-response-before-checkpoint (0.268667ms)
✔ cold retry converges lifecycle after before-effect (0.243917ms)
✔ cold retry converges lifecycle after after-effect-before-response (0.232667ms)
✔ cold retry converges lifecycle after after-response-before-checkpoint (0.481334ms)
✔ cold retry converges board after before-effect (0.355125ms)
✔ cold retry converges board after after-effect-before-response (0.3165ms)
✔ cold retry converges board after after-response-before-checkpoint (0.252625ms)
✔ cold retry converges disposition after before-effect (0.22775ms)
✔ cold retry converges disposition after after-effect-before-response (0.226292ms)
✔ cold retry converges disposition after after-response-before-checkpoint (0.396083ms)
✔ cold retry converges issue after before-effect (0.501625ms)
✔ cold retry converges issue after after-effect-before-response (0.257375ms)
✔ cold retry converges issue after after-response-before-checkpoint (0.71825ms)
✔ cold retry converges labels after before-effect (0.455916ms)
✔ cold retry converges labels after after-effect-before-response (0.308834ms)
✔ cold retry converges labels after after-response-before-checkpoint (0.465ms)
✔ cold retry converges cleanup after before-effect (0.459583ms)
✔ cold retry converges cleanup after after-effect-before-response (0.251292ms)
✔ cold retry converges cleanup after after-response-before-checkpoint (0.501541ms)
✔ pre-close contention refuses effects while a post-completion race is cleanup pending (0.603ms)
✔ public close dispatcher selects marked synthetic v2 and ignores unmarked v1 (466.761917ms)
ℹ tests 26
ℹ suites 0
ℹ pass 26
ℹ fail 0
ℹ cancelled 0
ℹ skipped 0
ℹ todo 0
ℹ duration_ms 674.220417
✔ tracked invalid override refuses a read-only operational route before normal dispatch (419.678375ms)
✔ invalid catalog refuses before GitHub, lock, or session effects without network skip (13867.052625ms)
✔ dynamic issue-bind route cannot bypass admission (384.367541ms)
✔ direct verb hub refuses invalid guidance before context construction (366.47675ms)
✔ direct verb executables refuse invalid guidance before their own main paths (1981.73575ms)
✔ direct verb help-shaped arguments cannot bypass admission (1992.502917ms)
✔ unsupported direct-hub recovery words are admitted as operational (578.811083ms)
✔ session annotation requires a durable issue write, not a zero-exit or local change (0.639875ms)
✔ timing-post observation distinguishes durable issue writes from queued rows (0.263708ms)
✔ package installer refuses invalid guidance before init writes (355.9815ms)
✔ direct support-script path refuses invalid guidance before its own parser (331.904166ms)
✔ guidance validation remains a routed recovery command (458.354125ms)
✔ top-level help remains available while the selected catalog is invalid (367.759667ms)
✔ command help, guidance source, and package version remain effect-free recovery routes (817.477541ms)
✔ admission inventory accounts for every canonical command, alias, and classified executable (110.37875ms)
✔ every registered operational token refuses an invalid catalog (19123.272667ms)
✔ every supported direct operational entrypoint refuses an invalid catalog (14617.39975ms)
ℹ tests 17
ℹ suites 0
ℹ pass 17
ℹ fail 0
ℹ cancelled 0
ℹ skipped 0
ℹ todo 0
ℹ duration_ms 55957.251041
✔ pairs separate Explain and executor attempts with equal physical authority reads (132.528625ms)
✔ isolates named refresh, waivable policy enrichment, and post-success annotation effects (59.168333ms)
✔ seals timing provenance and regenerates the committed authority artifact (76.891542ms)
ℹ tests 3
ℹ suites 0
ℹ pass 3
ℹ fail 0
ℹ cancelled 0
ℹ skipped 0
ℹ todo 0
ℹ duration_ms 476.160625
✔ strict parser accepts canonical and mutation-alias explanation forms (0.986708ms)
✔ strict parser rejects missing json, singleton duplication, and malformed shapes (0.257583ms)
✔ one evaluation feeds routine and diagnostic projection without effects (3.428083ms)
✔ matching receipt suppresses only agent expansion while evaluation remains fresh (0.288875ms)
✔ actual command-core traffic covers receipt, source, reset, blocked, and diagnostic lanes (2.167458ms)
ℹ tests 5
ℹ suites 0
ℹ pass 5
ℹ fail 0
ℹ cancelled 0
ℹ skipped 0
ℹ todo 0
ℹ duration_ms 149.714917
✔ generates current paired artifacts while preserving the frozen comparison (1184.114875ms)
✔ public meter certifies final installed bytes and the paired report (4503.288667ms)
ℹ tests 2
ℹ suites 0
ℹ pass 2
ℹ fail 0
ℹ cancelled 0
ℹ skipped 0
ℹ todo 0
ℹ duration_ms 5884.819583
✔ delivery Explain exposes only named read ports (0.598208ms)
✔ archived recertification retains its observed authority and original runner provenance (11.9835ms)
✔ current recertification captures complete simulated authority without executing actions (16256.155167ms)
✔ current recertification replays start from identical current authority bytes (16778.321167ms)
ℹ tests 4
ℹ suites 0
ℹ pass 4
ℹ fail 0
ℹ cancelled 0
ℹ skipped 0
ℹ todo 0
ℹ duration_ms 33188.936459
From /Users/kpburson/projects/Vibe-Coding/ai-task-manager/.worktrees/1882-child-ci-integration
 * branch              e6b3fc3693df16a8baf3b1d9d469159234320a0d -> FETCH_HEAD
✔ claude static pickup and captured lifecycle use the same router-plus-pickup budget (8.61725ms)
✔ claude static lifecycle and captured lifecycle use the same full-lifecycle budget (5.267208ms)
✔ codex static pickup and captured lifecycle use the same router-plus-pickup budget (5.502083ms)
✔ codex static lifecycle and captured lifecycle use the same full-lifecycle budget (5.7585ms)
✔ pre-slim public CLI capture cannot certify the final installed adapter release (757.130333ms)
✔ final release requires a complete installed-byte and public-CLI capture (1010.390458ms)
✔ final package and public-CLI capture regenerate byte for byte (28771.070834ms)
✔ fixed release measurement refuses a missing required instruction file (0.423458ms)
✔ claude aggregate CLI labels fixed release scenarios and exits on any breach (151.796375ms)
✔ codex aggregate CLI labels fixed release scenarios and exits on any breach (150.052125ms)
✔ accepted final archive stays intact and cannot certify changed current sources (3.876417ms)
✔ internally consistent dirty installed guidance cannot inherit a committed source identity (3779.70775ms)
ℹ tests 12
ℹ suites 0
ℹ pass 12
ℹ fail 0
ℹ cancelled 0
ℹ skipped 0
ℹ todo 0
ℹ duration_ms 34922.072958
Paused #1857: +0 active min, +0 words. Use "/task resume" to resume.
nothing to pause
Paused #1857: +0 active min, +0 words. Use "/task resume" to resume.
nothing to pause
✔ review reproduction: legacy session cursor survives first actor flush (269.94975ms)
✔ explicit pause after Test handoff is idempotent (181.880542ms)
✔ explicit pause after Review handoff is idempotent (200.511417ms)
✔ production Test sandbox admits real Git identity outside artifact roots (104.211333ms)
✔ upgrade cursor is scoped to the state-owning project, not ambient root (126.012834ms)
✔ upgrade refuses invalid own cursor and never imports global timing history (120.239417ms)
Stopped #1857: +0 active min, +0 words. Use "/task resume <N>" to return to it later.
✔ paused binding does not publish unmatched stop (676.618667ms)
✔ paused binding does not publish unmatched switch-out:#1861 (183.857916ms)
✔ paused binding does not publish unmatched switch-out (184.789833ms)
ℹ tests 9
ℹ suites 0
ℹ pass 9
ℹ fail 0
ℹ cancelled 0
ℹ skipped 0
ℹ todo 0
ℹ duration_ms 2212.263875
✔ AC1: buildContext decomposes into named capability objects (62.697166ms)
✔ AC2: assembleCapabilities groups flat members by reference (0.219208ms)
✔ strict sub-issue capability fetches project identity and Status name in one query (0.845375ms)
✔ strict sub-issue capability reports a thrown GraphQL query as unknown (65.025791ms)
✔ legacy fetchSubIssues delegates and preserves numeric issue numbers only for ok snapshots (41.200958ms)
✔ AC2: verbClose is migrated to the narrow capability interface (0.595125ms)
✔ AC3: verbClose runs against a narrow fixture (no active task path) (98.113833ms)
ℹ tests 7
ℹ suites 0
ℹ pass 7
ℹ fail 0
ℹ cancelled 0
ℹ skipped 0
ℹ todo 0
ℹ duration_ms 437.440458
✔ normal R4P source exit guards refuse an open blocker (3.582875ms)
✔ exit-disabled guard selection omits R4P exit guards but retains Backlog entry guards (1.786083ms)
✔ entry-disabled guard selection retains source exit guards but omits target entry guards (1.491208ms)
▶ Shelve backward guard policy requires the exact authenticated transition signals
  ✔ exact Shelve R4P demotion to Backlog omits only source exit guards (0.156625ms)
  ✔ caller-controlled Shelve context without in-process authority retains the full pipeline (0.19ms)
  ✔ missing Shelve context retains the full pipeline (0.076167ms)
  ✔ different verb context retains the full pipeline (0.0685ms)
  ✔ missing demote flag retains the full pipeline (0.053708ms)
  ✔ different source retains the full pipeline (0.091041ms)
  ✔ different target retains the full pipeline (0.070917ms)
✔ Shelve backward guard policy requires the exact authenticated transition signals (1.394583ms)
✔ normal forward R4P to Plan still refuses open blockers and parent sequencing (1.269875ms)
✔ caller-controlled Shelve environment cannot omit R4P exits without in-process authority (1.356291ms)
✔ default Shelve mover supplies the opaque in-process guard authority (0.492208ms)
ℹ tests 14
ℹ suites 0
ℹ pass 14
ℹ fail 0
ℹ cancelled 0
ℹ skipped 0
ℹ todo 0
ℹ duration_ms 169.083709
✔ legacy blocker recovery returns a schema-3 child whose admission uses native dependencies (15.207667ms)
ℹ tests 1
ℹ suites 0
ℹ pass 1
ℹ fail 0
ℹ cancelled 0
ℹ skipped 0
ℹ todo 0
ℹ duration_ms 183.184833
✔ Shelve preserves immutable lifecycle timing while invalidating current R4P eligibility (13.063875ms)
✔ Shelve runs the ordered journal, preserves classifications, and verifies exact final state (2.995833ms)
✔ Shelve explicitly removes the sole owner only when requested (1.654792ms)
✔ a verified Shelve cycle does not block a later legitimate re-refinement cycle (4.367916ms)
✔ Shelve rebuilds history from the fresh complete source snapshot before append (1.964791ms)
✔ source drift after the fresh snapshot is journaled but blocks every destructive phase (1.052708ms)
✔ body CAS refuses a changed mutation base instead of appending stale history (0.514459ms)
✔ Shelve enforces the shared ownership decision from its fetched snapshot (0.148ms)
✔ a resumable journal cannot bypass a new foreign-owner decision (2.383667ms)
✔ the transaction authority refuses production calls outside the issue lock (0.553917ms)
✔ Shelve refuses backlog before the first write (0.204042ms)
✔ Shelve refuses plan before the first write (0.119958ms)
✔ Shelve refuses develop before the first write (0.069334ms)
✔ Shelve refuses test before the first write (0.070917ms)
✔ Shelve refuses review before the first write (0.055208ms)
✔ Shelve refuses done before the first write (0.055958ms)
✔ Shelve refuses a closed issue before the first write (0.091ms)
✔ a partial failure remains journaled and an identical retry resumes without duplicate history (1.500584ms)
✔ a landed active-evidence write with a lost response resumes from its exact durable transform (1.47025ms)
✔ unrelated drift after a landed active-evidence write still blocks later phases (0.79275ms)
✔ a lost response after landed board field clear remains idempotently resumable (1.06775ms)
✔ a lost response after landed body field clear remains idempotently resumable (1.030917ms)
✔ a lost response after landed Status move remains idempotently resumable (1.059083ms)
✔ a lost response after landed owner removal remains idempotently resumable (1.425083ms)
✔ an ambiguous response after snapshot-recorded resumes from durable read-back (1.464583ms)
✔ an ambiguous response after active-evidence-cleared resumes from durable read-back (1.789667ms)
✔ an ambiguous response after fields-cleared resumes from durable read-back (1.119084ms)
✔ an ambiguous response after status-backlog resumes from durable read-back (0.999708ms)
✔ an ambiguous response after owner-updated resumes from durable read-back (0.972584ms)
✔ an ambiguous response after verified resumes from durable read-back (1.206041ms)
✔ a retry with different reason or remove-owner intent refuses without further writes (1.016834ms)
✔ Shelve refreshes the exact legacy blocker-only snapshot and retains every blocker carrier (2.877042ms)
✔ legacy blocker refresh retries a #1335-style failed move without duplicating history or losing carriers (1.941875ms)
✔ legacy blocker refresh refuses a Refine source before history or mutation (0.183875ms)
✔ legacy blocker refresh refuses a Refine source before resuming its journal (1.124125ms)
✔ legacy blocker refresh resumes a landed Backlog status phase after its journal response is lost (1.677833ms)
✔ legacy blocker refresh refuses every divergent carrier before it records history (0.472542ms)
✔ legacy blocker refresh refuses a lowercase noncanonical BLOCKED label before history (0.144791ms)
✔ Shelve refuses a retry that changes the legacy blocker refresh intent (1.460834ms)
✔ unreadable or missing configured-project state fails closed before mutation (0.236625ms)
ℹ tests 40
ℹ suites 0
ℹ pass 40
ℹ fail 0
ℹ cancelled 0
ℹ skipped 0
ℹ todo 0
ℹ duration_ms 218.150042
✔ unchanged lifecycle owns each standard command once and invalidates on a new SHA (45.503416ms)
✔ project provider drives Test plans, deduplicates targeted commands, and records kinds (#1218) (11.52525ms)
✔ declared Develop steps spawn in order for a non-JavaScript fixture (#1250) (378.032625ms)
✔ declared Develop steps propagate the first real child-process failure (#1250) (161.970583ms)
ℹ tests 4
ℹ suites 0
ℹ pass 4
ℹ fail 0
ℹ cancelled 0
ℹ skipped 0
ℹ todo 0
ℹ duration_ms 747.543041
✔ runtime persists incomplete outcome with canonical Test proof then reuses it after valid close tail (24.948458ms)
✔ incomplete runtime refuses missing or wrong-head Test proof and wrong forecast (0.691417ms)
✔ closed actor engagement before Develop is not dropped from completion totals (4.059417ms)
✔ Close accepts unknown totals only through real canonical runtime verification (3.340625ms)
✔ Close refuses caller unavailable flags, wrong linkage and failed verification (3.200042ms)
✔ Close rechecks explicit incomplete projection despite stale numeric fields and preserves marker failures (2.087542ms)
✔ Close rejects changed canonical source and ambiguous outcome records on retry (7.8965ms)
✔ forecast-free mixed actor history produces durable legacy-none evidence without inventing a forecast (4.773917ms)
✔ forecast-free eligibility refuses malformed or partial adaptive claims and absent Test proof (0.498625ms)
✔ legacy Plan approval without any forecast claim remains eligible for legacy-none (1.839917ms)
✔ genuine forecast-free issue-resident delivery carries no invented Test command (2.20325ms)
✔ legacy-none refuses a concurrent forecast after immutable outcome publication (1.476334ms)
✔ resident delivery refuses wrong receipt identity or missing accepted heads (0.917459ms)
✔ real Git issue-resident lanes prove zero issue commits without an invented sandbox (165.354167ms)
ℹ tests 14
ℹ suites 0
ℹ pass 14
ℹ fail 0
ℹ cancelled 0
ℹ skipped 0
ℹ todo 0
ℹ duration_ms 375.296291
✔ source issue with children retains its own frozen forecast and exact Test lane (20.760334ms)
✔ fresh delivery kind must match the body used to select forecast and accounting (1.339458ms)
✔ parent-approved cascade reaches lawful child Close through fresh authority and immutable telemetry (10.4435ms)
✔ docs-only telemetry preserves genuine lint/format and recorded test lane skips (5.146125ms)
✔ explicit predecessor correction preserves old bytes and refuses changed original timing evidence (8.683542ms)
✔ immutable predecessor v2 retries its original contract without fabricating v3 proof (6.228125ms)
✔ root epic local-trunk timing uses its actual completed burn receipt and empty parent Test commands (3.308833ms)
✔ outcome publication revalidates actual delivery authority after immutable write (1.847042ms)
✔ child resident runtime preserves existing no-provider delivery with exact Test and posted deliverable (1.557875ms)
✔ child runtime couples actual lineage evidence with exact source Test proof and fresh retry (134.613584ms)
✔ skipped child wrapper without fresh lineage cannot become delivered timing authority (0.758292ms)
✔ root epic runtime consumes freshly verified merged receipt with empty parent Test commands (5.292791ms)
✔ no-commit proof rejects another checkout head and any issue-attributed commits (104.894583ms)
ℹ tests 13
ℹ suites 0
ℹ pass 13
ℹ fail 0
ℹ cancelled 0
ℹ skipped 0
ℹ todo 0
ℹ duration_ms 456.696209
✔ project provider owns Develop and Test plans with typed exact-SHA evidence (30.479167ms)
✔ Develop-to-Test guard accepts project-provider Develop-final classifications (0.484333ms)
✔ Develop-to-Test guard does not let Node receipts override lint and format requirements (0.25775ms)
ℹ tests 3
ℹ suites 0
ℹ pass 3
ℹ fail 0
ℹ cancelled 0
ℹ skipped 0
ℹ todo 0
ℹ duration_ms 196.893167
✔ pure proof admits only an exact, complete no-PR trunk case (2.504542ms)
✔ complete paginated PR inventory rejects malformed pages (0.524375ms)
✔ disposable Git graph observes accepted SHA on both independently named refs (479.942417ms)
✔ fresh remote tip and complete inventory are required by the shared collector (926.788ms)
✔ locked Close consumes proof and refuses Done until the burn receipt exists (0.842417ms)
✔ close read port gathers exact Review evidence and fresh PR and trunk observations (15.751875ms)
✔ Explain consumes local proof and stays blocked before a burn receipt (2.461084ms)
ℹ tests 7
ℹ suites 0
ℹ pass 7
ℹ fail 0
ℹ cancelled 0
ℹ skipped 0
ℹ todo 0
ℹ duration_ms 1571.226542
[task-tracker] validated projectDir override: AI_TASK_MANAGER_PROJECT_DIR=/Users/kpburson/projects/Vibe-Coding/ai-task-manager/.worktrees/1882-child-ci-integration/.scratch/test/aitm-1857-close-wiring-RexCi3 for #1857
#1857 was already closed on GitHub — finalized housekeeping and converged the board to Done.
[task-tracker] validated projectDir override: AI_TASK_MANAGER_PROJECT_DIR=/Users/kpburson/projects/Vibe-Coding/ai-task-manager/.worktrees/1882-child-ci-integration/.scratch/test/aitm-1857-close-wiring-f0kx6i for #1857
#1857 was already closed on GitHub — finalized housekeeping and converged the board to Done.
[task-tracker] validated projectDir override: AI_TASK_MANAGER_PROJECT_DIR=/Users/kpburson/projects/Vibe-Coding/ai-task-manager/.worktrees/1882-child-ci-integration/.scratch/test/aitm-1857-close-wiring-qxD4lP for #1857
[task-tracker] ⛔ Refusing to finalize #1857: close-estimation-delivery-authority:lineage-unavailable. Completion outcome evidence did not converge; local state remains active for retry.
#1857 closed-issue finalize failed at ensureOutcome: completion outcome evidence did not converge. Local task state was retained for retry.
✔ #1857 no-command child Close uses posted deliverable and exact accepted Test Review heads (25.436667ms)
✔ #1857 child outcome callback obtains the existing lineage gate exact census (8.159875ms)
✔ #1857 skipped child lineage cannot become canonical outcome authority (3.795375ms)
ℹ tests 3
ℹ suites 0
ℹ pass 3
ℹ fail 0
ℹ cancelled 0
ℹ skipped 0
ℹ todo 0
ℹ duration_ms 230.209209
[task-tracker] ⛔ Refusing to close #1381: review-authorization-missing. Run `/task deliver` until a verified exact-head receipt exists, then retry.
[task-tracker] validated projectDir override: AI_TASK_MANAGER_PROJECT_DIR=/Users/kpburson/projects/Vibe-Coding/ai-task-manager/.worktrees/1882-child-ci-integration/.scratch/test/aitm-1381-close-wiring-q62xpm for #1381
Closed #1381.
#1381 is already fully closed; no terminal writes were repeated.
[task-tracker] ⛔ Refusing to close #1381: delivery-preflight:head-mismatch. Run `/task deliver` until a verified exact-head receipt exists, then retry.
[task-tracker] ⛔ Refusing to close #1381: delivery-preflight:head-mismatch. Run `/task deliver` until a verified exact-head receipt exists, then retry.
[task-tracker] ⛔ Refusing to close #1381: review-authorization-missing. Run `/task deliver` until a verified exact-head receipt exists, then retry.
[task-tracker] ⛔ Refusing to close #1381: close-delivery-receipt:missing. Run `/task deliver` until a verified exact-head receipt exists, then retry. If a delivery intent is pending because an invariant failed, prepare an exact waiver with `/task workflow-exception prepare #N --input-file <proposal.json>`.
[task-tracker] ⛔ Refusing to close #1381: close-delivery-receipt:merge-commit-mismatch. Run `/task deliver` until a verified exact-head receipt exists, then retry.
[task-tracker] ⛔ Refusing to close #1381: delivery-verification:merge-method-source-disagreement predicate=merge-method-source-disagreement recovery="correct the failed predicate through the governed workflow and retry delivery". Run `/task deliver` until a verified exact-head receipt exists, then retry. For a historical or external merge-method discrepancy, use `/task deliver <N> --reconcile-merge-method <merge|squash|rebase> --reason "<why>"`.
[task-tracker] ⛔ Refusing to close #1381: delivery-verification:merge-commit-bytes predicate=merge-commit-bytes recovery="correct the failed predicate through the governed workflow and retry delivery". Run `/task deliver` until a verified exact-head receipt exists, then retry.
Closed #1381.
Closed #1381.
✔ A to B reused-branch delivery closes historical A through production seams and retries read-only (64.893042ms)
✔ interrupted A delivery recovers its receipt after the branch advances without provider action (2.540209ms)
✔ reused-branch composition fails closed on ambiguous PR and corrupt record histories (7.569208ms)
✔ historical recovery refuses unreadable trunk, unreachable merge, and altered authorized bytes (6.473333ms)
✔ composed close refuses stale lifecycle, approval, PR, merge, method, and attribution evidence (71.909417ms)
✔ partial Delivered terminal transaction resumes only its exact suffix under durable authority (12.574416ms)
✔ close rejects malformed provider timestamps before receipt or terminal mutation (2.177ms)
✔ #1382 and #1383 project one approved ledger but produce distinct terminal record chains (16.858ms)
✔ amendment gates keep Phase B ledger authority after #1381 Done and block chain or #939 drift (10.756708ms)
ℹ tests 9
ℹ suites 0
ℹ pass 9
ℹ fail 0
ℹ cancelled 0
ℹ skipped 0
ℹ todo 0
ℹ duration_ms 363.649416
✔ prepare has a read-only first pass and a digest-bound filled pass without writes (85.4ms)
✔ filled prepare refuses a mapping whose complete receipt would exceed the comment limit (14.948875ms)
✔ filled prepare refuses absent ids, invalid issue and expiry, bad mapping, and changed inventory (14.762541ms)
✔ unsupported host refuses prepare and record even with a session name (9.757291ms)
✔ record requires the exact filtered Codex user statement, readback, and is idempotent (28.837042ms)
✔ agent, injection-only, wrong hash, and ordinary comment cannot authorize a record (21.267417ms)
✔ show stays read-only on an unsupported host (39.918875ms)
✔ edited grant blocks show and exact retry readback (21.304416ms)
✔ argument parser requires one explicit positive issue (0.443292ms)
✔ command help exposes the complete two-pass and revision workflow (0.304708ms)
✔ revise and revoke require fresh user messages and append linked records (38.913541ms)
✔ runtime writes to the parsed issue when the input file name is numeric (159.729333ms)
✔ GraphQL second-precision comment timestamps survive grant readback (123.519459ms)
✔ revoke readback refuses a competing valid revision appended at the same predecessor (27.024041ms)
✔ transport ambiguity needs an exact appended comment on readback (19.40075ms)
✔ an exact retry refuses a competing recorded chain instead of claiming activation (17.084458ms)
✔ revision refuses a reused exception id before writing a poisoned chain (20.1335ms)
✔ filled prepare refuses a candidate whose escaped rendered comment exceeds the bound (10.113541ms)
✔ prepare refuses to open a waiver when every source commit is canonically attributed (10.646083ms)
✔ prepare refuses a PR branch bound to another issue (9.971375ms)
✔ prepare accepts an opaque branch when it exactly matches durable issue authority (11.051875ms)
ℹ tests 21
ℹ suites 0
ℹ pass 21
ℹ fail 0
ℹ cancelled 0
ℹ skipped 0
ℹ todo 0
ℹ duration_ms 863.861875
✔ legacy approval keeps the marker lane while directory approval consumes accepted evidence (6.878667ms)
✔ human and Full-Auto approval provenance are explicit and non-interchangeable (1.258541ms)
✔ directory Review and Approval predicates reject stale SHA, epoch, and authority (0.190208ms)
✔ manual lifecycle checkbox edits cannot satisfy directory-governed close (0.419375ms)
✔ close resolves current directory evidence but leaves legacy bodies on the existing lane (0.287542ms)
✔ close fails closed when accepted directory Review or Approval evidence is absent (0.325459ms)
✔ deliver resolves marker-free exact-head directory approval authority (101.513958ms)
✔ runDeliver consumes marker-free exact-head directory Review and Approval evidence (305.334ms)
✔ runDeliver refuses directory authority without accepted exact-head Review evidence (0.586875ms)
✔ runDeliver never hybridizes directory Review with legacy body Approval (53.788333ms)
ℹ tests 10
ℹ suites 0
ℹ pass 10
ℹ fail 0
ℹ cancelled 0
ℹ skipped 0
ℹ todo 0
ℹ duration_ms 637.493875
✔ Test accepts current accepted directory evidence without reading or rewriting body proof (2.484709ms)
✔ shared Test and Review transition guards consume accepted directory evidence (0.60825ms)
✔ Test fails closed before mutation when directory evidence is absent or invalid (0.6485ms)
✔ Review preserves the legacy lane and requires accepted Test evidence for directory issues (0.43375ms)
✔ typed waiver heads require exact receipt or accepted directory evidence (0.099458ms)
✔ Review preflight reads directory lifecycle authority and retains legacy AC auditing (2.0465ms)
ℹ tests 6
ℹ suites 0
ℹ pass 6
ℹ fail 0
ℹ cancelled 0
ℹ skipped 0
ℹ todo 0
ℹ duration_ms 174.87375
✔ Shelve exports the Backlog target and Refine/R4P source boundary (0.806917ms)
✔ strict Shelve argv accepts one explicit stale-blocker refresh flag (0.288917ms)
✔ strict Shelve argv refuses a duplicate stale-blocker refresh flag (0.207459ms)
✔ runShelve preserves ordinary transaction intent when no migration flag is supplied (0.168583ms)
✔ runShelve threads explicit stale-blocker migration intent into the transaction (0.104667ms)
✔ Shelve reports the explicit stale-blocker migration in its success audit output (21.823542ms)
✔ strict Shelve argv retains deterministic unknown-argument refusal (0.1735ms)
✔ runShelve refuses blank reasons before binding, network, or writes (0.119917ms)
✔ park is only a compatibility alias for the same Shelve transaction (0.2945ms)
✔ Park retains alias-aware usage, success, and refusal diagnostics (40.896125ms)
✔ direct Shelve and Park executable entrypoints are inert and require the hub (559.704833ms)
✔ Shelve is canonical across routing, catalog, and executable entrypoints (0.283917ms)
✔ Shelve uses target preflight and one issue lock before entering the transaction (0.217916ms)
ℹ tests 13
ℹ suites 0
ℹ pass 13
ℹ fail 0
ℹ cancelled 0
ℹ skipped 0
ℹ todo 0
ℹ duration_ms 818.636375
✔ preflight shows delivery revisions but evaluates only ordinary policy (22.545417ms)
✔ preflight discloses expired delivery grants as blocked without writes (1.835125ms)
✔ arguments require one explicit issue and explicit supported target (0.472875ms)
✔ public command routing stays explicit and bypasses binding preflight (0.170041ms)
✔ preflight aggregates current blockers, future evidence, external unknowns, and authority provenance (1.481083ms)
✔ external uncertainty is indeterminate while complete evidence is conditionally compatible (0.52775ms)
✔ authority revision reporting derives superseded disposition from the validated chain (1.867458ms)
✔ snapshot read failures retain the complete indeterminate report schema in both views (0.254875ms)
✔ an empty dependency snapshot satisfies the current dependency invariant (0.257958ms)
✔ preflight treats documented automatic plan authorization as satisfied, not waived (0.2955ms)
✔ production runtime derives ownership, binding, and state-contiguity evidence read-only (0.373584ms)
✔ workflow exception show remains read-only and does not resolve or append authority (0.596875ms)
ℹ tests 12
ℹ suites 0
ℹ pass 12
ℹ fail 0
ℹ cancelled 0
ℹ skipped 0
ℹ todo 0
ℹ duration_ms 205.413958
✔ close: interactive dirty close on review→done exits 5 and still prints PROMPT_REQUIRED (#710) (1911.481416ms)
✔ promote: exit-0 close that leaves board at review yields transition-failed, no promoted line (#710) (39.246208ms)
✔ promote: exit-0 close that moves board to done still reports promoted (#710) (30.265042ms)
ℹ tests 3
ℹ suites 0
ℹ pass 3
ℹ fail 0
ℹ cancelled 0
ℹ skipped 0
ℹ todo 0
ℹ duration_ms 2141.953333
close-lifecycle-tick.test.mjs: all passed
✔ scripts/tests/slow/task-tracker/verbs/close-lifecycle-tick.test.mjs (130.814792ms)
ℹ tests 1
ℹ suites 0
ℹ pass 1
ℹ fail 0
ℹ cancelled 0
ℹ skipped 0
ℹ todo 0
ℹ duration_ms 136.154083
coverage-close.test.mjs: defined
✔ no active task (29.887334ms)
✔ discover bucket → discarded (164.098167ms)
✔ target adopted into empty state → Closed (289.827333ms)
✔ convergence close-issue: board Done + issue OPEN → gh close (755.535166ms)
✔ convergence close-issue: outcome failure leaves the issue OPEN and active (315.492542ms)
✔ convergence close-issue: disposition failure leaves issue OPEN and active (340.016208ms)
✔ convergence close-issue: gh close fails → exit 1 (369.828209ms)
✔ convergence noop + boardDrift: issue CLOSED, board behind → converge (239.481084ms)
✔ convergence noop + boardDrift: move fails + board not Done → exit 1 (151.855958ms)
✔ convergence noop, no drift: issue CLOSED + board Done → already closed (233.402ms)
✔ happy tail: approval marker present → emitted, Closed (191.698084ms)
✔ happy tail: Full-Auto default records review approval without a prior marker (179.93ms)
✔ happy-tail candidate refuses close when terminal timing is only queued (84.121667ms)
✔ final move non-benign failure + board not Done → exit 1 (83.556875ms)
✔ offline final move cannot verify board Done → refuses non-benign failure (77.6045ms)
✔ dirty + CI headless, no --answer → exit 5 (133.731084ms)
✔ dirty + --answer cancel → left in Review (116.27225ms)
✔ dirty + --answer yes → refuse, exit 6 (110.282209ms)
✔ dirty + invalid --answer → exit 1 (112.207708ms)
✔ dirty + interactive (no CI, no answer) → PROMPT_REQUIRED (129.625083ms)
✔ dirty + --answer no → audit row, continues to Closed (473.92775ms)
✔ gate-eval failure, no --force → fail-closed exit 3 (720.539417ms)
✔ --force: gate-eval throw swallowed → cascade + close pipeline → Closed (599.297625ms)
✔ cascade: disposition failure leaves child and parent OPEN and active (429.900667ms)
✔ cascade: outcome failure leaves child in Review and parent OPEN and active (271.526417ms)
✔ cascade: queued terminal timing leaves child in Review and retains evidence for retry (150.318667ms)
✔ cascade: each child outcome uses its own resolved worktree (312.825542ms)
✔ assertFieldsPersisted: aitm-fields marker missing → throws (159.199875ms)
✔ assertFieldsPersisted: engagedTime null → throws (141.040167ms)
✔ assertFieldsPersisted: body re-read fails → throws (136.2815ms)
✔ tickLifecycleOnClose: ticks story-closed + timing-flushed via mutate (0.3215ms)
⚠ lifecycle-tick best-effort failed: boom
✔ tickLifecycleOnClose: mutate throws → best-effort swallow (1503.907ms)
✔ nested fixture state never reads or clears its isolated parent session (55.217834ms)
ℹ tests 33
ℹ suites 0
ℹ pass 33
ℹ fail 0
ℹ cancelled 0
ℹ skipped 0
ℹ todo 0
ℹ duration_ms 9257.780875
✔ AC5: doctor is standalone and never a task-tracker verb (0.597041ms)
✔ AC5: reconcile rejects a missing/unknown mode without touching the network (0.393542ms)
[task-tracker] ✓ #701 removed native blockers #702
✔ AC5: reconcile accept-live resolves board/body drift via DI (no hand-edit) (431.843917ms)
✔ AC5: entanglement clears via unblock alone (no board/state-file edit) (25.28975ms)
ℹ tests 4
ℹ suites 0
ℹ pass 4
ℹ fail 0
ℹ cancelled 0
ℹ skipped 0
ℹ todo 0
ℹ duration_ms 745.718917
✔ promote: refine→R4P is a direct move-state call with refine-estimate hook (233.283125ms)
✔ promote: refine→R4P refused when full refine-estimate signals are missing (52.534375ms)
✔ promote: refine→R4P refuses when Acceptance Criteria drift after snapshot (57.147ms)
✔ promote: refine→R4P refused when refine-exit gate returns blockers (#147) (33.779834ms)
✔ promote: backlog→refine stamps Start time on success (#147, #1211) (31.1345ms)
✔ promote: backlog→refine is a direct move-state call without a Priority gate (33.044792ms)
✔ promote: plan→develop is a direct move-state call when planned-estimate appendix is present (45.35325ms)
✔ promote: plan→develop surfaces an empty Plan Metadata refusal before move-state (49.400958ms)
✔ promote: plan→develop refused when refine-estimate comment is missing (#134) (46.564042ms)
✔ promote: plan→develop refused when any sub-issue still in Backlog (#135) (47.3335ms)
✔ promote: plan→develop refuses only children without current R4P-or-later evidence (42.476083ms)
✔ promote: refine→plan refused when an epic child is PAST refine (#149 — lead-rule) (44.070792ms)
✔ promote: plan→develop refused when planned-estimate appendix is missing (#134) (43.703583ms)
✔ promote: develop→test delegates to /task test (#137) (69.211875ms)
✔ promote: develop→test refused when CODE_COMPLETE gate returns blockers (#136) (56.788042ms)
[state-recording] issue #1752 marker write to "test" FAILED after 2 attempts: simulated gh failure
✔ promote: develop→test allowed when CODE_COMPLETE gate passes (#136) (91.060042ms)
✔ promote: test→review delegates to the review verb (49.898958ms)
✔ promote: test→review refused when aitm-dod-verified marker is missing (#210 Fix C) (47.573834ms)
✔ promote: test→review REFUSED when a non-lifecycle checkbox is still unticked (#257) (39.645125ms)
✔ promote: test→review ALLOWED when dod-verified present and every checkbox ticked (#257) (41.951542ms)
✔ promote: review→done delegates to /task close (45.776042ms)
✔ promote: review→done reports transition-failed when close exits 0 but board stays review (#710) (38.823125ms)
✔ promote: historical Assigned body canonicalizes to R4P before drift comparison (37.423292ms)
✔ promote: terminal refusal on done (15.567ms)
✔ promote: drift refused when live ≠ recorded (11.479958ms)
✔ promote: bootstrap when lastKnownState absent — syncs to live, then promotes (45.766042ms)
✔ promote: transition-failed when alias verb exits non-zero — no metadata update (60.053083ms)
✔ promote: delegate non-zero but board reached target → promoted-with-warning (#175) (47.39775ms)
✔ promote: delegate non-zero, board at target, marker stale → repair write fires (#175) (40.687375ms)
✔ promote: delegate non-zero, marker repair write fails → audit comment posted (#175, #168) (41.244584ms)
✔ promote: alias=test exit non-zero, board at target, NO aitm-dod-verified → promoted-with-warning, no rollback (#271 regression guard) (44.032125ms)
✔ promote: delegate non-zero AND board drifted to non-target → transition-failed (#175) (42.472958ms)
✔ promote: drift-reconcile is a no-op when live state matches recorded after failure (41.739833ms)
✔ promote: drift-reconcile survives getLiveState throwing on the post-failure read (43.313542ms)
✔ promote: error when recorded state is unknown (14.077625ms)
✔ promote: no longer writes a move:<target> audit row (#128 — chokepoint emits paired phase rows) (31.243917ms)
ℹ tests 36
ℹ suites 0
ℹ pass 36
ℹ fail 0
ℹ cancelled 0
ℹ skipped 0
ℹ todo 0
ℹ duration_ms 1947.616042
[task-tracker] ✓ #501 removed native blockers #999
✔ AC4: runDemote succeeds on a marker-heavy body (write path is not fragile) (3.539875ms)
✔ AC4: runUnblock clears a native blocker without rewriting a marker-heavy body (0.619459ms)
✔ AC4: backward demote exit guard fires while a blocker is open (confirmed contract) (0.468916ms)
✔ AC (#572): main-anchored resolvers build under the passed main path regardless of cwd (0.122875ms)
✔ AC (#572): findMainWorktreePath anchors fleet/lock to MAIN from a sibling worktree cwd (126.021208ms)
✔ AC (#574): relocated .ai-task-manager/templates survive a fresh worktree checkout (110.354958ms)
✔ AC (#572): getProjectDir accepts matching real roots and rejects foreign aliases (218.314917ms)
ℹ tests 7
ℹ suites 0
ℹ pass 7
ℹ fail 0
ℹ cancelled 0
ℹ skipped 0
ℹ todo 0
ℹ duration_ms 629.167292
✔ promote does not write aitm-last-known-state on successful refine→R4P (261.932292ms)
✔ promote does not write aitm-last-known-state on successful develop→test (alias verb) (58.733416ms)
✔ bootstrap path still writes aitm-last-known-state (no prior marker) (38.113375ms)
✔ move-state composite stamp: entry-marker and last-known-state in single body (0.397917ms)
✔ move-state composite stamp is idempotent for last-known-state (0.129292ms)
ℹ tests 5
ℹ suites 0
ℹ pass 5
ℹ fail 0
ℹ cancelled 0
ℹ skipped 0
ℹ todo 0
ℹ duration_ms 516.56925
verb-test-remove-worktree.test.mjs: ok
✔ scripts/tests/slow/task-tracker/verbs/verb-test-remove-worktree.test.mjs (259.944ms)
ℹ tests 1
ℹ suites 0
ℹ pass 1
ℹ fail 0
ℹ cancelled 0
ℹ skipped 0
ℹ todo 0
ℹ duration_ms 265.36525
✔ shared pexec resolves the injectable client at invocation time (0.753791ms)
✔ all 29 scoped modules resolve through the shared client (3.907542ms)
✔ unpark defaults resolve the shared client without changing the gh call (0.348417ms)
✔ ready-only derive-and-rescan reads body and execution HEAD through the shared client (0.610583ms)
ℹ tests 4
ℹ suites 0
ℹ pass 4
ℹ fail 0
ℹ cancelled 0
ℹ skipped 0
ℹ todo 0
ℹ duration_ms 139.708875
orchestrators.test.mjs: ok
✔ move-state: agent-context call (no env, no TTY) is refused with exit 3 (168.670416ms)
✔ move-state: chokepoint call (AITM_INTERNAL=1) moves and prints confirmation (195.606333ms)
✔ move-state: illegal matrix transition is refused with exit 5 (172.967042ms)
✔ move-state: valid forward transition (refine → ready-for-plan) succeeds (170.030875ms)
✔ promote: recorded=done is terminal-refused (forward-only) (15.089667ms)
✔ promote: board/recorded divergence is drift-refused with both states (12.055416ms)
✔ promote: no recorded marker and no live board item is an error (12.3945ms)
✔ promote: unknown recorded state is an error (11.744416ms)
✔ promote: delegate-timeout policy — test gets none, close gets a bounded budget (0.236125ms)
✔ close: no active task and no target prints "no active task" and does nothing (23.458875ms)
✔ close: an active review issue runs the terminal done move after the wrap rows (114.15825ms)
ℹ tests 11
ℹ suites 0
ℹ pass 11
ℹ fail 0
ℹ cancelled 0
ℹ skipped 0
ℹ todo 0
ℹ duration_ms 1062.1595
cli-help-flag.test.mjs: OK
✔ scripts/tests/unit/task-tracker/core/cli-help-flag.test.mjs (143.470834ms)
ℹ tests 1
ℹ suites 0
ℹ pass 1
ℹ fail 0
ℹ cancelled 0
ℹ skipped 0
ℹ todo 0
ℹ duration_ms 148.605209
close-emission-order.test.mjs: ok
Closed #999.
Closed #999.
Closed #999.
✔ buildReviewToDoneClosePair emits review:approved then issue:wrap (14.753041ms)
✔ verbClose emits review:approved + issue:wrap before the done board move (98.443417ms)
✔ combined close + done-move stream is review:approved → issue:wrap → issue:closed (0.256459ms)
✔ #692 AC2 — retried close does not re-emit an existing review:approved/issue:wrap pair (86.819542ms)
✔ #692 AC3 — review:approved active duration derives from the timing comment (84.065042ms)
ℹ tests 5
ℹ suites 0
ℹ pass 5
ℹ fail 0
ℹ cancelled 0
ℹ skipped 0
ℹ todo 0
ℹ duration_ms 426.949834
✔ routing identities contain only canonical verb and dispatch metadata (1.310042ms)
✔ catalog owns alias resolution and resolves each route identity (0.185959ms)
✔ registry and grouped help consume the catalog verb-name query (8.02475ms)
✔ catalog verb names equal the dispatch switch case labels (0.462ms)
✔ deliver is a directly routed target-required verb (0.110375ms)
✔ incident-ledger is a directly routed target-required evidence verb (0.057542ms)
✔ migrate-dependencies is globally routed without issue preflight (0.058542ms)
✔ workflow-exception prepare is public and has no binding preflight (0.066834ms)
ℹ tests 8
ℹ suites 0
ℹ pass 8
ℹ fail 0
ℹ cancelled 0
ℹ skipped 0
ℹ todo 0
ℹ duration_ms 177.762709
✔ proof-gated scanner waives suite, tests DoD, and derived aggregate boxes (1.207667ms)
✔ scanner preserves byte-identical default-deny behavior without proof (0.149958ms)
✔ Test exit guard uses proof resolution and keeps unrelated blockers (0.341584ms)
✔ close verb passes validated docs-only proof to the shared scanner (0.209917ms)
✔ earned lane-skip predicate requires docs-only proof and every dropped lane (0.70825ms)
✔ proof resolver accepts only a validated current receipt for a live docs-only body (0.813542ms)
ℹ tests 6
ℹ suites 0
ℹ pass 6
ℹ fail 0
ℹ cancelled 0
ℹ skipped 0
ℹ todo 0
ℹ duration_ms 149.879584
handle-migrate-result.test.mjs: all passed
✔ scripts/tests/unit/task-tracker/core/handle-migrate-result.test.mjs (140.39225ms)
ℹ tests 1
ℹ suites 0
ℹ pass 1
ℹ fail 0
ℹ cancelled 0
ℹ skipped 0
ℹ todo 0
ℹ duration_ms 145.353458
move-state-structured-result.test.mjs: all passed
✔ scripts/tests/unit/task-tracker/core/move-state-structured-result.test.mjs (144.298042ms)
ℹ tests 1
ℹ suites 0
ℹ pass 1
ℹ fail 0
ℹ cancelled 0
ℹ skipped 0
ℹ todo 0
ℹ duration_ms 149.091917
phase-events.test.mjs: ok
✔ scripts/tests/unit/task-tracker/core/phase-events.test.mjs (146.350125ms)
ℹ tests 1
ℹ suites 0
ℹ pass 1
ℹ fail 0
ℹ cancelled 0
ℹ skipped 0
ℹ todo 0
ℹ duration_ms 151.21275
[task-tracker] Could not move 9 to done: move-state exited 5
BLOCKED: illegal transition: backlog → done. Allowed: assigned.
[task-tracker] Run manually: node scripts/gh/move-state.mjs 9 done
✔ runMoveStateInProcess drives the in-process host with the right argv/env (no spawn) (1.243541ms)
✔ runMoveStateInProcess folds extraArgs (--force) into the synthetic argv (0.224834ms)
✔ runMoveStateInProcess strips a leading # from the issue (0.141916ms)
✔ exit-5 done→done self-loop is classified benign via tee-captured stderr (0.3875ms)
✔ exit-5 test→test self-loop is classified benign (0.184833ms)
✔ exit-5 genuine illegal transition (backlog→done) is NOT benign (0.49925ms)
✔ SKIP_NETWORK short-circuits without calling the host (0.072709ms)
✔ process.stdout/stderr are restored after the in-process call (0.164542ms)
✔ runtime forwards authoritative execution and invoking directories to the lower host (0.164583ms)
ℹ tests 9
ℹ suites 0
ℹ pass 9
ℹ fail 0
ℹ cancelled 0
ℹ skipped 0
ℹ todo 0
ℹ duration_ms 185.809458
✔ every state self-transition is a legal no-op (0.652917ms)
✔ review → review specifically is legal (the reported defect) (0.418792ms)
✔ a genuine illegal transition still refuses (0.124375ms)
✔ a legal non-self transition is NOT flagged noop (0.061042ms)
✔ an unknown state still refuses even when from === to (0.080417ms)
✔ computeTransitionPlan surfaces noop for a self-transition (0.110166ms)
✔ computeTransitionPlan reports noop:false for a real move (0.053667ms)
✔ computeTransitionPlan reports noop:false when the matrix gate is skipped (0.056792ms)
✔ classifyMoveStateBenign is de-enumerated — it matches ANY self-loop (0.428583ms)
✔ classifyMoveStateBenign still surfaces genuine refusals (0.120958ms)
✔ isMoveStateNoop matches only the host token (0.1205ms)
ℹ tests 11
ℹ suites 0
ℹ pass 11
ℹ fail 0
ℹ cancelled 0
ℹ skipped 0
ℹ todo 0
ℹ duration_ms 213.593
task-tracker-preflight-target.test.mjs: ok
✔ scripts/tests/unit/task-tracker/core/task-tracker-preflight-target.test.mjs (148.207542ms)
ℹ tests 1
ℹ suites 0
ℹ pass 1
ℹ fail 0
ℹ cancelled 0
ℹ skipped 0
ℹ todo 0
ℹ duration_ms 153.047416
✔ help route emits self-doc and exits 0 (0.89825ms)
✔ missing issue → usage, exit 2 (0.146208ms)
✔ non-numeric issue → invalid, exit 2 (0.10275ms)
✔ no repo configured → config-not-found, exit 2 (0.124083ms)
✔ skipNetwork happy path: flips board, posts no timing row (0.109792ms)
✔ network happy path: flips board and posts a start timing row (1.4135ms)
✔ non-zero move exit: reports and exits with the move code, posts no row (0.286ms)
✔ parseArgs strips leading # and reads --description (0.181459ms)
✔ parseArgs defaults description and marks help (0.14675ms)
ℹ tests 9
ℹ suites 0
ℹ pass 9
ℹ fail 0
ℹ cancelled 0
ℹ skipped 0
ℹ todo 0
ℹ duration_ms 170.133041
✔ dispatch-prep.defaultRunMoveState calls the in-process host with the develop argv/env (no spawn) (0.912791ms)
✔ dispatch-prep.defaultRunMoveState relays the host exit code verbatim (0.163208ms)
✔ dispatch-prep.mjs no longer spawns a move-state child (0.283583ms)
ℹ tests 3
ℹ suites 0
ℹ pass 3
ℹ fail 0
ℹ cancelled 0
ℹ skipped 0
ℹ todo 0
ℹ duration_ms 155.488667
Unknown state: bogus-state
States: backlog | refine | ready-for-plan | plan | develop | test | review | done
Usage: node scripts/gh/move-state.mjs <issue#> <state> [--item-id <project-item-id>] [--from <state>] [--supersede] [--force]
States: backlog | refine | ready-for-plan | plan | develop | test | review | done
--supersede: bypass the matrix + guard pipeline (reserved for the `supersede` verb — "abandoned")
--force: bypass the matrix + guard pipeline for a delivered operator override (reserved for `close --force`)
move-state.mjs is internal; agents must reach it through the verb pipeline.
Use /task shelve for backlog, or pass --out-of-band <reason> to record an emergency move.
For one-off manual recovery from a non-TTY shell, set AITM_VERB_CONTEXT=<verb> (or AITM_INTERNAL=1) to confirm.
✔ runMoveStateHost is an importable function (module load has no host side effect) (0.4425ms)
✔ runMoveStateHost returns 1 on an unknown state without exiting the process (24.91225ms)
✔ runMoveStateHost returns 1 on missing args (usage) without exiting the process (28.094042ms)
✔ unauthenticated direct movement is refused before guard selection (54.273625ms)
✔ the complete guard pipeline runs while the issue boundary lock is held (78.218041ms)
▶ host boundary authorizes Shelve guard selection only for the exact exported capability
  ✔ environment-only Shelve context is unauthorized (85.422ms)
  ✔ a freshly forged Symbol is unauthorized (83.776667ms)
  ✔ the exact exported capability is authorized (83.013209ms)
✔ host boundary authorizes Shelve guard selection only for the exact exported capability (252.8275ms)
ℹ tests 9
ℹ suites 0
ℹ pass 9
ℹ fail 0
ℹ cancelled 0
ℹ skipped 0
ℹ todo 0
ℹ duration_ms 615.2645
✔ move to review while already in review exits 0 as a no-op (the reported defect) (177.274084ms)
✔ the no-op path performs no move — no entry stamp, no timing row, no board write (77.005334ms)
✔ every state is re-runnable in place, not just review (291.510667ms)
✔ a genuine illegal transition still refuses with exit 5 (45.828292ms)
✔ the structured result reads as success, so verb guards do not treat it as a refusal (72.120667ms)
ℹ tests 5
ℹ suites 0
ℹ pass 5
ℹ fail 0
ℹ cancelled 0
ℹ skipped 0
ℹ todo 0
ℹ duration_ms 867.948
✔ fixed action authority measurement records physical read-port calls for every explain-ready collector (43.057708ms)
ℹ tests 1
ℹ suites 0
ℹ pass 1
ℹ fail 0
ℹ cancelled 0
ℹ skipped 0
ℹ todo 0
ℹ duration_ms 187.948792
✔ new sessions and project defaults are Full-Auto for all three review boundaries (0.500375ms)
✔ explicit project policy remains authoritative over Full-Auto defaults (0.072375ms)
✔ legacy two-gate project config keeps explicit values and defaults PR review to auto (0.067708ms)
✔ legacy parent metadata survives session round trips without changing gate values (1.48175ms)
✔ binding source contains no legacy first-bind auto-mode prompt (0.360333ms)
✔ reset clears all three overrides and returns to Full-Auto defaults (0.183875ms)
✔ case 6: two session IDs do not see each other's overrides (0.148708ms)
✔ case 7: sweepOrphans deletes files older than maxAgeMs and leaves younger ones (0.328542ms)
✔ fresh and legacy session files hydrate the third nullable override (0.309875ms)
✔ manual and auto choices update one gate additively (0.69975ms)
✔ precedence: session override takes precedence over project config (0.084708ms)
✔ Review handoff honors the session final-task override over project policy (0.073541ms)
ℹ tests 12
ℹ suites 0
ℹ pass 12
ℹ fail 0
ℹ cancelled 0
ℹ skipped 0
ℹ todo 0
ℹ duration_ms 153.985917
✔ computeBackfillHoles: zero markers + non-backlog stage reports every prior stage as a hole (1.475917ms)
✔ computeBackfillHoles: zero markers + backlog stage reports no holes (fresh issue, preserved contract) (0.110084ms)
✔ computeBackfillHoles: non-zero markers delegates to verifyChainIntegrity unchanged (0.940042ms)
✔ reconcile backfill: zero markers + board state past backlog backfills every prior stage (#677) (3.091334ms)
✔ reconcile backfill: zero markers + backlog board state reports no-holes (fresh issue, no false positive) (0.137792ms)
ℹ tests 5
ℹ suites 0
ℹ pass 5
ℹ fail 0
ℹ cancelled 0
ℹ skipped 0
ℹ todo 0
ℹ duration_ms 180.771708
close-cross-close.test.mjs: all passed
✔ source: no `closingDifferentIssue` references remain (dead-code check) (0.525042ms)
✔ source: bind-mismatch refusal now lives in the shared preflight helper (0.119ms)
✔ source: preflight bind-mismatch uses exit(7) (0.153375ms)
✔ refuses cross-close: exit 7, PROMPT_REQUIRED on stdout (via dispatcher preflight) (289.770125ms)
✔ allows close when target equals s.active (no refusal) (71.401916ms)
✔ allows close when s.active is null and target is given (75.955458ms)
ℹ tests 6
ℹ suites 0
ℹ pass 6
ℹ fail 0
ℹ cancelled 0
ℹ skipped 0
ℹ todo 0
ℹ duration_ms 609.180917
close-repair.test.mjs: all passed
✔ #708 AC2 (baseline): board=Done + issue=CLOSED without --repair → noop short-circuit (no timing flush) (125.452292ms)
✔ #708 AC2: same state WITH --repair → bypasses noop and replays the full atomic close (124.842042ms)
✔ #708 AC4: `--repair` is documented in the close verb help output (0.291958ms)
ℹ tests 3
ℹ suites 0
ℹ pass 3
ℹ fail 0
ℹ cancelled 0
ℹ skipped 0
ℹ todo 0
ℹ duration_ms 449.428208
coverage-demote.test.mjs: defined
✔ runDemote: throws without issueNumber (0.873208ms)
✔ runDemote: throws without cfg (0.135166ms)
✔ runDemote: assertBound is invoked and may throw (0.121125ms)
✔ runDemote: no recorded + no live → error (board item missing) (0.326292ms)
✔ runDemote: no recorded + live → bootstrap, then demoted (4.22ms)
✔ runDemote: live disagrees with recorded → drift-refused (0.137458ms)
✔ runDemote: unknown recorded state → error (0.106291ms)
✔ runDemote: legal-but-non-source state → invalid-source-refused (0.100708ms)
✔ runDemote: move-state nonzero exit → transition-failed (0.12925ms)
✔ runDemote: recorded test, live test, move ok → demoted (no bootstrap) (0.244583ms)
✔ runDemote: recorded review → demoted from review (0.138916ms)
✔ runDemote: default fetch + live-state deps run via fake gh → demoted (292.600917ms)
✔ verbDemote: no issue number → usage, exit 1 (0.4535ms)
✔ verbDemote: demoted → stdout, no exit (0.158417ms)
✔ verbDemote: bootstrap demoted → stdout notes bootstrap (0.157125ms)
✔ verbDemote: drift-refused → stderr, exit 4 (0.090958ms)
✔ verbDemote: invalid-source-refused → stderr, exit 4 (0.070083ms)
✔ verbDemote: transition-failed → stderr, exit code (0.067667ms)
✔ verbDemote: error status → stderr, exit 1 (0.055666ms)
✔ verbDemote: runDemote throws → stderr, exit 1 (0.066708ms)
✔ runDemote: no --rework → rework-required (refuses before any fetch) (0.061375ms)
✔ verbDemote: rework-required → stderr, exit 4 (0.05575ms)
ℹ tests 22
ℹ suites 0
ℹ pass 22
ℹ fail 0
ℹ cancelled 0
ℹ skipped 0
ℹ todo 0
ℹ duration_ms 452.608291
coverage-plan.test.mjs: defined
✔ runPlan: throws without cfg (0.747792ms)
✔ runPlan: throws on non-positive issue# (0.38175ms)
✔ runPlan: assertBound is invoked and may throw (0.275208ms)
✔ runPlan: current is not R4P → wrong-state (no promote) (0.213ms)
✔ runPlan: unknown live state → wrong-state message names "unknown" (0.099875ms)
✔ runPlan: R4P → promoted (promote called with issue#) (0.66825ms)
✔ runPlan: default getLiveState via fake gh → promoted (243.364792ms)
✔ verbPlan: no issue number → usage, exit 2 (0.413333ms)
✔ verbPlan: R4P → promoted, no exit (0.171375ms)
✔ verbPlan: wrong-state → stderr, exit 1 (0.2635ms)
✔ verbPlan: runPlan throws → stderr, exit 1 (0.222667ms)
ℹ tests 11
ℹ suites 0
ℹ pass 11
ℹ fail 0
ℹ cancelled 0
ℹ skipped 0
ℹ todo 0
ℹ duration_ms 395.505792
coverage-reconcile.test.mjs: defined
✔ runReconcile: throws without issueNumber (1.066625ms)
✔ runReconcile: throws without cfg (0.095209ms)
✔ runReconcile: missing mode → error status (0.169875ms)
✔ runReconcile: unknown mode → error status (0.079959ms)
✔ runReconcile: no live and no recorded → error (0.273666ms)
✔ runReconcile: backfill with no holes → no-holes (0.348375ms)
✔ runReconcile: backfill fills a hole → backfilled (0.869209ms)
✔ runReconcile: recorded === live and no cache gap → no-drift-refused (25.078959ms)
✔ runReconcile: accept-live with no live → error (0.168291ms)
✔ runReconcile: accept-live reconciled (external-mutation reason) (0.380375ms)
✔ runReconcile: accept-live reason from recording-failure comment (0.297ms)
✔ runReconcile: accept-live tolerates listComments throwing (0.185125ms)
✔ runReconcile: accept-live tolerates audit-marker write throwing (0.115667ms)
✔ runReconcile: revert with no recorded → error (0.706375ms)
✔ runReconcile: revert transition-failed when move-state non-zero (0.194792ms)
✔ runReconcile: revert reconciled when move-state succeeds (0.163542ms)
✔ runReconcile: revert tolerates audit-marker write throwing (0.140542ms)
✔ runReconcile: revert refuses when recorded is BEHIND live (wrong-direction, #740) (0.091209ms)
✔ runReconcile: default persistTrackerState runs without a session (30.965ms)
✔ verbReconcile: missing issue number → usage, exit 1 (0.363166ms)
✔ verbReconcile: missing mode → usage, exit 1 (0.1245ms)
✔ verbReconcile: fetch failure → generic error, exit 1 (38.651375ms)
✔ verbReconcile: no drift → refused, exit 4 (43.3335ms)
✔ verbReconcile: backfill with no holes → stdout, no exit (24.6355ms)
✔ verbReconcile: revert wrong-direction → exit 5, names accept-live (#740) (24.177041ms)
✔ runReconcile: default read helpers fetch body + live state via gh (397.520833ms)
ℹ tests 26
ℹ suites 0
ℹ pass 26
ℹ fail 0
ℹ cancelled 0
ℹ skipped 0
ℹ todo 0
ℹ duration_ms 738.229584
✔ buildDeferredReviewRow: null spec → null (0.6095ms)
✔ buildDeferredReviewRow: flush kind → buildFlushRow row (14.086291ms)
✔ buildDeferredReviewRow: row kind → buildRow row (0.126083ms)
✔ no target → exit 1 (43.620583ms)
✔ preflight refusal → exit 4 (35.048375ms)
✔ validateBody gate refusal → exit 4 (55.050833ms)
✔ non-empty clean gate body passes validateBody (no refusal) (96.253292ms)
✔ dod-verified guard refusal → exit 4 (else timing branch) (27.135625ms)
✔ HEAD drift from aitm-test-started → exit 4 (28.749667ms)
✔ unbacked checkbox → failures revert to Develop, exit 3 (31.181583ms)
✔ epic child not in review → exit 3 (31.180792ms)
✔ completeness guard refusal → exit 4 (31.023958ms)
✔ runMoveState refuses the review move → propagates its status (36.540666ms)
✔ success: all checks pass → moves to Review, prompts approval (74.376333ms)
✔ success via else branch (target not the active session) (65.667875ms)
ℹ tests 15
ℹ suites 0
ℹ pass 15
ℹ fail 0
ℹ cancelled 0
ℹ skipped 0
ℹ todo 0
ℹ duration_ms 737.768209
[task-tracker] warn: back-reference comment on #88 failed: comment boom
✔ parseArgs: positional dead + --by (0.938584ms)
✔ parseArgs: dead falls back to active when no positional (0.111667ms)
✔ parseArgs: byProvided false when --by absent (0.066584ms)
✔ parseArgs: strips leading # on both args (0.071834ms)
✔ runSupersede: missing deadIssue throws (0.4145ms)
✔ runSupersede: missing byIssue throws (0.104166ms)
✔ runSupersede: self-supersede throws (0.082708ms)
✔ runSupersede: missing cfg.repo throws (0.093917ms)
✔ runSupersede: superseder-missing — no writes (0.168625ms)
✔ runSupersede: transition-failed — marker stamped, no audit/close (0.5855ms)
✔ runSupersede: superseded happy path — stamp + audit + close + back-ref (0.26275ms)
✔ runSupersede: back-reference comment failure is tolerated (0.50925ms)
✔ verbSupersede: no dead issue → usage, exit 2 (1.191458ms)
✔ verbSupersede: --by missing → usage, exit 2 (0.509791ms)
✔ verbSupersede: success → no exit (0.460375ms)
✔ verbSupersede: non-superseded result → exit 1 (0.344833ms)
✔ verbSupersede: thrown error → exit 1 (0.437791ms)
✔ runSupersede: default I/O helpers drive a fake gh end-to-end (486.7645ms)
ℹ tests 18
ℹ suites 0
ℹ pass 18
ℹ fail 0
ℹ cancelled 0
ℹ skipped 0
ℹ todo 0
ℹ duration_ms 689.765125
[move-state] #544: marker stamp failed: gh view exploded
[move-state] #1: stamp-failure audit comment post FAILED: comment API down
✔ AC2: a mid-chain hole refuses the next forward move (develop → test) (3.842458ms)
✔ AC2: reconcile accept-live returns no-drift-refused when board == recorded (28.064875ms)
✔ AC3: stampEntryMarkers posts a failure-audit comment on stamp failure (1.691084ms)
✔ Plan → Develop scope drift from the real marker writer is never swallowed (1.8525ms)
✔ Plan → Develop scope validation reruns after a non-overlapping conflict rebase (3.447917ms)
✔ AC3: failure-comment body names the stage, error and recovery command (0.092666ms)
✔ AC3: postStampFailureAudit degrades (no throw) when the post itself fails (0.135625ms)
✔ AC4: reconcile backfill fills the missing prior-stage markers (1.129834ms)
✔ AC4: reconcile backfill is a no-op when the chain is already contiguous (0.321625ms)
ℹ tests 9
ℹ suites 0
ℹ pass 9
ℹ fail 0
ℹ cancelled 0
ℹ skipped 0
ℹ todo 0
ℹ duration_ms 201.069167
✔ native-blocked R4P child stays current for epic admission but waits for its predecessor (3.931625ms)
✔ configured-project mapping ignores legacy blocker markers as dependency authority (0.406542ms)
✔ configured-project child mapping carries current refinement and terminal evidence (0.320583ms)
✔ configured-project mapping rejects stale refinement evidence and board-rank drift (0.302834ms)
✔ epic admission and terminal delivery fail closed on incomplete descriptors and board drift (0.279291ms)
✔ strict local WIP cannot be disabled by project configuration (2.428959ms)
✔ epic Plan admission requires every executable child at R4P or later with refinement evidence (0.309833ms)
✔ R4P state enforces epic child admission before entering Plan (0.107708ms)
✔ next-child selection uses only dependency-ready R4P children and rank (0.123209ms)
✔ next-child selection fails closed while any sibling is locally active (0.124ms)
✔ local WIP policy has no blocker exception while another child is active (0.729625ms)
✔ epic Test admission requires Done or an accepted closed disposition (0.28375ms)
✔ pull-next advances one dependency-ready R4P child exactly one edge and then stops (12.551209ms)
✔ pull-next refuses to start another local child while a sibling is active (0.244791ms)
✔ operator help, architecture, and pickup guidance describe R4P child staging (1.522375ms)
✔ epic child enumeration exhausts every GraphQL page and refuses cursor ambiguity (0.9315ms)
✔ configured child project membership and fields paginate exhaustively (0.247875ms)
ℹ tests 17
ℹ suites 0
ℹ pass 17
ℹ fail 0
ℹ cancelled 0
ℹ skipped 0
ℹ todo 0
ℹ duration_ms 200.541709
✔ heal-entry-markers.planStageHeal and lib safeBackfillTs agree on the hole ts (2.686792ms)
✔ reconcile backfill stamps the same ts heal-entry-markers would compute for the hole (1.731125ms)
ℹ tests 2
ℹ suites 0
ℹ pass 2
ℹ fail 0
ℹ cancelled 0
ℹ skipped 0
ℹ todo 0
ℹ duration_ms 162.081417
✔ entry and timing history queries preserve both independent C1 8x8 projections (0.862209ms)
✔ every non-self executable edge is accepted by entry history (0.333791ms)
✔ history-only edges remain distinct and never authorize executable movement (0.143375ms)
✔ Shelve from Ready for Planning is sanctioned timing history without widening action scope (0.626334ms)
✔ action policy returns frozen allowed, refused, unknown, and bootstrap outcomes (0.468042ms)
✔ action descriptors preserve home states, delegation, demote, Shelve/Park, and refine policy (0.303083ms)
✔ compatibility exports are derived from canonical history and action policy (0.219917ms)
✔ history and action policy keep a sibling-only package dependency boundary (4.739375ms)
✔ migrated consumers import lifecycle policy rather than owning action/history tables (1.372875ms)
ℹ tests 9
ℹ suites 0
ℹ pass 9
ℹ fail 0
ℹ cancelled 0
ℹ skipped 0
ℹ todo 0
ℹ duration_ms 179.620708
✔ typed burn and receipt pin the issue, grant, operation, SHA, refs, and burn OID (4.285083ms)
✔ journal projection refuses changed burn, duplicate grant owner, and incomplete history (0.636791ms)
✔ first close burns once, publishes one exact receipt, and completes before Done (1.940042ms)
✔ without-barrier revision observed after CAS prevents receipt publication and Done (0.610667ms)
✔ without-barrier revision during receipt POST leaves journal incomplete and blocks Done (1.211042ms)
✔ exact completed retry reuses receipt after expiry without another live grant (2.142166ms)
✔ revocation before first burn and different issue or operation cannot consume authority (1.455875ms)
✔ uncertain publication is read back; a competing host cannot post again (2.377416ms)
✔ tampered receipt and incomplete journal refuse historical retry (4.321167ms)
✔ Close accepts only a completed exact local receipt and discloses its distinct result (2.633208ms)
ℹ tests 10
ℹ suites 0
ℹ pass 10
ℹ fail 0
ℹ cancelled 0
ℹ skipped 0
ℹ todo 0
ℹ duration_ms 192.152917
[move-state:warn] #759: transition commit provenance missing: Cannot read properties of undefined (reading 'repo')
✔ #741: an unconfirmed Status write never reaches the sentinel (0.882125ms)
✔ #752: a killed post-commit tail after the board write reports success (0.519042ms)
✔ #752: a sentinel-present failure classifies as complete, never a failure (0.195333ms)
✔ #753: replay of a complete move reconciles the tail but rewrites nothing (0.126833ms)
✔ §9: formatMoveReadout emits the exact success block (0.183042ms)
✔ §9: an idempotent replay is labelled in the readout header (0.092208ms)
✔ §12: formatMoveError emits the status-phase failure block (sentinel absent) (0.076ms)
✔ §12: a sentinel-present failure renders the reconcile block (0.085792ms)
ℹ tests 8
ℹ suites 0
ℹ pass 8
ℹ fail 0
ℹ cancelled 0
ℹ skipped 0
ℹ todo 0
ℹ duration_ms 148.9435
[move-state:warn] #741: transition commit provenance missing: Cannot read properties of undefined (reading 'repo')
⛔ #741 → test: board confirmed at target but aitm-last-known-state marker reads "develop". Board/marker consistency post-condition FAILED.
[move-state:warn] #741: transition commit provenance missing: Cannot read properties of undefined (reading 'repo')
✔ AC1: a failed board write rolls the marker back to the prior stage and stays loud (1.190125ms)
✔ AC3: rollback restores aitm-last-known-state to priorState (real code) (26.9475ms)
✔ AC3: rollback is a no-op when the marker already reads priorState (0.224375ms)
✔ AC2: success path runs the board==marker consistency assertion (0.64225ms)
✔ AC2: a board/marker mismatch on success fails closed and never runs the tail (0.135292ms)
✔ AC2: assertBoardMarkerConsistent reports consistent iff marker == expected (real code) (0.206166ms)
✔ AC4: with no priorState (undefined stamp result) the #741 branches stay dormant (0.148625ms)
✔ AC4: with no priorState a failed board write does NOT attempt a rollback (0.120875ms)
ℹ tests 8
ℹ suites 0
ℹ pass 8
ℹ fail 0
ℹ cancelled 0
ℹ skipped 0
ℹ todo 0
ℹ duration_ms 175.343333
[move-state:warn] #999: transition commit provenance missing: github unavailable
✔ moveState runs guard → rows → markers → status → sentinel → commit → tail (1.188ms)
✔ atomic core order: rows + markers land before Status, sentinel before tail (0.1545ms)
✔ transition commit failure warns without failing a confirmed move (0.59075ms)
✔ moveState fails closed when the sentinel does not verify (0.161209ms)
✔ moveState halts on guard refusal and never writes status (0.108834ms)
✔ moveState prefers the public pre-evaluated guard over the legacy test seam (0.140125ms)

⛔ Refusing to move #1462 to test:
   BLOCKED: contiguity-hole — missing prior-stage entry marker(s): aitm-entered-backlog, aitm-entered-refine, aitm-entered-plan, aitm-entered-develop. The board shows develop but the body never recorded entry into: backlog, refine, plan, develop

A forward move may not enter a new stage while an earlier stage in the chain is unrecorded.
Recovery:
   • Run `/task reconcile backfill 1462` to fill the missing entry marker(s) if the stage(s) genuinely ran, then retry.
   • Only if the board and recorded body state have actually drifted (not merely a missing historical marker), run `/task reconcile accept-live 1462` instead.

✔ pre-mutation guard consumes the locked snapshot body without a second issue fetch (2217.658792ms)
✔ pre-mutation boundary reloads policy only after a waivable guard refusal (48.989916ms)
✔ Plan → Develop exposes the exact successful guard decision for durable authority (22.071667ms)
✔ Plan → Develop verifies authority after replay probe and before mutation (0.313792ms)
✔ Plan → Develop authority failure is fail-closed before every mutation (0.179125ms)
✔ Plan → Develop scope drift after authority write fails before lifecycle mutation (0.217125ms)
✔ Plan → Develop scope drift at entry stamping returns the typed authority refusal (0.268834ms)
✔ moveState halts on status exit and never runs tail (0.100667ms)
✔ AC5: a throwing tail step is logged and never fails-reports or reverts the move (0.320166ms)
ℹ tests 15
ℹ suites 0
ℹ pass 15
ℹ fail 0
ℹ cancelled 0
ℹ skipped 0
ℹ todo 0
ℹ duration_ms 2433.046292
✔ re-run of a complete move is a no-op (no rows/markers/status/sentinel rewrite) (1.204667ms)
✔ partial move (sentinel absent) rolls forward through the saga (0.153917ms)
✔ same-target replay repairs a post-Status partial move with the existing transition ID (0.116875ms)
✔ same-target replay without a recoverable partial move remains a strict no-op (0.321292ms)
✔ production completion probe recovers only the latest fully-evidenced entry identity (92.414333ms)
✔ production completion probe recovers a demotion with target-bound timing evidence (62.173375ms)
ℹ tests 6
ℹ suites 0
ℹ pass 6
ℹ fail 0
ℹ cancelled 0
ℹ skipped 0
ℹ todo 0
ℹ duration_ms 308.28375
⛔ #999 → test: board moved but aitm-move-complete sentinel did NOT confirm on re-read. Move is NOT stamped complete; re-run to converge.
✔ sentinel is written and re-read-verified as target (2.480875ms)
✔ SKIP_NETWORK short-circuits: no body write, reported verified (0.100334ms)
✔ sentinel verify fails closed when the verified body does not show target (0.435083ms)
ℹ tests 3
ℹ suites 0
ℹ pass 3
ℹ fail 0
ℹ cancelled 0
ℹ skipped 0
ℹ todo 0
ℹ duration_ms 149.195583
✔ task-owner exposes issue, project, and session scopes (0.837084ms)
✔ background-convergence exposes only issue and project scopes (0.089959ms)
✔ task-owner preserves the exact legacy tail (0.095459ms)
✔ background convergence excludes every session effect (0.070583ms)
✔ task-owner is the default profile (0.080334ms)
✔ every falsy profile except undefined fails closed (0.330583ms)
✔ non-string profiles fail closed even when string coercion names a known profile (0.103209ms)
✔ unknown profiles fail closed (0.11275ms)
✔ moveState refuses an unknown profile before any saga effect (0.342ms)
✔ moveState refuses an unsupported review authority before any saga effect (0.182709ms)
✔ runMoveStateHost refuses an unknown profile before argv policy (25.9215ms)
✔ runMoveStateHost refuses an unsupported review authority before argv policy (26.279ms)
✔ runMoveStateInProcess forwards typed profile and review authority without argv flags (0.883541ms)
✔ runMoveStateInProcess preserves task-owner and null authority defaults (0.218375ms)
ℹ tests 14
ℹ suites 0
ℹ pass 14
ℹ fail 0
ℹ cancelled 0
ℹ skipped 0
ℹ todo 0
ℹ duration_ms 215.980125
✔ buildCloseGatesDeps: move to done, linked worktree → resolveTrunkRef yields origin/trunk (0.674291ms)
✔ buildCloseGatesDeps: move to done, main worktree → resolveTrunkRef yields local trunk (0.133083ms)
✔ buildCloseGatesDeps: linked worktree, explicit cfg.trunkRef still wins (0.083833ms)
✔ buildCloseGatesDeps: move that is not → done → no override (undefined) (0.065291ms)
✔ buildCloseGatesDeps: pexec failure (not a git repo) → treated as main worktree, does not throw (0.103709ms)
ℹ tests 5
ℹ suites 0
ℹ pass 5
ℹ fail 0
ℹ cancelled 0
ℹ skipped 0
ℹ todo 0
ℹ duration_ms 168.959667
✔ refinement snapshot records and validates current scope, AC, fields, dependencies, labels, and provenance (5.142625ms)
✔ refinement snapshot fails closed when refinement inputs or labels become stale (0.326875ms)
✔ refinement snapshot schema 3 excludes legacy blocker carriers from authority (0.243792ms)
✔ the Refine success hook may remove transient rationale without invalidating the durable snapshot (0.361375ms)
✔ refinement snapshot refuses incomplete refinement evidence (0.414917ms)
✔ Refine exit guard requires a current snapshot and allows owner-optional R4P parking (0.828791ms)
✔ Refine exit guard refuses body snapshot fields that disagree with the live board (0.312583ms)
✔ Refine exit guard refuses a missing live Rank instead of coercing it to rank zero (0.194417ms)
✔ runRefine stamps the snapshot from the final body and exact live labels (34.241083ms)
✔ runRefine refuses R4P and later states before changing fields or body (0.33375ms)
✔ cancel-plan is the sole governed Plan to R4P one-edge action (0.206792ms)
✔ cancel-plan clears Plan-only artifacts while preserving refinement evidence and fields (1.730208ms)
✔ cancel-plan refuses a stale refinement snapshot before any mutation (0.47425ms)
✔ cancel-plan restores Refine fields after legitimate Plan re-estimation drift (0.465416ms)
✔ cancel-plan still refuses non-estimation refinement field drift (0.15825ms)
✔ cancel-plan refuses concurrent configured-project field drift before any artifact mutation (0.180583ms)
✔ cancel-plan refuses a missing live Rank instead of coercing it to rank zero (0.852583ms)
✔ cancel-plan remains a hub-only handler with no direct executable entrypoint (0.092833ms)
✔ cancel-plan restores original Plan artifacts without clobbering concurrent body edits (0.6545ms)
✔ cancel-plan reconciles a thrown mover and restores Plan artifacts when Status stayed Plan (0.412041ms)
✔ successful cancellation removes the old Planned Estimate appendix (0.291ms)
✔ early Plan cancellation succeeds when no Planned Estimate appendix exists yet (0.341416ms)
✔ Plan cancellation succeeds when best-effort Refine estimate comment posting failed (0.250208ms)
✔ cancel-plan refuses before body mutation when Planned Estimate read-back is stale (25.399375ms)
✔ cancel-plan accepts a nonzero delegate when live Status reached R4P (0.437708ms)
✔ cancel-plan refuses every source except Plan without writing (0.099917ms)
ℹ tests 26
ℹ suites 0
ℹ pass 26
ℹ fail 0
ℹ cancelled 0
ℹ skipped 0
ℹ todo 0
ℹ duration_ms 254.051834
✔ no-drift + cache absent → seeds cache and returns cache-seeded (3.376833ms)
✔ no-drift + cache present → returns no-drift-refused (existing behavior preserved) (1.4805ms)
ℹ tests 2
ℹ suites 0
ℹ pass 2
ℹ fail 0
ℹ cancelled 0
ℹ skipped 0
ℹ todo 0
ℹ duration_ms 179.84
✓ #91016 reconciled (revert-to-sentinel): develop → plan
✔ #1016 restores board=recorded drift to the saga-verified sentinel (3.662208ms)
✔ #1016 missing sentinel refuses before any write (0.154792ms)
✔ #1016 unknown sentinel state refuses before any write (0.104125ms)
✔ #1016 aligned board and sentinel is a no-drift refusal (0.107083ms)
✔ #1016 failed sentinel Status write leaves body and cache untouched (0.100584ms)
✔ #1016 body-write exhaustion is a nonzero partial-recovery result (0.27425ms)
✔ #1016 partial board success can retry marker repair without another Status write (0.294375ms)
✔ #1016 closure-based state repair preserves a concurrent body edit (0.129875ms)
✔ #1016 fresh-body sentinel mismatch fails instead of overwriting provenance (0.149667ms)
✔ #1016 default adapter selects the sentinel option and confirmed Status-only seam (0.161875ms)
✔ #1016 public reconcile help lists the accepted sentinel mode (0.109125ms)
✔ #1016 invariant diagnostic recommends a mode the public verb accepts (30.048917ms)
ℹ tests 12
ℹ suites 0
ℹ pass 12
ℹ fail 0
ℹ cancelled 0
ℹ skipped 0
ℹ todo 0
ℹ duration_ms 203.252292
✔ scripts/tests/unit/task-tracker/lib/refine-tbd-placeholder.test.mjs (422.200167ms)
ℹ tests 1
ℹ suites 0
ℹ pass 1
ℹ fail 0
ℹ cancelled 0
ℹ skipped 0
ℹ todo 0
ℹ duration_ms 428.028416
✔ fresh current body, not the caller snapshot, is scanned when no normalization is pending (2.310209ms)
✔ failed current-body read refuses instead of returning the stale caller snapshot (0.875083ms)
✔ missing complete evaluator cannot enter the old derive-before-readiness path (0.122292ms)
✔ missing execution HEAD refuses instead of stamping unknown provenance (0.103875ms)
✔ both execution HEAD reads use the authoritative project directory (2.55125ms)
✔ an absent authoritative directory refuses before any HEAD read (1.544208ms)
ℹ tests 6
ℹ suites 0
ℹ pass 6
ℹ fail 0
ℹ cancelled 0
ℹ skipped 0
ℹ todo 0
ℹ duration_ms 761.652167
✔ Review probe policy rejects standard full commands and semantic aliases (11.839625ms)
✔ Review probe policy allows a focused test command (1.032042ms)
✔ Review probe policy allows exact-file read-only lint and format probes (0.171625ms)
✔ #1458 — targeted probe execution remains command policy, not a resident action (0.180334ms)
✔ Review probe mode validates the complete request before executing any command (4.944417ms)
✔ Review probe mode rejects a non-allowlisted command before execution or persistence (0.676417ms)
ℹ tests 6
ℹ suites 0
ℹ pass 6
ℹ fail 0
ℹ cancelled 0
ℹ skipped 0
ℹ todo 0
ℹ duration_ms 755.653958
✔ Review validates a Test receipt and seeds standard results without spawning commands (7.463667ms)
✔ Review refuses a Test receipt after live Verification Commands change (14.765459ms)
✔ Review seeds targeted commands only when the Test receipt recorded them (0.531458ms)
✔ Review fails closed on SHA drift (0.565083ms)
✔ Review fails closed on config drift (1.437958ms)
✔ Review fails closed on lockfile drift (0.647292ms)
✔ Review fails closed when a required complete lane is absent (0.413792ms)
✔ receipt refusal uses the audited Test-to-Develop rework path (0.592417ms)
✔ Review fails closed when HEAD cannot be resolved for a v1 receipt (0.329417ms)
✔ Review and its Test-exit guard reject a malformed v1 marker instead of falling back (1.001958ms)
✔ Review retains marker-only compatibility when no v1 receipt exists (0.12725ms)
✔ a reviewer probe appends separate review evidence without mutating the Test receipt (0.915458ms)
✔ a reviewer probe drops prior Review evidence from a different fingerprint (0.798917ms)
✔ Review probe mode executes an allowlisted command and persists read-back evidence (1.575459ms)
✔ Review probe mode persists a red probe and returns failure (1.0015ms)
✔ Review probe parser accepts repeatable quoted values and rejects a missing value (0.697667ms)
ℹ tests 16
ℹ suites 0
ℹ pass 16
ℹ fail 0
ℹ cancelled 0
ℹ skipped 0
ℹ todo 0
ℹ duration_ms 540.003875
✔ s.active === target: C6 no longer calls flushActiveToGH (deferral seam removed) (49.856042ms)
✔ a paused binding opens a timing segment before automated Review work (147.7925ms)
✔ review handoff policy pauses only when human approval is required (0.241459ms)
✔ s.active === target: safePostTiming NOT called before SKIP_NETWORK block (32.774541ms)
✔ hasAgentTiming branch: safePostTiming NOT called before SKIP_NETWORK block (38.026666ms)
✔ else branch: safePostTiming NOT called before SKIP_NETWORK block (33.559459ms)
✔ gate-failure timeline: the only timing row is review:failed (0.686167ms)
✔ gate-failure timeline: the marker stamp precedes the review:failed row (0.118625ms)
✔ gate-failure timeline: no state-change row is emitted at all (D2) (0.1015ms)
✔ gate-failure timeline: no demote is driven, with or without extraArgs (D3) (0.188292ms)
✔ gate-failure timeline: a mutate throw is best-effort and does not lose the row (0.145167ms)
✔ gate-pass timeline: the only timing row is review:passed (0.0955ms)
✔ #1458 — resident pass prepares durable evidence before the pass callback (0.915958ms)
✔ gate-pass timeline: the row description records the validator set and result=pass (0.099917ms)
✔ gate-pass timeline: an empty validator set is recorded as "none", still result=pass (0.073208ms)
✔ gate-pass timeline: no failure or state-change row leaks from the pass path (0.058375ms)
ℹ tests 16
ℹ suites 0
ℹ pass 16
ℹ fail 0
ℹ cancelled 0
ℹ skipped 0
ℹ todo 0
ℹ duration_ms 609.306042
✔ Shelve policy is legal only from Refine or Ready for Planning (0.499ms)
✔ immutable refinement history captures required pre-invalidation provenance (3.200291ms)
✔ history append is deterministic, tamper-evident, and never rewrites prior records (3.505166ms)
✔ Shelve invalidation clears active fields and derived evidence while preserving story text (3.067584ms)
✔ Shelve preserves every supported immutable R4P entry-marker grammar (0.236917ms)
✔ Shelve does not mutate labels because labels remain classification evidence (0.070834ms)
ℹ tests 6
ℹ suites 0
ℹ pass 6
ℹ fail 0
ℹ cancelled 0
ℹ skipped 0
ℹ todo 0
ℹ duration_ms 522.139833
✔ the production lifecycle keeps eight states and canonically names Ready for Planning (0.806583ms)
✔ the factory machine projects navigation only through lifecycle policy (0.118541ms)
✔ the baseline names the canonical eight states in production order (0.064083ms)
✔ all three lifecycle projections explicitly cover all 64 ordered pairs (0.121583ms)
✔ the executable matrix matches pre-refactor transition validation for every pair (0.3355ms)
✔ the entry-history matrix matches the current marker-history edge set (0.100459ms)
✔ the timing-history matrix matches the current strict timing walk (2.394959ms)
✔ same-state requests are executable no-ops but remain valid history rows (0.088625ms)
✔ reverse and history-only distinctions remain explicit (0.093167ms)
✔ action eligibility and delegation match current verb exports (0.131125ms)
✔ refine entry and self-run policy match injected production behavior (2.343375ms)
[task-tracker] WARN: required project field "Start Time" (cfg.fieldStartTime) is not configured — board stamp skipped. Re-run `scripts/gh/init-project-config.sh` to discover and persist field ids.
✔ bootstrap policy resolves live state and refuses a missing board item (65.443709ms)
ℹ tests 12
ℹ suites 0
ℹ pass 12
ℹ fail 0
ℹ cancelled 0
ℹ skipped 0
ℹ todo 0
ℹ duration_ms 331.576041
✔ terminal disposition predicate recognizes only terminal values (0.461125ms)
✔ terminal helper writes the selected Disposition to the issue project item (0.708083ms)
✔ terminal helper fails loud for missing field, project item, or option (0.395792ms)
✔ terminal Done helper writes the configured Status option without option discovery (0.240792ms)
✔ terminal Done helper surfaces every best-effort dependent reconciliation error (0.148875ms)
✔ close-as retains the board item and writes matching terminal values (0.65575ms)
✔ close-as reports sequence-significant timing rows retained for retry (1.38675ms)
✔ supersede writes Replaced before its marker, Done bypass, and close (0.234333ms)
✔ verified close declares a Delivered write before the terminal board move (0.398416ms)
ℹ tests 9
ℹ suites 0
ℹ pass 9
ℹ fail 0
ℹ cancelled 0
ℹ skipped 0
ℹ todo 0
ℹ duration_ms 156.737209
test-sha-drift-gate: PASS
✔ scripts/tests/unit/task-tracker/lib/test-sha-drift-gate.test.mjs (155.6445ms)
ℹ tests 1
ℹ suites 0
ℹ pass 1
ℹ fail 0
ℹ cancelled 0
ℹ skipped 0
ℹ todo 0
ℹ duration_ms 161.392041
test-verb-injection.test.mjs: all passed
✔ scripts/tests/unit/task-tracker/lib/test-verb-injection.test.mjs (2354.22475ms)
ℹ tests 1
ℹ suites 0
ℹ pass 1
ℹ fail 0
ℹ cancelled 0
ℹ skipped 0
ℹ todo 0
ℹ duration_ms 2359.076834
✔ /task test audits a stale Develop-final receipt before one replacement finalization (32.016667ms)
✔ /task test audits every Develop-final reuse refusal family before one new finalization (1.985416ms)
ℹ tests 2
ℹ suites 0
ℹ pass 2
ℹ fail 0
ℹ cancelled 0
ℹ skipped 0
ℹ todo 0
ℹ duration_ms 192.047875
✔ retires stale claimed Test evidence before finalization or worktree creation (33.888333ms)
✔ retires stale claimed Test evidence from Develop before replacement verification (12.02475ms)
✔ stops all execution when receipt retirement fails (1.858833ms)
✔ refuses malformed claimed Test evidence before execution (0.301584ms)
✔ refuses malformed generic receipt claims before execution (0.206708ms)
✔ refuses live command drift introduced by the fresh evidence mutation (10.245959ms)
✔ reports invalid fresh-base command authority without throwing (9.774792ms)
✔ refuses command drift reported by the persisted write response (9.354542ms)
✔ fresh entry is rechecked after stale retirement before finalization (10.519375ms)
✔ a new entry blocker after retirement prevents finalization and sandbox effects (0.649333ms)
✔ an independent initial entry blocker leaves the stale receipt and execution untouched (0.272458ms)
ℹ tests 11
ℹ suites 0
ℹ pass 11
ℹ fail 0
ℹ cancelled 0
ℹ skipped 0
ℹ todo 0
ℹ duration_ms 237.311458
✔ partitionVerificationCommands reuses lint/format and plans all complete lanes once (0.990208ms)
✔ /task test finalizes Develop, reads back evidence, reuses it, and emits Test receipt (22.662167ms)
✔ /task test reuses a valid Develop-final receipt when retrying unchanged SHA (19.343584ms)
✔ /task test records invalid finalization and never creates a sandbox (37.823375ms)
✔ /task test does not rerun a valid exact-SHA Test receipt without --force (0.939541ms)
✔ /task test reruns when live Verification Commands add a command (1.1475ms)
✔ /task test does not rerun a valid docs-only lane-skip receipt without --force (0.856833ms)
✔ /task test audits --force before rerunning a valid exact-SHA Test receipt (16.252208ms)
✔ /task test refuses when the completed sandbox fingerprint is dirty (0.815542ms)
ℹ tests 9
ℹ suites 0
ℹ pass 9
ℹ fail 0
ℹ cancelled 0
ℹ skipped 0
ℹ todo 0
ℹ duration_ms 272.098417
✔ verbTest: no-vc body returns no-vc status (does not create worktree) (3.366333ms)
✔ verbTest: detects lifecycle pretick → un-ticks, writes body, posts regression comment (#139) (5.267458ms)
✔ verbTest: no pretick → no regression comment posted (#139) (10.314875ms)
✔ verbTest #937: Test becomes current before sandbox proof is stamped (1.070209ms)
✔ verbTest #406: sandbox green but moveState refuses → status move-failed, no passed banner (0.979083ms)
✔ verbTest #444: benign test→test self-loop → status reverified (in-place re-verify) (1.212542ms)
✔ verbTest #406: structured ok:true move → status passed (0.740792ms)
✔ verbTest #406: legacy stub moveState returning undefined still reports passed (0.78325ms)
✔ #1015 successful Test entry posts the New Automated Tests report (1.164083ms)
✔ #1015 Test self-loop runs the idempotent New Automated Tests poster (1.260709ms)
✔ #1015 New Automated Tests post failure does not reverse a successful Test entry (0.87725ms)
✔ #1015 refused Test move does not post New Automated Tests (0.393084ms)
✔ #1015 successful move attempts New Automated Tests before a result-comment failure (1.348792ms)
✔ #1015 successful move attempts New Automated Tests before a timing-log failure (0.745292ms)
✔ verbTest: sandbox isolation — locally-passing env-dependent command fails in sandbox (0.496166ms)
ℹ tests 15
ℹ suites 0
ℹ pass 15
ℹ fail 0
ℹ cancelled 0
ℹ skipped 0
ℹ todo 0
ℹ duration_ms 189.765416
test-verb-retry.test.mjs: all tests registered
✔ retry-then-succeed: transient npm ci failure is retried, run reaches Test (15.154542ms)
✔ real-red first occurrence: a genuine verification red rolls back without retry (2.266083ms)
✔ durable diagnostics: exhausted setup retries record step + exit + stderr tail and re-throw (1.347125ms)
ℹ tests 3
ℹ suites 0
ℹ pass 3
ℹ fail 0
ℹ cancelled 0
ℹ skipped 0
ℹ todo 0
ℹ duration_ms 170.571458
✔ buildPassedMessage: develop→test promotion success message names "Test", not "Review" (0.555083ms)
✔ buildReverifiedMessage #444: in-place re-verify banner is loud and does not claim a move (0.085292ms)
✔ verbTest #1218: invalid provider refuses before sandbox setup or state movement (2.094667ms)
✔ parseVerificationCommands: extracts VC checkboxes only, in order (0.281459ms)
✔ verbTest #1412: crash recovery runs before the current sandbox is created (14.447208ms)
✔ verbTest: green path stamps marker, posts success comment, moves develop→test, logs time (2.762041ms)
✔ verbTest #937: red source result enters Test then explicitly demotes without a DoD marker (0.960709ms)
✔ verbTest: worktree cleanup runs even when sandbox exec throws (0.870458ms)
✔ verbTest #937: sandbox-setup crash stays in Test and posts test-aborted audit (0.748542ms)
✔ verbTest #937: sandbox-exec crash stays in Test without demotion (0.605459ms)
ℹ tests 10
ℹ suites 0
ℹ pass 10
ℹ fail 0
ℹ cancelled 0
ℹ skipped 0
ℹ todo 0
ℹ duration_ms 188.246625
✔ #1110 reproduces the exact Review refusal after Test SHA drift (10.094125ms)
✔ #1110 documents parent sync before Test and re-Test after any later HEAD move (1.008084ms)
ℹ tests 2
ℹ suites 0
ℹ pass 2
ℹ fail 0
ℹ cancelled 0
ℹ skipped 0
ℹ todo 0
ℹ duration_ms 447.232792
✔ retires only the exact stage and receipt identity (3.648ms)
✔ is idempotent when the exact identity is already absent (0.727792ms)
✔ fails closed on wrong issue, duplicate target, malformed claim, and missing identity (0.678208ms)
✔ governed retirement mutates a fresh base and verifies write plus fresh read-back (0.438833ms)
✔ governed retirement refuses failed writes and either read-back retaining the target (0.526708ms)
✔ stale projection removes only one exact Test claim and keeps other evidence (0.435791ms)
✔ current and absent Test receipts are retained without eligibility (0.224291ms)
✔ stale projection refuses malformed foreign ambiguous and missing authority (0.84025ms)
✔ stale retirement refuses fresh-base eligibility drift before writing (0.550667ms)
ℹ tests 9
ℹ suites 0
ℹ pass 9
ℹ fail 0
ℹ cancelled 0
ℹ skipped 0
ℹ todo 0
ℹ duration_ms 89.58225
✔ ac-stamp seam: a cited AC resolves to its literal verifier command (AC3) (2.156083ms)
✔ ac-stamp seam: stamping a cited AC writes a readable evidence proof (AC3) (0.861292ms)
✔ ac-stamp seam: cited stamp reconciliation is idempotent for an already-listed command (AC3) (0.489667ms)
✔ ac-stamp seam: cited and legacy ACs share one key and both stamp readable proofs (AC3/AC5) (0.506541ms)
✔ verbAcStamp is exported as an async function (0.06875ms)
ℹ tests 5
ℹ suites 0
ℹ pass 5
ℹ fail 0
ℹ cancelled 0
ℹ skipped 0
ℹ todo 0
ℹ duration_ms 88.12425
{
  "status": "clean"
}
✔ action-ledger parses audit, gc, and approved reconcile modes (0.75375ms)
✔ verb routes one selected mode through its runtime (0.438375ms)
ℹ tests 2
ℹ suites 0
ℹ pass 2
ℹ fail 0
ℹ cancelled 0
ℹ skipped 0
ℹ todo 0
ℹ duration_ms 77.251709
approve: lifecycle-tick-noop: 'passed-final-review' label not matched — body may use legacy heading or customized DoD
approve: lifecycle-tick-noop: 'passed-final-review' label not matched — body may use legacy heading or customized DoD
approve: lifecycle-tick-noop: 'passed-final-review' label not matched — body may use legacy heading or customized DoD
approve: lifecycle-tick-noop: 'passed-final-review' label not matched — body may use legacy heading or customized DoD
approve: lifecycle-tick-noop: 'passed-final-review' label not matched — body may use legacy heading or customized DoD
✔ scripts/tests/unit/task-tracker/verbs/approve-core.test.mjs (931.073083ms)
ℹ tests 1
ℹ suites 0
ℹ pass 1
ℹ fail 0
ℹ cancelled 0
ℹ skipped 0
ℹ todo 0
ℹ duration_ms 936.780416
approve: lifecycle-tick-noop: 'passed-final-review' label not matched — body may use legacy heading or customized DoD
approve: lifecycle-tick-noop: 'passed-final-review' label not matched — body may use legacy heading or customized DoD
approve: lifecycle-tick-noop: 'passed-final-review' label not matched — body may use legacy heading or customized DoD
approve: lifecycle-tick-noop: 'passed-final-review' label not matched — body may use legacy heading or customized DoD
✔ scripts/tests/unit/task-tracker/verbs/approve-full-auto-detect.test.mjs (953.719625ms)
ℹ tests 1
ℹ suites 0
ℹ pass 1
ℹ fail 0
ℹ cancelled 0
ℹ skipped 0
ℹ todo 0
ℹ duration_ms 959.475792
⚠ approve: review-notes post failed: network down
✔ runApprove in human mode posts notes with human source from stdin drivers (5.946875ms)
✔ runApprove in full-auto mode posts notes with auto source and derived drivers (2.083417ms)
✔ runApprove in human mode skips notes comment when no drivers entered (0.717541ms)
✔ runApprove still ticks lifecycle even if notes-post fails (1.001041ms)
ℹ tests 4
ℹ suites 0
ℹ pass 4
ℹ fail 0
ℹ cancelled 0
ℹ skipped 0
ℹ todo 0
ℹ duration_ms 138.085375
✔ exports the marker-authorized approval timing capabilities (0.516542ms)
✔ #1127 marker-authorized boundary is inserted at approval and deduplicated (17.488292ms)
✔ marker-authorized boundary ignores fenced approval lookalikes (0.371375ms)
✔ legacy colon approval marker remains valid reconciliation authority (0.160083ms)
✔ #1127 delayed close cannot inflate Review or published active totals (1.749833ms)
✔ legacy repair uses the last marker at approval, not a later close marker (1.050792ms)
✔ legacy repair preserves an explicit unavailable full marker at approval (0.56925ms)
✔ legacy repair treats an empty historical full-marker cell as unavailable (0.662042ms)
✔ post-close retry cannot duplicate the same authoritative approval event (0.908083ms)
✔ runApprove reconciles timing after first approval and on an already-approved retry (7.866791ms)
✔ runApprove refreshes stale Full-Auto approval carriers after lifecycle invalidation (2.322083ms)
✔ runApprove removes a legacy unbounded Full-Auto footnote during stale re-approval (2.824084ms)
ℹ tests 12
ℹ suites 0
ℹ pass 12
ℹ fail 0
ℹ cancelled 0
ℹ skipped 0
ℹ todo 0
ℹ duration_ms 174.644834
✔ assign claims an unassigned pre-Develop story without changing Status (2.072625ms)
✔ assign transfers a locally-owned story to one different owner while preserving Status (0.181542ms)
✔ assign refuses foreign and multiple ownership before mutation (0.230625ms)
✔ assign treats a thrown add with a matching read-back as ambiguous and never compensates (0.713958ms)
✔ assign never destructively compensates a successful but provenance-ambiguous add (0.187375ms)
✔ transfer does not destructively compensate after the prior owner was removed (0.139708ms)
✔ assign never mutates when the durable audit reservation fails (0.31875ms)
✔ assign is idempotent for the requested singleton owner (0.122708ms)
✔ assign retries a pending completion audit without repeating ownership mutation (0.379125ms)
✔ assign reports audit-pending after verified mutation when completion write fails (0.199583ms)
✔ transfer retry repairs completion audit from the original owner workstation (0.281292ms)
✔ audit retry correlates by transaction id instead of suppressing a newer identical intent (0.138459ms)
✔ transfer retry never completes a pending transaction for a different requested target (0.089583ms)
✔ ownership verb refusals give the operator a concrete recovery action (0.36075ms)
✔ Done preserves final ownership and refuses transfer (0.064292ms)
ℹ tests 15
ℹ suites 0
ℹ pass 15
ℹ fail 0
ℹ cancelled 0
ℹ skipped 0
ℹ todo 0
ℹ duration_ms 170.217583
[task-tracker] ✓ #20 blocked by #12
[task-tracker] ✓ #20 blocked by #4
[task-tracker] ✓ #20 native blockers already converged
[task-tracker] ✓ #20 native blockers already converged
[task-tracker] ✓ #20 removed native blockers #9
[task-tracker] ✓ #20 removed native blockers #4, #9
[task-tracker] ✓ #20 has no matching native blockers to remove
[task-tracker] ✓ #20 removed native blockers #4
[task-tracker] ✓ #20 has no matching native blockers to remove
✔ parseByList and block arguments normalize valid issue refs and reject partial-invalid input (1.712208ms)
✔ unblock arguments distinguish subtract-some from clear-all (0.128583ms)
✔ block unions requested refs into the native set without duplicates (0.74025ms)
✔ block accepts existing closed issues because AITM Status decides readiness (0.116958ms)
✔ block is idempotent when every requested ref already exists but still projects (0.1205ms)
✔ block refuses self, invalid, and missing refs before graph mutation (0.218667ms)
✔ block retry converges after projection failed without duplicating graph edges or comments (0.182583ms)
✔ unblock subtracts only present requested refs and ignores absent refs (0.199709ms)
✔ unblock without --by clears the native set (0.14325ms)
✔ unblock repeat is idempotent and still projects (0.223292ms)
ℹ tests 10
ℹ suites 0
ℹ pass 10
ℹ fail 0
ℹ cancelled 0
ℹ skipped 0
ℹ todo 0
ℹ duration_ms 73.582458
✔ resolveBoardTarget: explicit #N wins over active issue (0.606666ms)
✔ resolveBoardTarget: falls back to the active issue (0.066916ms)
✔ resolveBoardTarget: null when neither is present (0.055958ms)
✔ verbBoard: prints "#N board Status: <state>" from the pinned reader (0.956625ms)
✔ verbBoard: reports not-on-board when the pinned reader returns null (0.21725ms)
✔ verbBoard: usage error and non-zero exit when no target resolvable (0.175458ms)
✔ evaluateGhProject: blocks `gh project item-list <n> --owner` (0.169291ms)
✔ evaluateGhProject: blocks other gh project forms (view, item-add) (0.078583ms)
✔ evaluateGhProject: a bare mention of "gh project" in prose does not trip (0.083625ms)
✔ evaluateGhProject: blocks a ProjectV2 query pinning a non-bound id (0.179958ms)
✔ evaluateGhProject: allows a ProjectV2 query pinning only the bound id (0.088334ms)
✔ evaluateGhProject: blocks a ProjectV2 query with no pinned id (client filter) (0.068459ms)
✔ evaluateGhProject: fails closed when boundProjectId is unreadable (null) (0.051708ms)
✔ evaluateGhProject: ignores non-project gh api graphql (issues, sub-issues) (0.045625ms)
✔ evaluateGhProject: ignores unrelated commands (0.065292ms)
ℹ tests 15
ℹ suites 0
ℹ pass 15
ℹ fail 0
ℹ cancelled 0
ℹ skipped 0
ℹ todo 0
ℹ duration_ms 69.032167
check-verb-migration.test.mjs: defined
[task-tracker] ✓ "already checked criterion" already checked on #777 (no-op)
[task-tracker] ✓ "already checked criterion" already checked on #777 (no-op)
✔ legacy `check` on an already-checked box does NOT uncheck (no toggle) (5.640584ms)
✔ legacy `check` emits a deprecation notice on stderr (1.614667ms)
✔ no instructional `task check "<label>"` toggle call site survives (937.794125ms)
✔ no "Toggle a checkbox" description survives (438.301834ms)
ℹ tests 4
ℹ suites 0
ℹ pass 4
ℹ fail 0
ℹ cancelled 0
ℹ skipped 0
ℹ todo 0
ℹ duration_ms 1495.437917
✔ prefix-collision: toggling the shorter label does not touch the longer line (1.299833ms)
✔ round-trip: toggling an exact-match unchecked line flips to [x] then back to [ ] (0.167625ms)
✔ regex metacharacters in the label are matched literally (0.109083ms)
✔ missing label returns not-found and does not throw (0.075625ms)
✔ batch: multi-label toggle accumulates in one body (0.616375ms)
✔ batch: mixed found / already-checked / not-found reported independently; not-found does not drop the batch (0.250583ms)
✔ batch: single label behaves like the legacy single-label toggle (0.122166ms)
✔ batch: empty label list is a no-op returning the body unchanged (0.06675ms)
✔ #411 bare visible label ticks a marker-bearing line (0.128ms)
✔ #411 full-line argument (label + markers) still ticks the line (backward compat) (0.190833ms)
✔ #411 marker-bearing line retains its trailing markers after toggle (0.089208ms)
✔ #411 ambiguous: two lines sharing a stripped label yield ambiguous and tick neither (0.14125ms)
✔ #411 batch reports ambiguous independently without dropping other labels (0.220958ms)
✔ reviewed option mixtures refuse before state, batch, or directory I/O (0.725292ms)
ℹ tests 14
ℹ suites 0
ℹ pass 14
ℹ fail 0
ℹ cancelled 0
ℹ skipped 0
ℹ todo 0
ℹ duration_ms 90.925667
✔ close exposes a fresh authority comparison for terminal effects (0.437125ms)
✔ a derived body marker alone does not invalidate a fresh close delivery gate (0.432125ms)
✔ revoked review authority refuses before a terminal close effect (0.3175ms)
✔ same intent ID with changed authorized bytes refuses before a terminal close effect (0.154875ms)
✔ changed PR head or delivery receipt refuses before a terminal close effect (0.365417ms)
ℹ tests 5
ℹ suites 0
ℹ pass 5
ℹ fail 0
ℹ cancelled 0
ℹ skipped 0
ℹ todo 0
ℹ duration_ms 157.462917
✔ shared close cleanup sweeps bindings before fleet deregistration and occupancy release (0.915209ms)
✔ binding cleanup is mandatory and prevents false close success (0.215125ms)
✔ Done, disposition, and convergence close lanes retain the shared cleanup boundary (0.991958ms)
ℹ tests 3
ℹ suites 0
ℹ pass 3
ℹ fail 0
ℹ cancelled 0
ℹ skipped 0
ℹ todo 0
ℹ duration_ms 151.368625
✔ close rejects an unavailable child inventory before a terminal effect (0.596083ms)
✔ close reports every child below Review and preserves Review/Done children (0.661542ms)
✔ close does not accept malformed child rows as an empty inventory (0.094833ms)
ℹ tests 3
ℹ suites 0
ℹ pass 3
ℹ fail 0
ℹ cancelled 0
ℹ skipped 0
ℹ todo 0
ℹ duration_ms 149.695625
close-converge-audit-emission.test.mjs: defined
✔ Case A — converge with approved body emits BOTH review:approved and issue:wrap (#801 AC1) (152.797167ms)
✔ Case B — converge with no approval marker WITHHOLDS review:approved, still emits issue:wrap (#801 AC2) (111.905833ms)
✔ Case C — converge is idempotent when the pair already exists (#801 AC3) (112.318583ms)
ℹ tests 3
ℹ suites 0
ℹ pass 3
ℹ fail 0
ℹ cancelled 0
ℹ skipped 0
ℹ todo 0
ℹ duration_ms 532.68175
#925 was already closed on GitHub — finalized housekeeping and converged the board to Done.
#925 was already closed on GitHub — finalized housekeeping and converged the board to Done.
#925 was already closed on GitHub — finalized housekeeping and converged the board to Done.
#925 was already closed on GitHub — finalized housekeeping and converged the board to Done.
[task-tracker] ⛔ Refusing to close #925: review-authorization-missing. Run `/task deliver` until a verified exact-head receipt exists, then retry.
#925 was already closed on GitHub — finalized housekeeping and converged the board to Done.
#925 was already closed on GitHub — finalized housekeeping and converged the board to Done.
#925 was already closed on GitHub — finalized housekeeping and converged the board to Done.
#925 was already closed on GitHub — finalized housekeeping and converged the board to Done.
#925 was already closed on GitHub — finalized housekeeping and converged the board to Done.
[task-tracker] ⛔ Refusing to close #925: directory-approval-evidence-missing. Run `/task deliver` until a verified exact-head receipt exists, then retry.
[task-tracker] ⛔ Refusing to close #925: directory-review-evidence-missing. Run `/task deliver` until a verified exact-head receipt exists, then retry.
[task-tracker] ⛔ Refusing to close #925: directory-review-evidence-missing. Run `/task deliver` until a verified exact-head receipt exists, then retry.
[task-tracker] ⛔ Refusing to close #925: directory-review-evidence-missing. Run `/task deliver` until a verified exact-head receipt exists, then retry.
#925 was already closed on GitHub — finalized housekeeping and converged the board to Done.
#925 recovery completed after posting the timing audit.
#925 recovery completed after posting the timing audit.
#925 closed-issue aberration failed at postTimingAudit: postTimingAudit returned a failed result. Local task state was retained for retry.
#925 closed-issue aberration failed at postTimingAudit: postTimingAudit returned a failed result. Local task state was retained for retry.
#925 closed-issue aberration failed at postTimingAudit: postTimingAudit returned a failed result. Local task state was retained for retry.
✔ finalize passes the configured tail profile and explicit review authority (42.412833ms)
✔ stale close approval refuses after fresh Test and Agent Review evidence (11.299584ms)
✔ #1403 close authorizes review against accepted delivery SHA after local HEAD advances (4.487416ms)
✔ close consumes marker-free exact-head directory human authority (5.235708ms)
✔ production close derives accepted head from marker-free directory Review evidence (4.620417ms)
✔ production close resolves directory authority from immutable Test SHA after local HEAD advances (3.590125ms)
✔ production close refuses directory Review without directory Approval despite body approval (2.586625ms)
✔ close fails closed for stale or malformed marker-free directory authority (10.60125ms)
✔ verb entry rejects a empty string tail profile before every observable effect (4.540625ms)
✔ verb entry rejects a null tail profile before every observable effect (3.591625ms)
✔ verb entry rejects a false tail profile before every observable effect (4.252375ms)
✔ verb entry rejects a zero tail profile before every observable effect (3.006292ms)
✔ verb entry rejects a negative zero tail profile before every observable effect (2.35925ms)
✔ verb entry rejects a zero bigint tail profile before every observable effect (1.971458ms)
✔ verb entry rejects a NaN tail profile before every observable effect (3.022042ms)
✔ verb entry rejects a object tail profile before every observable effect (2.988417ms)
✔ verb entry rejects a unknown string tail profile before every observable effect (3.815416ms)
✔ lifecycle reconcile delegates through the grouped issue-body mutator (4.186ms)
✔ transaction prefix does not satisfy exact timing transaction lookup (4.186916ms)
✔ incidental prose does not satisfy exact timing transaction lookup (3.442125ms)
✔ false timing audit fails and leaves durable recovery pending at Review (3.530834ms)
✔ failed timing audit fails and leaves durable recovery pending at Review (3.557917ms)
✔ queued timing audit fails and leaves durable recovery pending at Review (2.841292ms)
ℹ tests 23
ℹ suites 0
ℹ pass 23
ℹ fail 0
ℹ cancelled 0
ℹ skipped 0
ℹ todo 0
ℹ duration_ms 290.063792
#925 is closed for not_planned — left issue and board untouched.
#925 is closed and Done but its body could not be read for transaction inspection: transient body outage
No convergence mutation was attempted; retry later.
#925 recovery completed after reopening the issue, restoring the board to Review, and posting the timing audit.
#925 child inventory is unknown: GraphQL unavailable
No convergence mutation was attempted; retry later.
#925 recovery completed after posting the timing audit.
#925 recovery completed after restoring the board to Review and posting the timing audit.
#925 recovery completed without repeating live-state repair or timing effects.
#925 recovery completed after reopening the issue and posting the timing audit.
#925 recovery completed after reopening the issue and posting the timing audit.
#925 does not have a restartable Delivered close transaction: delivered-close-supersession:no-stale-transaction
No convergence mutation was attempted; retry later.
#925 stale Delivered close transaction could not be restarted: delivered-close-supersession:fresh-authority
No convergence mutation was attempted; retry later.
#925 stale Delivered close transaction could not be restarted: delivered-close-supersession:live-terminal-state
No convergence mutation was attempted; retry later.
#925 stale Delivered close transaction could not be restarted: delivered-close-supersession:live-terminal-state
No convergence mutation was attempted; retry later.
#925 stale Delivered close transaction could not be restarted: delivered-close-supersession:live-terminal-state
No convergence mutation was attempted; retry later.
#925 stale Delivered close transaction could not be restarted: delivered-close-supersession:live-terminal-state
No convergence mutation was attempted; retry later.
#925 stale Delivered close transaction could not be restarted: delivered-close-supersession:live-terminal-state
No convergence mutation was attempted; retry later.
#925 stale Delivered close transaction could not be restarted: delivered-close-supersession:live-terminal-state
No convergence mutation was attempted; retry later.
#925 stale Delivered close transaction could not be restarted: delivered-close-supersession:dirty-worktree
No convergence mutation was attempted; retry later.
#925 stale Delivered close transaction could not be restarted: delivered-close-supersession:terminal-prefix
No convergence mutation was attempted; retry later.
#925 stale Delivered close transaction could not be restarted: close-delivery-receipt:test-sha-mismatch
No convergence mutation was attempted; retry later.
#925 stale Delivered close transaction could not be restarted: list unavailable
No convergence mutation was attempted; retry later.
#925 stale Delivered close transaction could not be restarted: create unavailable
No convergence mutation was attempted; retry later.
#925 stale Delivered close transaction could not be restarted: read unavailable
No convergence mutation was attempted; retry later.
#925 stale Delivered close transaction could not be restarted: delivered-close-supersession:comment-readback
No convergence mutation was attempted; retry later.
#925 stale Delivered close transaction could not be restarted: delivered-close-supersession:body-write
No convergence mutation was attempted; retry later.
#925 stale Delivered close transaction could not be restarted: delivered-close-supersession:body-readback
No convergence mutation was attempted; retry later.
Closed #925.
#925 stale Delivered close transaction could not be restarted: delivered-close-supersession:duplicate-evidence
No convergence mutation was attempted; retry later.
Closed #925.
[task-tracker] ⛔ Refusing to close #925: delivered-close-transaction-accepted-sha-mismatch. Run `/task deliver` until a verified exact-head receipt exists, then retry.
#925 closed-issue aberration failed at writeRecoveryPhase:intent: recovery marker readback mismatch for transaction: expected e1dfadd4-92b9-42d0-ba30-c39875007278, got tx-stale. Local task state was retained for retry.
#925 closed-issue aberration failed at writeRecoveryPhase:intent: recovery marker readback mismatch for phase: expected intent, got reopened. Local task state was retained for retry.
#925 closed-issue aberration failed at writeRecoveryPhase:intent: recovery marker mutation failed for phase intent: expected status ok/no-op with verified body. Local task state was retained for retry.
#925 closed-issue aberration failed at writeRecoveryPhase:intent: recovery marker mutation failed for phase intent: expected status ok/no-op with verified body. Local task state was retained for retry.
#925 closed-issue aberration failed at writeRecoveryPhase:intent: issueBodyMutator.mutate capability is required for recovery persistence. Local task state was retained for retry.
#925 closed-issue finalize failed at emitClosePair: terminal timing issue:wrap was not durably posted: network down. Local task state was retained for retry.
[task-tracker] ⛔ Refusing to close #925: terminal timing issue:wrap was not durably posted: network down. Issue left OPEN; retry after timing evidence is reachable.
[task-tracker] ⛔ Refusing to close #925: close-delivery-receipt:input. Run `/task deliver` until a verified exact-head receipt exists, then retry.
[task-tracker] ⛔ Refusing to close #925: close-delivery-receipt:lineage. Run `/task deliver` until a verified exact-head receipt exists, then retry.
[task-tracker] ⛔ Refusing to close #925: close-delivery-receipt:missing. Run `/task deliver` until a verified exact-head receipt exists, then retry. If a delivery intent is pending because an invariant failed, prepare an exact waiver with `/task workflow-exception prepare #N --input-file <proposal.json>`.
[task-tracker] ⛔ Refusing to close #925: close-delivery-receipt:malformed. Run `/task deliver` until a verified exact-head receipt exists, then retry.
[task-tracker] ⛔ Refusing to close #925: close-delivery-receipt:duplicate. Run `/task deliver` until a verified exact-head receipt exists, then retry.
[task-tracker] ⛔ Refusing to close #925: close-delivery-receipt:conflicting. Run `/task deliver` until a verified exact-head receipt exists, then retry.
[task-tracker] ⛔ Refusing to close #925: close-delivery-receipt:ambiguous-pr. Run `/task deliver` until a verified exact-head receipt exists, then retry.
[task-tracker] ⛔ Refusing to close #925: close-delivery-receipt:not-merged. Run `/task deliver` until a verified exact-head receipt exists, then retry.
[task-tracker] ⛔ Refusing to close #925: close-delivery-receipt:branch-mismatch. Run `/task deliver` until a verified exact-head receipt exists, then retry.
[task-tracker] ⛔ Refusing to close #925: close-delivery-receipt:base-mismatch. Run `/task deliver` until a verified exact-head receipt exists, then retry.
[task-tracker] ⛔ Refusing to close #925: close-delivery-receipt:head-mismatch. Run `/task deliver` until a verified exact-head receipt exists, then retry.
[task-tracker] ⛔ Refusing to close #925: close-delivery-receipt:issue-mismatch. Run `/task deliver` until a verified exact-head receipt exists, then retry.
[task-tracker] ⛔ Refusing to close #925: close-delivery-receipt:pr-mismatch. Run `/task deliver` until a verified exact-head receipt exists, then retry.
[task-tracker] ⛔ Refusing to close #925: close-delivery-receipt:merge-commit-missing. Run `/task deliver` until a verified exact-head receipt exists, then retry.
[task-tracker] ⛔ Refusing to close #925: close-delivery-receipt:merge-commit-mismatch. Run `/task deliver` until a verified exact-head receipt exists, then retry.
✔ close asks the outcome runtime about forecast-free epics and permits a legacy skip (2.595208ms)
✔ close passes explicit reopened-cycle correction authority to the outcome runtime (0.72425ms)
✔ close uses the frozen Plan forecast and refuses a drifted ready marker (0.7945ms)
✔ close refuses an adaptive ready forecast without frozen Plan lineage (0.283959ms)
✔ primary convergence resolves the issue worktree instead of inheriting the caller directory (0.154292ms)
✔ primary convergence fails closed when issue worktree registration is unavailable (0.122625ms)
✔ dead issue returns without body or child reads (13.501417ms)
✔ completed issue already at Done fails closed when transaction inspection is unavailable (4.549334ms)
✔ pending recovery on a completed issue already at Done resumes before noop (22.7435ms)
✔ completed not-Done issue refuses an unknown strict child snapshot (4.940375ms)
✔ pending recovery on an open issue resumes from its serialized phase (4.865583ms)
✔ pending recovery outranks close-issue for an open issue already at Done (3.532583ms)
✔ retry after a successful timing post does not duplicate the transaction audit (4.738542ms)
✔ pending recovery on a still-closed issue preserves its durable transaction (4.3015ms)
✔ complete recovery is not reused when a later close is a new aberration (6.471458ms)
✔ stale restart refuses unsafe live state before audit or terminal mutation (203.369292ms)
✔ stale restart refuses terminal prefixes and stale delivery authority (28.022666ms)
✔ stale restart fails closed across comment and body persistence failures (145.601333ms)
✔ stale restart reuses matching evidence and rejects duplicates before body mutation (113.54ms)
✔ stale restart is incompatible with force, repair, answer, and disposition lanes (11.246875ms)
✔ ordinary close adopts a same-SHA Done board and refuses stale SHA without restart writes (9.223792ms)
✔ mismatched transaction recovery mutation refuses before later effects (3.40525ms)
✔ mismatched phase recovery mutation refuses before later effects (3.826875ms)
✔ failed status recovery mutation refuses before later effects (3.396166ms)
✔ failed result recovery mutation refuses before later effects (3.610541ms)
✔ recovery persistence requires the grouped issue-body mutator capability (2.870666ms)
✔ explicit close has no direct issue-body mutator import or fallback (0.6515ms)
✔ v1 estimation outcome is required before the terminal Done move (0.210042ms)
✔ receipt authorization precedes outcome; Done precedes Delivered disposition (0.211917ms)
✔ convergence close synchronizes terminal timing before freezing its outcome (0.312958ms)
✔ convergence refuses completion when a terminal timing row is only queued (3.942292ms)
✔ board-Done open-issue convergence refuses GitHub close when terminal timing is queued (3.972041ms)
✔ delivery receipt input refusal precedes every specified side effect (3.5555ms)
✔ delivery receipt lineage refusal precedes every specified side effect (3.360667ms)
✔ delivery receipt missing refusal precedes every specified side effect (2.808042ms)
✔ delivery receipt malformed refusal precedes every specified side effect (3.299375ms)
✔ delivery receipt duplicate refusal precedes every specified side effect (3.014708ms)
✔ delivery receipt conflicting refusal precedes every specified side effect (3.970542ms)
✔ delivery receipt ambiguous-pr refusal precedes every specified side effect (3.443666ms)
✔ delivery receipt not-merged refusal precedes every specified side effect (3.289584ms)
✔ delivery receipt branch-mismatch refusal precedes every specified side effect (3.350291ms)
✔ delivery receipt base-mismatch refusal precedes every specified side effect (4.230667ms)
✔ delivery receipt head-mismatch refusal precedes every specified side effect (3.740667ms)
✔ delivery receipt issue-mismatch refusal precedes every specified side effect (3.207667ms)
✔ delivery receipt pr-mismatch refusal precedes every specified side effect (4.10375ms)
✔ delivery receipt merge-commit-missing refusal precedes every specified side effect (3.551792ms)
✔ delivery receipt merge-commit-mismatch refusal precedes every specified side effect (4.865417ms)
ℹ tests 47
ℹ suites 0
ℹ pass 47
ℹ fail 0
ℹ cancelled 0
ℹ skipped 0
ℹ todo 0
ℹ duration_ms 854.9285
#925 is already fully closed; no terminal writes were repeated.
Closed #925.
Closed #925.
Closed #925.
Closed #925.
Closed #925.
Closed #925.
Closed #925.
Closed #925.
Closed #925.
Closed #925.
Closed #925.
Closed #925.
Closed #925.
Closed #925.
[task-tracker] ⛔ Refusing to close #925: close-authority-drift: fresh Review-to-Done guards refused.
Closed #925.
Closed #925.
Closed #925.
Closed #925.
Closed #925.
[task-tracker] ⛔ Refusing to finalize #925: a newer binding or occupancy claim supersedes the terminal cleanup authority (no-recovery-backed-replacement).
Closed #925.
Closed #925.
#925 terminal disposition could not be read after transaction discovery: project field unavailable
No convergence mutation was attempted; retry later.
[task-tracker] warn: failed to strip ToDo label on #925: label API unavailable
Closed #925.
[task-tracker] ⛔ Refusing to close #925: close-delivery-receipt:fresh-input. Run `/task deliver` until a verified exact-head receipt exists, then retry.
✔ fully converged Delivered close retry is an exact read-only success (1.131667ms)
✔ completed disposition step refuses a conflicting live terminal disposition (0.253ms)
✔ open Done recovery refuses a disposition that contradicts its completed step (0.102542ms)
✔ pending disposition step refuses a contradictory live terminal disposition (0.121458ms)
✔ partial Delivered close transaction exposes only its missing suffix (0.219833ms)
✔ malformed, duplicate, and contradictory Delivered close records fail closed (0.170542ms)
✔ Delivered close transaction marker round-trips exact canonical bytes (0.900958ms)
✔ duplicate or malformed Delivered close markers refuse during read (0.261917ms)
✔ completed Delivered close retry performs no terminal mutation (9.27975ms)
✔ successful Delivered close persists a complete terminal transaction (24.758125ms)
✔ explicit restart audits a stale pre-terminal transaction before replacing and replaying it (29.342416ms)
✔ restart adopts an audit-backed replacement body after the body-write response was lost (30.942792ms)
✔ partial Delivered close runs only the missing terminal suffix (33.873875ms)
✔ Done-board open-issue retry resumes at issue close without replaying earlier steps (4.548ms)
✔ closed Done retry resumes only labels and binding from durable issue step (7.3695ms)
✔ closed not-Done issue resumes its delivered-close transaction (11.260417ms)
✔ open Review partial retry rechecks lifecycle authority before a pending board effect (11.285ms)
✔ pending Delivered disposition is adopted without overwriting it (7.688625ms)
✔ durable effects without checkpoints are observed and adopted before replay (26.374625ms)
✔ newer binding conflict survives a terminal close retry untouched (3.939ms)
✔ stale pre-close binding residue resumes without refreshing close authority (3.557416ms)
✔ Done-state durable retry bypasses ordinary Review gates without force or renewed approval (4.562125ms)
✔ disposition read outage after transaction discovery fails closed (3.438625ms)
✔ label cleanup failure leaves labels and binding transaction steps pending (3.422333ms)
✔ markerless open Done close is adopted into a complete durable transaction (6.565917ms)
✔ receipt-gate injection does not implicitly bypass fresh verification (3.035ms)
[task-tracker] ⛔ Refusing to close #925: close-authority-drift: fresh Review-to-Done guards refused.
[task-tracker] ⛔ Refusing to close #925: close-authority-drift: fresh Review-to-Done guards refused.
[task-tracker] ⛔ Refusing to close #925: close-authority-drift: fresh Review-to-Done guards refused.
Closed #925.
Closed #925.
Closed #925.
Closed #925.
#925 is already fully closed; no terminal writes were repeated.
✔ lost transaction-checkpoint response is adopted without repeating durable effects (3162.160875ms)
ℹ tests 27
ℹ suites 0
ℹ pass 27
ℹ fail 0
ℹ cancelled 0
ℹ skipped 0
ℹ todo 0
ℹ duration_ms 3562.032875
✔ close consumes typed waived review authority without pass evidence (5.915417ms)
✔ #1470 close loads source proof for an external recovery receipt (1.213208ms)
✔ #1558 close reloads complete merged source evidence for a waived receipt (2.543542ms)
✔ #1470 close inspects the merge tree needed by squash proof (0.182958ms)
✔ #1381 close carries immutable accepted authority after the reused branch advances (1.037416ms)
✔ #1397 projects delivery records under the unique accepted-head PR in either order (0.906042ms)
✔ #1406 ignores valid delivery records from an earlier pull request (0.989334ms)
✔ #1399 rejects an invalid GitHub comment timestamp before record projection (0.673958ms)
✔ #1397 refuses zero or duplicate accepted-head candidates before projection (0.559417ms)
ℹ tests 9
ℹ suites 0
ℹ pass 9
ℹ fail 0
ℹ cancelled 0
ℹ skipped 0
ℹ todo 0
ℹ duration_ms 162.933458
✔ names the reconciliation lane so it is discoverable from the refusal (0.485916ms)
✔ pending intent guidance points to waiver preparation without advertising reconciliation (0.07725ms)
✔ still carries the original deliver-then-retry guidance (0.072375ms)
✔ surfaces the close target and the underlying reason verbatim (0.077541ms)
✔ does not advertise --force as an escape from this gate (0.069166ms)
✔ close success distinguishes generic and attribution waivers from ordinary delivery (0.125666ms)
ℹ tests 6
ℹ suites 0
ℹ pass 6
ℹ fail 0
ℹ cancelled 0
ℹ skipped 0
ℹ todo 0
ℹ duration_ms 153.340291
✔ valid exact-head delivery receipt authorizes close (4.06775ms)
✔ close freshly verifies receipt reachability and authorized attribution bytes (1.913875ms)
✔ close fresh verification refuses unreachable trunk or altered attribution bytes (0.677291ms)
✔ #1395 close selects the unique accepted-head PR regardless of branch history order (0.806208ms)
✔ #1395 close refuses zero or multiple accepted-head PR matches (0.66525ms)
✔ #1401 matching Test and Review determine the accepted head after local HEAD advances (0.199833ms)
✔ missing, malformed, duplicate, conflicting, and mismatched receipt evidence fails closed (3.239708ms)
✔ child merge-back and explicit no-PR local trunk lane skip the PR receipt gate (0.329375ms)
✔ close contains no PR mutation or provider-action wait/retry path (1.114292ms)
ℹ tests 9
ℹ suites 0
ℹ pass 9
ℹ fail 0
ℹ cancelled 0
ℹ skipped 0
ℹ todo 0
ℹ duration_ms 88.466625
✔ production actor resolution dereferences @me through GitHub (0.541ms)
✔ requires the complete false-delivery flag group and rejects incompatible close modes (0.700167ms)
ℹ tests 2
ℹ suites 0
ℹ pass 2
ℹ fail 0
ℹ cancelled 0
ℹ skipped 0
ℹ todo 0
ℹ duration_ms 176.205708
Closed #1624.
#1624 is already fully closed; no terminal writes were repeated.
✔ production authority readers verify the owned audit report and live recovery issue (5.590291ms)
✔ sources audited no-commit and current delivery evidence before body replacement (6.682625ms)
✔ derives and verifies the protected-base integration topology before mutation (2.454917ms)
✔ refuses an integration head whose trunk parent is not reachable (0.873916ms)
✔ refuses when gate-resolved test authority differs from the accepted transaction (0.929125ms)
✔ refuses when a missing recorded worktree makes clean inspection unavailable (0.705542ms)
✔ refuses when a git inspection error makes clean inspection unavailable (0.647292ms)
✔ requires the fresh target body to remain epic with the recorded deliverable URL (2.765083ms)
✔ revalidates no-commit authority against the fresh versioned-mutation base (1.013334ms)
✔ reuses a durable correction record after interruption without a second comment (1.680333ms)
✔ resumes the durable replacement after board and issue transitions (2.39625ms)
✔ a completed correction retry is idempotent after binding ownership is gone (1.173916ms)
✔ a completed correction retry still requires exact replacement and current SHA authority (1.432416ms)
✔ a completed correction retry rejects a duplicate recovery identity (1.202291ms)
✔ the close verb replaces the audited transaction and resumes the unchanged saga (99.597792ms)
✔ false-delivery evidence permits outcome correction only for its replacement (1.401291ms)
ℹ tests 16
ℹ suites 0
ℹ pass 16
ℹ fail 0
ℹ cancelled 0
ℹ skipped 0
ℹ todo 0
ℹ duration_ms 286.400125
✔ Incorporated review evidence is strict, exact-SHA, and resolved against current policy (5.514833ms)
✔ Incorporated review evidence accepts typed waiver authority without a review receipt (55.700333ms)
✔ Incorporated review evidence rejects malformed claims, red commands, and ambiguous tips (186.422084ms)
✔ Incorporated review evidence refuses stale approval without current standing (52.503959ms)
✔ durable review authority permits strict retry evidence after Full-Auto standing is removed (52.175041ms)
✔ fresh Incorporated preparation uses exact human ledger approval for a carrier-only row (1.0805ms)
✔ fresh, partial, and completed preparation normalize or reuse exact review authority (1.875125ms)
✔ close Incorporated lane authorizes before invoking its dedicated mutation runner (0.170666ms)
✔ authorization refusal leaves the Incorporated mutation runner untouched (0.166833ms)
✔ ordinary close treats --of as an assertion, never as authority discovery (0.244709ms)
ℹ tests 10
ℹ suites 0
ℹ pass 10
ℹ fail 0
ℹ cancelled 0
ℹ skipped 0
ℹ todo 0
ℹ duration_ms 518.095875
close-lifecycle-tick-retry.test.mjs: all passed
✔ #672 — transient failure is retried and a later success reports ok:true (0.973209ms)
✔ #672 — named guard error is not retried (0.352167ms)
✔ #672 — exhausting all retries returns ok:false with a message (0.243875ms)
ℹ tests 3
ℹ suites 0
ℹ pass 3
ℹ fail 0
ℹ cancelled 0
ℹ skipped 0
ℹ todo 0
ℹ duration_ms 240.772292
✔ exact audit authorization permits close without PR verification (10.310334ms)
✔ no-commit close fails closed for missing or malformed authorization (4.016667ms)
✔ no-commit comment projection rejects malformed, duplicate, and conflicting authority (1.125792ms)
✔ no-commit parser accepts GitHub update timestamps but rejects unrelated fields (0.267834ms)
✔ no-commit close rejects wrong issue, kind, deliverable URL, or accepted SHA (2.064917ms)
✔ code-kind issue still requires the pull-request receipt path (2.521209ms)
✔ root epic with a pull request requires the pull-request receipt path (0.36325ms)
✔ close input loads audit authorization even when the branch has no pull request (7.311875ms)
ℹ tests 8
ℹ suites 0
ℹ pass 8
ℹ fail 0
ℹ cancelled 0
ℹ skipped 0
ℹ todo 0
ℹ duration_ms 375.610333
✔ close releases authoritative occupancy even when fleet cleanup fails (0.859708ms)
✔ close cannot report success when authoritative occupancy release fails (0.235ms)
ℹ tests 2
ℹ suites 0
ℹ pass 2
ℹ fail 0
ℹ cancelled 0
ℹ skipped 0
ℹ todo 0
ℹ duration_ms 174.298417
✔ tickLifecycleOnClose stays offline through the injected pexec seam (5.122708ms)
ℹ tests 1
ℹ suites 0
ℹ pass 1
ℹ fail 0
ℹ cancelled 0
ℹ skipped 0
ℹ todo 0
ℹ duration_ms 167.146208
✔ fresh terminal guard evaluation sees current body and head (0.940167ms)
✔ fresh terminal guard refusal and missing evaluator cannot grant a close (0.31325ms)
ℹ tests 2
ℹ suites 0
ℹ pass 2
ℹ fail 0
ℹ cancelled 0
ℹ skipped 0
ℹ todo 0
ℹ duration_ms 154.648
close-reconcile-lifecycle.test.mjs: defined
✔ close on already-done issue (no drift) re-ticks strayed lifecycle DoD boxes (403.062667ms)
✔ close on closed issue with lagging board (drift) reconciles after converging (115.300958ms)
✔ reconcile drives an unticked real body to ticked story-closed + timing-flushed (#753 AC4) (0.733834ms)
✔ reconcile does not fabricate an absent lifecycle box (#753 AC3) (0.171167ms)
✔ reconcile is idempotent on already-ticked boxes (#753 AC3) (0.103458ms)
✔ convergence decision for the happy path is unchanged by the #753 seam (#753 AC4) (0.461459ms)
ℹ tests 6
ℹ suites 0
ℹ pass 6
ℹ fail 0
ℹ cancelled 0
ℹ skipped 0
ℹ todo 0
ℹ duration_ms 675.391458
Closed #925.
[task-tracker] ⛔ Refusing to close #925: terminal timing issue:wrap was not durably posted: lost response. Issue left OPEN; retry after timing evidence is reachable.
Closed #925.
[task-tracker] ⛔ Refusing to close #925: terminal timing issue:wrap was not durably posted: lost response. Issue left OPEN; retry after timing evidence is reachable.
Closed #925.
Closed #925.
Closed #925.
#925 stale Delivered close transaction could not be restarted: delivered-close-supersession:recovery-backing-ambiguous
No convergence mutation was attempted; retry later.
#925 stale Delivered close transaction could not be restarted: reopened-close-recovery:malformed-comment
No convergence mutation was attempted; retry later.
#925 stale Delivered close transaction could not be restarted: reopened-close-recovery:live-terminal-state
No convergence mutation was attempted; retry later.
#925 stale Delivered close transaction could not be restarted: reopened-close-recovery:live-terminal-state
No convergence mutation was attempted; retry later.
#925 stale Delivered close transaction could not be restarted: delivered-close-supersession:dirty-worktree
No convergence mutation was attempted; retry later.
#925 stale Delivered close transaction could not be restarted: reopened-close-recovery:live-terminal-state
No convergence mutation was attempted; retry later.
#925 stale Delivered close transaction could not be restarted: reopened-close-recovery:recovery-backed-transaction
No convergence mutation was attempted; retry later.
#925 stale Delivered close transaction could not be restarted: reopened-close-recovery:fresh-authority
No convergence mutation was attempted; retry later.
✔ stale restart composes one immutable reopened recovery with a partial replacement (58.219625ms)
✔ recovery-backed stale restart reuses the second link after a lost response (59.243875ms)
✔ recovery-backed stale restart resumes durable progress after the second link (120.217667ms)
✔ recovery-backed stale restart refuses contradictions before persistence (148.127041ms)
ℹ tests 4
ℹ suites 0
ℹ pass 4
ℹ fail 0
ℹ cancelled 0
ℹ skipped 0
ℹ todo 0
ℹ duration_ms 547.552125
[task-tracker] validated projectDir override: AI_TASK_MANAGER_PROJECT_DIR=/Users/kpburson/projects/Vibe-Coding/ai-task-manager/.worktrees/1882-child-ci-integration/.scratch/test/aitm-1490-close-wiring-xVi3iW for #1490
[task-tracker] ⛔ Refusing to close #1490: intentional interruption after timing. Issue left OPEN; repair outcome evidence and retry.
Closed #1490.
✔ #1490: OPEN/REOPENED normalizes to `reopened` and reaches authorization (5.449042ms)
✔ #1490: a plain OPEN issue is not recoverable (1.176375ms)
✔ #1490: durable evidence is written BEFORE the body is mutated (1.568041ms)
✔ #1490: Delivered survives recovery mint, timing checkpoint, and stale retry (70.306958ms)
✔ #1490: durable recovery authorizes an outcome correction only for its replacement transaction (2.334167ms)
✔ #1490: outcome correction accepts only the exact recovery-to-supersession chain (1.030417ms)
✔ #1490: the primary estimation step consumes the durable reopened-recovery authority (0.602959ms)
✔ #1490: gate-resolved Test and Review SHAs are the exact values used (1.385459ms)
✔ #1490: historical evidence is genuinely resolved, not asserted (1.054375ms)
✔ #1490: a fabricated or copied verifier result refuses (1.785208ms)
✔ #1490: absent Review authority refuses without an accepted-SHA substitution (0.660209ms)
✔ #1490: contradictory live state writes nothing (3.016584ms)
✔ #1490: interruption after the comment reuses its replacement UUID (3.079042ms)
✔ #1490: interruption after the body replacement resumes without rewriting (1.353708ms)
✔ #1490: an unchanged mutation read-back refuses (0.800583ms)
✔ #1490: malformed durable evidence refuses rather than being skipped (0.12875ms)
✔ #1490: a recovery comment rendered for a different issue refuses (0.990542ms)
✔ #1490: the rendered comment round-trips through the strict codec (0.108792ms)
✔ #1490: a resume at a NONZERO prefix reuses the durable recovery, not a new mint (1.395791ms)
✔ #1490: a resume after the `board` step accepts board `done` (1.232292ms)
✔ #1490: a resume after the `issue` step accepts a CLOSED issue (1.17425ms)
✔ #1490: prefix-awareness is a predicate, not a bypass (7.619291ms)
✔ #1490: a retry after ALL steps completed is idempotent, not a refusal or a re-mint (0.779166ms)
✔ #1490: a completed replacement reopened for a new accepted SHA chains recovery (1.370208ms)
✔ #1490: a FRESH mint still requires the step-zero shape (1.435584ms)
✔ #1490: two durable records naming the same replacement refuse rather than pick one (0.814917ms)
ℹ tests 26
ℹ suites 0
ℹ pass 26
ℹ fail 0
ℹ cancelled 0
ℹ skipped 0
ℹ todo 0
ℹ duration_ms 277.776625
Closed #925.
Closed #925.
✔ projected close readiness bypasses only the configured approval refusal (1.01725ms)
✔ gate-bypassed ordinary close ignores reviewer env and passes explicit authority (45.699667ms)
✔ human-gate ordinary close without reviewer env passes explicit authority (21.483875ms)
ℹ tests 3
ℹ suites 0
ℹ pass 3
ℹ fail 0
ℹ cancelled 0
ℹ skipped 0
ℹ todo 0
ℹ duration_ms 243.937792
close-strip-labels.test.mjs: ok
✔ closeLabelRemoveArgs builds the expected gh args (0.886459ms)
✔ convergence close-issue path strips only ToDo after gh close (484.630834ms)
✔ main close path strips only ToDo after gh close (137.972333ms)
✔ label-strip failure leaves close incomplete for a truthful retry (133.22675ms)
ℹ tests 4
ℹ suites 0
ℹ pass 4
ℹ fail 0
ℹ cancelled 0
ℹ skipped 0
ℹ todo 0
ℹ duration_ms 935.312834
[task-tracker] validated projectDir override: AI_TASK_MANAGER_PROJECT_DIR=/Users/kpburson/projects/Vibe-Coding/ai-task-manager/.worktrees/1882-child-ci-integration/.scratch/test/aitm-925-close-wiring-88CpCY for #925
Closed #925.
[task-tracker] validated projectDir override: AI_TASK_MANAGER_PROJECT_DIR=/Users/kpburson/projects/Vibe-Coding/ai-task-manager/.worktrees/1882-child-ci-integration/.scratch/test/aitm-925-close-wiring-2a4NFc for #925
[task-tracker] ⛔ Refusing to close #925: close-authority-drift: delivery or review authority changed. Issue left OPEN; repair outcome evidence and retry.
[task-tracker] validated projectDir override: AI_TASK_MANAGER_PROJECT_DIR=/Users/kpburson/projects/Vibe-Coding/ai-task-manager/.worktrees/1882-child-ci-integration/.scratch/test/aitm-925-close-wiring-gbXNAC for #925
[task-tracker] ⛔ Refusing to close #925: delivered-close-transaction-accepted-sha-mismatch. Issue left OPEN; repair outcome evidence and retry.
[task-tracker] validated projectDir override: AI_TASK_MANAGER_PROJECT_DIR=/Users/kpburson/projects/Vibe-Coding/ai-task-manager/.worktrees/1882-child-ci-integration/.scratch/test/aitm-925-close-wiring-8WhCdx for #925
[task-tracker] ⛔ Refusing to close #925: close-authority-drift: delivery or review authority changed. Issue left OPEN; repair outcome evidence and retry.
[task-tracker] validated projectDir override: AI_TASK_MANAGER_PROJECT_DIR=/Users/kpburson/projects/Vibe-Coding/ai-task-manager/.worktrees/1882-child-ci-integration/.scratch/test/aitm-925-close-wiring-w7Tf1q for #925
[task-tracker] ⛔ Refusing to close #925: close-authority-drift: delivery or review authority changed. Issue left OPEN; repair outcome evidence and retry.
✔ partial close estimation refresh uses durable authority and completes only the missing suffix without force (23.600167ms)
✔ partial close refuses approval revocation observed by estimation and preserves the completed prefix (4.8305ms)
✔ partial close refuses accepted source change observed by estimation and preserves the completed prefix (3.734625ms)
✔ partial close refuses PR head change observed by estimation and preserves the completed prefix (3.563ms)
✔ partial close refuses intent byte change observed by estimation and preserves the completed prefix (5.764916ms)
ℹ tests 5
ℹ suites 0
ℹ pass 5
ℹ fail 0
ℹ cancelled 0
ℹ skipped 0
ℹ todo 0
ℹ duration_ms 190.050292
✔ comment parses a strict target, key, and body file (1.123333ms)
✔ owned comment creates, updates, and no-ops exactly one stable marker (0.501125ms)
✔ owned comment refuses duplicate markers and marker spoofing (0.195208ms)
✔ write success is reported only after exact correlated read-back (0.125375ms)
✔ a concurrent duplicate ownership marker after create is a refusal (0.162333ms)
✔ ambiguous create transport is recovered only from one exact marker read-back (0.212208ms)
✔ comment listing is exhaustive, correlated, and cursor-safe (0.250667ms)
✔ default GraphQL adapters create, read, update, and no-op through production queries (0.355667ms)
ℹ tests 8
ℹ suites 0
ℹ pass 8
ℹ fail 0
ℹ cancelled 0
ℹ skipped 0
ℹ todo 0
ℹ duration_ms 85.858333
commit-trace-verb.test.mjs: all passed
✔ scripts/tests/unit/task-tracker/verbs/commit-trace-verb.test.mjs (59.640166ms)
ℹ tests 1
ℹ suites 0
ℹ pass 1
ℹ fail 0
ℹ cancelled 0
ℹ skipped 0
ℹ todo 0
ℹ duration_ms 65.776084
coverage-ac-stamp.test.mjs: defined
[task-tracker] ac-stamp: no active task
[task-tracker] ac-stamp: no active task
Usage: /task ac-stamp "<acceptance criterion label>"
[task-tracker] ac-stamp: no Acceptance Criteria line carrying `aitm-verified-by` matching "totally absent label" found in #777 body.
[task-tracker] ac-stamp on #777: running 1 verifier(s) for AC "cover the ac-stamp verb"…
  ✗ node scripts/task-tracker/tools/coverage-threshold.mjs scripts/task-tracker/verbs/ac-stamp.mjs scripts/tests/unit/task-tracker/verbs/coverage-ac-stamp.test.mjs 80 (exit=1)
[task-tracker] ac-stamp: verifier `node scripts/task-tracker/tools/coverage-threshold.mjs scripts/task-tracker/verbs/ac-stamp.mjs scripts/tests/unit/task-tracker/verbs/coverage-ac-stamp.test.mjs 80` failed (exit=1). No marker stamped.
[task-tracker] ac-stamp on #777: running 1 verifier(s) for AC "cover the ac-stamp verb"…
  ✓ node scripts/task-tracker/tools/coverage-threshold.mjs scripts/task-tracker/verbs/ac-stamp.mjs scripts/tests/unit/task-tracker/verbs/coverage-ac-stamp.test.mjs 80 (exit=0)
[task-tracker] ✓ ac-stamp on #777: run-props (key=e8e3ca61) upserted onto the AC line's aitm-verified marker (sha=abc1234).
✔ no active task → exit 1 (2.857709ms)
✔ discover bucket active → exit 1 (2.264959ms)
✔ empty label → exit 1 (1.378541ms)
✔ no AC line matching label → exit 1 (2.392333ms)
✔ verifier non-zero exit → refuse, exit 1 (2.186125ms)
✔ happy path: verifier passes → stamps marker, no exit (4.613791ms)
ℹ tests 6
ℹ suites 0
ℹ pass 6
ℹ fail 0
ℹ cancelled 0
ℹ skipped 0
ℹ todo 0
ℹ duration_ms 132.37725
coverage-auto.test.mjs: defined
✔ runAuto: invalid choice → status invalid (0.495958ms)
✔ runAuto: missing sessionId → status no-session (0.081666ms)
✔ runAuto: valid choice → load→apply→save, status ok (1.313459ms)
✔ cli: no choice → usage on stderr, exit 2 (0.197ms)
✔ cli: invalid choice → error on stderr, exit 2 (0.337417ms)
ℹ tests 5
ℹ suites 0
ℹ pass 5
ℹ fail 0
ℹ cancelled 0
ℹ skipped 0
ℹ todo 0
ℹ duration_ms 73.069333
coverage-check-verb.test.mjs: defined
[task-tracker] ⚠ `check` is deprecated and now aliases `ensureChecked` (it no longer toggles). Use `/task ensureChecked "<label>"` to tick, `/task ensureUnchecked "<label>"` to untick.
no active task
[task-tracker] ⚠ `check` is deprecated and now aliases `ensureChecked` (it no longer toggles). Use `/task ensureChecked "<label>"` to tick, `/task ensureUnchecked "<label>"` to untick.
no active task
[task-tracker] ⚠ `check` is deprecated and now aliases `ensureChecked` (it no longer toggles). Use `/task ensureChecked "<label>"` to tick, `/task ensureUnchecked "<label>"` to untick.
Usage: /task ensureChecked "<label>"
[task-tracker] ⚠ `check` is deprecated and now aliases `ensureChecked` (it no longer toggles). Use `/task ensureChecked "<label>"` to tick, `/task ensureUnchecked "<label>"` to untick.
[task-tracker] checkbox "totally absent" not found in #777
Checkboxes found:
  "plain ac no verifier <!-- aitm-non-demonstrable -->"
  "verified ac unchecked <!-- aitm-verified cmd="`echo ok`" -->"
  "verified ac checked <!-- aitm-verified cmd="`echo ok`" -->"
  "dup label"
  "dup label"
  "All automated tests pass <!-- aitm-verified cmd="`npm run test:all`" --> <!-- dod:functional:tests -->"
  "Acceptance criteria met <!-- dod:functional:acs -->"
  "Lint and format checks pass <!-- aitm-verified cmd="`npm run lint`" --> <!-- dod:functional:lint -->"
[task-tracker] ⚠ `check` is deprecated and now aliases `ensureChecked` (it no longer toggles). Use `/task ensureChecked "<label>"` to tick, `/task ensureUnchecked "<label>"` to untick.
[task-tracker] checkbox "dup label" is ambiguous in #777: 2 lines share this visible label. Disambiguate with a longer label or the full line text.
[task-tracker] ⚠ `check` is deprecated and now aliases `ensureChecked` (it no longer toggles). Use `/task ensureChecked "<label>"` to tick, `/task ensureUnchecked "<label>"` to untick.
EVIDENCE_REQUIRED: [task-tracker] ✗ Refusing to tick AC "verified ac unchecked" on #777.
  This acceptance criterion declares a verifier (aitm-verified cmd="…") but carries
  no aitm-ac-evidence:abc61792 marker. Run `/task ac-stamp "verified ac unchecked"` to
  execute `echo ok` in a sandbox; the evidence marker it stamps unlocks this tick.
[task-tracker] ⚠ `check` is deprecated and now aliases `ensureChecked` (it no longer toggles). Use `/task ensureChecked "<label>"` to tick, `/task ensureUnchecked "<label>"` to untick.
[task-tracker] ✓ "verified ac checked" already checked on #777 (no-op)
[task-tracker] ⚠ `check` is deprecated and now aliases `ensureChecked` (it no longer toggles). Use `/task ensureChecked "<label>"` to tick, `/task ensureUnchecked "<label>"` to untick.
[task-tracker] ✓ Checked "plain ac no verifier" on #777 (unverified — audit marker recorded)
[task-tracker] ⚠ `check` is deprecated and now aliases `ensureChecked` (it no longer toggles). Use `/task ensureChecked "<label>"` to tick, `/task ensureUnchecked "<label>"` to untick.
[task-tracker] ✗ Refusing to tick Functional DoD "All automated tests pass" on #777.
  Key dod:functional:tests has no aitm-dod-evidence marker. Run
  `/task dod-stamp tests` to execute the verifier in a sandbox; the
  evidence marker it stamps unlocks this tick.
[task-tracker] ⚠ `check` is deprecated and now aliases `ensureChecked` (it no longer toggles). Use `/task ensureChecked "<label>"` to tick, `/task ensureUnchecked "<label>"` to untick.
UNVERIFIED_HATCH_REFUSED: [task-tracker] ✗ Refusing --allow-unverified-ticks on AC "verified ac unchecked" in #777.
  This acceptance criterion declares a verifier (aitm-verified cmd="…"), so it is
  demonstrable — the unverified hatch is only for ACs carrying the
  `<!-- aitm-non-demonstrable -->` opt-out marker or otherwise no machine verifier.
  Run `/task ac-stamp "verified ac unchecked"` to execute `echo ok` and stamp real evidence instead.
[task-tracker] ⚠ `check` is deprecated and now aliases `ensureChecked` (it no longer toggles). Use `/task ensureChecked "<label>"` to tick, `/task ensureUnchecked "<label>"` to untick.
[task-tracker] ✓ "verified ac checked" already checked on #777 (no-op)
[task-tracker] ⚠ `check` is deprecated and now aliases `ensureChecked` (it no longer toggles). Use `/task ensureChecked "<label>"` to tick, `/task ensureUnchecked "<label>"` to untick.
[task-tracker] ✓ Checked "plain ac no verifier" on #777 (unverified)
[task-tracker] ⚠ `check` is deprecated and now aliases `ensureChecked` (it no longer toggles). Use `/task ensureChecked "<label>"` to tick, `/task ensureUnchecked "<label>"` to untick.
[task-tracker] ✗ Refusing to tick Functional DoD "All automated tests pass" on #777.
  Key dod:functional:tests has no aitm-dod-evidence marker. Run
  `/task dod-stamp tests` to execute the verifier in a sandbox; the
  evidence marker it stamps unlocks this tick.
[task-tracker] batch tick on #777 refused: 1 evidence-gated label(s) lack evidence. Run `/task dod-stamp <key>` or `/task ac-stamp "<label>"` for each, then retry.
[task-tracker] ⚠ `check` is deprecated and now aliases `ensureChecked` (it no longer toggles). Use `/task ensureChecked "<label>"` to tick, `/task ensureUnchecked "<label>"` to untick.
[task-tracker] ✗ checkbox "no such label" not found in #777
[task-tracker] ⚠ `check` is deprecated and now aliases `ensureChecked` (it no longer toggles). Use `/task ensureChecked "<label>"` to tick, `/task ensureUnchecked "<label>"` to untick.
[task-tracker] ✗ checkbox "dup label" is ambiguous in #777: 2 lines share this visible label.
[task-tracker] ⚠ `check` is deprecated and now aliases `ensureChecked` (it no longer toggles). Use `/task ensureChecked "<label>"` to tick, `/task ensureUnchecked "<label>"` to untick.
✔ verbCheck: no active task → exit 1 (2.811417ms)
✔ verbCheck: discover bucket active → exit 1 (3.084791ms)
✔ verbCheck: empty label → exit 1 (1.459209ms)
✔ verbCheck: not-found label → exit 1 (2.18925ms)
✔ verbCheck: ambiguous label → exit 1 (2.176167ms)
✔ verbCheck: evidence-gated AC without stamp → exit 1 (3.758667ms)
✔ verbCheck: happy path single toggle (uncheck) → no exit (1.6775ms)
✔ verbCheck: --allow-unverified-ticks happy path → no exit (3.9035ms)
✔ verbCheck: --allow-unverified-ticks on DoD item → refuse, exit 1 (2.421166ms)
✔ verbCheck: --allow-unverified-ticks on verifier AC → refuse, exit 1 (1.805958ms)
✔ verbCheck: batch happy path (uncheck) → no exit (2.525042ms)
✔ verbCheck: batch with --allow-unverified-ticks → no exit (3.218084ms)
✔ verbCheck: batch gate failure → exit 1 (2.049792ms)
✔ verbCheck: batch not-found label → exit 1 (1.475584ms)
✔ verbCheck: batch ambiguous label → exit 1 (1.475958ms)
Usage: /task ensureChecked --label "<label>" [--label ...] | --labels-file <path>
[task-tracker] ⚠ `check` is deprecated and now aliases `ensureChecked` (it no longer toggles). Use `/task ensureChecked "<label>"` to tick, `/task ensureUnchecked "<label>"` to untick.
✔ verbCheck: --labels-file empty + no --label → usage exit 1 (5.148166ms)
[task-tracker] ✓ "verified ac checked" already checked on #777 (no-op)
[task-tracker] ⚠ `check` is deprecated and now aliases `ensureChecked` (it no longer toggles). Use `/task ensureChecked "<label>"` to tick, `/task ensureUnchecked "<label>"` to untick.
✔ verbCheck: --labels-file with a label → no exit (2.167917ms)
[task-tracker] ✓ Marked deep-dive-complete on #777 at 2026-10-05T02:26:58.394Z
[task-tracker] ⚠ `check` is deprecated and now aliases `ensureChecked` (it no longer toggles). Use `/task ensureChecked "<label>"` to tick, `/task ensureUnchecked "<label>"` to untick.
stage-bound refusal: marking deep-dive complete via `/task ensureChecked "Deep dive complete"` is not permitted while #777 is in state `refine`.
  To proceed: /task promote → plan, then retry.
  Bypass (legacy artifacts only): add an `<!-- aitm-stage-bound-grandfather -->` marker to the body.
[task-tracker] ⚠ `check` is deprecated and now aliases `ensureChecked` (it no longer toggles). Use `/task ensureChecked "<label>"` to tick, `/task ensureUnchecked "<label>"` to untick.
✔ verbCheck: "deep dive complete" outside Refine → ensureDeepDive, no exit (303.763375ms)
✔ verbCheck: "deep dive complete" while bound in Refine → refuse, exit 1 (3.530958ms)
[task-tracker] ✓ Marked discussion complete on #777 at 2026-10-05T02:26:58.698Z (token stripped, aitm-discussed stamped, Discuss label removed)

✅ DISCUSSION RESOLVED — #777 · implementation may commence
✔ verbCheck: "discussion complete" → marks discussed, no exit (53.968416ms)
ℹ tests 20
ℹ suites 0
ℹ pass 20
ℹ fail 0
ℹ cancelled 0
ℹ skipped 0
ℹ todo 0
ℹ duration_ms 528.387083
coverage-check.test.mjs: defined
✔ toggleChecklistLine: not-found (0.995792ms)
✔ toggleChecklistLine: ambiguous (0.1085ms)
✔ toggleChecklistLine: toggles unchecked → checked, preserving markers (0.13225ms)
✔ toggleChecklistLine: toggles checked → unchecked (full-line label arg) (0.081875ms)
✔ toggleChecklistLines: folds mixed results (0.134875ms)
✔ parseCheckArgs: labels, labels-file, positional, hatch flag (0.432833ms)
✔ parseCheckArgs: trailing --label with no value is ignored (0.059416ms)
✔ classifyUnverifiedTick: eligible for a proofless AC tagged non-demonstrable (1.935791ms)
✔ classifyUnverifiedTick: refuses an undeclared AC (no verifier, no marker) (0.205916ms)
✔ classifyUnverifiedTick: refuses a Functional DoD item (0.270333ms)
✔ classifyUnverifiedTick: refuses a verifier-bearing AC (0.202458ms)
✔ formatUnverifiedHatchRefusal: names label and verifier (0.104292ms)
✔ formatUnverifiedHatchRefusal: falls back when no commands (0.041584ms)
✔ appendUnverifiedTickAudit: appends marker then is idempotent (0.107292ms)
✔ gateFunctionalDodTick: pass when no Functional section (0.047042ms)
✔ gateFunctionalDodTick: pass when label is not a DoD key (0.06625ms)
✔ gateFunctionalDodTick: pass when DoD item already checked (0.050834ms)
✔ gateFunctionalDodTick: refuse-derived for acs key (0.056167ms)
✔ gateFunctionalDodTick: refuse-missing-evidence for unstamped stampable key (0.053334ms)
✔ gateEvidenceTick: DoD non-pass propagates through (0.076875ms)
✔ gateEvidenceTick: pass for a non-verifier AC (0.069125ms)
✔ gateEvidenceTick: pass when verifier AC already checked (0.079125ms)
✔ gateEvidenceTick: refuse-ac-evidence for unstamped verifier AC (0.063375ms)
ℹ tests 23
ℹ suites 0
ℹ pass 23
ℹ fail 0
ℹ cancelled 0
ℹ skipped 0
ℹ todo 0
ℹ duration_ms 98.452875
coverage-commit-trace.test.mjs: defined
✔ runCommitTrace: happy path threads info through injected deps (13.919833ms)
✔ runCommitTrace: strips leading # from issueNumber (2.490125ms)
✔ runCommitTrace: throws without issueNumber (0.323167ms)
✔ runCommitTrace: throws without cfg.repo (0.136833ms)
Usage: /task commit-trace #N
Usage: /task commit-trace #N
commit-trace: commit-trace: cfg.repo is required
Usage: /task commit-trace #N
✔ runCommitTrace: falls back to getProjectDir() when projectDir omitted (182.709125ms)
✔ verbCommitTrace: no target → usage, exit 1 (1.415208ms)
✔ verbCommitTrace: discover bucket active + no positional → usage, exit 1 (0.381583ms)
✔ verbCommitTrace: positional target but runCommitTrace throws → catch, exit 1 (0.325208ms)
✔ verbCommitTrace: target resolved from state.active, then catch → exit 1 (0.316375ms)
ℹ tests 9
ℹ suites 0
ℹ pass 9
ℹ fail 0
ℹ cancelled 0
ℹ skipped 0
ℹ todo 0
ℹ duration_ms 303.5495
coverage-config.test.mjs: defined
✔ no args → prints formatted config (0.728833ms)
✔ init → prints interview guidance (0.133083ms)
✔ get known key → prints value + source (0.091875ms)
✔ get unknown key → error, exit 1 (0.130167ms)
✔ set valid key → writes via setConfigValue, prints value (2.022584ms)
✔ set unknown key → setConfigValue throws → error, exit 1 (0.208667ms)
ℹ tests 6
ℹ suites 0
ℹ pass 6
ℹ fail 0
ℹ cancelled 0
ℹ skipped 0
ℹ todo 0
ℹ duration_ms 71.806209
coverage-dod-stamp.test.mjs: defined
[task-tracker] dod-stamp: no active task
Usage: /task dod-stamp <key>
  key ∈ { tests, lint, commits }
[task-tracker] dod-stamp: unknown key "bogus"
[task-tracker] dod-stamp: key "acs" is DERIVED — it is computed from the body at close time. Do not stamp manually; `/task close` will derive it.
[task-tracker] dod-stamp: no `dod:functional:tests` line found in #777 body.
[task-tracker] dod-stamp: `dod:functional:tests` line carries no verifier command. Add one (e.g. `<!-- aitm-verified cmd="\`npm test\`" -->`) before stamping.
[task-tracker] dod-stamp tests on #777: running 1 verifier(s)…
  ✗ node --test scripts/tests/unit/task-tracker/verbs/coverage-dod-stamp.test.mjs (exit=1)
[task-tracker] dod-stamp tests: verifier `node --test scripts/tests/unit/task-tracker/verbs/coverage-dod-stamp.test.mjs` failed (exit=1). No marker stamped.
[task-tracker] dod-stamp tests on #777: running 1 verifier(s)…
  ✓ node --test scripts/tests/unit/task-tracker/verbs/coverage-dod-stamp.test.mjs (exit=0)
[task-tracker] ✓ dod-stamp tests on #777: run-props upserted onto the dod:functional:tests line's aitm-verified marker (sha=abc1234).
✔ no active task → exit 1 (2.724125ms)
✔ empty key → exit 1 (2.4525ms)
✔ unknown key → exit 1 (1.155708ms)
✔ derived key (acs) → refuse, exit 1 (1.127542ms)
✔ keyed line absent → exit 1 (2.314292ms)
✔ keyed line has no verifier command → exit 1 (1.992125ms)
✔ verifier non-zero exit → refuse, exit 1 (2.929875ms)
✔ happy path: verifier passes → stamps marker, no exit (5.421167ms)
ℹ tests 8
ℹ suites 0
ℹ pass 8
ℹ fail 0
ℹ cancelled 0
ℹ skipped 0
ℹ todo 0
ℹ duration_ms 148.856583
coverage-evidence-markers.test.mjs: defined
Usage: /task evidence-markers <audit|backfill> #N [--map-file mappings.json] [--dry-run]
evidence-markers backfill requires --map-file <json>
✔ runEvidenceMarkers: audit clean body → status clean (1.110042ms)
✔ runEvidenceMarkers: audit issues body → status issues-found (0.232375ms)
✔ runEvidenceMarkers: defaults to audit mode when mode omitted (0.112916ms)
✔ runEvidenceMarkers: backfill changed body → writes via mutateBody (1.091667ms)
✔ runEvidenceMarkers: backfill dry-run does not write (0.132917ms)
✔ runEvidenceMarkers: backfill with unchanged body skips write (0.128875ms)
✔ runEvidenceMarkers: backfill without mapping → ambiguous (0.101125ms)
✔ runEvidenceMarkers: unknown mode throws (0.264833ms)
✔ runEvidenceMarkers: throws without issueNumber (0.131291ms)
✔ runEvidenceMarkers: throws without cfg.repo (0.256041ms)
✔ verbEvidenceMarkers: no issue number → usage, exit 1 (0.37075ms)
✔ verbEvidenceMarkers: backfill without --map-file → exit 2 (0.5725ms)
missing-evidence: bare ac
missing-verification-command: npm test
stale-verification-command: npm run lint
evidence-markers: issues-found
✔ verbEvidenceMarkers: audit issues body prints audit, status issues-found (204.384833ms)
evidence-markers: clean
✔ verbEvidenceMarkers: audit clean body → exits normally (14.063709ms)
evidence-markers: dry-run
✔ verbEvidenceMarkers: backfill dry-run with map-file (12.773875ms)
missing-evidence: needs backfill
ambiguous-evidence: needs backfill
✔ verbEvidenceMarkers: backfill ambiguous → exit 3 (13.4145ms)
ℹ tests 16
ℹ suites 0
ℹ pass 16
ℹ fail 0
ℹ cancelled 0
ℹ skipped 0
ℹ todo 0
ℹ duration_ms 338.409917
coverage-fleet.test.mjs: defined
(node:60954) [DEP0187] DeprecationWarning: Passing invalid argument types to fs.existsSync is deprecated
(Use `node --trace-deprecation ...` to show where the warning was created)
✔ list: empty registry → "No fleet tasks registered." (11.396375ms)
✔ list: renders entries, covering both age formats and effectiveKind (14.072334ms)
✔ prune: nothing stale → "nothing stale", no eviction (11.60875ms)
✔ prune: evicts a worktree entry whose directory is gone (10.80475ms)
✔ prune --dry-run: reports "Would evict" but leaves the registry intact (12.337458ms)
ℹ tests 5
ℹ suites 0
ℹ pass 5
ℹ fail 0
ℹ cancelled 0
ℹ skipped 0
ℹ todo 0
ℹ duration_ms 151.686459
coverage-kind.test.mjs: defined
[task-tracker] ✓ kind on #42: set to "audit".
[task-tracker] ✓ kind on #99: cleared (code is the default lane).
[task-tracker] ✓ kind on #42: set to "epic".
✔ no args → usage error, exit 1 (0.594709ms)
✔ one arg with no active task → exit 1 (2.295625ms)
✔ invalid kind → exit 1 (0.142458ms)
✔ invalid issue number → exit 1 (0.1295ms)
✔ happy path: explicit target + non-code kind → sets marker (3.25225ms)
✔ happy path: one-arg active-bind form + code kind → clears marker (3.62625ms)
✔ epic kind delegates all carriers to the shared metadata reconciler (0.229375ms)
✔ epic body reconciliation appends the introduced DoD verifier with the next stable id (25.51975ms)
✔ repeating epic body reconciliation is content-idempotent and Review preflight accepts it (25.065166ms)
ℹ tests 9
ℹ suites 0
ℹ pass 9
ℹ fail 0
ℹ cancelled 0
ℹ skipped 0
ℹ todo 0
ℹ duration_ms 235.360875
coverage-mirror-deep-dive.test.mjs: defined
mirror-deep-dive: --from-comment <id|url|#issuecomment-<id>> or --repair-placement is required
{
  "status": "repaired"
}
mirror-deep-dive: --repair-placement and --from-comment are mutually exclusive
mirror-deep-dive: no issue specified and no active binding — pass #N or /task start #N first
✔ missing --from-comment → exit 2 (0.5345ms)
✔ --repair-placement needs no source comment and uses the active target (4.693542ms)
✔ repair and source-comment modes are mutually exclusive (0.162167ms)
✔ no target and no active binding → exit 2 (1.392ms)
✔ target derived from active bind; unconfigured repo throws (1.160459ms)
✔ --from-comment= form + explicit #N → unconfigured repo throws (0.14775ms)
{
  "status": "mirrored",
  "commentId": "777",
  "url": "https://example/c/777"
}
✔ happy path: mirrors comment prose into the issue body, prints result (239.899667ms)
ℹ tests 7
ℹ suites 0
ℹ pass 7
ℹ fail 0
ℹ cancelled 0
ℹ skipped 0
ℹ todo 0
ℹ duration_ms 369.851417
coverage-plan-approve.test.mjs: defined
✔ runPlanApprove: throws without issueNumber (1.206917ms)
✔ runPlanApprove: throws without cfg (0.120416ms)
✔ runPlanApprove: not in plan state → wrong-state (0.188584ms)
✔ runPlanApprove: forbidden compound command in AC → forbidden-command (31.793166ms)
✔ runPlanApprove: both markers present → already-approved (no write) (122.241375ms)
✔ runPlanApprove: clean body → approved, mutate stamps both markers (133.664541ms)
✔ runPlanApprove: approval present, entry missing → re-stamped-entry (122.592292ms)
✔ verbPlanApprove: no issue number → usage, exit 1 (0.421166ms)
✔ verbPlanApprove: TT_SKIP_NETWORK set → refuses, exit 1 (0.179333ms)
✔ verbPlanApprove: approved → stdout, no exit (21.161792ms)
✔ verbPlanApprove: already-approved → stdout, no exit (20.674833ms)
✔ verbPlanApprove: re-stamped-entry → stdout, no exit (22.995ms)
✔ verbPlanApprove: repaired adaptive approval → stdout, no exit (23.571208ms)
✔ verbPlanApprove: missing adaptive forecast → stderr, exit 13 (21.30225ms)
✔ verbPlanApprove: wrong-state → stderr, exit 3 (22.9285ms)
✔ verbPlanApprove: forbidden-command → stderr, exit 12 (22.173917ms)
✔ verbPlanApprove: runPlanApprove throws → stderr, exit 1 (21.649625ms)
✔ verbPlanApprove: story binding refusal has stable diagnostics and nonzero exit (18.805125ms)
✔ verbPlanApprove: directory binding refusal has stable diagnostics and nonzero exit (19.032917ms)
✔ verbPlanApprove: persistence binding refusal has stable diagnostics and nonzero exit (29.627708ms)
✔ verbPlanApprove: fresh-directory binding refusal has stable diagnostics and nonzero exit (25.084417ms)
✔ verbPlanApprove: legacy binding repair reports renewal (26.111958ms)
ℹ tests 22
ℹ suites 0
ℹ pass 22
ℹ fail 0
ℹ cancelled 0
ℹ skipped 0
ℹ todo 0
ℹ duration_ms 860.576958
[task-tracker] validated projectDir override: AI_TASK_MANAGER_PROJECT_DIR=/Users/kpburson/projects/Vibe-Coding/ai-task-manager/.worktrees/1882-child-ci-integration/.scratch/test/promote-28HO9U for #100
✔ runPromote: throws without issueNumber or cfg (1.224625ms)
✔ runPromote: assertBound is invoked and may throw (0.197542ms)
[task-tracker] validated projectDir override: AI_TASK_MANAGER_PROJECT_DIR=/Users/kpburson/projects/Vibe-Coding/ai-task-manager/.worktrees/1882-child-ci-integration/.scratch/test/promote-28HO9U for #100
✔ runPromote: refine→R4P promoted via direct move + refine-estimate hook (216.114875ms)
[task-tracker] validated projectDir override: AI_TASK_MANAGER_PROJECT_DIR=/Users/kpburson/projects/Vibe-Coding/ai-task-manager/.worktrees/1882-child-ci-integration/.scratch/test/promote-28HO9U for #1005
✔ runPromote: consumes the final returned refinement plan without context mutation (22.837375ms)
[task-tracker] validated projectDir override: AI_TASK_MANAGER_PROJECT_DIR=/Users/kpburson/projects/Vibe-Coding/ai-task-manager/.worktrees/1882-child-ci-integration/.scratch/test/promote-28HO9U for #1471
[task-tracker] validated projectDir override: AI_TASK_MANAGER_PROJECT_DIR=/Users/kpburson/projects/Vibe-Coding/ai-task-manager/.worktrees/1882-child-ci-integration/.scratch/test/promote-28HO9U for #1473
[task-tracker] WARN: required project field "Start Time" (cfg.fieldStartTime) is not configured — board stamp skipped. Re-run `scripts/gh/init-project-config.sh` to discover and persist field ids.
[task-tracker] validated projectDir override: AI_TASK_MANAGER_PROJECT_DIR=/Users/kpburson/projects/Vibe-Coding/ai-task-manager/.worktrees/1882-child-ci-integration/.scratch/test/promote-28HO9U for #1472
[task-tracker] validated projectDir override: AI_TASK_MANAGER_PROJECT_DIR=/Users/kpburson/projects/Vibe-Coding/ai-task-manager/.worktrees/1882-child-ci-integration/.scratch/test/promote-28HO9U for #101
[task-tracker] validated projectDir override: AI_TASK_MANAGER_PROJECT_DIR=/Users/kpburson/projects/Vibe-Coding/ai-task-manager/.worktrees/1882-child-ci-integration/.scratch/test/promote-28HO9U for #1011
✔ runPromote: refine→R4P refused when refine-estimate signals missing (23.922125ms)
✔ runPromote: refine→R4P refused when refine-exit gate returns blockers (18.84325ms)
✔ runPromote: backlog→refine direct move (28.559542ms)
✔ runPromote: backlog→refine stamps Start time on success (19.902333ms)
✔ runPromote: plan→develop promoted when planned-estimate appendix present (25.220916ms)
[task-tracker] validated projectDir override: AI_TASK_MANAGER_PROJECT_DIR=/Users/kpburson/projects/Vibe-Coding/ai-task-manager/.worktrees/1882-child-ci-integration/.scratch/test/promote-28HO9U for #102
✔ runPromote: plan→develop refused when refine-estimate comment missing (22.272125ms)
[task-tracker] validated projectDir override: AI_TASK_MANAGER_PROJECT_DIR=/Users/kpburson/projects/Vibe-Coding/ai-task-manager/.worktrees/1882-child-ci-integration/.scratch/test/promote-28HO9U for #1361
[task-tracker] validated projectDir override: AI_TASK_MANAGER_PROJECT_DIR=/Users/kpburson/projects/Vibe-Coding/ai-task-manager/.worktrees/1882-child-ci-integration/.scratch/test/promote-28HO9U for #2572
[task-tracker] validated projectDir override: AI_TASK_MANAGER_PROJECT_DIR=/Users/kpburson/projects/Vibe-Coding/ai-task-manager/.worktrees/1882-child-ci-integration/.scratch/test/promote-28HO9U for #1031
[task-tracker] validated projectDir override: AI_TASK_MANAGER_PROJECT_DIR=/Users/kpburson/projects/Vibe-Coding/ai-task-manager/.worktrees/1882-child-ci-integration/.scratch/test/promote-28HO9U for #104
[task-tracker] validated projectDir override: AI_TASK_MANAGER_PROJECT_DIR=/Users/kpburson/projects/Vibe-Coding/ai-task-manager/.worktrees/1882-child-ci-integration/.scratch/test/promote-28HO9U for #108
[task-tracker] validated projectDir override: AI_TASK_MANAGER_PROJECT_DIR=/Users/kpburson/projects/Vibe-Coding/ai-task-manager/.worktrees/1882-child-ci-integration/.scratch/test/promote-28HO9U for #109
[task-tracker] validated projectDir override: AI_TASK_MANAGER_PROJECT_DIR=/Users/kpburson/projects/Vibe-Coding/ai-task-manager/.worktrees/1882-child-ci-integration/.scratch/test/promote-28HO9U for #132
[task-tracker] validated projectDir override: AI_TASK_MANAGER_PROJECT_DIR=/Users/kpburson/projects/Vibe-Coding/ai-task-manager/.worktrees/1882-child-ci-integration/.scratch/test/promote-28HO9U for #1751
[task-tracker] validated projectDir override: AI_TASK_MANAGER_PROJECT_DIR=/Users/kpburson/projects/Vibe-Coding/ai-task-manager/.worktrees/1882-child-ci-integration/.scratch/test/promote-28HO9U for #1753
[task-tracker] validated projectDir override: AI_TASK_MANAGER_PROJECT_DIR=/Users/kpburson/projects/Vibe-Coding/ai-task-manager/.worktrees/1882-child-ci-integration/.scratch/test/promote-28HO9U for #134
Usage: promote #N
✓ #1473 promoted: backlog → refine (direct)
✔ runPromote: develop→test delegates to /task test (40.517ms)
✔ runPromote: develop→test refused when CODE_COMPLETE gate blocks (29.161625ms)
✔ runPromote: test→review delegates to /task review (20.626792ms)
✔ runPromote: test→review refused when dod-verified marker missing (21.427625ms)
✔ runPromote: review→done delegates to /task close (21.794667ms)
✔ runPromote: terminal refusal on done (17.499666ms)
✔ runPromote: drift refused when live ≠ recorded (17.376ms)
✔ runPromote: bootstrap when lastKnownState absent (19.784125ms)
✔ runPromote: error when no recorded and no live state (23.95075ms)
✔ runPromote: transition-failed when alias verb exits non-zero (56.828375ms)
✔ runPromote: promoted-with-warning, markers already synced (noop repair) (74.217792ms)
✔ runPromote: promoted-with-warning, stale marker → repair write fires (45.426666ms)
✔ runPromote: delegate non-zero AND board drifted to non-target → transition-failed (54.33925ms)
✔ runPromote: post-failure getLiveState throw is swallowed (49.121208ms)
✔ runPromote: error when recorded state is unknown (25.350334ms)
✔ spawnVerbTimeout: test → undefined, others → finite budget (0.280584ms)
✔ verbPromote: no issue number → usage, exit 1 (0.444625ms)
✔ verbPromote: promoted → stdout, no exit (37.312083ms)
✓ #100 promoted: refine → ready-for-plan (direct)
  ↳ posted "### 🛠 Refine estimate" comment

⛔ Refusing to promote #1031 to review: test-to-review-dod-missing: `aitm-dod-verified` marker absent — re-run `/task test #1031` to produce sandbox evidence before promoting to Review.
   BLOCKED: test-to-review-dod-missing: `aitm-dod-verified` marker absent — re-run `/task test #1031` to produce sandbox evidence before promoting to Review.
   BLOCKED: aitm-entered-backlog
   BLOCKED: aitm-entered-refine
   BLOCKED: aitm-entered-plan
   BLOCKED: aitm-entered-develop
   BLOCKED: aitm-entered-test


⛔ Refusing to promote #1134 to develop: plan-exit-decomposition: must-split (size-xl, estimate-hours); no linked plan path; Run `npx aitm split-plan <issue> --dry-run` or add a complete visible `## Decomposition Waiver` section.
   BLOCKED: plan-exit-decomposition: must-split (size-xl, estimate-hours); no linked plan path
   BLOCKED: Run `npx aitm split-plan <issue> --dry-run` or add a complete visible `## Decomposition Waiver` section.


⛔ Refusing to promote #107:
   BLOCKED: drift detected: board says "develop", task-tracker says "plan". Run `/task reconcile <accept-live|revert-to-recorded>`.


⛔ already in done (#106); promote is forward-only.

✓ #1751 promoted: develop → test (/task test)
  ⚠ delegate /task test exited 1 — board reached target; treating as soft warning.
  ↳ marker repaired (attempts: 1)
promote: promote: delegate /task test exited 4; recorded state left at "develop".
promote: promote: unknown recorded state "bogus" for #110
promote: not bound to #9
✔ verbPromote: refine→R4P promoted prints refine-estimate comment line (34.401084ms)
✔ verbPromote: refused gate → exit 4 with BLOCKED lines (20.409875ms)
✔ verbPromote: decomposition refusal renders blockers and exits 4 (19.441ms)
✔ verbPromote: drift-refused → exit 4 (30.891083ms)
✔ verbPromote: terminal-refused → exit 4 (56.961083ms)
✔ verbPromote: promoted-with-warning prints soft-warning (30.449417ms)
✔ verbPromote: transition-failed → exits with delegate code (45.759541ms)
✔ verbPromote: error status → exit 1 (19.531834ms)
✔ verbPromote: runPromote throw → catch → exit 1 (0.706458ms)
ℹ tests 37
ℹ suites 0
ℹ pass 37
ℹ fail 0
ℹ cancelled 0
ℹ skipped 0
ℹ todo 0
ℹ duration_ms 1363.387083
coverage-update.test.mjs: defined
✔ no active task → "nothing to update", no flush (2.977083ms)
✔ active === discover → "nothing to update" (2.92275ms)
✔ happy path: default "checkpoint" description, wall == active → no wall note (15.738083ms)
✔ happy path: rest joins to description, wall != active → wall note shown (6.306042ms)
ℹ tests 4
ℹ suites 0
ℹ pass 4
ℹ fail 0
ℹ cancelled 0
ℹ skipped 0
ℹ todo 0
ℹ duration_ms 112.676
✔ deliver source has no terminal lifecycle dependency (1.100417ms)
✔ #1512 default adapter resolves @me to an eligible human reviewer (0.848209ms)
✔ #1512 default adapter normalizes exact-head PR review evidence (0.271292ms)
✔ default live PR snapshot records a server-confirmed deleted source branch (1.806708ms)
✔ #1635 merged PR attribution uses the full commit subject when GitHub truncates messageHeadline (0.30675ms)
✔ default PR adapter proves a complete paginated commit inventory (0.711208ms)
✔ default PR adapter rejects initial head mismatch (0.407875ms)
✔ default PR adapter rejects head drift between pages (0.222834ms)
✔ #1390 default PR adapter canonicalizes live GitHub second-precision mergedAt (0.288375ms)
✔ #1390 default PR adapter rejects missing or malformed mergedAt (0.399625ms)
✔ default merge-history inspector returns exact parents and authorized commit bytes (0.287083ms)
✔ #1389 default comment adapter canonicalizes live GitHub second-precision timestamps (0.18625ms)
✔ #1389 default comment adapter rejects malformed GitHub timestamps (0.088084ms)
✔ #1413 default delivery adapter excludes optional and historical PR checks (0.359042ms)
✔ #1413 default delivery adapter preserves pending required checks as non-green (0.195583ms)
✔ #1504 default delivery adapter reads an explicit absent required-check policy (0.211125ms)
✔ #1504 absent required checks remain unreadable after pull-request head drift (0.128083ms)
✔ #1504 default delivery adapter propagates unrelated exit-one check failures (0.085417ms)
ℹ tests 18
ℹ suites 0
ℹ pass 18
ℹ fail 0
ℹ cancelled 0
ℹ skipped 0
ℹ todo 0
ℹ duration_ms 123.739708
✔ #1490: external default-squash recovery writes one intent and one receipt (10.803666ms)
✔ #1583: secondary external recovery writes exactly one intent and one receipt (2.615041ms)
✔ #1583: unauthorized carrier title writes zero records (1.612958ms)
✔ #1490: a refused external default-squash recovery writes zero records (0.548ms)
✔ #1490: an indented canonical-looking trailer writes zero records (0.530292ms)
✔ #1490: the harness rejects an unexpected squash-parent ancestry question (0.771083ms)
✔ #1490: an unauthorized attribution token writes zero records (0.528167ms)
ℹ tests 7
ℹ suites 0
ℹ pass 7
ℹ fail 0
ℹ cancelled 0
ℹ skipped 0
ℹ todo 0
ℹ duration_ms 137.322041
✔ advanced local head refuses historical recovery without a prior intent (2.836292ms)
✔ advanced local head explicitly reconstructs a missing intent after proving historical delivery (6.994875ms)
▶ historical reconstruction and every retry enforce manual approval of the accepted historical SHA
  ✔ 0 records: missing approval (0.501041ms)
  ✔ 0 records: stale local-head approval (0.315667ms)
  ✔ 0 records: exact accepted-head approval (1.598ms)
  ✔ 1 records: missing approval (0.275625ms)
  ✔ 1 records: stale local-head approval (0.266542ms)
  ✔ 1 records: exact accepted-head approval (1.080209ms)
  ✔ 2 records: missing approval (0.455916ms)
  ✔ 2 records: stale local-head approval (0.355541ms)
  ✔ 2 records: exact accepted-head approval (1.226625ms)
  ✔ 3 records: missing approval (0.423542ms)
  ✔ 3 records: stale local-head approval (0.378583ms)
  ✔ 3 records: exact accepted-head approval (0.521ms)
✔ historical reconstruction and every retry enforce manual approval of the accepted historical SHA (9.400458ms)
✔ ordinary prior-intent historical recovery retains its existing manual-review behavior (2.812417ms)
✔ historical reconstruction retries a persisted 1-record prefix without duplicates (1.289667ms)
✔ historical reconstruction retries a persisted 2-record prefix without duplicates (1.183834ms)
✔ historical reconstruction retries a persisted 3-record prefix without duplicates (0.922709ms)
✔ historical reconstruction recovers a lost reconciliation POST response without duplicate records (1.092583ms)
▶ historical reconstruction retries require explicit authority and fresh provider/Git proof
  ✔ 1 records: missing flag (0.355833ms)
  ✔ 1 records: changed reason (0.221375ms)
  ✔ 1 records: placeholder reason (0.166709ms)
  ✔ 1 records: changed declaration (0.147792ms)
  ✔ 1 records: unreachable merge (0.256458ms)
  ✔ 1 records: changed topology (0.135625ms)
  ✔ 1 records: changed live bytes (0.339667ms)
  ✔ 2 records: missing flag (0.201125ms)
  ✔ 2 records: changed reason (0.234ms)
  ✔ 2 records: placeholder reason (0.221208ms)
  ✔ 2 records: changed declaration (0.191417ms)
  ✔ 2 records: unreachable merge (0.271958ms)
  ✔ 2 records: changed topology (0.22675ms)
  ✔ 2 records: changed live bytes (0.356875ms)
  ✔ 3 records: missing flag (0.2225ms)
  ✔ 3 records: changed reason (0.251084ms)
  ✔ 3 records: placeholder reason (0.229791ms)
  ✔ 3 records: changed declaration (0.219333ms)
  ✔ 3 records: unreachable merge (0.313625ms)
  ✔ 3 records: changed topology (0.272334ms)
  ✔ 3 records: changed live bytes (0.402167ms)
✔ historical reconstruction retries require explicit authority and fresh provider/Git proof (7.31975ms)
▶ historical reconstruction refuses missing, malformed, or mismatched v2 retry provenance
  ✔ missing (0.338042ms)
  ✔ malformed (0.803084ms)
  ✔ v1 only (0.502958ms)
  ✔ wrong origin (0.320041ms)
  ✔ wrong issue (0.39525ms)
  ✔ wrong repository (0.31775ms)
  ✔ wrong PR (0.266625ms)
  ✔ wrong accepted SHA (0.284708ms)
  ✔ wrong merge SHA (0.259583ms)
  ✔ wrong configured method (0.27325ms)
  ✔ wrong observed method (0.267208ms)
  ✔ wrong reason (0.26ms)
  ✔ false divergence (0.238667ms)
✔ historical reconstruction refuses missing, malformed, or mismatched v2 retry provenance (5.6265ms)
✔ historical reconstruction refuses unmerged PR without any ledger writes (0.171791ms)
✔ historical reconstruction refuses unreachable merge without any ledger writes (0.272917ms)
✔ historical reconstruction refuses unattributable topology without any ledger writes (0.238208ms)
✔ historical reconstruction refuses declared method mismatch without any ledger writes (0.171209ms)
✔ historical reconstruction refuses missing flag without any ledger writes (0.108ms)
✔ historical reconstruction refuses failed trunk fetch without any ledger writes (0.194ms)
✔ historical reconstruction refuses provider method mismatch without any ledger writes (1.379667ms)
✔ historical reconstruction refuses invalid attribution without any ledger writes (0.307667ms)
✔ advanced local head refuses an external recovery intent (0.398583ms)
ℹ tests 65
ℹ suites 0
ℹ pass 65
ℹ fail 0
ℹ cancelled 0
ℹ skipped 0
ℹ todo 0
ℹ duration_ms 159.671542
✔ default delivery adapter unwraps the raw GitHub GraphQL envelope for child lineage (1.276334ms)
✔ default delivery adapter accepts only an explicit null parent as top-level lineage (0.185916ms)
✔ default delivery adapter rejects GraphQL errors instead of selecting trunk (0.293083ms)
✔ default delivery adapter rejects missing data instead of selecting trunk (0.469875ms)
✔ default delivery adapter rejects missing issue instead of selecting trunk (0.146708ms)
✔ default delivery adapter rejects malformed parent instead of selecting trunk (0.194917ms)
ℹ tests 6
ℹ suites 0
ℹ pass 6
ℹ fail 0
ℹ cancelled 0
ℹ skipped 0
ℹ todo 0
ℹ duration_ms 101.458458
✔ omits a matching unattributed source record with two repository parents (1.050625ms)
✔ accepts GitHub ellipsis truncation when immutable inspection proves the full merge title (0.115208ms)
✔ preserves strict attribution input for one parent (0.077083ms)
✔ preserves strict attribution input for mismatched title (0.058792ms)
✔ preserves strict attribution input for malformed parents (0.071541ms)
✔ preserves strict attribution input when repository inspection fails (0.106375ms)
✔ preserves strict attribution input when immutable records are malformed (0.082084ms)
✔ refuses merged attribution when the provider inventory is not proven complete (0.054583ms)
✔ does not inspect attributed source subjects (0.0775ms)
ℹ tests 9
ℹ suites 0
ℹ pass 9
ℹ fail 0
ℹ cancelled 0
ℹ skipped 0
ℹ todo 0
ℹ duration_ms 97.335667
✔ selects the current PR while retaining valid prior delivery history (5.214125ms)
ℹ tests 1
ℹ suites 0
ℹ pass 1
ℹ fail 0
ℹ cancelled 0
ℹ skipped 0
ℹ todo 0
ℹ duration_ms 101.646375
✔ reviewed audit records action-free delivery and reuses exact readback (7.150709ms)
✔ no-commit delivery refuses an issue-body change before posting its record (0.639125ms)
✔ review-waived audit records action-free delivery without pass evidence (1.662042ms)
✔ no-commit delivery refuses invalid semantic-review waiver authority before mutation (0.775542ms)
✔ code-kind issue never enters the no-commit delivery path (0.368ms)
✔ root epic without a PR cannot enter the no-commit delivery path (0.152792ms)
✔ epic with a pull request uses provider delivery instead of no-commit delivery (0.195667ms)
✔ no-commit delivery fails closed without exact deliverable evidence (0.299208ms)
ℹ tests 8
ℹ suites 0
ℹ pass 8
ℹ fail 0
ℹ cancelled 0
ℹ skipped 0
ℹ todo 0
ℹ duration_ms 118.982292
✔ selects the sole current-head PR from historical branch PRs (10.32ms)
✔ recovers the sole merged current-head PR from historical branch PRs (6.751708ms)
✔ preserves count refusal for zero or duplicate exact-head PRs (0.63875ms)
ℹ tests 3
ℹ suites 0
ℹ pass 3
ℹ fail 0
ℹ cancelled 0
ℹ skipped 0
ℹ todo 0
ℹ duration_ms 144.765792
✔ returns null when the lane is not requested (0.494834ms)
✔ parses the declared method and reason (0.449916ms)
✔ accepts the equals form (0.114917ms)
✔ refuses a method outside the known set (0.243416ms)
✔ refuses a missing reason — the ledger must record why (0.075542ms)
✔ refuses an empty or placeholder reason (0.167042ms)
✔ refuses a reason without the lane flag, so it cannot be silently ignored (0.081042ms)
✔ refuses a repeated flag rather than picking one (0.067084ms)
ℹ tests 8
ℹ suites 0
ℹ pass 8
ℹ fail 0
ℹ cancelled 0
ℹ skipped 0
ℹ todo 0
ℹ duration_ms 146.116084
✔ current semantic-review waiver reaches provider delivery without pass evidence (11.636375ms)
✔ semantic-review waiver fails closed before delivery mutation when live authority is invalid (1.027416ms)
✔ semantic-review waiver refuses an ambiguous Timing Log authority source (0.210709ms)
ℹ tests 3
ℹ suites 0
ℹ pass 3
ℹ fail 0
ℹ cancelled 0
ℹ skipped 0
ℹ todo 0
ℹ duration_ms 116.409709
✔ external recovery refuses identical source and merge messages as squash proof (8.371959ms)
✔ external recovery refuses a multi-commit inventory not terminating at the accepted head as squash proof (0.59375ms)
✔ external recovery refuses missing source evidence fields as squash proof (2.6775ms)
✔ external recovery refuses source parent mismatch as squash proof (2.947875ms)
✔ external recovery refuses source tree mismatch as squash proof (1.600583ms)
✔ external recovery refuses configured merge method as squash proof (1.652583ms)
ℹ tests 6
ℹ suites 0
ℹ pass 6
ℹ fail 0
ℹ cancelled 0
ℹ skipped 0
ℹ todo 0
ℹ duration_ms 139.833541
✔ classification retains SHA records and verifies only unattributed merges (1.257417ms)
✔ failed merge inspection leaves its source SHA attributable (0.147875ms)
✔ classification keeps duplicate subjects bound to distinct source SHAs (0.126542ms)
✔ open-PR preflight binds every exception scope and mapping field (4.714708ms)
✔ open-PR preflight omits a locally verified two-parent ancestry merge (4.7815ms)
✔ open-PR preflight preserves an unattributed local commit omitted by provider records (0.63525ms)
✔ merged external recovery refuses an incomplete provider commit inventory (0.370291ms)
✔ merged external recovery refuses source inventory not bound to the PR head (0.25175ms)
✔ merged external recovery refuses source inventory not bound to the PR head (0.219208ms)
ℹ tests 9
ℹ suites 0
ℹ pass 9
ℹ fail 0
ℹ cancelled 0
ℹ skipped 0
ℹ todo 0
ℹ duration_ms 140.261208
✔ first open-PR call posts one exact intent before emitting one action and exits 20 (11.00775ms)
✔ configured rebase refuses before durable intent or provider action output (0.679584ms)
✔ lost POST response reconciles the server-visible dedupe key without posting again (2.379167ms)
✔ same dedupe key with divergent authorized bytes fails closed (0.624917ms)
✔ same-head pending intent reruns live preflight and re-emits byte-identical JSON (1.443708ms)
✔ merged exact head is independently verified and receives one durable receipt (4.1855ms)
✔ merged verification rejects a missing merge SHA (2.96575ms)
✔ merged verification rejects the wrong recorded pre-merge head (1.014959ms)
✔ merged delivery refuses a test SHA disagreement without appending a receipt (0.879833ms)
✔ merged delivery refuses a review SHA disagreement without appending a receipt (0.779709ms)
✔ merged verification rejects an exposed merge-method mismatch (1.180625ms)
✔ merged verification rejects a live-history merge-method mismatch (1.097166ms)
✔ merged verification rejects an indistinguishable live-history merge method (2.367959ms)
✔ ordinary delivery still requires live merge bytes to equal the prior authorization (2.30325ms)
✔ configured merge verifies an exact two-parent live-history shape (3.455917ms)
✔ merged verification rejects unknown branch disposition observations (6.498125ms)
✔ merged verification fails closed when the authoritative trunk fetch fails (1.262458ms)
✔ merged verification rejects a merge result unreachable from fetched origin/trunk (1.267833ms)
✔ ordinary intent rejects a merge timestamp earlier than the server intent timestamp (1.92875ms)
✔ ambiguous provider outcome reconciles an open PR as the same action-required intent (1.5625ms)
✔ ambiguous provider outcome reconciles a merged PR from live state, not provider output (3.028167ms)
✔ repeated exact receipt re-verifies live PR and trunk without creating another comment (3.668166ms)
✔ advanced local head recovers one historical receipt from a prior durable intent (1.59275ms)
✔ advanced local head refuses historical recovery while the accepted PR is open (0.746292ms)
✔ advanced local head requires accepted Agent Review and standing approval (1.502417ms)
✔ advanced local head refuses wrong-SHA Test or Review evidence (1.373667ms)
✔ advanced local head enforces intent-time ordering and trunk reachability (2.086125ms)
✔ advanced local head rejects divergent prior intent repository bytes (1.053875ms)
✔ advanced local head rejects divergent prior intent issue bytes (1.474875ms)
✔ advanced local head rejects divergent prior intent pull request bytes (1.091625ms)
✔ advanced local head rejects divergent prior intent base bytes (1.832541ms)
✔ advanced local head rejects divergent prior intent branch bytes (1.494167ms)
✔ advanced local head rejects divergent prior intent head bytes (0.841375ms)
✔ advanced local head rejects divergent prior intent method bytes (0.890458ms)
✔ advanced local head rejects divergent prior intent attribution bytes (1.169583ms)
✔ advanced local head rejects divergent prior intent title bytes (0.887125ms)
✔ advanced local head rejects divergent prior intent message bytes (0.822083ms)
✔ advanced local head refuses historical recovery when Full-Auto delivery is disabled (0.906625ms)
✔ advanced local head rejects duplicate and divergent historical receipts (3.795667ms)
✔ lost receipt POST response is reconciled from the single server-visible receipt (1.741208ms)
✔ conflicting receipts fail closed before any new comment is created (1.825167ms)
✔ already-merged external recovery appends an external intent and receipt without an action (1.054291ms)
✔ external recovery proves a configured squash from complete single-source history (0.815417ms)
✔ external recovery accepts exact legacy escaped attribution (1.452417ms)
▶ external recovery refuses altered legacy escaped attribution
  ✔ missing (0.335834ms)
  ✔ altered (0.360875ms)
  ✔ duplicated (0.557541ms)
  ✔ physical newlines (0.404541ms)
  ✔ altered title (0.844541ms)
  ✔ non-squash (0.401292ms)
  ✔ multiple tokens (0.297416ms)
✔ external recovery refuses altered legacy escaped attribution (3.70975ms)
✔ external recovery refuses ambiguous one-parent rewritten history with missing method observation (0.267708ms)
✔ external recovery refuses ambiguous one-parent rewritten history with null method observation (0.202333ms)
✔ external recovery strictly rejects malformed provider merge-method evidence (0.224833ms)
✔ external recovery rejects a provider method observation that mismatches configuration (0.244834ms)
✔ external recovery structurally verifies a two-parent merge without provider method evidence (0.757667ms)
✔ ordinary prior-intent squash remains verifiable without provider method evidence (1.16525ms)
✔ external recovery records observed merge bytes instead of synthesizing provider bytes (1.188959ms)
✔ external recovery refuses empty-title observed commit bytes before writing (0.337833ms)
✔ external recovery refuses control-character-title observed commit bytes before writing (0.2645ms)
✔ external recovery refuses control-character-message observed commit bytes before writing (0.224417ms)
✔ failed first external recovery writes nothing and a corrected retry succeeds (0.940583ms)
✔ external recovery derives required attribution from PR history when post-merge range is empty (0.777291ms)
✔ repeated external recovery re-verifies as already delivered without timestamp reclassification (1.759208ms)
✔ changed head requires fresh Test and review evidence then supersedes the prior intent (3.63175ms)
✔ child lineage returns an explicit non-provider result without provider or terminal effects (0.113583ms)
✔ unknown lineage fails closed instead of being classified as child delivery (0.092291ms)
✔ requested issue number never substitutes for a missing active binding (0.159458ms)
ℹ tests 69
ℹ suites 0
ℹ pass 69
ℹ fail 0
ℹ cancelled 0
ℹ skipped 0
ℹ todo 0
ℹ duration_ms 217.99975
✔ defaultRunMoveState (demote) delegates to host with --demote argv + demote env (0.603375ms)
✔ defaultRunMoveState (demote) returns the host exit code verbatim (0.152667ms)
ℹ tests 2
ℹ suites 0
ℹ pass 2
ℹ fail 0
ℹ cancelled 0
ℹ skipped 0
ℹ todo 0
ℹ duration_ms 162.707208
✔ demote: test→develop happy path (4.136792ms)
✔ demote: review→develop happy path (0.310208ms)
✔ demote: refused from every non-{test,review} source (0.236167ms)
✔ demote: drift refused when live ≠ recorded (0.096459ms)
✔ demote: transition-failed when move-state exits non-zero (0.107542ms)
✔ demote: bootstrap when lastKnownState absent — syncs to live, then refuses if live is not test/review (0.121166ms)
✔ demote: bootstrap then demote from test succeeds (0.1685ms)
✔ demote: test→develop landed write carries develop marker (#295 closure semantics) (0.127875ms)
ℹ tests 8
ℹ suites 0
ℹ pass 8
ℹ fail 0
ℹ cancelled 0
ℹ skipped 0
ℹ todo 0
ℹ duration_ms 157.354375
✔ runDemote hard-refuses with no --rework (from review) (0.83375ms)
✔ runDemote hard-refuses with no --rework (from test) (0.093084ms)
✔ runDemote treats a whitespace-only --rework as absent (0.070792ms)
✔ runDemote with a real --rework from a legal source demotes and threads the reason (0.555542ms)
✔ runDemote still refuses an illegal source even with --rework (0.242583ms)
✔ defaultRunMoveState appends --demote and --demote-reason when a reason is present (0.354292ms)
✔ defaultRunMoveState omits --demote-reason when the reason is blank (0.165333ms)
✔ parseArgs extracts issue number and --rework in both forms (0.492666ms)
✔ #932 demote-strips-VC-evidence: uncheck + drop run-props, keep declaration (1.083083ms)
✔ #932 demote-preserves-protected: no invariant marker is lost (1.498291ms)
✔ #932 re-promote-restamps-new-sha: stripped item re-stamps against the new HEAD, not the old (0.294209ms)
✔ #932 demote-with-nothing-to-strip: a body with only declarations is a safe no-op (0.093375ms)
✔ #1557 compatibility repair accepts only the exact valid stranded provenance tuple (1.677875ms)
✔ #932 runDemote wires invalidateEvidence into the state-recording mutate and reports it (2.043875ms)
✔ #848 AC6: demote LEGAL_FROM/DEMOTE_TARGET unchanged by the park addition (0.085209ms)
ℹ tests 15
ℹ suites 0
ℹ pass 15
ℹ fail 0
ℹ cancelled 0
ℹ skipped 0
ℹ todo 0
ℹ duration_ms 168.900125
✔ Develop owns exact-head implementation verification as a resident action (0.674917ms)
✔ Develop verification runs the finalizer and persists its receipt (0.171375ms)
✔ Develop verification accepts project-provider required classifications at exact head (2.136334ms)
✔ Develop verification rejects malformed project-provider required classifications (0.293667ms)
ℹ tests 4
ℹ suites 0
ℹ pass 4
ℹ fail 0
ℹ cancelled 0
ℹ skipped 0
ℹ todo 0
ℹ duration_ms 88.769166
dod-stamp-state-gate.test.mjs: defined
[task-tracker] dod-stamp tests: restricted verifier command(s) [npm run test:all] require the issue to be in `test` (current: `develop`). Run `/task promote` to reach `test`, where a sandboxed suite run is the sanctioned path.
[task-tracker] dod-stamp tests on #778: running 1 verifier(s)…
  ✓ npm run test:all (exit=0)
[task-tracker] ✓ dod-stamp tests on #778: run-props upserted onto the dod:functional:tests line's aitm-verified marker (sha=abc1234).
[task-tracker] ac-stamp: restricted verifier command(s) [npm run test:all] require the issue to be in `test` (current: `develop`). Run `/task promote` to reach `test`, where a sandboxed suite run is the sanctioned path.
[task-tracker] ac-stamp on #780: running 1 verifier(s) for AC "full suite must pass"…
  ✓ npm run test:all (exit=0)
[task-tracker] ✓ ac-stamp on #780: run-props (key=3bdb5b17) upserted onto the AC line's aitm-verified marker (sha=abc1234).
[task-tracker] dod-stamp tests on #781: reusing Test receipt 01KYZ7Q7808E2FS72FVEF39CPT; standard commands were not rerun.
[task-tracker] ✓ dod-stamp tests on #781: run-props upserted onto the dod:functional:tests line's aitm-verified marker (sha=aaaaaaaaaaaaaaaaaaaaaaaaaaaaaaaaaaaaaaaa).
[task-tracker] dod-stamp tests: verifier command(s) [npm run test:all] cannot run in `review`. Demote and run `/task test` to produce a valid exact-SHA Test receipt, then retry.
[task-tracker] dod-stamp tests on #783: reusing Test receipt 01KYZ7Q78053X2J7ANS2NV6CY8; standard commands were not rerun.
[task-tracker] ✓ dod-stamp tests on #783: run-props upserted onto the dod:functional:tests line's aitm-verified marker (sha=aaaaaaaaaaaaaaaaaaaaaaaaaaaaaaaaaaaaaaaa).
[task-tracker] ac-stamp on #784: reusing Test receipt 01KYZ7Q780GWRM0QQBRTW94AP4; standard commands were not rerun.
[task-tracker] ✓ ac-stamp on #784: evidence stamped from Test receipt (sha=aaaaaaaaaaaaaaaaaaaaaaaaaaaaaaaaaaaaaaaa).
[task-tracker] dod-stamp tests: verifier command(s) [npm run lint] cannot run in `review`. Demote and run `/task test` to produce a valid exact-SHA Test receipt, then retry.
[task-tracker] ac-stamp: verifier command(s) [npm run lint] cannot run in `review`. Demote and run `/task test` to produce a valid exact-SHA Test receipt, then retry.
[task-tracker] dod-stamp tests: verifier command(s) [npm run test:all] cannot run in `review`. Demote and run `/task test` to produce a valid exact-SHA Test receipt, then retry.
[task-tracker] ac-stamp: verifier command(s) [npm run test:all] cannot run in `review`. Demote and run `/task test` to produce a valid exact-SHA Test receipt, then retry.
[task-tracker] dod-stamp tests: live issue state could not be resolved; verifier execution is refused.
[task-tracker] ac-stamp: live issue state could not be resolved; verifier execution is refused.
✔ dod-stamp tests: refuses in develop, verifier never runs (6.250542ms)
✔ dod-stamp tests: proceeds normally once in test state (6.809666ms)
✔ ac-stamp: refuses a restricted verifier command in develop, verifier never runs (3.417542ms)
✔ ac-stamp: proceeds normally once in test state (6.048417ms)
✔ dod-stamp tests: Review + valid receipt reuses and does not spawn npm (3.750125ms)
✔ dod-stamp tests: Review + stale receipt refuses and does not spawn npm (1.905125ms)
✔ dod-stamp tests: Test + valid receipt reuses and does not spawn npm (3.040875ms)
✔ ac-stamp: Review + valid receipt reuses Test provenance and does not spawn npm (3.043917ms)
✔ Review + uncovered lint refuses on both stamp surfaces without spawning npm (2.764625ms)
✔ Review + issue-mismatched receipt refuses on both stamp surfaces (3.243833ms)
✔ unavailable live state refuses on both stamp surfaces (4.596083ms)
ℹ tests 11
ℹ suites 0
ℹ pass 11
ℹ fail 0
ℹ cancelled 0
ℹ skipped 0
ℹ todo 0
ℹ duration_ms 157.204417
ensure-checked.test.mjs: defined
[task-tracker] ✓ Checked "proven ac with execution proof" on #777
[task-tracker] ✓ Checked "proven ac with execution proof" on #777
[task-tracker] ✓ "proven ac with execution proof" already checked on #777 (no-op)
[task-tracker] ✓ "verified ac checked" already checked on #777 (no-op)
EVIDENCE_REQUIRED: [task-tracker] ✗ Refusing to tick AC "verified ac unchecked" on #777.
  This acceptance criterion declares a verifier (aitm-verified cmd="…") but carries
  no aitm-ac-evidence:abc61792 marker. Run `/task ac-stamp "verified ac unchecked"` to
  execute `echo ok` in a sandbox; the evidence marker it stamps unlocks this tick.
[task-tracker] ✓ Checked "plain ac no verifier" on #777 (unverified — audit marker recorded)
UNVERIFIED_HATCH_REFUSED: [task-tracker] ✗ Refusing --allow-unverified-ticks on AC "undeclared ac no verifier no marker" in #777.
  This acceptance criterion declares no verifier and carries no
  `<!-- aitm-non-demonstrable -->` opt-out marker, so it is not yet classified as
  demonstrable or honestly non-demonstrable. Either declare a verifier (aitm-verified
  cmd="…") and run `/task ac-stamp "undeclared ac no verifier no marker"`, or add the opt-out marker to the line
  if it is genuinely unverifiable.
UNVERIFIED_HATCH_REFUSED: [task-tracker] ✗ Refusing --allow-unverified-ticks on AC "verified ac unchecked" in #777.
  This acceptance criterion declares a verifier (aitm-verified cmd="…"), so it is
  demonstrable — the unverified hatch is only for ACs carrying the
  `<!-- aitm-non-demonstrable -->` opt-out marker or otherwise no machine verifier.
  Run `/task ac-stamp "verified ac unchecked"` to execute `echo ok` and stamp real evidence instead.
✔ setChecklistLine: ticks an unchecked line (changed) (0.840875ms)
✔ setChecklistLine: already-checked is a byte-identical no-op (0.0895ms)
✔ setChecklistLine: checked desired never unchecks a checked line (0.068ms)
✔ setChecklistLine: preserves trailing evidence markers on tick (0.083916ms)
✔ setChecklistLine: not-found (0.094334ms)
✔ setChecklistLine: ambiguous reports count (0.079542ms)
✔ setChecklistLines: folds desired across labels, records per-label result (0.449708ms)
✔ verbEnsureChecked: ticks a proof-bearing unchecked AC and writes [x] (8.093916ms)
✔ verbEnsureChecked: idempotent re-run on already-checked is a no-op (3.248542ms)
✔ verbEnsureChecked: never unchecks an already-checked AC (1.875625ms)
✔ verbEnsureChecked: evidence gate fires on verifier-AC transition → exit 1 (1.653209ms)
✔ verbEnsureChecked: --allow-unverified-ticks hatch ticks a proofless AC (2.112292ms)
✔ verbEnsureChecked: --allow-unverified-ticks refused on an undeclared AC (no verifier, no marker) → exit 1 (1.792875ms)
✔ verbEnsureChecked: --allow-unverified-ticks refused on verifier AC → exit 1 (1.942417ms)
[task-tracker] ✓ Marked deep-dive-complete on #777 at 2026-10-05T02:27:06.867Z
✔ verbEnsureChecked: special-label "deep dive complete" routes to ensureDeepDive (228.5745ms)
[task-tracker] ✓ Marked discussion complete on #777 at 2026-10-05T02:27:07.092Z (token stripped, aitm-discussed stamped, Discuss label removed)

✅ DISCUSSION RESOLVED — #777 · implementation may commence
✔ verbEnsureChecked: special-label "discussion complete" marks discussed (50.678125ms)
ℹ tests 16
ℹ suites 0
ℹ pass 16
ℹ fail 0
ℹ cancelled 0
ℹ skipped 0
ℹ todo 0
ℹ duration_ms 421.418083
ensure-unchecked.test.mjs: defined
[task-tracker] ✓ Unchecked "verified ac checked" on #777
[task-tracker] ✓ "plain ac no verifier" already unchecked on #777 (no-op)
[task-tracker] ✓ "plain ac no verifier" already unchecked on #777 (no-op)
[task-tracker] ✓ Unchecked "verified ac checked" on #777
[task-tracker] checkbox "deep dive complete" not found in #777
Checkboxes found:
  "plain ac no verifier"
  "verified ac checked <!-- aitm-verified cmd="`echo ok`" -->"
[task-tracker] checkbox "discussion complete" not found in #777
Checkboxes found:
  "plain ac no verifier"
  "verified ac checked <!-- aitm-verified cmd="`echo ok`" -->"
✔ setChecklistLine: unchecks a checked line (changed) (0.798916ms)
✔ setChecklistLine: already-unchecked is a byte-identical no-op (0.092958ms)
✔ setChecklistLine: unchecked desired never checks an unchecked line (0.0665ms)
✔ setChecklistLine: preserves trailing evidence markers on untick (0.080041ms)
✔ setChecklistLines: folds untick across labels with per-label results (0.523459ms)
✔ verbEnsureUnchecked: unchecks a checked AC and writes [ ] (7.49175ms)
✔ verbEnsureUnchecked: idempotent re-run on already-unchecked is a no-op (1.833875ms)
✔ verbEnsureUnchecked: never checks an unchecked AC (1.408875ms)
✔ verbEnsureUnchecked: runs NO evidence gate when un-ticking a verifier AC (2.642375ms)
✔ verbEnsureUnchecked: "deep dive complete" is ordinary text, not the marker route (2.205458ms)
✔ verbEnsureUnchecked: "discussion complete" is ordinary text, not the discuss route (1.780875ms)
ℹ tests 11
ℹ suites 0
ℹ pass 11
ℹ fail 0
ℹ cancelled 0
ℹ skipped 0
ℹ todo 0
ℹ duration_ms 127.303291
[task-tracker] ✓ #1067 AC-reconciled: epic goals re-read against delivered children.
[task-tracker] ✓ #1067 deliverable recorded: https://github.com/kburson/ai-task-manager/issues/1067#issuecomment-5227079541
AC↔child bijection — epic #1067: no `**Cn · #NNN**` mapping declared on any AC. 1 AC(s) and 0 child(ren) are related only by convention, so neither drift direction can be detected here. Declaring the mapping is optional — knowing it is absent is not.
[task-tracker] ✓ #1067 AC-reconciled: epic goals re-read against delivered children.
[task-tracker] ✓ #1067 deliverable recorded: https://github.com/kburson/ai-task-manager/issues/1067#issuecomment-5227079541
AC↔child bijection — epic #1067: no `**Cn · #NNN**` mapping declared on any AC. 1 AC(s) and 0 child(ren) are related only by convention, so neither drift direction can be detected here. Declaring the mapping is optional — knowing it is absent is not.
[task-tracker] ✓ #1067 AC-reconciled: epic goals re-read against delivered children.
AC↔child bijection — epic #1067: no `**Cn · #NNN**` mapping declared on any AC. 1 AC(s) and 0 child(ren) are related only by convention, so neither drift direction can be detected here. Declaring the mapping is optional — knowing it is absent is not.
✔ setDeliverablePosted inserts one URL-bearing marker and retries byte-identically (0.991042ms)
✔ setDeliverablePosted refuses to replace a different or provenance-free marker (1.480458ms)
✔ validateEpicDeliverableComment accepts only a non-empty comment on the target issue (0.69375ms)
✔ parseEpicReconcileArgs supports explicit and active targets and rejects malformed flags (0.279625ms)
✔ verbEpicReconcile validates the comment before one combined versioned mutation (1.392708ms)
✔ foreign deliverable fails before body mutation (0.173375ms)
✔ production comment fetch reads the exact REST comment endpoint (0.401542ms)
✔ no deliverable flag preserves reconciliation-only compatibility (0.182625ms)
ℹ tests 8
ℹ suites 0
ℹ pass 8
ℹ fail 0
ℹ cancelled 0
ℹ skipped 0
ℹ todo 0
ℹ duration_ms 92.235917
✔ closed command arguments accept every registered operation and reject unknown or duplicate inputs (0.836417ms)
✔ show is read-only, all mutations require parent authority and common admission locking (2.761042ms)
✔ operator catalog exposes scoped authority, recovery and no lifecycle mutation (0.185709ms)
✔ registered lock inspection is read-only and release requires parent authority and exact observation (0.67725ms)
ℹ tests 4
ℹ suites 0
ℹ pass 4
ℹ fail 0
ℹ cancelled 0
ℹ skipped 0
ℹ todo 0
ℹ duration_ms 100.036958
✔ verified recovery releases a confirmed closed issue without an override (0.953ms)
✔ advisory fleet cleanup cannot turn an authoritative recovery into failure (0.166458ms)
✔ recovery refuses to release a binding for an open issue (0.257ms)
✔ recovery fails closed when GitHub issue state is unavailable (0.110167ms)
ℹ tests 4
ℹ suites 0
ℹ pass 4
ℹ fail 0
ℹ cancelled 0
ℹ skipped 0
ℹ todo 0
ℹ duration_ms 68.132125
✔ legacy body without dod:functional markers passes the gate (0.91875ms)
✔ label outside Functional section passes the gate (0.851792ms)
✔ stampable key without evidence marker refuses with missing-evidence (0.112292ms)
✔ stampable key WITH evidence marker passes (0.102375ms)
✔ derived keys refuse outright with refuse-derived (0.103375ms)
✔ already-ticked Functional key passes (unticking allowed) (0.075458ms)
ℹ tests 6
ℹ suites 0
ℹ pass 6
ℹ fail 0
ℹ cancelled 0
ℹ skipped 0
ℹ todo 0
ℹ duration_ms 86.19225
✔ deliver help and catalog describe current-head and historical recovery modes exactly (0.885375ms)
✔ #1573: deliver help exposes merge-method reconciliation without overstating it (0.169792ms)
✔ close help distinguishes Incorporated owner assertion from duplicate and incident-epic use (0.212708ms)
✔ close help exposes the audited stale pre-terminal transaction restart contract (0.187334ms)
✔ #1490: close help exposes the reopened completed-transaction recovery contract (0.211917ms)
✔ #1635: close help exposes the audited protected-base false-delivery recovery contract (0.236667ms)
✔ incident-ledger help requires executable Incorporated carrier authority (0.23575ms)
ℹ tests 7
ℹ suites 0
ℹ pass 7
ℹ fail 0
ℹ cancelled 0
ℹ skipped 0
ℹ todo 0
ℹ duration_ms 80.766375
✔ incident-ledger keeps record and approval as mutually exclusive explicit modes (0.961125ms)
✔ incident-ledger help and provider rule publish exact verifier phase syntax (0.273625ms)
✔ production runtime fetches and pins one fresh origin/trunk snapshot (0.278042ms)
ℹ tests 3
ℹ suites 0
ℹ pass 3
ℹ fail 0
ℹ cancelled 0
ℹ skipped 0
ℹ todo 0
ℹ duration_ms 103.551375
PASS: parseArgs extracts all fields
PASS: validateArgs rejects unknown size
PASS: buildInflationSection produces three-part format
PASS: successful append — comment patched, board updated, body updated
PASS: estimate inflation converges comment, board, and body on the ceiling
PASS: missing refine-estimate comment → no-refine-comment
PASS: idempotent re-run appends second block, preserves first

All inflate-estimate tests passed.
✔ scripts/tests/unit/task-tracker/verbs/inflate-estimate.test.mjs (78.910375ms)
ℹ tests 1
ℹ suites 0
ℹ pass 1
ℹ fail 0
ℹ cancelled 0
ℹ skipped 0
ℹ todo 0
ℹ duration_ms 84.712417
✔ issue-body parses one target and one operation file strictly (1.06075ms)
✔ issue-body accepts only the versioned declarative schemas (0.1705ms)
✔ exact replacement is evaluated against the fresh body and requires one match (0.458625ms)
✔ exact replacement treats JavaScript replacement tokens as literal text (0.062666ms)
✔ named section replacement obeys heading boundaries and explicit preconditions (0.266167ms)
✔ expectedVersion is checked inside the fresh-base transformation (0.157042ms)
✔ declarative operations preserve every AITM marker byte-for-byte (0.088208ms)
✔ runIssueBodyOperation uses canonical mutate and verifies returned live body (0.398542ms)
✔ canonical write enforces expected version and protected-marker invariants (0.400584ms)
✔ unstamped verifier declarations can migrate explicitly without changing proof or policy (0.652125ms)
✔ verifier declaration migration refuses checked or historical proof-bearing DoD lines (0.1605ms)
ℹ tests 11
ℹ suites 0
ℹ pass 11
ℹ fail 0
ℹ cancelled 0
ℹ skipped 0
ℹ todo 0
ℹ duration_ms 125.138833
✔ issue enumeration stays below GitHub GraphQL node-cost limits (0.951583ms)
✔ classification migrates only strict open markers and ignores fenced examples (1.121833ms)
✔ marker removal preserves fenced examples byte-for-byte (0.354416ms)
✔ argument parser requires exactly one explicit mode (0.264625ms)
✔ dry-run reports deterministic actions without mutation (0.262625ms)
✔ apply orders native convergence and readback before destructive legacy cleanup (0.131917ms)
✔ every partial failure preserves the final legacy marker step for retry (0.365334ms)
✔ apply refuses a changed live marker before any graph or cleanup mutation (0.1005ms)
✔ strict candidates with no missing native edge report already-native (0.326666ms)
✔ run reports ambiguous open carriers as exit 3 only for apply (0.1475ms)
ℹ tests 10
ℹ suites 0
ℹ pass 10
ℹ fail 0
ℹ cancelled 0
ℹ skipped 0
ℹ todo 0
ℹ duration_ms 91.901459

⛔ Refusing to move #1711 to develop:
   BLOCKED: #1711 is in plan; shared guard evaluator threw

Use `/task unblock` (or close the blockers) before retrying this move.

[task-tracker] Could not move 42 to test: move-state exited 1
[task-tracker] Run manually: node scripts/gh/move-state.mjs 42 test
[task-tracker] Could not move 42 to test: move-state exited 2
[task-tracker] Run manually: node scripts/gh/move-state.mjs 42 test
[task-tracker] Could not move 42 to test: move-state exited 3
[task-tracker] Run manually: node scripts/gh/move-state.mjs 42 test
[task-tracker] Could not move 42 to test: move-state exited 5
[task-tracker] Run manually: node scripts/gh/move-state.mjs 42 test
[task-tracker] Could not move 42 to test: move-state exited 7
[task-tracker] Run manually: node scripts/gh/move-state.mjs 42 test
✔ both promotion paths provide the production intent adapter and Develop target (44.591542ms)
✔ every lifecycle command maps to one explicit Cursor trigger and target contract (0.711209ms)
✔ command Cursor requests reject inferred or extra targets (0.243958ms)
✔ every caller seam produces the canonical argv shape + verb context (0.849833ms)
✔ every caller seam relays the host exit code verbatim (2.738375ms)
✔ runtime(→close) seam: canonical argv + runtime context + status parity (140.051208ms)
ℹ tests 6
ℹ suites 0
ℹ pass 6
ℹ fail 0
ℹ cancelled 0
ℹ skipped 0
ℹ todo 0
ℹ duration_ms 379.601375
✔ AC2: isHelpProbe is true for each help token, case-insensitive (0.467125ms)
✔ AC3: a title containing a help word is NOT a probe (0.072709ms)
✔ AC4: no-arg / empty rest is NOT a probe (0.062083ms)
✔ AC1: verbNew("help") prints help and performs no create/bind mutation (9.740333ms)
ℹ tests 4
ℹ suites 0
ℹ pass 4
ℹ fail 0
ℹ cancelled 0
ℹ skipped 0
ℹ todo 0
ℹ duration_ms 74.425542
✔ routes through create-issue.mjs --shape stub, not raw gh issue create (0.608459ms)
✔ honors TT_FAKE_NEW_ISSUE short-circuit without shelling out (0.081333ms)
✔ SKIP_NETWORK short-circuits to #0 without shelling out (0.078708ms)
ℹ tests 3
ℹ suites 0
ℹ pass 3
ℹ fail 0
ℹ cancelled 0
ℹ skipped 0
ℹ todo 0
ℹ duration_ms 69.06575
✔ extractKind pulls the --kind value and leaves title tokens intact (0.9045ms)
✔ extractKind returns null kind and unchanged rest when --kind absent (AC3) (0.07925ms)
✔ extractKind consumes only the first --kind occurrence (0.06675ms)
✔ extractKind drops a trailing --kind with no value (0.058625ms)
✔ extractKind tolerates a non-array (0.070125ms)
✔ createNewIssue appends --kind to the spawned argv when kind is set (0.2155ms)
✔ createNewIssue omits --kind from argv when kind is null (AC3) (0.208541ms)
✔ createNewIssue omits --kind from argv when kind is an empty string (0.130458ms)
✔ createNewIssue no-kind argv is byte-identical to the default-arg call (AC3) (0.123708ms)
✔ createNewIssue never forwards cfg.defaultLabels into the argv (#748 Defect A) (0.172541ms)
✔ findUnknownFlags reports every unrecognized flag token (#748 Defect B) (0.220292ms)
✔ findUnknownFlags returns [] for a plain title (#748 Defect B) (0.361042ms)
✔ findUnknownFlags returns [] for kind-stripped title tokens (#748 Defect B) (0.443625ms)
✔ findUnknownFlags flags a short -x option token (#748 Defect B) (0.174542ms)
✔ findUnknownFlags tolerates a non-array (0.134208ms)
ℹ tests 15
ℹ suites 0
ℹ pass 15
ℹ fail 0
ℹ cancelled 0
ℹ skipped 0
ℹ todo 0
ℹ duration_ms 79.474
✔ case fall-through: promote and next share verbPromote handler (0.870958ms)
✔ ISSUE_ARG_VERBS includes next (0.186458ms)
✔ help text documents next as alias of promote (1.739292ms)
ℹ tests 3
ℹ suites 0
ℹ pass 3
ℹ fail 0
ℹ cancelled 0
ℹ skipped 0
ℹ todo 0
ℹ duration_ms 109.228584
✔ Park compatibility boundary is the canonical Shelve boundary (0.737375ms)
✔ Park strict argv accepts the Shelve owner-removal flag (0.268209ms)
✔ Park strict argv refuses the Shelve-only stale-blocker migration flag (0.216792ms)
✔ Park refuses the Shelve-only migration flag before it obtains a lock or starts a transaction (0.2605ms)
✔ Park delegates to the one Shelve transaction authority (0.13125ms)
✔ Park no longer accepts Plan and no longer has an estimate-preserving path (0.084417ms)
ℹ tests 6
ℹ suites 0
ℹ pass 6
ℹ fail 0
ℹ cancelled 0
ℹ skipped 0
ℹ todo 0
ℹ duration_ms 155.050417
plan-approve-collapse: ok
✔ scripts/tests/unit/task-tracker/verbs/plan-approve-collapse.test.mjs (269.667959ms)
ℹ tests 1
ℹ suites 0
ℹ pass 1
ℹ fail 0
ℹ cancelled 0
ℹ skipped 0
ℹ todo 0
ℹ duration_ms 274.977291
plan-approve-core.test.mjs: all passed
✔ approval persists root linked intent and revalidates each observation once (4.794958ms)
✔ approval persists task linked intent and revalidates each observation once (3.838125ms)
✔ approval refuses fresh path changes with zero writes (2.90275ms)
✔ approval refuses fresh selector changes with zero writes (3.057583ms)
✔ approval refuses fresh duplicate changes with zero writes (1.983333ms)
✔ approval refuses fresh file changes with zero writes (1.974125ms)
✔ approval refuses fresh key changes with zero writes (1.301875ms)
✔ directory missing inspection fails without mutation (0.543958ms)
✔ directory invalid inspection fails without mutation (0.282959ms)
✔ directory transport inspection fails without mutation (0.122ms)
✔ directory syntax inspection fails without mutation (0.123125ms)
✔ directory introduced in fresh transaction is refused without a write (50.052959ms)
✔ directory introduced in fresh transaction is refused without a write (52.016209ms)
✔ failed repair audit retains prior payload and exact retry repairs once (312.956584ms)
✔ real versioned writer refuses story authority drift before a retry push (3.794042ms)
✔ real versioned writer refuses directory authority drift before a retry push (0.898792ms)
✔ complete no-op refuses persisted marker or Plan-entry drift before audit (176.947833ms)
✔ stale complete bindings renew actor and timestamp even in the same clock tick (400.739208ms)
✔ a failed canonical Full-Auto audit retains the original binding repair payload (135.5415ms)
ℹ tests 19
ℹ suites 0
ℹ pass 19
ℹ fail 0
ℹ cancelled 0
ℹ skipped 0
ℹ todo 0
ℹ duration_ms 3720.294541
✔ completed waived transition auto-converges after prospective exception revocation (99.41825ms)
✔ modern transition authority does not auto-converge in human mode (23.225708ms)
✔ modern transition authority remains durable across authenticated operators (66.498625ms)
✔ modern transition authority retains all legacy planning evidence gates (45.718291ms)
✔ modern transition authority refuses stale scope and orphan records (77.2475ms)
✔ modern transition authority requires authenticated immutable pre-transition provenance (107.910709ms)
✔ malformed authority wrapper colliding with a completed transition fails closed (48.3615ms)
ℹ tests 7
ℹ suites 0
ℹ pass 7
ℹ fail 0
ℹ cancelled 0
ℹ skipped 0
ℹ todo 0
ℹ duration_ms 1500.654166
✔ parseArgs extracts planned/current/rationale and strips trailing h (0.980208ms)
✔ parseArgs omits absent current keys and falls back to active issue (0.124959ms)
✔ parseArgs selects v1 evidence or explicit legacy compatibility mode (0.0805ms)
✔ runPlanEstimate delegates evidence-file execution to adaptive authority (0.173792ms)
✔ legacy planned flags require explicit compatibility mode (0.2485ms)
✔ resolveTargetIssue prefers explicit positional over active (0.070667ms)
✔ runPlanEstimate rejects missing target (0.08675ms)
✔ runPlanEstimate rejects missing cfg.repo (0.089084ms)
✔ runPlanEstimate rejects empty planned column (0.092583ms)
✔ runPlanEstimate appends with explicit current (no board read) (0.1955ms)
✔ compatibility Plan normalizes explicit Refine and Plan projections (0.111125ms)
✔ compatibility Plan normalizes a board-derived Refine projection (0.147125ms)
✔ compatibility Plan treats a null current projection as board-derived (0.145625ms)
✔ runPlanEstimate sources current from the board when --current-* omitted (0.104625ms)
✔ runPlanEstimate mirrors planned when board read is empty (0.080916ms)
✔ runPlanEstimate mirrors planned when board read throws (0.126875ms)
✔ runPlanEstimate skips board read when projectId is absent (0.059791ms)
✔ runPlanEstimate heals an empty appendix via repopulate on duplicate (0.063667ms)
✔ runPlanEstimate surfaces no-refine-comment from append (0.0475ms)
✔ plan-estimate is registered in the command catalog (0.086167ms)
ℹ tests 20
ℹ suites 0
ℹ pass 20
ℹ fail 0
ℹ cancelled 0
ℹ skipped 0
ℹ todo 0
ℹ duration_ms 114.018083
✔ runPromote: TT_FULL_AUTO=1 cannot bypass an unresolved {discuss} directive (48.030542ms)
✔ runPromote: promotes once the discussion is resolved (token stripped) (57.37825ms)
ℹ tests 2
ℹ suites 0
ℹ pass 2
ℹ fail 0
ℹ cancelled 0
ℹ skipped 0
ℹ todo 0
ℹ duration_ms 264.459125
✔ defaultRunMoveState delegates to runMoveStateHost with promote env + synthetic argv (0.66575ms)
✔ defaultRunMoveState returns the host exit code verbatim (non-zero preserved) (0.215542ms)
ℹ tests 2
ℹ suites 0
ℹ pass 2
ℹ fail 0
ℹ cancelled 0
ℹ skipped 0
ℹ todo 0
ℹ duration_ms 159.668334
✔ runPromote redirects to /task review, not /task close, when aitm-review-failed is present (23.21ms)
✔ runPromote redirects to /task review when no Agent Review evidence has ever been recorded (11.52375ms)
✔ runPromote still delegates review → close when Agent Review genuinely passed (unchanged) (40.131166ms)
ℹ tests 3
ℹ suites 0
ℹ pass 3
ℹ fail 0
ℹ cancelled 0
ℹ skipped 0
ℹ todo 0
ℹ duration_ms 237.216917
✔ AC1: test delegate gets no outer timeout (or >= SANDBOX_TIMEOUT_MS), never the GH-API cap (0.427916ms)
✔ AC2: a sandbox run exceeding 60s is not SIGTERMd at the outer layer (0.070709ms)
✔ AC3: the move-state delegate timeout is unchanged (GH_API_TIMEOUT_MS * 2) (0.073292ms)
✔ quick delegates (close) keep the short budget (0.055834ms)
ℹ tests 4
ℹ suites 0
ℹ pass 4
ℹ fail 0
ℹ cancelled 0
ℹ skipped 0
ℹ todo 0
ℹ duration_ms 181.195375
✔ the test delegate runs inside promote-held lock instead of deadlocking (4.436208ms)
✔ the test delegate still acquires for real when promote is not holding (1.276584ms)
✔ a promote frame on a different issue does not wave the delegate through (1.345833ms)
ℹ tests 3
ℹ suites 0
ℹ pass 3
ℹ fail 0
ℹ cancelled 0
ℹ skipped 0
ℹ todo 0
ℹ duration_ms 157.806916
✔ test → review delegates to the review verb (0.437292ms)
✔ the other aliases are unchanged (0.075ms)
✔ only post-Develop transitions use alias verbs (0.388625ms)
✔ promote reaches the canonical policy delegate branch whenever the source has one (0.412041ms)
✔ the stale "test has no alias" comment is gone (0.312625ms)
ℹ tests 5
ℹ suites 0
ℹ pass 5
ℹ fail 0
ℹ cancelled 0
ℹ skipped 0
ℹ todo 0
ℹ duration_ms 169.706042
[task-tracker] validated projectDir override: AI_TASK_MANAGER_PROJECT_DIR=/Users/kpburson/projects/Vibe-Coding/ai-task-manager/.worktrees/1882-child-ci-integration/.scratch/test/promote-820-TdZTqd for #820
[task-tracker] validated projectDir override: AI_TASK_MANAGER_PROJECT_DIR=/Users/kpburson/projects/Vibe-Coding/ai-task-manager/.worktrees/1882-child-ci-integration/.scratch/test/promote-820-TdZTqd for #820
[task-tracker] validated projectDir override: AI_TASK_MANAGER_PROJECT_DIR=/Users/kpburson/projects/Vibe-Coding/ai-task-manager/.worktrees/1882-child-ci-integration/.scratch/test/promote-820-TdZTqd for #820
[task-tracker] validated projectDir override: AI_TASK_MANAGER_PROJECT_DIR=/Users/kpburson/projects/Vibe-Coding/ai-task-manager/.worktrees/1882-child-ci-integration/.scratch/test/promote-820-TdZTqd for #820
[task-tracker] validated projectDir override: AI_TASK_MANAGER_PROJECT_DIR=/Users/kpburson/projects/Vibe-Coding/ai-task-manager/.worktrees/1882-child-ci-integration/.scratch/test/promote-820-TdZTqd for #820
[task-tracker] validated projectDir override: AI_TASK_MANAGER_PROJECT_DIR=/Users/kpburson/projects/Vibe-Coding/ai-task-manager/.worktrees/1882-child-ci-integration/.scratch/test/promote-820-TdZTqd for #820
[task-tracker] validated projectDir override: AI_TASK_MANAGER_PROJECT_DIR=/Users/kpburson/projects/Vibe-Coding/ai-task-manager/.worktrees/1882-child-ci-integration/.scratch/test/promote-820-TdZTqd for #821
✔ AC1 — promote from Test delegates to the review verb, not the direct move path (20.231083ms)
✔ AC5 — the reported route is alias:review, never direct (13.835167ms)
✔ AC3 — a delegate that never reaches Review does not fall back to a direct move (12.972792ms)
✔ #1732 — a failed review delegate reports derived evidence already persisted (20.761083ms)
✔ AC3 — #881 model: a gate objection after entry leaves the issue in Review (no demote, no direct move) (16.829333ms)
✔ #1458 — Cursor enters Review before validation and leaves an objection resident there (0.537584ms)
✔ AC3 — #710 defense: delegate exits 0 but board never reached Review (11.532458ms)
[task-tracker] validated projectDir override: AI_TASK_MANAGER_PROJECT_DIR=/Users/kpburson/projects/Vibe-Coding/ai-task-manager/.worktrees/1882-child-ci-integration/.scratch/test/promote-820-TdZTqd for #822
✔ AC6 — develop still delegates to test (208.505208ms)
✔ AC6 — review still delegates to close (when Agent Review genuinely passed) (15.417ms)
ℹ tests 9
ℹ suites 0
ℹ pass 9
ℹ fail 0
ℹ cancelled 0
ℹ skipped 0
ℹ todo 0
ℹ duration_ms 474.713625
[move-state:warn] #101: transition commit provenance missing: Cannot read properties of undefined (reading 'repo')
✔ the default convergence adapter owns the background profile and preserves the active task (0.734959ms)
✔ a background Done move runs issue/project tail steps without touching the parent session (1.026459ms)
ℹ tests 2
ℹ suites 0
ℹ pass 2
ℹ fail 0
ℹ cancelled 0
ℹ skipped 0
ℹ todo 0
ℹ duration_ms 170.038375
✔ finalizes a completed closed child before selecting the next ranked child (330.993125ms)
✔ leaves a dead-disposition child untouched and continues selection (342.381625ms)
✔ an aberration recovery pauses without promoting another child (0.418583ms)
✔ a failed convergence pauses selection and reports the child (0.203459ms)
✔ a pending durable recovery is converged and pauses before promotion (0.218625ms)
✔ a completed durable recovery is not pending and selection may continue (333.865583ms)
✔ already-Done closed children and open children are not convergence candidates (450.399875ms)
ℹ tests 7
ℹ suites 0
ℹ pass 7
ℹ fail 0
ℹ cancelled 0
ℹ skipped 0
ℹ todo 0
ℹ duration_ms 1630.601875
✔ runPullNext refuses when epic is not in develop (1.051083ms)
✔ pull-next live-state reads use the exact configured-project snapshot (0.139583ms)
✔ runPullNext returns no-children for epic with no sub-issues (0.161667ms)
✔ runPullNext returns no-eligible when no R4P children exist (3.510333ms)
✔ runPullNext promotes lowest-rank R4P child (3.338875ms)
✔ #1260 pulled epic child names the bound epic integration branch (0.25375ms)
✔ #1260 solo-story planning guidance remains current trunk (0.176708ms)
✔ #1260 missing epic branch authority fails closed to generic epic guidance (0.223208ms)
✔ #1260 default epic branch resolver reads the already-bound project directory (0.215708ms)
✔ runPullNext refuses false success when the selected child did not reach Plan (0.226625ms)
✔ runPullNext delegates the selected child through the real promote bind seam (#1114) (53.550916ms)
✔ selected-child promotion reuses its held lock instead of entering the locking verb wrapper (0.151708ms)
✔ direct promote remains fail-closed on a mismatched bind (#1114) (0.2445ms)
✔ runPullNext skips a child whose external native dependency is not Done (1.793333ms)
✔ runPullNext selects a child when its external native dependency is Done (1.58525ms)
✔ runPullNext audits the epic before child selection (#758) (1.998542ms)
✔ runPullNext refuses ambiguous epic audit drift (0.154458ms)
✔ runPullNext refuses every pull when any child descriptor is incomplete (0.099542ms)
✔ runPullNext holds shared parent authority across selection and promotion (2.155458ms)
✔ runPullNext does not audit when the epic is not in develop (#758) (0.119334ms)
✔ runPullNext requires epicNumber and cfg (0.125125ms)
✔ runPullNext surfaces fetch failures (0.122292ms)
ℹ tests 22
ℹ suites 0
ℹ pass 22
ℹ fail 0
ℹ cancelled 0
ℹ skipped 0
ℹ todo 0
ℹ duration_ms 253.84825
✔ reconcile.defaultRunMoveState calls the in-process host with the revert argv/env (no spawn) (0.895584ms)
✔ reconcile.defaultRunMoveState relays the host exit code verbatim (0.151375ms)
✔ reconcile.mjs no longer spawns a move-state child (0.180042ms)
ℹ tests 3
ℹ suites 0
ℹ pass 3
ℹ fail 0
ℹ cancelled 0
ℹ skipped 0
ℹ todo 0
ℹ duration_ms 151.360292
✔ AC1/AC2: a two-state gap (board=develop, marker=review) walks develop→test→review (2.907708ms)
✔ AC1/AC2: a wider gap (board=refine, marker=review) walks every intermediate state (0.400542ms)
✔ AC1: a single forward step (board=develop, marker=test) is unchanged behaviour (0.160042ms)
✔ AC4: recorded BEHIND live (board=review, marker=plan) refuses forward-only, names accept-live (0.120875ms)
✔ AC2: a mid-walk move-state failure stops and reports the walked prefix (0.102084ms)
ℹ tests 5
ℹ suites 0
ℹ pass 5
ℹ fail 0
ℹ cancelled 0
ℹ skipped 0
ℹ todo 0
ℹ duration_ms 161.944333
✔ reconcile accept-live: drifted issue writes new state + reconciled audit marker (4.440792ms)
✔ reconcile accept-live: test → develop invalidates stale demotion proof and reports it (#1037) (0.996459ms)
✔ reconcile accept-live: review → develop invalidates stale demotion proof and reports it (#1037) (0.22ms)
✔ reconcile accept-live preserves execution proof for forward drift (#1037) (0.15875ms)
✔ reconcile accept-live preserves execution proof for unrelated rollback (#1037) (0.1665ms)
✔ reconcile accept-live stamps aitm-entered-<live> when absent (#174) (0.346709ms)
✔ reconcile accept-live is idempotent for entry marker (#174) (0.169833ms)
✔ reconcile accept-live: legacy Assigned status stamps canonical R4P evidence (#436, #1211) (0.235ms)
✔ reconcile revert-to-recorded: recorded BEHIND live refuses forward-only, names accept-live (#740) (0.107291ms)
✔ reconcile: no drift refused (37.617667ms)
✔ reconcile: missing mode returns error (0.169708ms)
✔ reconcile: unknown mode returns error (0.085292ms)
✔ reconcile revert-to-recorded: no recorded state → error (0.097584ms)
✔ reconcile accept-live: no live state → error (0.08425ms)
✔ reconcile accept-live: preserves forward markers as history + adds visit marker (#181) (0.303916ms)
✔ reconcile revert-to-recorded: does NOT strip future entry markers (0.185958ms)
✔ reconcile revert: transition-failed when move-state exits non-zero (0.075708ms)
ℹ tests 17
ℹ suites 0
ℹ pass 17
ℹ fail 0
ℹ cancelled 0
ℹ skipped 0
ℹ todo 0
ℹ duration_ms 215.065125
✔ a refused Refine completion rolls back the refine-complete marker (29.691417ms)
✔ rationale marker and field-db values survive a rolled-back promote (21.970083ms)
✔ a successful Refine completion leaves the refine-complete marker in place (23.564625ms)
ℹ tests 3
ℹ suites 0
ℹ pass 3
ℹ fail 0
ℹ cancelled 0
ℹ skipped 0
ℹ todo 0
ℹ duration_ms 265.482625
✔ #223: refine refreshes aitm-fields cache with priority/size/estimate/rank (2.214375ms)
✔ #223: refine overrides stale prior values in aitm-fields cache (0.639ms)
ℹ tests 2
ℹ suites 0
ℹ pass 2
ℹ fail 0
ℹ cancelled 0
ℹ skipped 0
ℹ todo 0
ℹ duration_ms 163.039167
✔ stale backlog body recovers from one fresh read before the first Refine walk (1.598542ms)
✔ historical Assigned alias is not treated as a canonical pre-Refine arc (0.081541ms)
✔ genuine marker absence remains fail-closed after exactly one fresh read (0.097666ms)
✔ fresh-read failure preserves the original refusal (0.147666ms)
✔ non-pre-Refine arcs do not perform the fresh read (0.066125ms)
✔ successful contiguity refresh preserves unrelated refusals (0.22075ms)
✔ shared refresh reruns every affected guard on the replacement body (0.098333ms)
✔ shared refresh classifies failed fresh authority as indeterminate (0.141958ms)
ℹ tests 8
ℹ suites 0
ℹ pass 8
ℹ fail 0
ℹ cancelled 0
ℹ skipped 0
ℹ todo 0
ℹ duration_ms 145.848458
PASS: refine on Refine-state issue completes to R4P (#1213)
PASS: refine is idempotent on a Refine-state issue (#282)
PASS: refine stamps aitm-refine-complete marker (#282)
PASS: stampRefineCompleteMarker is idempotent
PASS: promote refuses refine→R4P when aitm-refine-complete absent (#282)
PASS: promote refusal message names the producing verb (#282)
PASS: full-auto promote chain still requires explicit marker (#282)

All #282 stage-completion-marker tests passed.
✔ scripts/tests/unit/task-tracker/verbs/refine-stage-completion.test.mjs (586.013333ms)
ℹ tests 1
ℹ suites 0
ℹ pass 1
ℹ fail 0
ℹ cancelled 0
ℹ skipped 0
ℹ todo 0
ℹ duration_ms 590.942709
PASS: parseArgs extracts all flags
PASS: parseArgs accepts #N and trailing-h estimate
PASS: parseArgs rejects unknown flags
PASS: validateArgs rejects each missing/invalid field
PASS: buildRationaleMarker emits canonical shape and round-trips
PASS: buildRationaleMarker four-flag combo lands tokens in slots, reason in rationale
PASS: buildRationaleMarker emits rank as number
PASS: buildRationaleMarker rejects missing/empty reason
PASS: applyRationaleMarker strips existing + prepends new
PASS: runRefine happy path — tether + body marker + promote
PASS: Refine converges off-grid input on the half-hour ceiling
PASS: runRefine surfaces tether failure and skips promote
PASS: runRefine forwards --rank + --labels
PASS: runRefine omits rank/labels when not supplied

All refine verb tests passed.
✔ scripts/tests/unit/task-tracker/verbs/refine-verb.test.mjs (235.595083ms)
ℹ tests 1
ℹ suites 0
ℹ pass 1
ℹ fail 0
ℹ cancelled 0
ℹ skipped 0
ℹ todo 0
ℹ duration_ms 241.190667
✓ #996 rejected — moved back to Develop.
✔ reject.mjs posts an audit row with event slug `rejected:develop`, not bare `develop` (34.2815ms)
✔ a timing log containing a `rejected:develop` row passes timing-log-sequence validation (1.642375ms)
ℹ tests 2
ℹ suites 0
ℹ pass 2
ℹ fail 0
ℹ cancelled 0
ℹ skipped 0
ℹ todo 0
ℹ duration_ms 102.130709
✔ a valid docs-only lane-skip drops exactly the three complete lanes (0.962459ms)
✔ lint-full and format-full are never droppable, even when the record names them (0.083917ms)
✔ a receipt with no laneSkip requires all five classifications (0.07375ms)
✔ an empty changedPaths relaxes nothing — an empty diff is not proven docs-only (0.059625ms)
✔ a code path in changedPaths relaxes nothing (0.099625ms)
✔ a non-docs-only kind relaxes nothing (0.084ms)
✔ an unrecognized reason relaxes nothing (0.084083ms)
✔ a malformed laneSkip relaxes nothing (0.076167ms)
✔ a partial lanes list drops only the lanes it names (0.08575ms)
✔ an unknown classification in lanes is ignored (0.111583ms)
ℹ tests 10
ℹ suites 0
ℹ pass 10
ℹ fail 0
ℹ cancelled 0
ℹ skipped 0
ℹ todo 0
ℹ duration_ms 59.212333
✔ sandbox-verify-fail: emits a `test:failed` audit slug, never a bare `develop` or `review:failed` (0.829ms)
✔ sandbox-verify-fail: demotes with `--demote` + `--demote-reason` (canonical demoted:develop entry row) (0.114875ms)
✔ sandbox-verify-fail: the produced audit slug is accepted by V3 timing-log-sequence (bare `develop` is not) (1.53425ms)
ℹ tests 3
ℹ suites 0
ℹ pass 3
ℹ fail 0
ℹ cancelled 0
ℹ skipped 0
ℹ todo 0
ℹ duration_ms 143.263167
✔ Review installs the agent-validation resident action by direct reference (0.948791ms)
✔ fresh Agent Review Passed evidence completes the current Review visit (1.212417ms)
✔ an objection persists failed evidence and returns failed without a board move (1.433417ms)
✔ resident semantic review reloads policy only for missing waivable planning sections (0.57125ms)
✔ a current semantic-review waiver returns waived without running validators or mutations (0.376333ms)
✔ waived semantic review emits a truthful durable timeline row (1.091125ms)
✔ waived semantic review retires the active failure carrier without stamping pass evidence (0.437917ms)
✔ verify revalidates a durable waiver and treats revocation as incomplete (0.308834ms)
✔ verify re-runs a durable waiver whose terminal row lacks exact-head authority (0.218083ms)
✔ verify pauses when Review comments are unreadable or no reader exists (0.195459ms)
✔ waived semantic review refuses unusable authority before clearing a failure carrier (0.266791ms)
✔ waived semantic review requires the failure-retirement capability before posting (0.084625ms)
✔ waived semantic review preserves the failure carrier when the terminal row is only queued (0.070666ms)
✔ waived semantic review preserves the failure carrier when posted evidence fails readback (0.119417ms)
✔ verify re-runs a durable waiver when a stale failure carrier still needs retirement (0.0815ms)
✔ Review entry is forward while an in-Review retry is actions-only (0.113ms)
✔ an in-Review retry executes only the Cursor actions-only trigger (0.07ms)
✔ Review classifies resident and boundary Cursor outcomes without swallowing failures (0.071125ms)
✔ Review reports waived semantic work without claiming verification passed (0.070875ms)
✔ resume, switch, and the dispatcher carry the Review resident wake (0.051042ms)
✔ #1488: verbStart delegates to verbResume and does not re-issue the Review wake (0.040708ms)
✔ #1488: the wake decision exempts the start verb and no other (0.0585ms)
✔ #1488: resume and rebind still wake Review residents (0.07625ms)
✔ a passing Review probe continues into actions-only resident execution (0.074875ms)
✔ a gate objection performs NO board move — the issue stays in Review (0.167375ms)
✔ the failure timeline is exactly: stamp the marker, then post review:failed (0.069375ms)
✔ the review:failed row says the issue stays in Review, not that it reverted (0.061625ms)
✔ the marker stamp is best-effort — a mutate throw does not lose the row (0.104708ms)
✔ the failure path never passes --demote to anything (0.055667ms)
✔ verbReview delegates the authoritative Test → Review move and gate to the Cursor (0.113833ms)
✔ there is exactly ONE authoritative move-to-review call site (0.049125ms)
✔ emitReviewGateFailureTimeline no longer destructures runMoveState (0.081208ms)
✔ the operator is told to fix in place and re-run, not to fix in Develop (0.054375ms)
✔ the resident action consumes the Cursor-hydrated body and comments snapshot (0.116792ms)
✔ both gate outcome paths derive their write from the post-move body (0.108167ms)
ℹ tests 35
ℹ suites 0
ℹ pass 35
ℹ fail 0
ℹ cancelled 0
ℹ skipped 0
ℹ todo 0
ℹ duration_ms 175.556375
✔ buildDeferredReviewRow stamps the ts supplied at call time (row branch) (12.624375ms)
✔ buildDeferredReviewRow stamps the ts supplied at call time (flush branch) (0.199125ms)
✔ spec carries no timestamp: same spec yields post-time ts, never an earlier baked ts (0.122541ms)
✔ review row ts is monotonically non-decreasing vs the preceding move-state pair (0.102542ms)
✔ buildDeferredReviewRow returns null for a null spec (0.073042ms)
ℹ tests 5
ℹ suites 0
ℹ pass 5
ℹ fail 0
ℹ cancelled 0
ℹ skipped 0
ℹ todo 0
ℹ duration_ms 154.405708
✔ extractUnverifiedTickLabels: finds a single trailing audit marker (0.788917ms)
✔ extractUnverifiedTickLabels: finds multiple markers and unescapes &quot; (0.083709ms)
✔ extractUnverifiedTickLabels: empty body / no markers yields an empty set (0.16075ms)
✔ the stripped checkbox label used at match time equals the stored marker label (0.456917ms)
ℹ tests 4
ℹ suites 0
ℹ pass 4
ℹ fail 0
ℹ cancelled 0
ℹ skipped 0
ℹ todo 0
ℹ duration_ms 145.929958
✔ AC1: strips AITM_ISSUE_LOCK_HELD from the inherited env (0.486ms)
✔ AC1: every var in SANDBOX_STRIPPED_ENV_VARS is removed (0.096166ms)
✔ AC1: overrides are applied after the scrub and win (0.082041ms)
✔ AC1: does not mutate the input env object (0.064791ms)
ℹ tests 4
ℹ suites 0
ℹ pass 4
ℹ fail 0
ℹ cancelled 0
ℹ skipped 0
ℹ todo 0
ℹ duration_ms 142.271458
✔ builds one deterministic child proposal per numbered task (4.432625ms)
✔ bounds Scope and provenance to the exact source task section (0.387167ms)
✔ records a root source as both parent and nested epic (0.817958ms)
✔ refuses duplicate numbers, empty titles, and missing verifiers (0.156958ms)
✔ writes canonical deterministic fragments for sanctioned creation (5.975333ms)
✔ sanctioned dry-run body preserves exact task verifiers behind AC citations (650.38325ms)
✔ sanctioned creator still refuses explicitly supplied administrative prose (674.5135ms)
✔ historical tasks remain readable but cannot produce split proposals (0.4235ms)
✔ aggregates rendered quality and malformed intent across all tasks (0.469834ms)
✔ bad final task causes zero fragment, preflight, and create calls (9.000375ms)
✔ production scripts contain no generic split-story renderer phrases (72.218666ms)
✔ accepted plan previews six distinct stories with exact normalized selectors (47.121875ms)
✔ dry-run preflights every child and performs no live create (9.168417ms)
✔ reads proposal text from the pinned HEAD commit rather than the working tree (3.534417ms)
✔ default plan reader ignores uncommitted working-tree plan changes (110.347417ms)
✔ human dry-run output exposes complete proposals and future creator argv (3.5045ms)
✔ hidden and placeholder Governing-spec metadata fall back to the sanctioned default (5.143458ms)
✔ rejects a missing --plan value instead of consuming the next option (0.292083ms)
✔ confirm validates all drafts before the first live creation (2.921209ms)
✔ confirm performs no live creation when any draft preflight fails (3.330208ms)
✔ refuses unresolved parent provenance before any creator call (0.38825ms)
✔ refuses malformed resolved parent provenance (0.212875ms)
✔ confirm stops on partial live failure and retains created issue numbers (2.868916ms)
✔ new split children explicitly adopt reviewed Scope evidence policy (0.251791ms)
ℹ tests 24
ℹ suites 0
ℹ pass 24
ℹ fail 0
ℹ cancelled 0
ℹ skipped 0
ℹ todo 0
ℹ duration_ms 1703.746416
✔ direct test and generic promotion converge on the same Develop-to-Test request (0.7665ms)
✔ rebind and resume wake Test in place through actions-only (0.103792ms)
✔ task binding dispatches Test residents through verbTest (0.447042ms)
ℹ tests 3
ℹ suites 0
ℹ pass 3
ℹ fail 0
ℹ cancelled 0
ℹ skipped 0
ℹ todo 0
ℹ duration_ms 62.577416
✔ supersede.defaultRunMoveState calls the in-process host with the supersede argv/env (no spawn) (1.175209ms)
✔ supersede.defaultRunMoveState relays the host exit code verbatim (0.163542ms)
✔ supersede.mjs no longer spawns a move-state child (0.239417ms)
ℹ tests 3
ℹ suites 0
ℹ pass 3
ℹ fail 0
ℹ cancelled 0
ℹ skipped 0
ℹ todo 0
ℹ duration_ms 144.611334
✔ parseArgs: positional dead + --by (0.833042ms)
✔ parseArgs: dead falls back to active bind (0.074958ms)
✔ parseArgs: missing --by reported via byProvided (0.068167ms)
✔ happy path: stamps marker, moves done, comments both, closes not-planned (0.627167ms)
✔ successful supersede releases the terminal binding before reporting success (0.118834ms)
✔ superseder-missing: refuses before any write (0.082792ms)
✔ transition-failed: marker written, no comments/close on nonzero move exit (0.1375ms)
✔ self-supersede throws (0.259125ms)
✔ missing byIssue throws (0.094541ms)
✔ missing deadIssue throws (0.137542ms)
ℹ tests 10
ℹ suites 0
ℹ pass 10
ℹ fail 0
ℹ cancelled 0
ℹ skipped 0
ℹ todo 0
ℹ duration_ms 147.5425
✔ buildNpmCiArgv keeps the default Test setup command unchanged (0.722708ms)
✔ buildNpmCiArgv appends validated project-provider npm-ci args (0.071458ms)
✔ verification receipt preserves project-provider setup policy (2.330875ms)
ℹ tests 3
ℹ suites 0
ℹ pass 3
ℹ fail 0
ℹ cancelled 0
ℹ skipped 0
ℹ todo 0
ℹ duration_ms 149.398
✔ runVerbTest: an allowlist-rejected VC alongside a passing VC yields status "passed", not "failed" (15.072625ms)
✔ runVerbTest: an allowlist-rejected VC alone (no other commands) yields status "passed" (1.062375ms)
✔ runVerbTest: a genuine nonzero-exit failure alongside a rejected VC still yields status "failed" (0.568625ms)
✔ runVerbTest: a metacharacter/injection-vector rejection is NOT excluded from the gate — status stays "failed" (0.513916ms)
ℹ tests 4
ℹ suites 0
ℹ pass 4
ℹ fail 0
ℹ cancelled 0
ℹ skipped 0
ℹ todo 0
ℹ duration_ms 162.547166
✔ Test owns the resumable PR and exact-head quick-CI action (0.700958ms)
✔ Test verification fails closed when both receipt and HEAD are absent (0.222833ms)
✔ Test action keeps infrastructure waiting and classifies source failure for demotion (0.14975ms)
ℹ tests 3
ℹ suites 0
ℹ pass 3
ℹ fail 0
ℹ cancelled 0
ℹ skipped 0
ℹ todo 0
ℹ duration_ms 83.052666
✔ a docs-only kind with a provably docs-only diff skips the complete lanes (17.668833ms)
✔ a code kind runs every lane even when its diff is all documentation (2.380667ms)
✔ a docs-only kind whose diff touches code still runs every lane (1.621417ms)
✔ an unresolvable (empty) diff is default-deny: the lanes run (1.467791ms)
✔ skipping lanes while a legacy aggregate is declared refuses the transition (0.770958ms)
✔ a declared aggregate is still derived normally when the lanes DO run (2.304584ms)
✔ the receipt records the skip and fabricates no lane pass entries (1.005958ms)
✔ a receipt from a run that DID execute the lanes carries no skip record (0.936666ms)
✔ the green summary comment names the skipped lanes (0.820208ms)
ℹ tests 9
ℹ suites 0
ℹ pass 9
ℹ fail 0
ℹ cancelled 0
ℹ skipped 0
ℹ todo 0
ℹ duration_ms 170.262834
✔ #952: pre-#864 body — sandbox never sees npm run test:all, both lanes run (17.407958ms)
✔ #1557: Test entry repairs an unchecked provenance-only declaration before moving (1.88625ms)
✔ #952: already-migrated body — idempotent, no extra migration write (0.970333ms)
✔ #1597: pre-existing aggregate tombstone rewrites dangling citations (0.437083ms)
ℹ tests 4
ℹ suites 0
ℹ pass 4
ℹ fail 0
ℹ cancelled 0
ℹ skipped 0
ℹ todo 0
ℹ duration_ms 161.887417
✔ AC1: two auto-token calls with identical inputs yield different paths (0.697583ms)
✔ AC2: explicit token is deterministic; distinct tokens never alias (0.098833ms)
✔ AC3 regression: run B reclaim target never names run A live worktree (0.110708ms)
ℹ tests 3
ℹ suites 0
ℹ pass 3
ℹ fail 0
ℹ cancelled 0
ℹ skipped 0
ℹ todo 0
ℹ duration_ms 144.093
✔ unassign removes the local singleton only before Develop and preserves Status (1.806708ms)
✔ unassign refuses Develop Test and Review without mutating ownership or Status (0.58ms)
✔ unassign refuses foreign multiple and absent ownership without mutation (0.20675ms)
✔ unassign treats a thrown removal with empty read-back as ambiguous, not success (0.207666ms)
✔ unassign fails closed when Status changes around the ownership mutation (0.114916ms)
✔ unassign never mutates when the durable audit reservation fails (0.270458ms)
✔ unassign retries a pending completion audit without repeating ownership mutation (0.364042ms)
✔ unassign repairs only the newest unmatched transaction id (0.304167ms)
ℹ tests 8
ℹ suites 0
ℹ pass 8
ℹ fail 0
ℹ cancelled 0
ℹ skipped 0
ℹ todo 0
ℹ duration_ms 128.9465
✔ ok: Plan feedback uses verified body and never approves (2.035ms)
✔ ok: Plan feedback uses fetched body and never approves (0.187916ms)
✔ no-op: Plan feedback uses verified body and never approves (0.594291ms)
✔ no-op: Plan feedback uses fetched body and never approves (0.081709ms)
✔ ok: state failures remain advisory (0.18575ms)
✔ no-op: state failures remain advisory (0.091167ms)
✔ ok: body failures remain advisory (0.079417ms)
✔ no-op: body failures remain advisory (0.057125ms)
✔ ok: intent failures remain advisory (0.093833ms)
✔ no-op: intent failures remain advisory (0.1535ms)
✔ outside Plan reads state once and performs no body or intent read (24.7815ms)
ℹ tests 11
ℹ suites 0
ℹ pass 11
ℹ fail 0
ℹ cancelled 0
ℹ skipped 0
ℹ todo 0
ℹ duration_ms 113.372
PASS: help text distinguishes /task discover (backlog gen) from /task plan (Sprint-Planning)
✔ scripts/tests/unit/task-tracker/verbs/verb-discover-help.test.mjs (53.653583ms)
ℹ tests 1
ℹ suites 0
ℹ pass 1
ℹ fail 0
ℹ cancelled 0
ℹ skipped 0
ℹ todo 0
ℹ duration_ms 58.739
PASS: runPlan(ready-for-plan) promotes R4P→Plan via verbPromote
PASS: runPlan refuses any non-R4P current state and never delegates to promote
PASS: runPlan validates args
PASS: discover.mjs no longer exports verbPlan
✔ scripts/tests/unit/task-tracker/verbs/verb-plan-promote.test.mjs (134.790042ms)
ℹ tests 1
ℹ suites 0
ℹ pass 1
ℹ fail 0
ℹ cancelled 0
ℹ skipped 0
ℹ todo 0
ℹ duration_ms 140.565792
✔ defaultExecInSandbox: binds AI_TASK_MANAGER_PROJECT_DIR to the sandbox path (38.84075ms)
✔ defaultExecInSandbox: child inherits parent env alongside AI_TASK_MANAGER_PROJECT_DIR (35.984541ms)
✔ defaultExecInSandbox: binds the governed Test issue for bare issue-aware verifiers (38.764625ms)
ℹ tests 3
ℹ suites 0
ℹ pass 3
ℹ fail 0
ℹ cancelled 0
ℹ skipped 0
ℹ todo 0
ℹ duration_ms 251.00725
