docs/guides/workflow.md [no-verification-impact] path has no source, test, fixture, runner, dependency, or verification impact
scripts/task-tracker/lib/action-decision/legacy-refusals.json [no-verification-impact] path has no source, test, fixture, runner, dependency, or verification impact
scripts/task-tracker/lib/action-decision/test.mjs -> scripts/tests/integration/task-tracker/delivery-waiver-merge-method.integration.test.mjs [import-transitive] test transitively imports changed path
scripts/task-tracker/lib/action-decision/test.mjs -> scripts/tests/integration/task-tracker/lib/action-close-default.test.mjs [import-transitive] test transitively imports changed path
scripts/task-tracker/lib/action-decision/test.mjs -> scripts/tests/integration/task-tracker/lib/action-close-local-parent.test.mjs [import-transitive] test transitively imports changed path
scripts/task-tracker/lib/action-decision/test.mjs -> scripts/tests/integration/task-tracker/lib/action-close-local-trunk.test.mjs [import-transitive] test transitively imports changed path
scripts/task-tracker/lib/action-decision/test.mjs -> scripts/tests/integration/task-tracker/lib/action-close-normalization.test.mjs [import-transitive] test transitively imports changed path
scripts/task-tracker/lib/action-decision/test.mjs -> scripts/tests/integration/task-tracker/lib/action-close-v5.test.mjs [import-transitive] test transitively imports changed path
scripts/task-tracker/lib/action-decision/test.mjs -> scripts/tests/integration/task-tracker/lib/action-close-waiver.test.mjs [import-transitive] test transitively imports changed path
scripts/task-tracker/lib/action-decision/test.mjs -> scripts/tests/integration/task-tracker/lib/action-close.test.mjs [import-transitive] test transitively imports changed path
scripts/task-tracker/lib/action-decision/test.mjs -> scripts/tests/integration/task-tracker/lib/action-deliver.test.mjs [import-transitive] test transitively imports changed path
scripts/task-tracker/lib/action-decision/test.mjs -> scripts/tests/integration/task-tracker/lib/action-evaluator-large-graph.test.mjs [import-transitive] test transitively imports changed path
scripts/task-tracker/lib/action-decision/test.mjs -> scripts/tests/integration/task-tracker/lib/action-evaluator-local-trunk.test.mjs [import-transitive] test transitively imports changed path
scripts/task-tracker/lib/action-decision/test.mjs -> scripts/tests/integration/task-tracker/lib/action-evaluator.test.mjs [import-transitive] test transitively imports changed path
scripts/task-tracker/lib/action-decision/test.mjs -> scripts/tests/integration/task-tracker/lib/action-normalization.test.mjs [import-transitive] test transitively imports changed path
scripts/task-tracker/lib/action-decision/test.mjs -> scripts/tests/integration/task-tracker/lib/action-parity.test.mjs [import-transitive] test transitively imports changed path
scripts/task-tracker/lib/action-decision/test.mjs -> scripts/tests/integration/task-tracker/lib/action-review-reviewed-scope.test.mjs [import-transitive] test transitively imports changed path
scripts/task-tracker/lib/action-decision/test.mjs -> scripts/tests/integration/task-tracker/lib/action-review.test.mjs [import-transitive] test transitively imports changed path
scripts/task-tracker/lib/action-decision/test.mjs -> scripts/tests/integration/task-tracker/lib/action-session-promote.test.mjs [import-transitive] test transitively imports changed path
scripts/task-tracker/lib/action-decision/test.mjs -> scripts/tests/integration/task-tracker/lib/action-test.test.mjs [import-direct] test statically imports changed path
scripts/task-tracker/lib/action-decision/test.mjs -> scripts/tests/integration/task-tracker/lib/actor-flush-isolation.test.mjs [import-transitive] test transitively imports changed path
scripts/task-tracker/lib/action-decision/test.mjs -> scripts/tests/integration/task-tracker/lib/evidence-v2/close-flow.test.mjs [import-transitive] test transitively imports changed path
scripts/task-tracker/lib/action-decision/test.mjs -> scripts/tests/integration/task-tracker/lib/guidance-admission.test.mjs [import-transitive] test transitively imports changed path
scripts/task-tracker/lib/action-decision/test.mjs -> scripts/tests/integration/task-tracker/lib/guidance-authority-cost.test.mjs [import-transitive] test transitively imports changed path
scripts/task-tracker/lib/action-decision/test.mjs -> scripts/tests/integration/task-tracker/lib/guidance-explain.test.mjs [import-transitive] test transitively imports changed path
scripts/task-tracker/lib/action-decision/test.mjs -> scripts/tests/integration/task-tracker/lib/guidance-preslim-report.test.mjs [import-transitive] test transitively imports changed path
scripts/task-tracker/lib/action-decision/test.mjs -> scripts/tests/integration/task-tracker/lib/guidance-recertification-capture.test.mjs [import-transitive] test transitively imports changed path
scripts/task-tracker/lib/action-decision/test.mjs -> scripts/tests/integration/task-tracker/lib/guidance-release.test.mjs [import-transitive] test transitively imports changed path
scripts/task-tracker/lib/action-decision/test.mjs -> scripts/tests/integration/task-tracker/lib/pr1866-review-regressions.test.mjs [import-transitive] test transitively imports changed path
scripts/task-tracker/lib/action-decision/test.mjs -> scripts/tests/integration/task-tracker/lib/runtime-capabilities.test.mjs [import-transitive] test transitively imports changed path
scripts/task-tracker/lib/action-decision/test.mjs -> scripts/tests/integration/task-tracker/lib/shelve-blocked-r4p-state-exit.integration.test.mjs [import-transitive] test transitively imports changed path
scripts/task-tracker/lib/action-decision/test.mjs -> scripts/tests/integration/task-tracker/lib/shelve-stale-refinement-recovery.integration.test.mjs [import-transitive] test transitively imports changed path
scripts/task-tracker/lib/action-decision/test.mjs -> scripts/tests/integration/task-tracker/lib/shelve-transaction.integration.test.mjs [import-transitive] test transitively imports changed path
scripts/task-tracker/lib/action-decision/test.mjs -> scripts/tests/integration/task-tracker/lib/stage-aware-verification.integration.test.mjs [import-transitive] test transitively imports changed path
scripts/task-tracker/lib/action-decision/test.mjs -> scripts/tests/integration/task-tracker/lib/timing-actor-runtime.test.mjs [import-transitive] test transitively imports changed path
scripts/task-tracker/lib/action-decision/test.mjs -> scripts/tests/integration/task-tracker/lib/timing-delivery-provenance.test.mjs [import-transitive] test transitively imports changed path
scripts/task-tracker/lib/action-decision/test.mjs -> scripts/tests/integration/task-tracker/lib/verification-provider.integration.test.mjs [import-transitive] test transitively imports changed path
scripts/task-tracker/lib/action-decision/test.mjs -> scripts/tests/integration/task-tracker/local-trunk-close.integration.test.mjs [import-transitive] test transitively imports changed path
scripts/task-tracker/lib/action-decision/test.mjs -> scripts/tests/integration/task-tracker/verbs/child-close-telemetry.integration.test.mjs [import-transitive] test transitively imports changed path
scripts/task-tracker/lib/action-decision/test.mjs -> scripts/tests/integration/task-tracker/verbs/deliver-close.integration.test.mjs [import-transitive] test transitively imports changed path
scripts/task-tracker/lib/action-decision/test.mjs -> scripts/tests/integration/task-tracker/verbs/delivery-attribution-exception.test.mjs [import-transitive] test transitively imports changed path
scripts/task-tracker/lib/action-decision/test.mjs -> scripts/tests/integration/task-tracker/verbs/github-record-approval-close-gates.test.mjs [import-transitive] test transitively imports changed path
scripts/task-tracker/lib/action-decision/test.mjs -> scripts/tests/integration/task-tracker/verbs/github-record-test-review-gates.test.mjs [import-transitive] test transitively imports changed path
scripts/task-tracker/lib/action-decision/test.mjs -> scripts/tests/integration/task-tracker/verbs/shelve.test.mjs [import-transitive] test transitively imports changed path
scripts/task-tracker/lib/action-decision/test.mjs -> scripts/tests/integration/task-tracker/verbs/workflow-preflight.test.mjs [import-transitive] test transitively imports changed path
scripts/task-tracker/lib/action-decision/test.mjs -> scripts/tests/slow/task-tracker/lib/dirty-review-promote-false-success.test.mjs [import-transitive] test transitively imports changed path
scripts/task-tracker/lib/action-decision/test.mjs -> scripts/tests/slow/task-tracker/verbs/close-lifecycle-tick.test.mjs [import-transitive] test transitively imports changed path
scripts/task-tracker/lib/action-decision/test.mjs -> scripts/tests/slow/task-tracker/verbs/coverage-close.test.mjs [import-transitive] test transitively imports changed path
scripts/task-tracker/lib/action-decision/test.mjs -> scripts/tests/slow/task-tracker/verbs/deadlock-regression.test.mjs [import-transitive] test transitively imports changed path
scripts/task-tracker/lib/action-decision/test.mjs -> scripts/tests/slow/task-tracker/verbs/promote-verb.test.mjs [import-transitive] test transitively imports changed path
scripts/task-tracker/lib/action-decision/test.mjs -> scripts/tests/slow/task-tracker/verbs/recovery-path-independence.test.mjs [import-transitive] test transitively imports changed path
scripts/task-tracker/lib/action-decision/test.mjs -> scripts/tests/slow/task-tracker/verbs/state-marker-single-writer.test.mjs [import-transitive] test transitively imports changed path
scripts/task-tracker/lib/action-decision/test.mjs -> scripts/tests/slow/task-tracker/verbs/verb-test-remove-worktree.test.mjs [import-transitive] test transitively imports changed path
scripts/task-tracker/lib/action-decision/test.mjs -> scripts/tests/unit/gh/gh-client-injection.test.mjs [import-transitive] test transitively imports changed path
scripts/task-tracker/lib/action-decision/test.mjs -> scripts/tests/unit/task-tracker/characterization/orchestrators.test.mjs [import-transitive] test transitively imports changed path
scripts/task-tracker/lib/action-decision/test.mjs -> scripts/tests/unit/task-tracker/core/cli-help-flag.test.mjs [import-transitive] test transitively imports changed path
scripts/task-tracker/lib/action-decision/test.mjs -> scripts/tests/unit/task-tracker/core/close-emission-order.test.mjs [import-transitive] test transitively imports changed path
scripts/task-tracker/lib/action-decision/test.mjs -> scripts/tests/unit/task-tracker/core/command-manifest.test.mjs [import-transitive] test transitively imports changed path
scripts/task-tracker/lib/action-decision/test.mjs -> scripts/tests/unit/task-tracker/core/docs-only-lane-skip-completeness.test.mjs [import-transitive] test transitively imports changed path
scripts/task-tracker/lib/action-decision/test.mjs -> scripts/tests/unit/task-tracker/core/handle-migrate-result.test.mjs [import-transitive] test transitively imports changed path
scripts/task-tracker/lib/action-decision/test.mjs -> scripts/tests/unit/task-tracker/core/move-state-structured-result.test.mjs [import-transitive] test transitively imports changed path
scripts/task-tracker/lib/action-decision/test.mjs -> scripts/tests/unit/task-tracker/core/phase-events.test.mjs [import-transitive] test transitively imports changed path
scripts/task-tracker/lib/action-decision/test.mjs -> scripts/tests/unit/task-tracker/core/runtime-move-inprocess.test.mjs [import-transitive] test transitively imports changed path
scripts/task-tracker/lib/action-decision/test.mjs -> scripts/tests/unit/task-tracker/core/state-machine-self-transition.test.mjs [import-transitive] test transitively imports changed path
scripts/task-tracker/lib/action-decision/test.mjs -> scripts/tests/unit/task-tracker/core/task-tracker-preflight-target.test.mjs [import-transitive] test transitively imports changed path
scripts/task-tracker/lib/action-decision/test.mjs -> scripts/tests/unit/task-tracker/gh/coverage-dispatch-prep.test.mjs [import-transitive] test transitively imports changed path
scripts/task-tracker/lib/action-decision/test.mjs -> scripts/tests/unit/task-tracker/gh/dispatch-prep-inprocess.test.mjs [import-transitive] test transitively imports changed path
scripts/task-tracker/lib/action-decision/test.mjs -> scripts/tests/unit/task-tracker/gh/move-state-host-returns.test.mjs [import-transitive] test transitively imports changed path
scripts/task-tracker/lib/action-decision/test.mjs -> scripts/tests/unit/task-tracker/gh/review-in-place.test.mjs [import-transitive] test transitively imports changed path
scripts/task-tracker/lib/action-decision/test.mjs -> scripts/tests/unit/task-tracker/lib/action-authority-cost.test.mjs [import-transitive] test transitively imports changed path
scripts/task-tracker/lib/action-decision/test.mjs -> scripts/tests/unit/task-tracker/lib/auto-mode.test.mjs [import-transitive] test transitively imports changed path
scripts/task-tracker/lib/action-decision/test.mjs -> scripts/tests/unit/task-tracker/lib/backfill-holes.test.mjs [import-transitive] test transitively imports changed path
scripts/task-tracker/lib/action-decision/test.mjs -> scripts/tests/unit/task-tracker/lib/close-cross-close.test.mjs [import-transitive] test transitively imports changed path
scripts/task-tracker/lib/action-decision/test.mjs -> scripts/tests/unit/task-tracker/lib/close-repair.test.mjs [import-transitive] test transitively imports changed path
scripts/task-tracker/lib/action-decision/test.mjs -> scripts/tests/unit/task-tracker/lib/coverage-demote.test.mjs [import-transitive] test transitively imports changed path
scripts/task-tracker/lib/action-decision/test.mjs -> scripts/tests/unit/task-tracker/lib/coverage-plan.test.mjs [import-transitive] test transitively imports changed path
scripts/task-tracker/lib/action-decision/test.mjs -> scripts/tests/unit/task-tracker/lib/coverage-reconcile.test.mjs [import-transitive] test transitively imports changed path
scripts/task-tracker/lib/action-decision/test.mjs -> scripts/tests/unit/task-tracker/lib/coverage-review.test.mjs [import-transitive] test transitively imports changed path
scripts/task-tracker/lib/action-decision/test.mjs -> scripts/tests/unit/task-tracker/lib/coverage-supersede.test.mjs [import-transitive] test transitively imports changed path
scripts/task-tracker/lib/action-decision/test.mjs -> scripts/tests/unit/task-tracker/lib/entry-marker-contiguity-recovery.test.mjs [import-transitive] test transitively imports changed path
scripts/task-tracker/lib/action-decision/test.mjs -> scripts/tests/unit/task-tracker/lib/epic-r4p-orchestration.test.mjs [import-transitive] test transitively imports changed path
scripts/task-tracker/lib/action-decision/test.mjs -> scripts/tests/unit/task-tracker/lib/heal-entry-markers-delegates.test.mjs [import-transitive] test transitively imports changed path
scripts/task-tracker/lib/action-decision/test.mjs -> scripts/tests/unit/task-tracker/lib/lifecycle-history-actions.test.mjs [import-transitive] test transitively imports changed path
scripts/task-tracker/lib/action-decision/test.mjs -> scripts/tests/unit/task-tracker/lib/local-trunk-close-receipt.test.mjs [import-transitive] test transitively imports changed path
scripts/task-tracker/lib/action-decision/test.mjs -> scripts/tests/unit/task-tracker/lib/move-state/move-regression.test.mjs [import-transitive] test transitively imports changed path
scripts/task-tracker/lib/action-decision/test.mjs -> scripts/tests/unit/task-tracker/lib/move-state/move-state-board-marker-atomicity.test.mjs [import-transitive] test transitively imports changed path
scripts/task-tracker/lib/action-decision/test.mjs -> scripts/tests/unit/task-tracker/lib/move-state/move-state-core.test.mjs [import-transitive] test transitively imports changed path
scripts/task-tracker/lib/action-decision/test.mjs -> scripts/tests/unit/task-tracker/lib/move-state/move-state-idempotent.test.mjs [import-transitive] test transitively imports changed path
scripts/task-tracker/lib/action-decision/test.mjs -> scripts/tests/unit/task-tracker/lib/move-state/move-state-sentinel-write.test.mjs [import-transitive] test transitively imports changed path
scripts/task-tracker/lib/action-decision/test.mjs -> scripts/tests/unit/task-tracker/lib/move-state/move-state-tail-profiles.test.mjs [import-transitive] test transitively imports changed path
scripts/task-tracker/lib/action-decision/test.mjs -> scripts/tests/unit/task-tracker/lib/move-state/move-state-worktree-trunk-ref.test.mjs [import-transitive] test transitively imports changed path
scripts/task-tracker/lib/action-decision/test.mjs -> scripts/tests/unit/task-tracker/lib/r4p-jit-boundaries.test.mjs [import-transitive] test transitively imports changed path
scripts/task-tracker/lib/action-decision/test.mjs -> scripts/tests/unit/task-tracker/lib/reconcile-no-drift-seed.test.mjs [import-transitive] test transitively imports changed path
scripts/task-tracker/lib/action-decision/test.mjs -> scripts/tests/unit/task-tracker/lib/reconcile-sentinel-drift.test.mjs [import-transitive] test transitively imports changed path
scripts/task-tracker/lib/action-decision/test.mjs -> scripts/tests/unit/task-tracker/lib/refine-tbd-placeholder.test.mjs [import-transitive] test transitively imports changed path
scripts/task-tracker/lib/action-decision/test.mjs -> scripts/tests/unit/task-tracker/lib/review-derive-rescan.test.mjs [import-transitive] test transitively imports changed path
scripts/task-tracker/lib/action-decision/test.mjs -> scripts/tests/unit/task-tracker/lib/review-probe-policy.test.mjs [import-transitive] test transitively imports changed path
scripts/task-tracker/lib/action-decision/test.mjs -> scripts/tests/unit/task-tracker/lib/review-receipt-reuse.test.mjs [import-transitive] test transitively imports changed path
scripts/task-tracker/lib/action-decision/test.mjs -> scripts/tests/unit/task-tracker/lib/review-verb-timing-order.test.mjs [import-transitive] test transitively imports changed path
scripts/task-tracker/lib/action-decision/test.mjs -> scripts/tests/unit/task-tracker/lib/shelve-boundaries.test.mjs [import-transitive] test transitively imports changed path
scripts/task-tracker/lib/action-decision/test.mjs -> scripts/tests/unit/task-tracker/lib/state-engine-policy-characterization.test.mjs [import-transitive] test transitively imports changed path
scripts/task-tracker/lib/action-decision/test.mjs -> scripts/tests/unit/task-tracker/lib/terminal-disposition.test.mjs [import-transitive] test transitively imports changed path
scripts/task-tracker/lib/action-decision/test.mjs -> scripts/tests/unit/task-tracker/lib/test-sha-drift-gate.test.mjs [import-transitive] test transitively imports changed path
scripts/task-tracker/lib/action-decision/test.mjs -> scripts/tests/unit/task-tracker/lib/test-verb-injection.test.mjs [import-direct] test statically imports changed path
scripts/task-tracker/lib/action-decision/test.mjs -> scripts/tests/unit/task-tracker/lib/test-verb-receipt-refusal-audit.test.mjs [import-transitive] test transitively imports changed path
scripts/task-tracker/lib/action-decision/test.mjs -> scripts/tests/unit/task-tracker/lib/test-verb-receipt-retirement.test.mjs [import-transitive] test transitively imports changed path
scripts/task-tracker/lib/action-decision/test.mjs -> scripts/tests/unit/task-tracker/lib/test-verb-receipt-reuse.test.mjs [import-transitive] test transitively imports changed path
scripts/task-tracker/lib/action-decision/test.mjs -> scripts/tests/unit/task-tracker/lib/test-verb-result.test.mjs [import-transitive] test transitively imports changed path
scripts/task-tracker/lib/action-decision/test.mjs -> scripts/tests/unit/task-tracker/lib/test-verb-retry.test.mjs [import-transitive] test transitively imports changed path
scripts/task-tracker/lib/action-decision/test.mjs -> scripts/tests/unit/task-tracker/lib/test-verb-sandbox.test.mjs [import-transitive] test transitively imports changed path
scripts/task-tracker/lib/action-decision/test.mjs -> scripts/tests/unit/task-tracker/lib/verification-receipt-carry-forward.test.mjs [import-transitive] test transitively imports changed path
scripts/task-tracker/lib/action-decision/test.mjs -> scripts/tests/unit/task-tracker/verbs/close-authority-refresh.test.mjs [import-transitive] test transitively imports changed path
scripts/task-tracker/lib/action-decision/test.mjs -> scripts/tests/unit/task-tracker/verbs/close-binding-cleanup.test.mjs [import-transitive] test transitively imports changed path
scripts/task-tracker/lib/action-decision/test.mjs -> scripts/tests/unit/task-tracker/verbs/close-child-refresh.test.mjs [import-transitive] test transitively imports changed path
scripts/task-tracker/lib/action-decision/test.mjs -> scripts/tests/unit/task-tracker/verbs/close-converge-audit-emission.test.mjs [import-transitive] test transitively imports changed path
scripts/task-tracker/lib/action-decision/test.mjs -> scripts/tests/unit/task-tracker/verbs/close-convergence-wiring-finalize.test.mjs [import-transitive] test transitively imports changed path
scripts/task-tracker/lib/action-decision/test.mjs -> scripts/tests/unit/task-tracker/verbs/close-convergence-wiring.test.mjs [import-transitive] test transitively imports changed path
scripts/task-tracker/lib/action-decision/test.mjs -> scripts/tests/unit/task-tracker/verbs/close-delivered-idempotence.test.mjs [import-transitive] test transitively imports changed path
scripts/task-tracker/lib/action-decision/test.mjs -> scripts/tests/unit/task-tracker/verbs/close-delivery-gate-input.test.mjs [import-transitive] test transitively imports changed path
scripts/task-tracker/lib/action-decision/test.mjs -> scripts/tests/unit/task-tracker/verbs/close-delivery-gate-refusal.test.mjs [import-transitive] test transitively imports changed path
scripts/task-tracker/lib/action-decision/test.mjs -> scripts/tests/unit/task-tracker/verbs/close-false-delivery-recovery-contract.test.mjs [import-transitive] test transitively imports changed path
scripts/task-tracker/lib/action-decision/test.mjs -> scripts/tests/unit/task-tracker/verbs/close-false-delivery-recovery-wiring.test.mjs [import-transitive] test transitively imports changed path
scripts/task-tracker/lib/action-decision/test.mjs -> scripts/tests/unit/task-tracker/verbs/close-incorporated.test.mjs [import-transitive] test transitively imports changed path
scripts/task-tracker/lib/action-decision/test.mjs -> scripts/tests/unit/task-tracker/verbs/close-lifecycle-tick-retry.test.mjs [import-transitive] test transitively imports changed path
scripts/task-tracker/lib/action-decision/test.mjs -> scripts/tests/unit/task-tracker/verbs/close-no-commit-delivery.test.mjs [import-transitive] test transitively imports changed path
scripts/task-tracker/lib/action-decision/test.mjs -> scripts/tests/unit/task-tracker/verbs/close-occupancy-cleanup.test.mjs [import-transitive] test transitively imports changed path
scripts/task-tracker/lib/action-decision/test.mjs -> scripts/tests/unit/task-tracker/verbs/close-pexec-offline.test.mjs [import-transitive] test transitively imports changed path
scripts/task-tracker/lib/action-decision/test.mjs -> scripts/tests/unit/task-tracker/verbs/close-projected-guard-refresh.test.mjs [import-transitive] test transitively imports changed path
scripts/task-tracker/lib/action-decision/test.mjs -> scripts/tests/unit/task-tracker/verbs/close-reconcile-lifecycle.test.mjs [import-transitive] test transitively imports changed path
scripts/task-tracker/lib/action-decision/test.mjs -> scripts/tests/unit/task-tracker/verbs/close-recovery-backed-stale-wiring.test.mjs [import-transitive] test transitively imports changed path
scripts/task-tracker/lib/action-decision/test.mjs -> scripts/tests/unit/task-tracker/verbs/close-reopened-recovery-wiring.test.mjs [import-transitive] test transitively imports changed path
scripts/task-tracker/lib/action-decision/test.mjs -> scripts/tests/unit/task-tracker/verbs/close-review-authority-wiring.test.mjs [import-transitive] test transitively imports changed path
scripts/task-tracker/lib/action-decision/test.mjs -> scripts/tests/unit/task-tracker/verbs/close-strip-labels.test.mjs [import-transitive] test transitively imports changed path
scripts/task-tracker/lib/action-decision/test.mjs -> scripts/tests/unit/task-tracker/verbs/close-transaction-refresh.test.mjs [import-transitive] test transitively imports changed path
scripts/task-tracker/lib/action-decision/test.mjs -> scripts/tests/unit/task-tracker/verbs/coverage-promote.test.mjs [import-transitive] test transitively imports changed path
scripts/task-tracker/lib/action-decision/test.mjs -> scripts/tests/unit/task-tracker/verbs/demote-inprocess.test.mjs [import-transitive] test transitively imports changed path
scripts/task-tracker/lib/action-decision/test.mjs -> scripts/tests/unit/task-tracker/verbs/demote-verb.test.mjs [import-transitive] test transitively imports changed path
scripts/task-tracker/lib/action-decision/test.mjs -> scripts/tests/unit/task-tracker/verbs/demote.test.mjs [import-transitive] test transitively imports changed path
scripts/task-tracker/lib/action-decision/test.mjs -> scripts/tests/unit/task-tracker/verbs/move-inprocess-parity.test.mjs [import-transitive] test transitively imports changed path
scripts/task-tracker/lib/action-decision/test.mjs -> scripts/tests/unit/task-tracker/verbs/park.test.mjs [import-transitive] test transitively imports changed path
scripts/task-tracker/lib/action-decision/test.mjs -> scripts/tests/unit/task-tracker/verbs/promote-discuss-refusal.test.mjs [import-transitive] test transitively imports changed path
scripts/task-tracker/lib/action-decision/test.mjs -> scripts/tests/unit/task-tracker/verbs/promote-inprocess.test.mjs [import-transitive] test transitively imports changed path
scripts/task-tracker/lib/action-decision/test.mjs -> scripts/tests/unit/task-tracker/verbs/promote-review-close-agent-review-gate.test.mjs [import-transitive] test transitively imports changed path
scripts/task-tracker/lib/action-decision/test.mjs -> scripts/tests/unit/task-tracker/verbs/promote-spawn-timeout.test.mjs [import-transitive] test transitively imports changed path
scripts/task-tracker/lib/action-decision/test.mjs -> scripts/tests/unit/task-tracker/verbs/promote-test-delegation.test.mjs [import-transitive] test transitively imports changed path
scripts/task-tracker/lib/action-decision/test.mjs -> scripts/tests/unit/task-tracker/verbs/promote-test-review-alias.test.mjs [import-transitive] test transitively imports changed path
scripts/task-tracker/lib/action-decision/test.mjs -> scripts/tests/unit/task-tracker/verbs/promote-test-to-review-gate.test.mjs [import-transitive] test transitively imports changed path
scripts/task-tracker/lib/action-decision/test.mjs -> scripts/tests/unit/task-tracker/verbs/pull-next-background-profile.test.mjs [import-transitive] test transitively imports changed path
scripts/task-tracker/lib/action-decision/test.mjs -> scripts/tests/unit/task-tracker/verbs/pull-next-close-convergence.test.mjs [import-transitive] test transitively imports changed path
scripts/task-tracker/lib/action-decision/test.mjs -> scripts/tests/unit/task-tracker/verbs/pull-next-verb.test.mjs [import-transitive] test transitively imports changed path
scripts/task-tracker/lib/action-decision/test.mjs -> scripts/tests/unit/task-tracker/verbs/reconcile-inprocess.test.mjs [import-transitive] test transitively imports changed path
scripts/task-tracker/lib/action-decision/test.mjs -> scripts/tests/unit/task-tracker/verbs/reconcile-multistep-walk.test.mjs [import-transitive] test transitively imports changed path
scripts/task-tracker/lib/action-decision/test.mjs -> scripts/tests/unit/task-tracker/verbs/reconcile-verb.test.mjs [import-transitive] test transitively imports changed path
scripts/task-tracker/lib/action-decision/test.mjs -> scripts/tests/unit/task-tracker/verbs/refine-atomic-rollback.test.mjs [import-transitive] test transitively imports changed path
scripts/task-tracker/lib/action-decision/test.mjs -> scripts/tests/unit/task-tracker/verbs/refine-fields-cache-refresh.test.mjs [import-transitive] test transitively imports changed path
scripts/task-tracker/lib/action-decision/test.mjs -> scripts/tests/unit/task-tracker/verbs/refine-fresh-body-retry.test.mjs [import-transitive] test transitively imports changed path
scripts/task-tracker/lib/action-decision/test.mjs -> scripts/tests/unit/task-tracker/verbs/refine-stage-completion.test.mjs [import-transitive] test transitively imports changed path
scripts/task-tracker/lib/action-decision/test.mjs -> scripts/tests/unit/task-tracker/verbs/refine-verb.test.mjs [import-transitive] test transitively imports changed path
scripts/task-tracker/lib/action-decision/test.mjs -> scripts/tests/unit/task-tracker/verbs/review-sandbox-demote-slug.test.mjs [import-transitive] test transitively imports changed path
scripts/task-tracker/lib/action-decision/test.mjs -> scripts/tests/unit/task-tracker/verbs/review-state-action.test.mjs [import-transitive] test transitively imports changed path
scripts/task-tracker/lib/action-decision/test.mjs -> scripts/tests/unit/task-tracker/verbs/review-timing-monotonic.test.mjs [import-transitive] test transitively imports changed path
scripts/task-tracker/lib/action-decision/test.mjs -> scripts/tests/unit/task-tracker/verbs/review-unverified-tick-hatch.test.mjs [import-transitive] test transitively imports changed path
scripts/task-tracker/lib/action-decision/test.mjs -> scripts/tests/unit/task-tracker/verbs/sandbox-env-isolation.test.mjs [import-transitive] test transitively imports changed path
scripts/task-tracker/lib/action-decision/test.mjs -> scripts/tests/unit/task-tracker/verbs/supersede-inprocess.test.mjs [import-transitive] test transitively imports changed path
scripts/task-tracker/lib/action-decision/test.mjs -> scripts/tests/unit/task-tracker/verbs/supersede-verb.test.mjs [import-transitive] test transitively imports changed path
scripts/task-tracker/lib/action-decision/test.mjs -> scripts/tests/unit/task-tracker/verbs/test-project-provider-npm-ci-args.test.mjs [import-transitive] test transitively imports changed path
scripts/task-tracker/lib/action-decision/test.mjs -> scripts/tests/unit/task-tracker/verbs/test-rejected-vc-not-scored-as-failed.test.mjs [import-transitive] test transitively imports changed path
scripts/task-tracker/lib/action-decision/test.mjs -> scripts/tests/unit/task-tracker/verbs/test-verb-kind-aware-lanes.test.mjs [import-transitive] test transitively imports changed path
scripts/task-tracker/lib/action-decision/test.mjs -> scripts/tests/unit/task-tracker/verbs/test-verb-lane-split-migration.test.mjs [import-transitive] test transitively imports changed path
scripts/task-tracker/lib/action-decision/test.mjs -> scripts/tests/unit/task-tracker/verbs/test-verb-sandbox-worktree-path.test.mjs [import-transitive] test transitively imports changed path
scripts/task-tracker/lib/action-decision/test.mjs -> scripts/tests/unit/task-tracker/verbs/verb-plan-promote.test.mjs [import-transitive] test transitively imports changed path
scripts/task-tracker/lib/action-decision/test.mjs -> scripts/tests/unit/task-tracker/verbs/verb-test-sandbox-env.test.mjs [import-transitive] test transitively imports changed path
scripts/task-tracker/lib/verification-receipt-retirement.mjs -> scripts/tests/integration/task-tracker/delivery-waiver-merge-method.integration.test.mjs [import-transitive] test transitively imports changed path
scripts/task-tracker/lib/verification-receipt-retirement.mjs -> scripts/tests/integration/task-tracker/lib/action-close-default.test.mjs [import-transitive] test transitively imports changed path
scripts/task-tracker/lib/verification-receipt-retirement.mjs -> scripts/tests/integration/task-tracker/lib/action-close-local-parent.test.mjs [import-transitive] test transitively imports changed path
scripts/task-tracker/lib/verification-receipt-retirement.mjs -> scripts/tests/integration/task-tracker/lib/action-close-local-trunk.test.mjs [import-transitive] test transitively imports changed path
scripts/task-tracker/lib/verification-receipt-retirement.mjs -> scripts/tests/integration/task-tracker/lib/action-close-normalization.test.mjs [import-transitive] test transitively imports changed path
scripts/task-tracker/lib/verification-receipt-retirement.mjs -> scripts/tests/integration/task-tracker/lib/action-close-v5.test.mjs [import-transitive] test transitively imports changed path
scripts/task-tracker/lib/verification-receipt-retirement.mjs -> scripts/tests/integration/task-tracker/lib/action-close-waiver.test.mjs [import-transitive] test transitively imports changed path
scripts/task-tracker/lib/verification-receipt-retirement.mjs -> scripts/tests/integration/task-tracker/lib/action-close.test.mjs [import-transitive] test transitively imports changed path
scripts/task-tracker/lib/verification-receipt-retirement.mjs -> scripts/tests/integration/task-tracker/lib/action-deliver.test.mjs [import-transitive] test transitively imports changed path
scripts/task-tracker/lib/verification-receipt-retirement.mjs -> scripts/tests/integration/task-tracker/lib/action-evaluator-large-graph.test.mjs [import-transitive] test transitively imports changed path
scripts/task-tracker/lib/verification-receipt-retirement.mjs -> scripts/tests/integration/task-tracker/lib/action-evaluator-local-trunk.test.mjs [import-transitive] test transitively imports changed path
scripts/task-tracker/lib/verification-receipt-retirement.mjs -> scripts/tests/integration/task-tracker/lib/action-evaluator.test.mjs [import-transitive] test transitively imports changed path
scripts/task-tracker/lib/verification-receipt-retirement.mjs -> scripts/tests/integration/task-tracker/lib/action-normalization.test.mjs [import-transitive] test transitively imports changed path
scripts/task-tracker/lib/verification-receipt-retirement.mjs -> scripts/tests/integration/task-tracker/lib/action-parity.test.mjs [import-transitive] test transitively imports changed path
scripts/task-tracker/lib/verification-receipt-retirement.mjs -> scripts/tests/integration/task-tracker/lib/action-review-reviewed-scope.test.mjs [import-transitive] test transitively imports changed path
scripts/task-tracker/lib/verification-receipt-retirement.mjs -> scripts/tests/integration/task-tracker/lib/action-review.test.mjs [import-transitive] test transitively imports changed path
scripts/task-tracker/lib/verification-receipt-retirement.mjs -> scripts/tests/integration/task-tracker/lib/action-session-promote.test.mjs [import-transitive] test transitively imports changed path
scripts/task-tracker/lib/verification-receipt-retirement.mjs -> scripts/tests/integration/task-tracker/lib/action-test.test.mjs [import-transitive] test transitively imports changed path
scripts/task-tracker/lib/verification-receipt-retirement.mjs -> scripts/tests/integration/task-tracker/lib/actor-flush-isolation.test.mjs [import-transitive] test transitively imports changed path
scripts/task-tracker/lib/verification-receipt-retirement.mjs -> scripts/tests/integration/task-tracker/lib/evidence-v2/close-flow.test.mjs [import-transitive] test transitively imports changed path
scripts/task-tracker/lib/verification-receipt-retirement.mjs -> scripts/tests/integration/task-tracker/lib/guidance-admission.test.mjs [import-transitive] test transitively imports changed path
scripts/task-tracker/lib/verification-receipt-retirement.mjs -> scripts/tests/integration/task-tracker/lib/guidance-authority-cost.test.mjs [import-transitive] test transitively imports changed path
scripts/task-tracker/lib/verification-receipt-retirement.mjs -> scripts/tests/integration/task-tracker/lib/guidance-explain.test.mjs [import-transitive] test transitively imports changed path
scripts/task-tracker/lib/verification-receipt-retirement.mjs -> scripts/tests/integration/task-tracker/lib/guidance-preslim-report.test.mjs [import-transitive] test transitively imports changed path
scripts/task-tracker/lib/verification-receipt-retirement.mjs -> scripts/tests/integration/task-tracker/lib/guidance-recertification-capture.test.mjs [import-transitive] test transitively imports changed path
scripts/task-tracker/lib/verification-receipt-retirement.mjs -> scripts/tests/integration/task-tracker/lib/guidance-release.test.mjs [import-transitive] test transitively imports changed path
scripts/task-tracker/lib/verification-receipt-retirement.mjs -> scripts/tests/integration/task-tracker/lib/pr1866-review-regressions.test.mjs [import-transitive] test transitively imports changed path
scripts/task-tracker/lib/verification-receipt-retirement.mjs -> scripts/tests/integration/task-tracker/lib/runtime-capabilities.test.mjs [import-transitive] test transitively imports changed path
scripts/task-tracker/lib/verification-receipt-retirement.mjs -> scripts/tests/integration/task-tracker/lib/shelve-blocked-r4p-state-exit.integration.test.mjs [import-transitive] test transitively imports changed path
scripts/task-tracker/lib/verification-receipt-retirement.mjs -> scripts/tests/integration/task-tracker/lib/shelve-stale-refinement-recovery.integration.test.mjs [import-transitive] test transitively imports changed path
scripts/task-tracker/lib/verification-receipt-retirement.mjs -> scripts/tests/integration/task-tracker/lib/shelve-transaction.integration.test.mjs [import-transitive] test transitively imports changed path
scripts/task-tracker/lib/verification-receipt-retirement.mjs -> scripts/tests/integration/task-tracker/lib/stage-aware-verification.integration.test.mjs [import-direct] test statically imports changed path
scripts/task-tracker/lib/verification-receipt-retirement.mjs -> scripts/tests/integration/task-tracker/lib/timing-actor-runtime.test.mjs [import-transitive] test transitively imports changed path
scripts/task-tracker/lib/verification-receipt-retirement.mjs -> scripts/tests/integration/task-tracker/lib/timing-delivery-provenance.test.mjs [import-transitive] test transitively imports changed path
scripts/task-tracker/lib/verification-receipt-retirement.mjs -> scripts/tests/integration/task-tracker/lib/verification-provider.integration.test.mjs [import-transitive] test transitively imports changed path
scripts/task-tracker/lib/verification-receipt-retirement.mjs -> scripts/tests/integration/task-tracker/local-trunk-close.integration.test.mjs [import-transitive] test transitively imports changed path
scripts/task-tracker/lib/verification-receipt-retirement.mjs -> scripts/tests/integration/task-tracker/verbs/child-close-telemetry.integration.test.mjs [import-transitive] test transitively imports changed path
scripts/task-tracker/lib/verification-receipt-retirement.mjs -> scripts/tests/integration/task-tracker/verbs/deliver-close.integration.test.mjs [import-transitive] test transitively imports changed path
scripts/task-tracker/lib/verification-receipt-retirement.mjs -> scripts/tests/integration/task-tracker/verbs/delivery-attribution-exception.test.mjs [import-transitive] test transitively imports changed path
scripts/task-tracker/lib/verification-receipt-retirement.mjs -> scripts/tests/integration/task-tracker/verbs/github-record-approval-close-gates.test.mjs [import-transitive] test transitively imports changed path
scripts/task-tracker/lib/verification-receipt-retirement.mjs -> scripts/tests/integration/task-tracker/verbs/github-record-test-review-gates.test.mjs [import-transitive] test transitively imports changed path
scripts/task-tracker/lib/verification-receipt-retirement.mjs -> scripts/tests/integration/task-tracker/verbs/shelve.test.mjs [import-transitive] test transitively imports changed path
scripts/task-tracker/lib/verification-receipt-retirement.mjs -> scripts/tests/integration/task-tracker/verbs/workflow-preflight.test.mjs [import-transitive] test transitively imports changed path
scripts/task-tracker/lib/verification-receipt-retirement.mjs -> scripts/tests/slow/task-tracker/lib/dirty-review-promote-false-success.test.mjs [import-transitive] test transitively imports changed path
scripts/task-tracker/lib/verification-receipt-retirement.mjs -> scripts/tests/slow/task-tracker/verbs/close-lifecycle-tick.test.mjs [import-transitive] test transitively imports changed path
scripts/task-tracker/lib/verification-receipt-retirement.mjs -> scripts/tests/slow/task-tracker/verbs/coverage-close.test.mjs [import-transitive] test transitively imports changed path
scripts/task-tracker/lib/verification-receipt-retirement.mjs -> scripts/tests/slow/task-tracker/verbs/deadlock-regression.test.mjs [import-transitive] test transitively imports changed path
scripts/task-tracker/lib/verification-receipt-retirement.mjs -> scripts/tests/slow/task-tracker/verbs/promote-verb.test.mjs [import-transitive] test transitively imports changed path
scripts/task-tracker/lib/verification-receipt-retirement.mjs -> scripts/tests/slow/task-tracker/verbs/recovery-path-independence.test.mjs [import-transitive] test transitively imports changed path
scripts/task-tracker/lib/verification-receipt-retirement.mjs -> scripts/tests/slow/task-tracker/verbs/state-marker-single-writer.test.mjs [import-transitive] test transitively imports changed path
scripts/task-tracker/lib/verification-receipt-retirement.mjs -> scripts/tests/slow/task-tracker/verbs/verb-test-remove-worktree.test.mjs [import-transitive] test transitively imports changed path
scripts/task-tracker/lib/verification-receipt-retirement.mjs -> scripts/tests/unit/gh/gh-client-injection.test.mjs [import-transitive] test transitively imports changed path
scripts/task-tracker/lib/verification-receipt-retirement.mjs -> scripts/tests/unit/task-tracker/characterization/orchestrators.test.mjs [import-transitive] test transitively imports changed path
scripts/task-tracker/lib/verification-receipt-retirement.mjs -> scripts/tests/unit/task-tracker/core/cli-help-flag.test.mjs [import-transitive] test transitively imports changed path
scripts/task-tracker/lib/verification-receipt-retirement.mjs -> scripts/tests/unit/task-tracker/core/close-emission-order.test.mjs [import-transitive] test transitively imports changed path
scripts/task-tracker/lib/verification-receipt-retirement.mjs -> scripts/tests/unit/task-tracker/core/command-manifest.test.mjs [import-transitive] test transitively imports changed path
scripts/task-tracker/lib/verification-receipt-retirement.mjs -> scripts/tests/unit/task-tracker/core/docs-only-lane-skip-completeness.test.mjs [import-transitive] test transitively imports changed path
scripts/task-tracker/lib/verification-receipt-retirement.mjs -> scripts/tests/unit/task-tracker/core/handle-migrate-result.test.mjs [import-transitive] test transitively imports changed path
scripts/task-tracker/lib/verification-receipt-retirement.mjs -> scripts/tests/unit/task-tracker/core/move-state-structured-result.test.mjs [import-transitive] test transitively imports changed path
scripts/task-tracker/lib/verification-receipt-retirement.mjs -> scripts/tests/unit/task-tracker/core/phase-events.test.mjs [import-transitive] test transitively imports changed path
scripts/task-tracker/lib/verification-receipt-retirement.mjs -> scripts/tests/unit/task-tracker/core/runtime-move-inprocess.test.mjs [import-transitive] test transitively imports changed path
scripts/task-tracker/lib/verification-receipt-retirement.mjs -> scripts/tests/unit/task-tracker/core/state-machine-self-transition.test.mjs [import-transitive] test transitively imports changed path
scripts/task-tracker/lib/verification-receipt-retirement.mjs -> scripts/tests/unit/task-tracker/core/task-tracker-preflight-target.test.mjs [import-transitive] test transitively imports changed path
scripts/task-tracker/lib/verification-receipt-retirement.mjs -> scripts/tests/unit/task-tracker/gh/coverage-dispatch-prep.test.mjs [import-transitive] test transitively imports changed path
scripts/task-tracker/lib/verification-receipt-retirement.mjs -> scripts/tests/unit/task-tracker/gh/dispatch-prep-inprocess.test.mjs [import-transitive] test transitively imports changed path
scripts/task-tracker/lib/verification-receipt-retirement.mjs -> scripts/tests/unit/task-tracker/gh/move-state-host-returns.test.mjs [import-transitive] test transitively imports changed path
scripts/task-tracker/lib/verification-receipt-retirement.mjs -> scripts/tests/unit/task-tracker/gh/review-in-place.test.mjs [import-transitive] test transitively imports changed path
scripts/task-tracker/lib/verification-receipt-retirement.mjs -> scripts/tests/unit/task-tracker/lib/action-authority-cost.test.mjs [import-transitive] test transitively imports changed path
scripts/task-tracker/lib/verification-receipt-retirement.mjs -> scripts/tests/unit/task-tracker/lib/auto-mode.test.mjs [import-transitive] test transitively imports changed path
scripts/task-tracker/lib/verification-receipt-retirement.mjs -> scripts/tests/unit/task-tracker/lib/backfill-holes.test.mjs [import-transitive] test transitively imports changed path
scripts/task-tracker/lib/verification-receipt-retirement.mjs -> scripts/tests/unit/task-tracker/lib/close-cross-close.test.mjs [import-transitive] test transitively imports changed path
scripts/task-tracker/lib/verification-receipt-retirement.mjs -> scripts/tests/unit/task-tracker/lib/close-repair.test.mjs [import-transitive] test transitively imports changed path
scripts/task-tracker/lib/verification-receipt-retirement.mjs -> scripts/tests/unit/task-tracker/lib/coverage-demote.test.mjs [import-transitive] test transitively imports changed path
scripts/task-tracker/lib/verification-receipt-retirement.mjs -> scripts/tests/unit/task-tracker/lib/coverage-plan.test.mjs [import-transitive] test transitively imports changed path
scripts/task-tracker/lib/verification-receipt-retirement.mjs -> scripts/tests/unit/task-tracker/lib/coverage-reconcile.test.mjs [import-transitive] test transitively imports changed path
scripts/task-tracker/lib/verification-receipt-retirement.mjs -> scripts/tests/unit/task-tracker/lib/coverage-review.test.mjs [import-transitive] test transitively imports changed path
scripts/task-tracker/lib/verification-receipt-retirement.mjs -> scripts/tests/unit/task-tracker/lib/coverage-supersede.test.mjs [import-transitive] test transitively imports changed path
scripts/task-tracker/lib/verification-receipt-retirement.mjs -> scripts/tests/unit/task-tracker/lib/entry-marker-contiguity-recovery.test.mjs [import-transitive] test transitively imports changed path
scripts/task-tracker/lib/verification-receipt-retirement.mjs -> scripts/tests/unit/task-tracker/lib/epic-r4p-orchestration.test.mjs [import-transitive] test transitively imports changed path
scripts/task-tracker/lib/verification-receipt-retirement.mjs -> scripts/tests/unit/task-tracker/lib/heal-entry-markers-delegates.test.mjs [import-transitive] test transitively imports changed path
scripts/task-tracker/lib/verification-receipt-retirement.mjs -> scripts/tests/unit/task-tracker/lib/lifecycle-history-actions.test.mjs [import-transitive] test transitively imports changed path
scripts/task-tracker/lib/verification-receipt-retirement.mjs -> scripts/tests/unit/task-tracker/lib/local-trunk-close-receipt.test.mjs [import-transitive] test transitively imports changed path
scripts/task-tracker/lib/verification-receipt-retirement.mjs -> scripts/tests/unit/task-tracker/lib/move-state/move-regression.test.mjs [import-transitive] test transitively imports changed path
scripts/task-tracker/lib/verification-receipt-retirement.mjs -> scripts/tests/unit/task-tracker/lib/move-state/move-state-board-marker-atomicity.test.mjs [import-transitive] test transitively imports changed path
scripts/task-tracker/lib/verification-receipt-retirement.mjs -> scripts/tests/unit/task-tracker/lib/move-state/move-state-core.test.mjs [import-transitive] test transitively imports changed path
scripts/task-tracker/lib/verification-receipt-retirement.mjs -> scripts/tests/unit/task-tracker/lib/move-state/move-state-idempotent.test.mjs [import-transitive] test transitively imports changed path
scripts/task-tracker/lib/verification-receipt-retirement.mjs -> scripts/tests/unit/task-tracker/lib/move-state/move-state-sentinel-write.test.mjs [import-transitive] test transitively imports changed path
scripts/task-tracker/lib/verification-receipt-retirement.mjs -> scripts/tests/unit/task-tracker/lib/move-state/move-state-tail-profiles.test.mjs [import-transitive] test transitively imports changed path
scripts/task-tracker/lib/verification-receipt-retirement.mjs -> scripts/tests/unit/task-tracker/lib/move-state/move-state-worktree-trunk-ref.test.mjs [import-transitive] test transitively imports changed path
scripts/task-tracker/lib/verification-receipt-retirement.mjs -> scripts/tests/unit/task-tracker/lib/r4p-jit-boundaries.test.mjs [import-transitive] test transitively imports changed path
scripts/task-tracker/lib/verification-receipt-retirement.mjs -> scripts/tests/unit/task-tracker/lib/reconcile-no-drift-seed.test.mjs [import-transitive] test transitively imports changed path
scripts/task-tracker/lib/verification-receipt-retirement.mjs -> scripts/tests/unit/task-tracker/lib/reconcile-sentinel-drift.test.mjs [import-transitive] test transitively imports changed path
scripts/task-tracker/lib/verification-receipt-retirement.mjs -> scripts/tests/unit/task-tracker/lib/refine-tbd-placeholder.test.mjs [import-transitive] test transitively imports changed path
scripts/task-tracker/lib/verification-receipt-retirement.mjs -> scripts/tests/unit/task-tracker/lib/review-derive-rescan.test.mjs [import-transitive] test transitively imports changed path
scripts/task-tracker/lib/verification-receipt-retirement.mjs -> scripts/tests/unit/task-tracker/lib/review-probe-policy.test.mjs [import-transitive] test transitively imports changed path
scripts/task-tracker/lib/verification-receipt-retirement.mjs -> scripts/tests/unit/task-tracker/lib/review-receipt-reuse.test.mjs [import-transitive] test transitively imports changed path
scripts/task-tracker/lib/verification-receipt-retirement.mjs -> scripts/tests/unit/task-tracker/lib/review-verb-timing-order.test.mjs [import-transitive] test transitively imports changed path
scripts/task-tracker/lib/verification-receipt-retirement.mjs -> scripts/tests/unit/task-tracker/lib/shelve-boundaries.test.mjs [import-transitive] test transitively imports changed path
scripts/task-tracker/lib/verification-receipt-retirement.mjs -> scripts/tests/unit/task-tracker/lib/state-engine-policy-characterization.test.mjs [import-transitive] test transitively imports changed path
scripts/task-tracker/lib/verification-receipt-retirement.mjs -> scripts/tests/unit/task-tracker/lib/terminal-disposition.test.mjs [import-transitive] test transitively imports changed path
scripts/task-tracker/lib/verification-receipt-retirement.mjs -> scripts/tests/unit/task-tracker/lib/test-sha-drift-gate.test.mjs [import-transitive] test transitively imports changed path
scripts/task-tracker/lib/verification-receipt-retirement.mjs -> scripts/tests/unit/task-tracker/lib/test-verb-injection.test.mjs [import-transitive] test transitively imports changed path
scripts/task-tracker/lib/verification-receipt-retirement.mjs -> scripts/tests/unit/task-tracker/lib/test-verb-receipt-refusal-audit.test.mjs [import-transitive] test transitively imports changed path
scripts/task-tracker/lib/verification-receipt-retirement.mjs -> scripts/tests/unit/task-tracker/lib/test-verb-receipt-retirement.test.mjs [import-transitive] test transitively imports changed path
scripts/task-tracker/lib/verification-receipt-retirement.mjs -> scripts/tests/unit/task-tracker/lib/test-verb-receipt-reuse.test.mjs [import-transitive] test transitively imports changed path
scripts/task-tracker/lib/verification-receipt-retirement.mjs -> scripts/tests/unit/task-tracker/lib/test-verb-result.test.mjs [import-transitive] test transitively imports changed path
scripts/task-tracker/lib/verification-receipt-retirement.mjs -> scripts/tests/unit/task-tracker/lib/test-verb-retry.test.mjs [import-transitive] test transitively imports changed path
scripts/task-tracker/lib/verification-receipt-retirement.mjs -> scripts/tests/unit/task-tracker/lib/test-verb-sandbox.test.mjs [import-transitive] test transitively imports changed path
scripts/task-tracker/lib/verification-receipt-retirement.mjs -> scripts/tests/unit/task-tracker/lib/verification-receipt-carry-forward.test.mjs [import-transitive] test transitively imports changed path
scripts/task-tracker/lib/verification-receipt-retirement.mjs -> scripts/tests/unit/task-tracker/lib/verification-receipt-retirement.test.mjs [basename] conventional basename compatibility mapping
scripts/task-tracker/lib/verification-receipt-retirement.mjs -> scripts/tests/unit/task-tracker/lib/verification-receipt-retirement.test.mjs [import-direct] test statically imports changed path
scripts/task-tracker/lib/verification-receipt-retirement.mjs -> scripts/tests/unit/task-tracker/verbs/close-authority-refresh.test.mjs [import-transitive] test transitively imports changed path
scripts/task-tracker/lib/verification-receipt-retirement.mjs -> scripts/tests/unit/task-tracker/verbs/close-binding-cleanup.test.mjs [import-transitive] test transitively imports changed path
scripts/task-tracker/lib/verification-receipt-retirement.mjs -> scripts/tests/unit/task-tracker/verbs/close-child-refresh.test.mjs [import-transitive] test transitively imports changed path
scripts/task-tracker/lib/verification-receipt-retirement.mjs -> scripts/tests/unit/task-tracker/verbs/close-converge-audit-emission.test.mjs [import-transitive] test transitively imports changed path
scripts/task-tracker/lib/verification-receipt-retirement.mjs -> scripts/tests/unit/task-tracker/verbs/close-convergence-wiring-finalize.test.mjs [import-transitive] test transitively imports changed path
scripts/task-tracker/lib/verification-receipt-retirement.mjs -> scripts/tests/unit/task-tracker/verbs/close-convergence-wiring.test.mjs [import-transitive] test transitively imports changed path
scripts/task-tracker/lib/verification-receipt-retirement.mjs -> scripts/tests/unit/task-tracker/verbs/close-delivered-idempotence.test.mjs [import-transitive] test transitively imports changed path
scripts/task-tracker/lib/verification-receipt-retirement.mjs -> scripts/tests/unit/task-tracker/verbs/close-delivery-gate-input.test.mjs [import-transitive] test transitively imports changed path
scripts/task-tracker/lib/verification-receipt-retirement.mjs -> scripts/tests/unit/task-tracker/verbs/close-delivery-gate-refusal.test.mjs [import-transitive] test transitively imports changed path
scripts/task-tracker/lib/verification-receipt-retirement.mjs -> scripts/tests/unit/task-tracker/verbs/close-false-delivery-recovery-contract.test.mjs [import-transitive] test transitively imports changed path
scripts/task-tracker/lib/verification-receipt-retirement.mjs -> scripts/tests/unit/task-tracker/verbs/close-false-delivery-recovery-wiring.test.mjs [import-transitive] test transitively imports changed path
scripts/task-tracker/lib/verification-receipt-retirement.mjs -> scripts/tests/unit/task-tracker/verbs/close-incorporated.test.mjs [import-transitive] test transitively imports changed path
scripts/task-tracker/lib/verification-receipt-retirement.mjs -> scripts/tests/unit/task-tracker/verbs/close-lifecycle-tick-retry.test.mjs [import-transitive] test transitively imports changed path
scripts/task-tracker/lib/verification-receipt-retirement.mjs -> scripts/tests/unit/task-tracker/verbs/close-no-commit-delivery.test.mjs [import-transitive] test transitively imports changed path
scripts/task-tracker/lib/verification-receipt-retirement.mjs -> scripts/tests/unit/task-tracker/verbs/close-occupancy-cleanup.test.mjs [import-transitive] test transitively imports changed path
scripts/task-tracker/lib/verification-receipt-retirement.mjs -> scripts/tests/unit/task-tracker/verbs/close-pexec-offline.test.mjs [import-transitive] test transitively imports changed path
scripts/task-tracker/lib/verification-receipt-retirement.mjs -> scripts/tests/unit/task-tracker/verbs/close-projected-guard-refresh.test.mjs [import-transitive] test transitively imports changed path
scripts/task-tracker/lib/verification-receipt-retirement.mjs -> scripts/tests/unit/task-tracker/verbs/close-reconcile-lifecycle.test.mjs [import-transitive] test transitively imports changed path
scripts/task-tracker/lib/verification-receipt-retirement.mjs -> scripts/tests/unit/task-tracker/verbs/close-recovery-backed-stale-wiring.test.mjs [import-transitive] test transitively imports changed path
scripts/task-tracker/lib/verification-receipt-retirement.mjs -> scripts/tests/unit/task-tracker/verbs/close-reopened-recovery-wiring.test.mjs [import-transitive] test transitively imports changed path
scripts/task-tracker/lib/verification-receipt-retirement.mjs -> scripts/tests/unit/task-tracker/verbs/close-review-authority-wiring.test.mjs [import-transitive] test transitively imports changed path
scripts/task-tracker/lib/verification-receipt-retirement.mjs -> scripts/tests/unit/task-tracker/verbs/close-strip-labels.test.mjs [import-transitive] test transitively imports changed path
scripts/task-tracker/lib/verification-receipt-retirement.mjs -> scripts/tests/unit/task-tracker/verbs/close-transaction-refresh.test.mjs [import-transitive] test transitively imports changed path
scripts/task-tracker/lib/verification-receipt-retirement.mjs -> scripts/tests/unit/task-tracker/verbs/coverage-promote.test.mjs [import-transitive] test transitively imports changed path
scripts/task-tracker/lib/verification-receipt-retirement.mjs -> scripts/tests/unit/task-tracker/verbs/demote-inprocess.test.mjs [import-transitive] test transitively imports changed path
scripts/task-tracker/lib/verification-receipt-retirement.mjs -> scripts/tests/unit/task-tracker/verbs/demote-verb.test.mjs [import-transitive] test transitively imports changed path
scripts/task-tracker/lib/verification-receipt-retirement.mjs -> scripts/tests/unit/task-tracker/verbs/demote.test.mjs [import-transitive] test transitively imports changed path
scripts/task-tracker/lib/verification-receipt-retirement.mjs -> scripts/tests/unit/task-tracker/verbs/move-inprocess-parity.test.mjs [import-transitive] test transitively imports changed path
scripts/task-tracker/lib/verification-receipt-retirement.mjs -> scripts/tests/unit/task-tracker/verbs/park.test.mjs [import-transitive] test transitively imports changed path
scripts/task-tracker/lib/verification-receipt-retirement.mjs -> scripts/tests/unit/task-tracker/verbs/promote-discuss-refusal.test.mjs [import-transitive] test transitively imports changed path
scripts/task-tracker/lib/verification-receipt-retirement.mjs -> scripts/tests/unit/task-tracker/verbs/promote-inprocess.test.mjs [import-transitive] test transitively imports changed path
scripts/task-tracker/lib/verification-receipt-retirement.mjs -> scripts/tests/unit/task-tracker/verbs/promote-review-close-agent-review-gate.test.mjs [import-transitive] test transitively imports changed path
scripts/task-tracker/lib/verification-receipt-retirement.mjs -> scripts/tests/unit/task-tracker/verbs/promote-spawn-timeout.test.mjs [import-transitive] test transitively imports changed path
scripts/task-tracker/lib/verification-receipt-retirement.mjs -> scripts/tests/unit/task-tracker/verbs/promote-test-delegation.test.mjs [import-transitive] test transitively imports changed path
scripts/task-tracker/lib/verification-receipt-retirement.mjs -> scripts/tests/unit/task-tracker/verbs/promote-test-review-alias.test.mjs [import-transitive] test transitively imports changed path
scripts/task-tracker/lib/verification-receipt-retirement.mjs -> scripts/tests/unit/task-tracker/verbs/promote-test-to-review-gate.test.mjs [import-transitive] test transitively imports changed path
scripts/task-tracker/lib/verification-receipt-retirement.mjs -> scripts/tests/unit/task-tracker/verbs/pull-next-background-profile.test.mjs [import-transitive] test transitively imports changed path
scripts/task-tracker/lib/verification-receipt-retirement.mjs -> scripts/tests/unit/task-tracker/verbs/pull-next-close-convergence.test.mjs [import-transitive] test transitively imports changed path
scripts/task-tracker/lib/verification-receipt-retirement.mjs -> scripts/tests/unit/task-tracker/verbs/pull-next-verb.test.mjs [import-transitive] test transitively imports changed path
scripts/task-tracker/lib/verification-receipt-retirement.mjs -> scripts/tests/unit/task-tracker/verbs/reconcile-inprocess.test.mjs [import-transitive] test transitively imports changed path
scripts/task-tracker/lib/verification-receipt-retirement.mjs -> scripts/tests/unit/task-tracker/verbs/reconcile-multistep-walk.test.mjs [import-transitive] test transitively imports changed path
scripts/task-tracker/lib/verification-receipt-retirement.mjs -> scripts/tests/unit/task-tracker/verbs/reconcile-verb.test.mjs [import-transitive] test transitively imports changed path
scripts/task-tracker/lib/verification-receipt-retirement.mjs -> scripts/tests/unit/task-tracker/verbs/refine-atomic-rollback.test.mjs [import-transitive] test transitively imports changed path
scripts/task-tracker/lib/verification-receipt-retirement.mjs -> scripts/tests/unit/task-tracker/verbs/refine-fields-cache-refresh.test.mjs [import-transitive] test transitively imports changed path
scripts/task-tracker/lib/verification-receipt-retirement.mjs -> scripts/tests/unit/task-tracker/verbs/refine-fresh-body-retry.test.mjs [import-transitive] test transitively imports changed path
scripts/task-tracker/lib/verification-receipt-retirement.mjs -> scripts/tests/unit/task-tracker/verbs/refine-stage-completion.test.mjs [import-transitive] test transitively imports changed path
scripts/task-tracker/lib/verification-receipt-retirement.mjs -> scripts/tests/unit/task-tracker/verbs/refine-verb.test.mjs [import-transitive] test transitively imports changed path
scripts/task-tracker/lib/verification-receipt-retirement.mjs -> scripts/tests/unit/task-tracker/verbs/review-sandbox-demote-slug.test.mjs [import-transitive] test transitively imports changed path
scripts/task-tracker/lib/verification-receipt-retirement.mjs -> scripts/tests/unit/task-tracker/verbs/review-state-action.test.mjs [import-transitive] test transitively imports changed path
scripts/task-tracker/lib/verification-receipt-retirement.mjs -> scripts/tests/unit/task-tracker/verbs/review-timing-monotonic.test.mjs [import-transitive] test transitively imports changed path
scripts/task-tracker/lib/verification-receipt-retirement.mjs -> scripts/tests/unit/task-tracker/verbs/review-unverified-tick-hatch.test.mjs [import-transitive] test transitively imports changed path
scripts/task-tracker/lib/verification-receipt-retirement.mjs -> scripts/tests/unit/task-tracker/verbs/sandbox-env-isolation.test.mjs [import-transitive] test transitively imports changed path
scripts/task-tracker/lib/verification-receipt-retirement.mjs -> scripts/tests/unit/task-tracker/verbs/supersede-inprocess.test.mjs [import-transitive] test transitively imports changed path
scripts/task-tracker/lib/verification-receipt-retirement.mjs -> scripts/tests/unit/task-tracker/verbs/supersede-verb.test.mjs [import-transitive] test transitively imports changed path
scripts/task-tracker/lib/verification-receipt-retirement.mjs -> scripts/tests/unit/task-tracker/verbs/test-project-provider-npm-ci-args.test.mjs [import-transitive] test transitively imports changed path
scripts/task-tracker/lib/verification-receipt-retirement.mjs -> scripts/tests/unit/task-tracker/verbs/test-rejected-vc-not-scored-as-failed.test.mjs [import-transitive] test transitively imports changed path
scripts/task-tracker/lib/verification-receipt-retirement.mjs -> scripts/tests/unit/task-tracker/verbs/test-verb-kind-aware-lanes.test.mjs [import-transitive] test transitively imports changed path
scripts/task-tracker/lib/verification-receipt-retirement.mjs -> scripts/tests/unit/task-tracker/verbs/test-verb-lane-split-migration.test.mjs [import-transitive] test transitively imports changed path
scripts/task-tracker/lib/verification-receipt-retirement.mjs -> scripts/tests/unit/task-tracker/verbs/test-verb-sandbox-worktree-path.test.mjs [import-transitive] test transitively imports changed path
scripts/task-tracker/lib/verification-receipt-retirement.mjs -> scripts/tests/unit/task-tracker/verbs/verb-plan-promote.test.mjs [import-transitive] test transitively imports changed path
scripts/task-tracker/lib/verification-receipt-retirement.mjs -> scripts/tests/unit/task-tracker/verbs/verb-test-sandbox-env.test.mjs [import-transitive] test transitively imports changed path
scripts/task-tracker/verbs/test.mjs -> scripts/tests/integration/task-tracker/lib/action-test.test.mjs [import-direct] test statically imports changed path
scripts/task-tracker/verbs/test.mjs -> scripts/tests/integration/task-tracker/lib/actor-flush-isolation.test.mjs [import-direct] test statically imports changed path
scripts/task-tracker/verbs/test.mjs -> scripts/tests/integration/task-tracker/lib/pr1866-review-regressions.test.mjs [import-direct] test statically imports changed path
scripts/task-tracker/verbs/test.mjs -> scripts/tests/integration/task-tracker/lib/stage-aware-verification.integration.test.mjs [import-direct] test statically imports changed path
scripts/task-tracker/verbs/test.mjs -> scripts/tests/integration/task-tracker/lib/verification-provider.integration.test.mjs [import-direct] test statically imports changed path
scripts/task-tracker/verbs/test.mjs -> scripts/tests/integration/task-tracker/verbs/github-record-test-review-gates.test.mjs [import-direct] test statically imports changed path
scripts/task-tracker/verbs/test.mjs -> scripts/tests/slow/task-tracker/verbs/verb-test-remove-worktree.test.mjs [import-direct] test statically imports changed path
scripts/task-tracker/verbs/test.mjs -> scripts/tests/unit/task-tracker/lib/test-sha-drift-gate.test.mjs [import-direct] test statically imports changed path
scripts/task-tracker/verbs/test.mjs -> scripts/tests/unit/task-tracker/lib/test-verb-receipt-refusal-audit.test.mjs [import-direct] test statically imports changed path
scripts/task-tracker/verbs/test.mjs -> scripts/tests/unit/task-tracker/lib/test-verb-receipt-retirement.test.mjs [import-direct] test statically imports changed path
scripts/task-tracker/verbs/test.mjs -> scripts/tests/unit/task-tracker/lib/test-verb-receipt-reuse.test.mjs [import-direct] test statically imports changed path
scripts/task-tracker/verbs/test.mjs -> scripts/tests/unit/task-tracker/lib/test-verb-result.test.mjs [import-direct] test statically imports changed path
scripts/task-tracker/verbs/test.mjs -> scripts/tests/unit/task-tracker/lib/test-verb-retry.test.mjs [import-direct] test statically imports changed path
scripts/task-tracker/verbs/test.mjs -> scripts/tests/unit/task-tracker/lib/test-verb-sandbox.test.mjs [import-direct] test statically imports changed path
scripts/task-tracker/verbs/test.mjs -> scripts/tests/unit/task-tracker/verbs/ac-stamp.test.mjs [manifest] CLI subprocess coverage is not completely visible through static imports
scripts/task-tracker/verbs/test.mjs -> scripts/tests/unit/task-tracker/verbs/action-ledger.test.mjs [manifest] CLI subprocess coverage is not completely visible through static imports
scripts/task-tracker/verbs/test.mjs -> scripts/tests/unit/task-tracker/verbs/approve-core.test.mjs [manifest] CLI subprocess coverage is not completely visible through static imports
scripts/task-tracker/verbs/test.mjs -> scripts/tests/unit/task-tracker/verbs/approve-full-auto-detect.test.mjs [manifest] CLI subprocess coverage is not completely visible through static imports
scripts/task-tracker/verbs/test.mjs -> scripts/tests/unit/task-tracker/verbs/approve-review-notes.test.mjs [manifest] CLI subprocess coverage is not completely visible through static imports
scripts/task-tracker/verbs/test.mjs -> scripts/tests/unit/task-tracker/verbs/approve-timing-boundary.test.mjs [manifest] CLI subprocess coverage is not completely visible through static imports
scripts/task-tracker/verbs/test.mjs -> scripts/tests/unit/task-tracker/verbs/assign.test.mjs [manifest] CLI subprocess coverage is not completely visible through static imports
scripts/task-tracker/verbs/test.mjs -> scripts/tests/unit/task-tracker/verbs/block-verb.test.mjs [manifest] CLI subprocess coverage is not completely visible through static imports
scripts/task-tracker/verbs/test.mjs -> scripts/tests/unit/task-tracker/verbs/board-and-project-guard.test.mjs [manifest] CLI subprocess coverage is not completely visible through static imports
scripts/task-tracker/verbs/test.mjs -> scripts/tests/unit/task-tracker/verbs/check-verb-migration.test.mjs [manifest] CLI subprocess coverage is not completely visible through static imports
scripts/task-tracker/verbs/test.mjs -> scripts/tests/unit/task-tracker/verbs/check.test.mjs [manifest] CLI subprocess coverage is not completely visible through static imports
scripts/task-tracker/verbs/test.mjs -> scripts/tests/unit/task-tracker/verbs/close-authority-refresh.test.mjs [manifest] CLI subprocess coverage is not completely visible through static imports
scripts/task-tracker/verbs/test.mjs -> scripts/tests/unit/task-tracker/verbs/close-binding-cleanup.test.mjs [manifest] CLI subprocess coverage is not completely visible through static imports
scripts/task-tracker/verbs/test.mjs -> scripts/tests/unit/task-tracker/verbs/close-child-refresh.test.mjs [manifest] CLI subprocess coverage is not completely visible through static imports
scripts/task-tracker/verbs/test.mjs -> scripts/tests/unit/task-tracker/verbs/close-converge-audit-emission.test.mjs [manifest] CLI subprocess coverage is not completely visible through static imports
scripts/task-tracker/verbs/test.mjs -> scripts/tests/unit/task-tracker/verbs/close-convergence-wiring-finalize.test.mjs [manifest] CLI subprocess coverage is not completely visible through static imports
scripts/task-tracker/verbs/test.mjs -> scripts/tests/unit/task-tracker/verbs/close-convergence-wiring.test.mjs [manifest] CLI subprocess coverage is not completely visible through static imports
scripts/task-tracker/verbs/test.mjs -> scripts/tests/unit/task-tracker/verbs/close-delivered-idempotence.test.mjs [manifest] CLI subprocess coverage is not completely visible through static imports
scripts/task-tracker/verbs/test.mjs -> scripts/tests/unit/task-tracker/verbs/close-delivery-gate-input.test.mjs [manifest] CLI subprocess coverage is not completely visible through static imports
scripts/task-tracker/verbs/test.mjs -> scripts/tests/unit/task-tracker/verbs/close-delivery-gate-refusal.test.mjs [manifest] CLI subprocess coverage is not completely visible through static imports
scripts/task-tracker/verbs/test.mjs -> scripts/tests/unit/task-tracker/verbs/close-delivery-receipt.test.mjs [manifest] CLI subprocess coverage is not completely visible through static imports
scripts/task-tracker/verbs/test.mjs -> scripts/tests/unit/task-tracker/verbs/close-false-delivery-recovery-contract.test.mjs [manifest] CLI subprocess coverage is not completely visible through static imports
scripts/task-tracker/verbs/test.mjs -> scripts/tests/unit/task-tracker/verbs/close-false-delivery-recovery-wiring.test.mjs [manifest] CLI subprocess coverage is not completely visible through static imports
scripts/task-tracker/verbs/test.mjs -> scripts/tests/unit/task-tracker/verbs/close-incorporated.test.mjs [manifest] CLI subprocess coverage is not completely visible through static imports
scripts/task-tracker/verbs/test.mjs -> scripts/tests/unit/task-tracker/verbs/close-lifecycle-tick-retry.test.mjs [manifest] CLI subprocess coverage is not completely visible through static imports
scripts/task-tracker/verbs/test.mjs -> scripts/tests/unit/task-tracker/verbs/close-no-commit-delivery.test.mjs [manifest] CLI subprocess coverage is not completely visible through static imports
scripts/task-tracker/verbs/test.mjs -> scripts/tests/unit/task-tracker/verbs/close-occupancy-cleanup.test.mjs [manifest] CLI subprocess coverage is not completely visible through static imports
scripts/task-tracker/verbs/test.mjs -> scripts/tests/unit/task-tracker/verbs/close-pexec-offline.test.mjs [manifest] CLI subprocess coverage is not completely visible through static imports
scripts/task-tracker/verbs/test.mjs -> scripts/tests/unit/task-tracker/verbs/close-projected-guard-refresh.test.mjs [manifest] CLI subprocess coverage is not completely visible through static imports
scripts/task-tracker/verbs/test.mjs -> scripts/tests/unit/task-tracker/verbs/close-reconcile-lifecycle.test.mjs [manifest] CLI subprocess coverage is not completely visible through static imports
scripts/task-tracker/verbs/test.mjs -> scripts/tests/unit/task-tracker/verbs/close-recovery-backed-stale-wiring.test.mjs [manifest] CLI subprocess coverage is not completely visible through static imports
scripts/task-tracker/verbs/test.mjs -> scripts/tests/unit/task-tracker/verbs/close-reopened-recovery-wiring.test.mjs [manifest] CLI subprocess coverage is not completely visible through static imports
scripts/task-tracker/verbs/test.mjs -> scripts/tests/unit/task-tracker/verbs/close-review-authority-wiring.test.mjs [manifest] CLI subprocess coverage is not completely visible through static imports
scripts/task-tracker/verbs/test.mjs -> scripts/tests/unit/task-tracker/verbs/close-strip-labels.test.mjs [manifest] CLI subprocess coverage is not completely visible through static imports
scripts/task-tracker/verbs/test.mjs -> scripts/tests/unit/task-tracker/verbs/close-transaction-refresh.test.mjs [manifest] CLI subprocess coverage is not completely visible through static imports
scripts/task-tracker/verbs/test.mjs -> scripts/tests/unit/task-tracker/verbs/comment.test.mjs [manifest] CLI subprocess coverage is not completely visible through static imports
scripts/task-tracker/verbs/test.mjs -> scripts/tests/unit/task-tracker/verbs/commit-trace-verb.test.mjs [manifest] CLI subprocess coverage is not completely visible through static imports
scripts/task-tracker/verbs/test.mjs -> scripts/tests/unit/task-tracker/verbs/coverage-ac-stamp.test.mjs [manifest] CLI subprocess coverage is not completely visible through static imports
scripts/task-tracker/verbs/test.mjs -> scripts/tests/unit/task-tracker/verbs/coverage-auto.test.mjs [manifest] CLI subprocess coverage is not completely visible through static imports
scripts/task-tracker/verbs/test.mjs -> scripts/tests/unit/task-tracker/verbs/coverage-check-verb.test.mjs [manifest] CLI subprocess coverage is not completely visible through static imports
scripts/task-tracker/verbs/test.mjs -> scripts/tests/unit/task-tracker/verbs/coverage-check.test.mjs [manifest] CLI subprocess coverage is not completely visible through static imports
scripts/task-tracker/verbs/test.mjs -> scripts/tests/unit/task-tracker/verbs/coverage-commit-trace.test.mjs [manifest] CLI subprocess coverage is not completely visible through static imports
scripts/task-tracker/verbs/test.mjs -> scripts/tests/unit/task-tracker/verbs/coverage-config.test.mjs [manifest] CLI subprocess coverage is not completely visible through static imports
scripts/task-tracker/verbs/test.mjs -> scripts/tests/unit/task-tracker/verbs/coverage-dod-stamp.test.mjs [manifest] CLI subprocess coverage is not completely visible through static imports
scripts/task-tracker/verbs/test.mjs -> scripts/tests/unit/task-tracker/verbs/coverage-evidence-markers.test.mjs [manifest] CLI subprocess coverage is not completely visible through static imports
scripts/task-tracker/verbs/test.mjs -> scripts/tests/unit/task-tracker/verbs/coverage-fleet.test.mjs [manifest] CLI subprocess coverage is not completely visible through static imports
scripts/task-tracker/verbs/test.mjs -> scripts/tests/unit/task-tracker/verbs/coverage-kind.test.mjs [manifest] CLI subprocess coverage is not completely visible through static imports
scripts/task-tracker/verbs/test.mjs -> scripts/tests/unit/task-tracker/verbs/coverage-mirror-deep-dive.test.mjs [manifest] CLI subprocess coverage is not completely visible through static imports
scripts/task-tracker/verbs/test.mjs -> scripts/tests/unit/task-tracker/verbs/coverage-plan-approve.test.mjs [manifest] CLI subprocess coverage is not completely visible through static imports
scripts/task-tracker/verbs/test.mjs -> scripts/tests/unit/task-tracker/verbs/coverage-promote.test.mjs [manifest] CLI subprocess coverage is not completely visible through static imports
scripts/task-tracker/verbs/test.mjs -> scripts/tests/unit/task-tracker/verbs/coverage-update.test.mjs [manifest] CLI subprocess coverage is not completely visible through static imports
scripts/task-tracker/verbs/test.mjs -> scripts/tests/unit/task-tracker/verbs/deliver-default-deps.test.mjs [manifest] CLI subprocess coverage is not completely visible through static imports
scripts/task-tracker/verbs/test.mjs -> scripts/tests/unit/task-tracker/verbs/deliver-default-squash-recovery.test.mjs [manifest] CLI subprocess coverage is not completely visible through static imports
scripts/task-tracker/verbs/test.mjs -> scripts/tests/unit/task-tracker/verbs/deliver-historical-reconstruction.test.mjs [manifest] CLI subprocess coverage is not completely visible through static imports
scripts/task-tracker/verbs/test.mjs -> scripts/tests/unit/task-tracker/verbs/deliver-lineage-adapter.test.mjs [manifest] CLI subprocess coverage is not completely visible through static imports
scripts/task-tracker/verbs/test.mjs -> scripts/tests/unit/task-tracker/verbs/deliver-merged-source-attribution.test.mjs [manifest] CLI subprocess coverage is not completely visible through static imports
scripts/task-tracker/verbs/test.mjs -> scripts/tests/unit/task-tracker/verbs/deliver-multiple-pr-records.test.mjs [manifest] CLI subprocess coverage is not completely visible through static imports
scripts/task-tracker/verbs/test.mjs -> scripts/tests/unit/task-tracker/verbs/deliver-no-commit.test.mjs [manifest] CLI subprocess coverage is not completely visible through static imports
scripts/task-tracker/verbs/test.mjs -> scripts/tests/unit/task-tracker/verbs/deliver-pr-selection.test.mjs [manifest] CLI subprocess coverage is not completely visible through static imports
scripts/task-tracker/verbs/test.mjs -> scripts/tests/unit/task-tracker/verbs/deliver-reconcile-args.test.mjs [manifest] CLI subprocess coverage is not completely visible through static imports
scripts/task-tracker/verbs/test.mjs -> scripts/tests/unit/task-tracker/verbs/deliver-review-waiver.test.mjs [manifest] CLI subprocess coverage is not completely visible through static imports
scripts/task-tracker/verbs/test.mjs -> scripts/tests/unit/task-tracker/verbs/deliver-single-source-squash.test.mjs [manifest] CLI subprocess coverage is not completely visible through static imports
scripts/task-tracker/verbs/test.mjs -> scripts/tests/unit/task-tracker/verbs/deliver-source-inventory.test.mjs [manifest] CLI subprocess coverage is not completely visible through static imports
scripts/task-tracker/verbs/test.mjs -> scripts/tests/unit/task-tracker/verbs/deliver.test.mjs [manifest] CLI subprocess coverage is not completely visible through static imports
scripts/task-tracker/verbs/test.mjs -> scripts/tests/unit/task-tracker/verbs/demote-inprocess.test.mjs [manifest] CLI subprocess coverage is not completely visible through static imports
scripts/task-tracker/verbs/test.mjs -> scripts/tests/unit/task-tracker/verbs/demote-verb.test.mjs [manifest] CLI subprocess coverage is not completely visible through static imports
scripts/task-tracker/verbs/test.mjs -> scripts/tests/unit/task-tracker/verbs/demote.test.mjs [manifest] CLI subprocess coverage is not completely visible through static imports
scripts/task-tracker/verbs/test.mjs -> scripts/tests/unit/task-tracker/verbs/develop-state-action.test.mjs [manifest] CLI subprocess coverage is not completely visible through static imports
scripts/task-tracker/verbs/test.mjs -> scripts/tests/unit/task-tracker/verbs/dod-stamp-state-gate.test.mjs [manifest] CLI subprocess coverage is not completely visible through static imports
scripts/task-tracker/verbs/test.mjs -> scripts/tests/unit/task-tracker/verbs/ensure-checked.test.mjs [manifest] CLI subprocess coverage is not completely visible through static imports
scripts/task-tracker/verbs/test.mjs -> scripts/tests/unit/task-tracker/verbs/ensure-unchecked.test.mjs [manifest] CLI subprocess coverage is not completely visible through static imports
scripts/task-tracker/verbs/test.mjs -> scripts/tests/unit/task-tracker/verbs/epic-reconcile.test.mjs [manifest] CLI subprocess coverage is not completely visible through static imports
scripts/task-tracker/verbs/test.mjs -> scripts/tests/unit/task-tracker/verbs/epic-wave.test.mjs [manifest] CLI subprocess coverage is not completely visible through static imports
scripts/task-tracker/verbs/test.mjs -> scripts/tests/unit/task-tracker/verbs/fleet-closed-bindings.test.mjs [manifest] CLI subprocess coverage is not completely visible through static imports
scripts/task-tracker/verbs/test.mjs -> scripts/tests/unit/task-tracker/verbs/functional-dod-gate.test.mjs [manifest] CLI subprocess coverage is not completely visible through static imports
scripts/task-tracker/verbs/test.mjs -> scripts/tests/unit/task-tracker/verbs/help.test.mjs [manifest] CLI subprocess coverage is not completely visible through static imports
scripts/task-tracker/verbs/test.mjs -> scripts/tests/unit/task-tracker/verbs/incident-ledger.test.mjs [manifest] CLI subprocess coverage is not completely visible through static imports
scripts/task-tracker/verbs/test.mjs -> scripts/tests/unit/task-tracker/verbs/inflate-estimate.test.mjs [manifest] CLI subprocess coverage is not completely visible through static imports
scripts/task-tracker/verbs/test.mjs -> scripts/tests/unit/task-tracker/verbs/issue-body.test.mjs [manifest] CLI subprocess coverage is not completely visible through static imports
scripts/task-tracker/verbs/test.mjs -> scripts/tests/unit/task-tracker/verbs/migrate-dependencies.test.mjs [manifest] CLI subprocess coverage is not completely visible through static imports
scripts/task-tracker/verbs/test.mjs -> scripts/tests/unit/task-tracker/verbs/move-inprocess-parity.test.mjs [manifest] CLI subprocess coverage is not completely visible through static imports
scripts/task-tracker/verbs/test.mjs -> scripts/tests/unit/task-tracker/verbs/new-help-probe-guard.test.mjs [manifest] CLI subprocess coverage is not completely visible through static imports
scripts/task-tracker/verbs/test.mjs -> scripts/tests/unit/task-tracker/verbs/new-routes-create-issue.test.mjs [manifest] CLI subprocess coverage is not completely visible through static imports
scripts/task-tracker/verbs/test.mjs -> scripts/tests/unit/task-tracker/verbs/new.test.mjs [manifest] CLI subprocess coverage is not completely visible through static imports
scripts/task-tracker/verbs/test.mjs -> scripts/tests/unit/task-tracker/verbs/next-alias.test.mjs [manifest] CLI subprocess coverage is not completely visible through static imports
scripts/task-tracker/verbs/test.mjs -> scripts/tests/unit/task-tracker/verbs/park.test.mjs [manifest] CLI subprocess coverage is not completely visible through static imports
scripts/task-tracker/verbs/test.mjs -> scripts/tests/unit/task-tracker/verbs/plan-approve-collapse.test.mjs [manifest] CLI subprocess coverage is not completely visible through static imports
scripts/task-tracker/verbs/test.mjs -> scripts/tests/unit/task-tracker/verbs/plan-approve-core.test.mjs [manifest] CLI subprocess coverage is not completely visible through static imports
scripts/task-tracker/verbs/test.mjs -> scripts/tests/unit/task-tracker/verbs/plan-approve.test.mjs [manifest] CLI subprocess coverage is not completely visible through static imports
scripts/task-tracker/verbs/test.mjs -> scripts/tests/unit/task-tracker/verbs/plan-estimate.test.mjs [manifest] CLI subprocess coverage is not completely visible through static imports
scripts/task-tracker/verbs/test.mjs -> scripts/tests/unit/task-tracker/verbs/promote-discuss-refusal.test.mjs [manifest] CLI subprocess coverage is not completely visible through static imports
scripts/task-tracker/verbs/test.mjs -> scripts/tests/unit/task-tracker/verbs/promote-inprocess.test.mjs [manifest] CLI subprocess coverage is not completely visible through static imports
scripts/task-tracker/verbs/test.mjs -> scripts/tests/unit/task-tracker/verbs/promote-review-close-agent-review-gate.test.mjs [manifest] CLI subprocess coverage is not completely visible through static imports
scripts/task-tracker/verbs/test.mjs -> scripts/tests/unit/task-tracker/verbs/promote-spawn-timeout.test.mjs [manifest] CLI subprocess coverage is not completely visible through static imports
scripts/task-tracker/verbs/test.mjs -> scripts/tests/unit/task-tracker/verbs/promote-test-delegation.test.mjs [import-direct] test statically imports changed path
scripts/task-tracker/verbs/test.mjs -> scripts/tests/unit/task-tracker/verbs/promote-test-delegation.test.mjs [manifest] CLI subprocess coverage is not completely visible through static imports
scripts/task-tracker/verbs/test.mjs -> scripts/tests/unit/task-tracker/verbs/promote-test-review-alias.test.mjs [manifest] CLI subprocess coverage is not completely visible through static imports
scripts/task-tracker/verbs/test.mjs -> scripts/tests/unit/task-tracker/verbs/promote-test-to-review-gate.test.mjs [manifest] CLI subprocess coverage is not completely visible through static imports
scripts/task-tracker/verbs/test.mjs -> scripts/tests/unit/task-tracker/verbs/pull-next-background-profile.test.mjs [manifest] CLI subprocess coverage is not completely visible through static imports
scripts/task-tracker/verbs/test.mjs -> scripts/tests/unit/task-tracker/verbs/pull-next-close-convergence.test.mjs [manifest] CLI subprocess coverage is not completely visible through static imports
scripts/task-tracker/verbs/test.mjs -> scripts/tests/unit/task-tracker/verbs/pull-next-verb.test.mjs [manifest] CLI subprocess coverage is not completely visible through static imports
scripts/task-tracker/verbs/test.mjs -> scripts/tests/unit/task-tracker/verbs/reconcile-inprocess.test.mjs [manifest] CLI subprocess coverage is not completely visible through static imports
scripts/task-tracker/verbs/test.mjs -> scripts/tests/unit/task-tracker/verbs/reconcile-multistep-walk.test.mjs [manifest] CLI subprocess coverage is not completely visible through static imports
scripts/task-tracker/verbs/test.mjs -> scripts/tests/unit/task-tracker/verbs/reconcile-verb.test.mjs [manifest] CLI subprocess coverage is not completely visible through static imports
scripts/task-tracker/verbs/test.mjs -> scripts/tests/unit/task-tracker/verbs/refine-atomic-rollback.test.mjs [manifest] CLI subprocess coverage is not completely visible through static imports
scripts/task-tracker/verbs/test.mjs -> scripts/tests/unit/task-tracker/verbs/refine-fields-cache-refresh.test.mjs [manifest] CLI subprocess coverage is not completely visible through static imports
scripts/task-tracker/verbs/test.mjs -> scripts/tests/unit/task-tracker/verbs/refine-fresh-body-retry.test.mjs [manifest] CLI subprocess coverage is not completely visible through static imports
scripts/task-tracker/verbs/test.mjs -> scripts/tests/unit/task-tracker/verbs/refine-stage-completion.test.mjs [manifest] CLI subprocess coverage is not completely visible through static imports
scripts/task-tracker/verbs/test.mjs -> scripts/tests/unit/task-tracker/verbs/refine-verb.test.mjs [manifest] CLI subprocess coverage is not completely visible through static imports
scripts/task-tracker/verbs/test.mjs -> scripts/tests/unit/task-tracker/verbs/reject.test.mjs [manifest] CLI subprocess coverage is not completely visible through static imports
scripts/task-tracker/verbs/test.mjs -> scripts/tests/unit/task-tracker/verbs/review-receipt-lane-skip.test.mjs [manifest] CLI subprocess coverage is not completely visible through static imports
scripts/task-tracker/verbs/test.mjs -> scripts/tests/unit/task-tracker/verbs/review-sandbox-demote-slug.test.mjs [manifest] CLI subprocess coverage is not completely visible through static imports
scripts/task-tracker/verbs/test.mjs -> scripts/tests/unit/task-tracker/verbs/review-state-action.test.mjs [manifest] CLI subprocess coverage is not completely visible through static imports
scripts/task-tracker/verbs/test.mjs -> scripts/tests/unit/task-tracker/verbs/review-timing-monotonic.test.mjs [manifest] CLI subprocess coverage is not completely visible through static imports
scripts/task-tracker/verbs/test.mjs -> scripts/tests/unit/task-tracker/verbs/review-unverified-tick-hatch.test.mjs [manifest] CLI subprocess coverage is not completely visible through static imports
scripts/task-tracker/verbs/test.mjs -> scripts/tests/unit/task-tracker/verbs/sandbox-env-isolation.test.mjs [import-direct] test statically imports changed path
scripts/task-tracker/verbs/test.mjs -> scripts/tests/unit/task-tracker/verbs/sandbox-env-isolation.test.mjs [manifest] CLI subprocess coverage is not completely visible through static imports
scripts/task-tracker/verbs/test.mjs -> scripts/tests/unit/task-tracker/verbs/split-plan.test.mjs [manifest] CLI subprocess coverage is not completely visible through static imports
scripts/task-tracker/verbs/test.mjs -> scripts/tests/unit/task-tracker/verbs/state-cursor-promotion-parity.test.mjs [manifest] CLI subprocess coverage is not completely visible through static imports
scripts/task-tracker/verbs/test.mjs -> scripts/tests/unit/task-tracker/verbs/supersede-inprocess.test.mjs [manifest] CLI subprocess coverage is not completely visible through static imports
scripts/task-tracker/verbs/test.mjs -> scripts/tests/unit/task-tracker/verbs/supersede-verb.test.mjs [manifest] CLI subprocess coverage is not completely visible through static imports
scripts/task-tracker/verbs/test.mjs -> scripts/tests/unit/task-tracker/verbs/test-project-provider-npm-ci-args.test.mjs [import-direct] test statically imports changed path
scripts/task-tracker/verbs/test.mjs -> scripts/tests/unit/task-tracker/verbs/test-project-provider-npm-ci-args.test.mjs [manifest] CLI subprocess coverage is not completely visible through static imports
scripts/task-tracker/verbs/test.mjs -> scripts/tests/unit/task-tracker/verbs/test-rejected-vc-not-scored-as-failed.test.mjs [import-direct] test statically imports changed path
scripts/task-tracker/verbs/test.mjs -> scripts/tests/unit/task-tracker/verbs/test-rejected-vc-not-scored-as-failed.test.mjs [manifest] CLI subprocess coverage is not completely visible through static imports
scripts/task-tracker/verbs/test.mjs -> scripts/tests/unit/task-tracker/verbs/test-state-action.test.mjs [manifest] CLI subprocess coverage is not completely visible through static imports
scripts/task-tracker/verbs/test.mjs -> scripts/tests/unit/task-tracker/verbs/test-verb-kind-aware-lanes.test.mjs [import-direct] test statically imports changed path
scripts/task-tracker/verbs/test.mjs -> scripts/tests/unit/task-tracker/verbs/test-verb-kind-aware-lanes.test.mjs [manifest] CLI subprocess coverage is not completely visible through static imports
scripts/task-tracker/verbs/test.mjs -> scripts/tests/unit/task-tracker/verbs/test-verb-lane-split-migration.test.mjs [import-direct] test statically imports changed path
scripts/task-tracker/verbs/test.mjs -> scripts/tests/unit/task-tracker/verbs/test-verb-lane-split-migration.test.mjs [manifest] CLI subprocess coverage is not completely visible through static imports
scripts/task-tracker/verbs/test.mjs -> scripts/tests/unit/task-tracker/verbs/test-verb-sandbox-worktree-path.test.mjs [import-direct] test statically imports changed path
scripts/task-tracker/verbs/test.mjs -> scripts/tests/unit/task-tracker/verbs/test-verb-sandbox-worktree-path.test.mjs [manifest] CLI subprocess coverage is not completely visible through static imports
scripts/task-tracker/verbs/test.mjs -> scripts/tests/unit/task-tracker/verbs/unassign.test.mjs [manifest] CLI subprocess coverage is not completely visible through static imports
scripts/task-tracker/verbs/test.mjs -> scripts/tests/unit/task-tracker/verbs/user-story.test.mjs [manifest] CLI subprocess coverage is not completely visible through static imports
scripts/task-tracker/verbs/test.mjs -> scripts/tests/unit/task-tracker/verbs/verb-discover-help.test.mjs [manifest] CLI subprocess coverage is not completely visible through static imports
scripts/task-tracker/verbs/test.mjs -> scripts/tests/unit/task-tracker/verbs/verb-plan-promote.test.mjs [manifest] CLI subprocess coverage is not completely visible through static imports
scripts/task-tracker/verbs/test.mjs -> scripts/tests/unit/task-tracker/verbs/verb-test-sandbox-env.test.mjs [import-direct] test statically imports changed path
scripts/task-tracker/verbs/test.mjs -> scripts/tests/unit/task-tracker/verbs/verb-test-sandbox-env.test.mjs [manifest] CLI subprocess coverage is not completely visible through static imports
scripts/tests/integration/task-tracker/lib/action-test.test.mjs -> scripts/tests/integration/meta/test-tree-layout.test.mjs [manifest] current test tree authority change
scripts/tests/integration/task-tracker/lib/action-test.test.mjs -> scripts/tests/integration/task-tracker/lib/action-test.test.mjs [changed-test] changed or newly discovered test
scripts/tests/unit/task-tracker/lib/test-verb-receipt-retirement.test.mjs -> scripts/tests/integration/meta/test-tree-layout.test.mjs [manifest] current test tree authority change
scripts/tests/unit/task-tracker/lib/test-verb-receipt-retirement.test.mjs -> scripts/tests/unit/task-tracker/lib/test-verb-receipt-retirement.test.mjs [changed-test] changed or newly discovered test
scripts/tests/unit/task-tracker/lib/verification-receipt-retirement.test.mjs -> scripts/tests/integration/meta/test-tree-layout.test.mjs [manifest] current test tree authority change
scripts/tests/unit/task-tracker/lib/verification-receipt-retirement.test.mjs -> scripts/tests/unit/task-tracker/lib/verification-receipt-retirement.test.mjs [changed-test] changed or newly discovered test
✔ layout audit rejects a discovered test outside the canonical lane tree (130.424708ms)
✔ layout audit rejects a test placed directly in a canonical lane root (59.099541ms)
✔ line-cap audit still examines a misplaced test discovered outside the canonical tree (53.999ms)
✔ a hidden support-subtree test cannot evade discovery, the runner, or any audit (202.324583ms)
✔ feature-oriented files keep semantic ownership after their lane correction (3.075541ms)
✔ current test-tree baseline is well formed (1.7585ms)
✔ AC3/AC4: every current baseline test remains live in its recorded lane (0.552417ms)
✔ AC1: no *.test.mjs file remains directly in a lane root (0.545875ms)
✔ AC2: every lane subdirectory has an explicit subsystem or integration owner (4.990917ms)
✔ AC4: the three lanes are a disjoint partition whose union is the whole discovery set (11.431042ms)
ℹ tests 10
ℹ suites 0
ℹ pass 10
ℹ fail 0
ℹ cancelled 0
ℹ skipped 0
ℹ todo 0
ℹ duration_ms 557.879625
Closed #9184. Delivery merge-method waived (requirement=delivery.verification.merge-method).
✔ no grant preserves the original merged method refusal without terminal writes (8.671875ms)
✔ exact grant produces one v3 intent, immutable burn, one v4 receipt, and idempotent retry (34.074042ms)
✔ synthetic historical waiver reaches the close receipt gate with method visibly waived (55.8405ms)
✔ grant expiry after v3 intent readback refuses the burn and leaves no receipt (8.461ms)
✔ revocation observed at the effect boundary leaves the confirmed intent unburned (6.502417ms)
✔ two independent verification failures refuse before intent reservation (2.079ms)
✔ scope drift before intent reservation prevents any journal write (3.39475ms)
✔ fresh approval after pre-reservation issue re-scoping selects the revised grant (12.359ms)
✔ scope drift after v3 readback leaves approval unburned and no receipt (4.71325ms)
✔ confirmed burn and receipt remain replayable after the grant expires (20.136791ms)
✔ advanced local HEAD still replays the pinned v4 receipt without publication (18.628667ms)
✔ advanced local HEAD resumes an exact confirmed burn before receipt publication (18.976958ms)
✔ completed receipt uses pinned provider observation when retry read omits it (22.026083ms)
✔ revocation recorded after the burn leaves the historical receipt verifiable (21.995459ms)
✔ unresolved receipt publication burns approval and never posts on retry (18.725459ms)
✔ two concurrent deliver contenders project one v3 successor and one burn (13.358333ms)
✔ lost v3 intent response is resolved from exact comment readback (11.470917ms)
✔ another host completing v4 between intent confirmation and readback is adopted exactly (25.218208ms)
✔ two authorized operations naming one predecessor refuse before either reserves it (2.369125ms)
✔ stale per-host grant views for distinct operations still reserve one predecessor (13.858292ms)
ℹ tests 20
ℹ suites 0
ℹ pass 20
ℹ fail 0
ℹ cancelled 0
ℹ skipped 0
ℹ todo 0
ℹ duration_ms 535.970167
✔ production delivery reader resolves empty or omitted trunkRef for an attributed epic child (22.63525ms)
✔ production delivery reader follows the shared local and configured-remote fallback authority (1.374375ms)
✔ production child close resolves an omitted trunkRef and keeps parent attribution blockers (19.37075ms)
✔ production child close projects the same gate outcome with explicit and default trunk refs (22.083166ms)
ℹ tests 4
ℹ suites 0
ℹ pass 4
ℹ fail 0
ℹ cancelled 0
ℹ skipped 0
ℹ todo 0
ℹ duration_ms 270.558
✔ local parent closes ready with absent remote parent (581.989417ms)
✔ local parent closes ready with divergent remote parent (669.318666ms)
✔ missing opaque parent walks to the surviving registered ancestor (427.535292ms)
✔ absent parents fall back to trunk and cannot attribute an undelivered child (396.829875ms)
✔ local delivery rejects false numeric-prefix attribution (379.977ms)
✔ missing local commit objects fail closed without remote substitution (477.613583ms)
ℹ tests 6
ℹ suites 0
ℹ pass 6
ℹ fail 0
ℹ cancelled 0
ℹ skipped 0
ℹ todo 0
ℹ duration_ms 3220.033791
✔ completed local-trunk receipt makes advisory close ready without effects (4.158833ms)
✔ completed receipt still refuses when fresh trunk and PR proof drifts (1.064375ms)
✔ unconsumed local grant stays blocked in advisory close (0.639334ms)
✔ production local receipt reader verifies exact journal and comment without writes (4.517041ms)
ℹ tests 4
ℹ suites 0
ℹ pass 4
ℹ fail 0
ℹ cancelled 0
ℹ skipped 0
ℹ todo 0
ℹ duration_ms 161.210917
✔ Close preserves unchecked reasons after delivered authority with old attachments removed (93.240875ms)
✔ Close preserves unchecked reasons after local-trunk authority with old attachments removed (21.094667ms)
ℹ tests 2
ℹ suites 0
ℹ pass 2
ℹ fail 0
ℹ cancelled 0
ℹ skipped 0
ℹ todo 0
ℹ duration_ms 273.839875
fatal: Not a valid object name ffffffffffffffffffffffffffffffffffffffff^{commit}
✔ production read-only v5 proof is ready on exact base and leaves Git and worktree bytes unchanged (486.738417ms)
✔ production read-only v5 proof is ready on disjoint advanced base and leaves Git and worktree bytes unchanged (464.797458ms)
✔ production v5 proof refuses changed content and overlapping base changes (842.274792ms)
✔ production v5 proof refuses unavailable accepted objects and conflicting receipt bytes (601.323167ms)
ℹ tests 4
ℹ suites 0
ℹ pass 4
ℹ fail 0
ℹ cancelled 0
ℹ skipped 0
ℹ todo 0
ℹ duration_ms 2574.101084
✔ production close guard adapter verifies a pinned v4 receipt through read-only ports (28.037708ms)
ℹ tests 1
ℹ suites 0
ℹ pass 1
ℹ fail 0
ℹ cancelled 0
ℹ skipped 0
ℹ todo 0
ℹ duration_ms 183.283459
✔ production child reader retains complete paginated child identity and refuses malformed pages (2.307542ms)
✔ production worktree reader compares binding identity and observes dirty paths without writing (0.234ms)
✔ production delivery reader uses canonical parent lineage and current receipt evidence (2.587875ms)
✔ production delivery rejects evidence-v2 without invoking its mutating close runner (0.144791ms)
✔ production guard adapter reads dependencies and refuses missing local commit objects (0.516333ms)
✔ production close reaches ready with fresh authority and only read transports (7.372542ms)
✔ production close collector and terminal authority guard refuse changed delivery after ready (2.81825ms)
✔ production close observes workflow policy when a guard requires enrichment (3.872083ms)
✔ production close cannot select ordinary completion for a CLOSED GitHub issue in Review (2.98225ms)
✔ production close refuses issue-body changes even when semantic scope is unchanged (1.167ms)
✔ production close refuses a changed issue revision with byte-identical body (0.823167ms)
✔ production close cannot bypass pending recovery on an OPEN issue in Review (1.856041ms)
✔ production close retains immutable initial and current issue revisions (1.123166ms)
✔ ordinary close collects current authority without effects (1.642375ms)
✔ close fails closed on missing objects and retains independent guard blockers (1.082292ms)
✔ close cannot convert a missing receipt or child read into readiness (1.157792ms)
✔ production close adapter fails closed without read-only delivery and guard seams (1.023917ms)
✔ production guards pin both child and epic delivery proofs to the verified immutable tip (1.104792ms)
✔ collector preserves all seven fields on read failure and does not execute effects (0.340875ms)
✔ epic child refusals and independent child approval requests survive close collection (0.377333ms)
✔ close preserves approval requests alongside attribution investigation (0.648083ms)
✔ incorporated and malformed evidence-v2 authority cannot select a special close lane (0.652167ms)
✔ a current Review state selects sanctioned close navigation (0.0435ms)
✔ Done remains terminal and cannot select another close (0.033792ms)
✔ Review promotion delegates to the close collector (0.50025ms)
✔ close retains approval and investigation requests simultaneously (0.64075ms)
✔ missing workflow-policy reader is a typed indeterminate result (0.294125ms)
ℹ tests 27
ℹ suites 0
ℹ pass 27
ℹ fail 0
ℹ cancelled 0
ℹ skipped 0
ℹ todo 0
ℹ duration_ms 216.342083
✔ open-PR delivery explanation shares actual preflight and performs no effects (6.847041ms)
✔ stale PR head is blocked by the same exact-head preflight as execution (1.669542ms)
✔ missing provider capability blocks without shell merge guidance (0.736958ms)
✔ an unreadable delivery authority observation is indeterminate (0.71875ms)
✔ simultaneous unreadable sources retain both typed causes (0.573625ms)
✔ merged PR without a delivery receipt cannot claim ready from PR state alone (0.967041ms)
✔ merged PR reconstruction does not infer a provider action (0.659084ms)
✔ merged PR with a live intent and exact read-only trunk proof is explainable (7.908334ms)
✔ merged PR without an intent is explainable when read-only external proof succeeds (1.339459ms)
✔ merged external proof retains source-attribution metadata warnings (1.8395ms)
✔ merged PR with a matching receipt remains explainable without new records (5.897792ms)
✔ default merged proof ports observe remote and local trunk without fetching refs (0.534208ms)
✔ default delivery dependency advertises only the configured provider-action capability (0.110417ms)
✔ a stale local trunk mirror cannot prove merged delivery readiness (3.49925ms)
✔ merged intent cannot explain ready after configured method diverges (2.360333ms)
✔ issue-resident no-commit delivery is explainable without a merge provider (1.12425ms)
✔ production reader selects the current head among historical branch PRs (0.947458ms)
✔ production reader reports an unavailable initial issue without throwing or effects (0.973083ms)
✔ delivery body drift between observed issue and preflight snapshot is indeterminate (0.798ms)
✔ delivery snapshot cannot claim ready at a different observed worktree HEAD (0.631167ms)
✔ missing exact-head human PR approval is a typed request, not ready (0.638958ms)
✔ ineligible manual code reviewer blocks rather than becoming indeterminate (1.097875ms)
✔ missing complete delivery-record inventory cannot explain ready (1.0035ms)
✔ historical recovery is not silently offered as a ready default delivery (1.20725ms)
✔ malformed v2 evidence marker cannot fall through to v1 delivery readiness (1.3355ms)
✔ an existing intent whose authorized merge method diverges cannot explain ready (1.394833ms)
✔ a prior-head intent may be superseded by fresh exact-head execution (1.242542ms)
✔ an existing no-commit delivery record with a different accepted head blocks readiness (1.33625ms)
✔ execution refuses a changed PR head after a prior ready explanation (1.564833ms)
✔ execution refuses revoked review authorization after a prior ready explanation (1.110791ms)
✔ execution refuses withdrawn exact-head human PR approval after explanation (1.576959ms)
✔ execution refuses changed CI after a prior ready explanation (1.112167ms)
✔ execution refuses changed ledger after a prior ready explanation (0.933042ms)
✔ execution refreshes PR head after preflight and before posting an intent (0.394292ms)
✔ execution refreshes lineage before posting an intent (0.41375ms)
ℹ tests 35
ℹ suites 0
ℹ pass 35
ℹ fail 0
ℹ cancelled 0
ℹ skipped 0
ℹ todo 0
ℹ duration_ms 228.121834
✔ exact remote tip checks a large graph without buffering its object list (0.867916ms)
ℹ tests 1
ℹ suites 0
ℹ pass 1
ℹ fail 0
ℹ cancelled 0
ℹ skipped 0
ℹ todo 0
ℹ duration_ms 149.576375
✔ local trunk authority refuses refs/remotes/origin/trunk without a git read (0.505042ms)
✔ local trunk authority refuses origin/trunk without a git read (0.087042ms)
ℹ tests 2
ℹ suites 0
ℹ pass 2
ℹ fail 0
ℹ cancelled 0
ℹ skipped 0
ℹ todo 0
ℹ duration_ms 158.814
✔ complete shared guards skip policy transport on a ready baseline (1.002458ms)
✔ qualifying refusal loads policy once and replaces the entire baseline result (0.178459ms)
✔ a non-applicable exception does not erase an ordinary guard refusal (0.129833ms)
✔ failed required policy collection is indeterminate and preserves known refusals (0.268208ms)
✔ malformed complete guard output never passes shared execution (0.16625ms)
✔ a completed promotion adapter without an outer effect ledger is indeterminate (5.653625ms)
✔ a complete read-only adapter can report ready from one observed body (0.666292ms)
✔ an adapter without an outer effect ledger cannot claim readiness (0.359833ms)
✔ an ineligible action cannot become ready through a supplied target (0.385125ms)
✔ lazy guard reads join the same attempt and memoize one physical read (0.478834ms)
✔ waivable explanation observes one body and one policy transport, then replaces guards (0.620542ms)
✔ a scope-incompatible policy waiver cannot turn a known refusal ready (0.622167ms)
✔ failed required policy read retains the known refusal and adds an indeterminate cause (0.57575ms)
✔ a throwing shared read-only guard is indeterminate, not a ready result (0.271334ms)
✔ a thrown shared evaluator is a typed guard-error (0.2955ms)
✔ a malformed adapter result is separately classified as invalid (0.236083ms)
✔ incompatible issue body fails before any guard is evaluated (0.302042ms)
✔ missing required body source is an authority failure, not a skipped success (0.242084ms)
✔ known blocked refusal, warning and human request remain complete (0.370209ms)
✔ the complete result retains normalization intent and hashes its inputs (0.360959ms)
✔ an attempted effect stays visible outside guard conversion and forbids readiness (1.598333ms)
✔ exact remote tip needs a complete non-shallow local graph without fetch (0.357916ms)
✔ missing or shallow remote-tip history is attribution-unavailable (0.2485ms)
✔ exact tip is admitted only as a pinned delivery observation (0.308417ms)
✔ complete exact remote tip scopes the existing attribution predicate to its SHA (0.187916ms)
✔ incomplete exact remote history never invokes attribution (0.07625ms)
✔ configured local trunk ref retains explicit local provenance and scopes attribution (0.17375ms)
✔ bare local trunk fallback resolves only the qualified local branch (0.116042ms)
ℹ tests 28
ℹ suites 0
ℹ pass 28
ℹ fail 0
ℹ cancelled 0
ℹ skipped 0
ℹ todo 0
ℹ duration_ms 162.90475
✔ ready execution persists the current projection with proof-introduction authority and verified readback (3.561167ms)
✔ the versioned mutation callback remains synchronous so proof guards inspect its body (0.564375ms)
✔ the real versioned body boundary rejects the same proof-introducing edit without evidenceStamp (4.527709ms)
✔ blocked fresh readiness preserves its envelope with pending normalization (0.86375ms)
✔ blocked fresh readiness preserves its envelope without pending normalization (0.134416ms)
✔ indeterminate fresh readiness preserves its envelope with pending normalization (0.194958ms)
✔ indeterminate fresh readiness preserves its envelope without pending normalization (0.09ms)
✔ real registry completeness labels survive normalization (0.155375ms)
✔ indeterminate readiness on a fresh versioned base is retained before persistence (0.493875ms)
✔ malformed non-ready envelope is invalid with normalization (0.296083ms)
✔ malformed non-ready envelope is invalid without normalization (0.077083ms)
✔ successful normalization keeps persisted truth when readback becomes blocked (0.692417ms)
✔ a thrown fresh authority evaluation is drift, not a write transport failure (0.478125ms)
✔ post-write readback failure refuses while preserving the fact that a write occurred (0.637458ms)
✔ write transport failure is named and stops before post-write authority or later effects (0.319ms)
✔ changed execution HEAD refuses even if projected decision intent would be identical (0.104875ms)
✔ a changed HEAD during a versioned retry refuses before another push (0.585625ms)
✔ an empty authority body is a failed readback, never an idempotent no-op (0.1865ms)
✔ a version conflict re-evaluates the fresh body and refuses a now-blocked retry (1.872458ms)
✔ a non-overlapping version conflict recomputes and preserves the concurrent edit (1.043666ms)
✔ readback rejects a proof marker attributed to the wrong execution HEAD (0.802875ms)
✔ test-to-review rescan preserves projected refusal before any derived write (1.651666ms)
✔ a concurrent HEAD change wins over an otherwise valid blocked retry (0.514375ms)
✔ remaining projection drift wins over a blocked post-write guard (0.461583ms)
✔ normalization retains warnings and human requests separately from normalization warnings (1.237792ms)
ℹ tests 25
ℹ suites 0
ℹ pass 25
ℹ fail 0
ℹ cancelled 0
ℹ skipped 0
ℹ todo 0
ℹ duration_ms 167.5555
✔ aggregate parity matrix covers every lifecycle action and required scenario (1.693042ms)
✔ aggregate parity executes the seven action suites, not only their metadata (12471.041292ms)
✔ authority cost evidence matches fresh physical reads before A2 certification (53.028084ms)
✔ legacy refusal and warning fallbacks remain inventoried and fail closed (2.158459ms)
ℹ tests 4
ℹ suites 0
ℹ pass 4
ℹ fail 0
ℹ cancelled 0
ℹ skipped 0
ℹ todo 0
ℹ duration_ms 12702.347458
✔ real Review projection preserves completeness checkbox labels in action output (11.536ms)
✔ Review consumes normalized typed labels before transitions or reviewer work (98.037958ms)
✔ real registry preserves reviewed-scope-current-missing without an unclassified fallback (2.289292ms)
✔ real registry preserves reviewed-scope-stale without an unclassified fallback (1.130041ms)
✔ real registry preserves reviewed-scope-comment-invalid without an unclassified fallback (0.995666ms)
✔ real registry preserves reviewed-scope-wrong-checkout without an unclassified fallback (0.867375ms)
✔ real registry preserves reviewed-scope-read-unavailable without an unclassified fallback (0.876375ms)
✔ reviewed Scope guard is registered only in Test exit (0.108666ms)
✔ read-only Review collector threads explicit execution and invoking directories (1.035084ms)
✔ Review evaluator retains injected authoritative reviewed Scope ports (3.616083ms)
ℹ tests 10
ℹ suites 0
ℹ pass 10
ℹ fail 0
ℹ cancelled 0
ℹ skipped 0
ℹ todo 0
ℹ duration_ms 285.653417

⛔ Refusing to move #1667 to Review:
   BLOCKED: Test receipt SHA no longer matches HEAD

Resolve the blockers above, then retry `/task review #1667`.

✔ direct Review and Test-state Promote share ready evidence without effects (6.217083ms)
✔ Review routing uses its complete collector even when generic guards are available (0.70525ms)
✔ Review guards receive project config and a read-only dependency reconciliation port (0.741333ms)
▶ Review explanation refuses stale HEAD, unreadable evidence, and board drift
  ✔ stale HEAD (1.083125ms)
  ✔ unreadable preflight (0.701083ms)
  ✔ board drift (1.147625ms)
✔ Review explanation refuses stale HEAD, unreadable evidence, and board drift (3.221167ms)
✔ Review preserves simultaneous typed preflight refusals without exposing prose (0.837709ms)
✔ Review retains independent preflight and completeness blockers together (0.643ms)
✔ Review does not accept a contradictory successful preflight carrying refusals (0.60425ms)
✔ Review refuses a stale exact-HEAD Test receipt even when preflight and guards pass (1.035041ms)
✔ Review execution refuses a stale Test receipt after a ready collector decision (119.77125ms)
✔ Review refuses a preflight computed from a different issue-body revision (0.996916ms)
✔ Review reports a projected Functional DoD normalization without persistence (2.939958ms)
✔ Review guards receive the current directory-backed Test evidence from preflight (1.151125ms)
✔ Review refuses contradictory directory Test evidence read at one boundary (2.234958ms)
✔ real Test-to-Review guards refuse missing exact-HEAD Test proof and incomplete ACs (360.810708ms)
✔ Review resident reruns only incomplete evidence and does not recommend close (1.328208ms)
✔ Review-state Promote delegates to Close rather than a Review rerun (2.336667ms)
✔ live Review read adapter refreshes issue, board, HEAD, and preflight at this boundary (1.247125ms)
✔ live Review-state adapter selects a rerun only after current semantic policy is read (2.050917ms)
✔ live Review-state policy read failure is typed indeterminate, never a rerun grant (1.054125ms)
✔ initial Review authority read failure is typed indeterminate (0.172584ms)
✔ resident ledger comment reader fetches the exact GitHub comment read-only (0.235209ms)
✔ active semantic waiver with failed Review marker selects self-rerun (1.361209ms)
✔ Review re-entry with a clean older ledger head still selects current resident work (1.846583ms)
ℹ tests 26
ℹ suites 0
ℹ pass 26
ℹ fail 0
ℹ cancelled 0
ℹ skipped 0
ℹ todo 0
ℹ duration_ms 672.695375
✔ rebind remains a cursor trigger, not a session action (1.099459ms)
✔ read-only bind reports skipped required authority as indeterminate (2.747625ms)
✔ the execution TT_SKIP_NETWORK setting skips required explanation reads (0.66225ms)
✔ disabled assignee match remains ready only with complete matching board and marker (0.683709ms)
✔ disabled assignee match does not conceal a missing board read (0.495417ms)
✔ a body without a last-known-state marker is indeterminate (0.70375ms)
✔ a board and body-marker disagreement blocks bind readiness (0.5105ms)
✔ a mismatched worktree blocks bind readiness (0.642792ms)
✔ an unreadable worktree match is indeterminate, not ready (0.54525ms)
✔ a conflicting occupancy blocks bind before any claim (0.495875ms)
✔ an implicit resume cannot target a different active issue (0.497583ms)
✔ no-argument resume is not ready without a paused session (0.36875ms)
✔ no-argument resume is ready for its paused last issue (0.334625ms)
✔ migration freeze blocks a complete session decision without a side effect (0.386542ms)
✔ enabled ownership check blocks a foreign owner (0.44175ms)
✔ enabled ownership check blocks multiple owners and treats unknown identity as indeterminate (0.671292ms)
✔ a conflicting local configuration observation cannot yield a ready decision (0.421208ms)
✔ missing repository configuration is indeterminate even with a complete board fixture (1.552ms)
✔ observed state drift and migration freeze agree with the execution preflight (0.912375ms)
✔ production session reads and execution refresh the same changed board authority (0.726334ms)
✔ cold numeric bind, switch, and explicit resume select the same fresh target (1.374458ms)
✔ foreign ownership blocks both production explanation and execution preflight (0.614416ms)
✔ another issue occupying the target worktree blocks readiness and the real claim (135.347792ms)
✔ a body changing between scope selection and observation is indeterminate (0.833417ms)
✔ a readable stub body without scope sections is an issue-body authority failure (0.595625ms)
✔ real injected resume execution refreshes freeze and preserves its exit 14 refusal (358.173917ms)
✔ early promotion readiness retains an unmapped complete-guard refusal (23.394083ms)
✔ typed plan approval remediation survives complete guard projection (26.271042ms)
✔ unknown and conflicting early state authority never yields a target grant (0.448792ms)
✔ early promotion readiness follows all four canonical forward edges (82.699584ms)
✔ a migration freeze discovered after explanation blocks early promotion readiness (0.98575ms)
✔ terminal Done has no executable early promotion target (0.119166ms)
✔ later promotion delegate stays pending with a valid navigation blocker (0.1145ms)
✔ skipped remote authority cannot yield ready early promotion (0.094458ms)
✔ TT_SKIP_NETWORK also skips early promotion authority without a caller flag (0.102ms)
✔ read-only dependency readiness does not reconcile disposition (22.698709ms)
✔ a ready early explanation is not a grant after dependency readiness changes (30.177334ms)
✔ a migration freeze activated before locked execution refuses without reading or moving (0.241791ms)
✔ early readiness shares execution session policy and story-intent resolver (0.381792ms)
✔ a real plan-approval guard refuses the same missing marker in explanation and execution (0.801042ms)
✔ complete production early registry retains field, parent, dependency, contiguity, and plan refusals (8795.538792ms)
✔ production evaluator routes a complete bind collector and finishes one v2 attempt (3.900958ms)
✔ production evaluator routes complete early promotion without an effect (24.625542ms)
✔ production evaluator routes explicit resume through complete session authority (1.107791ms)
✔ v2 navigation rejects rebind and unresolved state while keeping Done terminal (4.683125ms)
✔ terminal Done refuses an effect, stale authority, and rebind without a false grant (2.137583ms)
✔ a ready v2 explanation never authorizes stale promotion execution (42.368584ms)
✔ v2 early promotion preserves typed plan-approval remediation and human request (21.165958ms)
✔ matching recorded and live state selects one canonical early edge (20.081208ms)
✔ missing effect ledger does not erase unknown navigation authority (0.980208ms)
✔ session navigation refuses a stale proposed state despite internally matching board and marker (0.802291ms)
✔ network-skipped early promotion emits valid v2 uncertainty without remote reads (0.3685ms)
ℹ tests 52
ℹ suites 0
ℹ pass 52
ℹ fail 0
ℹ cancelled 0
ℹ skipped 0
ℹ todo 0
ℹ duration_ms 9779.023708
▶ direct Test and Develop Promote explain the same ready entry without effects
  ✔ direct Test from Develop (6.808458ms)
  ✔ direct Test self-rerun from Test (1.085083ms)
  ✔ Promote from Develop (0.696125ms)
✔ direct Test and Develop Promote explain the same ready entry without effects (9.277166ms)
✔ accepted directory-backed Test evidence does not require legacy VCs or sandbox (1.279458ms)
✔ Review-state Test request is not advertised as runnable (0.599459ms)
✔ Test entry needs an explicit project directory for command and provider authority (0.732542ms)
✔ Test entry resolves the bound project directory when the caller omits it (0.586625ms)
✔ Test explanation reports missing Verification Commands without effects (1.440167ms)
✔ Test entry preserves simultaneous declaration and Develop-exit refusals (0.855959ms)
✔ Test entry aggregates independent binding and declaration blockers (0.529125ms)
▶ Test explanation reports mismatched HEAD, binding, and malformed receipt authority
  ✔ worktree HEAD (0.516375ms)
  ✔ session binding (0.411167ms)
  ✔ claimed receipt (0.580042ms)
✔ Test explanation reports mismatched HEAD, binding, and malformed receipt authority (1.720458ms)
✔ Test explanation names an unavailable required authority read and makes no effects (0.541041ms)
✔ network-skipped Test entry is indeterminate without an empty observation attempt (0.264083ms)
✔ malformed observed HEAD is indeterminate, not blocked or ready (0.484208ms)
✔ a required workflow-policy read failure remains indeterminate for Test entry (1.276917ms)
✔ a configured provider rejected by execution is blocked in Test explanation (1.187917ms)
✔ real Develop-exit guards explain the affected AC and repair on Test and Promote (3280.179666ms)
✔ Test entry retains registered guard warnings while remaining blocked (0.721292ms)
✔ a missing Develop-final receipt is runnable resident work, not completed proof (0.479166ms)
✔ a ready Test explanation does not predetermine a later red locked execution (3.962416ms)
✔ production Test read adapter rechecks live body and board at a fresh boundary (0.830208ms)
✔ production adapter rejects directory evidence whose accepted record epoch is stale (1.137833ms)
✔ the locked Test wrapper supplies the production preflight by default (0.129959ms)
✔ locked Test execution refuses a freshly blocked entry before any sandbox effect (0.154542ms)
✔ rebased Test readiness audits the projected body without changing observed authority (1.969208ms)
✔ current wrong-tree Test provenance remains a readiness refusal (1.121416ms)
ℹ tests 30
ℹ suites 0
ℹ pass 30
ℹ fail 0
ℹ cancelled 0
ℹ skipped 0
ℹ todo 0
ℹ duration_ms 3455.279625
Started #1857.
Paused #1857: +Unknown active min (wall 0), +0 words. Use "/task resume" to resume.
Resumed #1857.
✔ question hooks close only their own actor interval and resume without charging the wait (607.2005ms)
✔ question reply ambiguity retains the original row and replays before resuming (1590.343792ms)
✔ question marker cannot substitute another event for the frozen resume (295.631875ms)
✔ question hook respects its own manual pause without creating a resume marker (141.18175ms)
✔ flush preserves genuine own wall interval and unknown estimate despite another actor tail (164.54925ms)
✔ first attributed interruption retains observed cursor delta without a fabricated opener (179.513209ms)
✔ update preserves cumulative actor cursor and unknown total after an unavailable estimate (342.847291ms)
✔ real start pause and resume retain one actor identity and explicit current boundaries (675.725042ms)
✔ phase boundary flushes own actor interval and shared lifecycle rows do not duplicate actor work (222.239583ms)
✔ Test interlock records actual verification engagement from a paused own binding (271.931917ms)
✔ status distinguishes missing activity observation from zero work (172.476708ms)
✔ failed Test execution retains both its failure and actual actor work (766.101958ms)
✔ session tracking initializes a versioned own cursor and refuses corrupt existing authority (176.455583ms)
✔ failed publication retains original row and cursor, then exact replay precedes new work (379.363667ms)
✔ publication cannot overwrite a concurrently changed own timing boundary (119.018125ms)
✔ Review human handoff flushes actual actor work before pausing its own binding (185.980625ms)
✔ compaction hooks use the same actor journal and never resume a paused binding (362.707958ms)
✔ session restart records unknown prior work without synthesizing historical active or idle time (269.553542ms)
✔ actual hook entrypoint refuses a foreign payload actor before mutating timing state (257.637208ms)
✔ actual idle SessionStart preserves cumulative actor word evidence (476.864292ms)
ℹ tests 20
ℹ suites 0
ℹ pass 20
ℹ fail 0
ℹ cancelled 0
ℹ skipped 0
ℹ todo 0
ℹ duration_ms 7860.840208
✔ cold retry converges timing after before-effect (3.169125ms)
✔ cold retry converges timing after after-effect-before-response (2.598583ms)
✔ cold retry converges timing after after-response-before-checkpoint (0.395791ms)
✔ cold retry converges estimation after before-effect (0.329125ms)
✔ cold retry converges estimation after after-effect-before-response (0.364458ms)
✔ cold retry converges estimation after after-response-before-checkpoint (0.478291ms)
✔ cold retry converges lifecycle after before-effect (0.327791ms)
✔ cold retry converges lifecycle after after-effect-before-response (0.278083ms)
✔ cold retry converges lifecycle after after-response-before-checkpoint (0.336792ms)
✔ cold retry converges board after before-effect (0.539041ms)
✔ cold retry converges board after after-effect-before-response (0.417167ms)
✔ cold retry converges board after after-response-before-checkpoint (0.2875ms)
✔ cold retry converges disposition after before-effect (0.438375ms)
✔ cold retry converges disposition after after-effect-before-response (1.564292ms)
✔ cold retry converges disposition after after-response-before-checkpoint (1.374125ms)
✔ cold retry converges issue after before-effect (0.63675ms)
✔ cold retry converges issue after after-effect-before-response (0.295417ms)
✔ cold retry converges issue after after-response-before-checkpoint (0.317875ms)
✔ cold retry converges labels after before-effect (0.313625ms)
✔ cold retry converges labels after after-effect-before-response (0.247708ms)
✔ cold retry converges labels after after-response-before-checkpoint (0.382125ms)
✔ cold retry converges cleanup after before-effect (0.393292ms)
✔ cold retry converges cleanup after after-effect-before-response (0.289917ms)
✔ cold retry converges cleanup after after-response-before-checkpoint (0.289208ms)
✔ pre-close contention refuses effects while a post-completion race is cleanup pending (0.625375ms)
✔ public close dispatcher selects marked synthetic v2 and ignores unmarked v1 (435.954459ms)
ℹ tests 26
ℹ suites 0
ℹ pass 26
ℹ fail 0
ℹ cancelled 0
ℹ skipped 0
ℹ todo 0
ℹ duration_ms 679.675833
✔ tracked invalid override refuses a read-only operational route before normal dispatch (403.313958ms)
✔ invalid catalog refuses before GitHub, lock, or session effects without network skip (14355.23075ms)
✔ dynamic issue-bind route cannot bypass admission (350.884583ms)
✔ direct verb hub refuses invalid guidance before context construction (446.733584ms)
✔ direct verb executables refuse invalid guidance before their own main paths (2174.224792ms)
✔ direct verb help-shaped arguments cannot bypass admission (2039.949583ms)
✔ unsupported direct-hub recovery words are admitted as operational (629.007959ms)
✔ session annotation requires a durable issue write, not a zero-exit or local change (0.65825ms)
✔ timing-post observation distinguishes durable issue writes from queued rows (0.235334ms)
✔ package installer refuses invalid guidance before init writes (431.821166ms)
✔ direct support-script path refuses invalid guidance before its own parser (379.478833ms)
✔ guidance validation remains a routed recovery command (480.364834ms)
✔ top-level help remains available while the selected catalog is invalid (309.464875ms)
✔ command help, guidance source, and package version remain effect-free recovery routes (876.525041ms)
✔ admission inventory accounts for every canonical command, alias, and classified executable (112.052458ms)
✔ every registered operational token refuses an invalid catalog (20787.014791ms)
✔ every supported direct operational entrypoint refuses an invalid catalog (12283.299417ms)
ℹ tests 17
ℹ suites 0
ℹ pass 17
ℹ fail 0
ℹ cancelled 0
ℹ skipped 0
ℹ todo 0
ℹ duration_ms 56372.079917
✔ pairs separate Explain and executor attempts with equal physical authority reads (68.945292ms)
✔ isolates named refresh, waivable policy enrichment, and post-success annotation effects (59.260666ms)
✔ seals timing provenance and regenerates the committed authority artifact (94.500958ms)
ℹ tests 3
ℹ suites 0
ℹ pass 3
ℹ fail 0
ℹ cancelled 0
ℹ skipped 0
ℹ todo 0
ℹ duration_ms 385.859875
✔ strict parser accepts canonical and mutation-alias explanation forms (0.899334ms)
✔ strict parser rejects missing json, singleton duplication, and malformed shapes (0.257542ms)
✔ one evaluation feeds routine and diagnostic projection without effects (3.372333ms)
✔ matching receipt suppresses only agent expansion while evaluation remains fresh (0.252334ms)
✔ actual command-core traffic covers receipt, source, reset, blocked, and diagnostic lanes (1.704375ms)
ℹ tests 5
ℹ suites 0
ℹ pass 5
ℹ fail 0
ℹ cancelled 0
ℹ skipped 0
ℹ todo 0
ℹ duration_ms 177.208875
✔ generates current paired artifacts while preserving the frozen comparison (1386.687208ms)
✔ public meter certifies final installed bytes and the paired report (4701.66875ms)
ℹ tests 2
ℹ suites 0
ℹ pass 2
ℹ fail 0
ℹ cancelled 0
ℹ skipped 0
ℹ todo 0
ℹ duration_ms 6375.288958
✔ delivery Explain exposes only named read ports (0.6365ms)
✔ archived recertification retains its observed authority and original runner provenance (13.831542ms)
✔ current recertification captures complete simulated authority without executing actions (18817.442958ms)
✔ current recertification replays start from identical current authority bytes (18388.052833ms)
ℹ tests 4
ℹ suites 0
ℹ pass 4
ℹ fail 0
ℹ cancelled 0
ℹ skipped 0
ℹ todo 0
ℹ duration_ms 37366.914
From /Users/kpburson/projects/Vibe-Coding/ai-task-manager/.worktrees/1882-child-ci-integration
 * branch              e6b3fc3693df16a8baf3b1d9d469159234320a0d -> FETCH_HEAD
✔ claude static pickup and captured lifecycle use the same router-plus-pickup budget (11.124875ms)
✔ claude static lifecycle and captured lifecycle use the same full-lifecycle budget (8.415791ms)
✔ codex static pickup and captured lifecycle use the same router-plus-pickup budget (6.116708ms)
✔ codex static lifecycle and captured lifecycle use the same full-lifecycle budget (7.672542ms)
✔ pre-slim public CLI capture cannot certify the final installed adapter release (753.616333ms)
✔ final release requires a complete installed-byte and public-CLI capture (1059.800041ms)
✔ final package and public-CLI capture regenerate byte for byte (30322.283875ms)
✔ fixed release measurement refuses a missing required instruction file (0.64175ms)
✔ claude aggregate CLI labels fixed release scenarios and exits on any breach (148.900125ms)
✔ codex aggregate CLI labels fixed release scenarios and exits on any breach (149.591333ms)
✔ accepted final archive stays intact and cannot certify changed current sources (4.217584ms)
✔ internally consistent dirty installed guidance cannot inherit a committed source identity (3988.215666ms)
ℹ tests 12
ℹ suites 0
ℹ pass 12
ℹ fail 0
ℹ cancelled 0
ℹ skipped 0
ℹ todo 0
ℹ duration_ms 36706.932834
Paused #1857: +0 active min, +0 words. Use "/task resume" to resume.
nothing to pause
Paused #1857: +0 active min, +0 words. Use "/task resume" to resume.
nothing to pause
✔ review reproduction: legacy session cursor survives first actor flush (280.241708ms)
✔ explicit pause after Test handoff is idempotent (179.384667ms)
✔ explicit pause after Review handoff is idempotent (222.822333ms)
✔ production Test sandbox admits real Git identity outside artifact roots (170.464166ms)
✔ upgrade cursor is scoped to the state-owning project, not ambient root (182.712416ms)
✔ upgrade refuses invalid own cursor and never imports global timing history (112.226917ms)
Stopped #1857: +0 active min, +0 words. Use "/task resume <N>" to return to it later.
✔ paused binding does not publish unmatched stop (645.829959ms)
✔ paused binding does not publish unmatched switch-out:#1861 (164.480625ms)
✔ paused binding does not publish unmatched switch-out (194.056ms)
ℹ tests 9
ℹ suites 0
ℹ pass 9
ℹ fail 0
ℹ cancelled 0
ℹ skipped 0
ℹ todo 0
ℹ duration_ms 2326.652958
✔ AC1: buildContext decomposes into named capability objects (63.012541ms)
✔ AC2: assembleCapabilities groups flat members by reference (0.153333ms)
✔ strict sub-issue capability fetches project identity and Status name in one query (0.481958ms)
✔ strict sub-issue capability reports a thrown GraphQL query as unknown (57.699958ms)
✔ legacy fetchSubIssues delegates and preserves numeric issue numbers only for ok snapshots (55.555917ms)
✔ AC2: verbClose is migrated to the narrow capability interface (0.832958ms)
✔ AC3: verbClose runs against a narrow fixture (no active task path) (104.399167ms)
ℹ tests 7
ℹ suites 0
ℹ pass 7
ℹ fail 0
ℹ cancelled 0
ℹ skipped 0
ℹ todo 0
ℹ duration_ms 449.173584
✔ normal R4P source exit guards refuse an open blocker (24.2505ms)
✔ exit-disabled guard selection omits R4P exit guards but retains Backlog entry guards (2.452417ms)
✔ entry-disabled guard selection retains source exit guards but omits target entry guards (1.551709ms)
▶ Shelve backward guard policy requires the exact authenticated transition signals
  ✔ exact Shelve R4P demotion to Backlog omits only source exit guards (0.114458ms)
  ✔ caller-controlled Shelve context without in-process authority retains the full pipeline (0.0635ms)
  ✔ missing Shelve context retains the full pipeline (0.063625ms)
  ✔ different verb context retains the full pipeline (0.058458ms)
  ✔ missing demote flag retains the full pipeline (0.064417ms)
  ✔ different source retains the full pipeline (0.0695ms)
  ✔ different target retains the full pipeline (0.06725ms)
✔ Shelve backward guard policy requires the exact authenticated transition signals (1.069667ms)
✔ normal forward R4P to Plan still refuses open blockers and parent sequencing (1.138333ms)
✔ caller-controlled Shelve environment cannot omit R4P exits without in-process authority (1.40225ms)
✔ default Shelve mover supplies the opaque in-process guard authority (0.374583ms)
ℹ tests 14
ℹ suites 0
ℹ pass 14
ℹ fail 0
ℹ cancelled 0
ℹ skipped 0
ℹ todo 0
ℹ duration_ms 562.844292
✔ legacy blocker recovery returns a schema-3 child whose admission uses native dependencies (15.081625ms)
ℹ tests 1
ℹ suites 0
ℹ pass 1
ℹ fail 0
ℹ cancelled 0
ℹ skipped 0
ℹ todo 0
ℹ duration_ms 192.52525
✔ Shelve preserves immutable lifecycle timing while invalidating current R4P eligibility (12.206416ms)
✔ Shelve runs the ordered journal, preserves classifications, and verifies exact final state (2.517166ms)
✔ Shelve explicitly removes the sole owner only when requested (1.473792ms)
✔ a verified Shelve cycle does not block a later legitimate re-refinement cycle (3.592083ms)
✔ Shelve rebuilds history from the fresh complete source snapshot before append (1.851459ms)
✔ source drift after the fresh snapshot is journaled but blocks every destructive phase (0.796125ms)
✔ body CAS refuses a changed mutation base instead of appending stale history (0.553292ms)
✔ Shelve enforces the shared ownership decision from its fetched snapshot (0.143417ms)
✔ a resumable journal cannot bypass a new foreign-owner decision (2.068ms)
✔ the transaction authority refuses production calls outside the issue lock (0.519667ms)
✔ Shelve refuses backlog before the first write (0.166458ms)
✔ Shelve refuses plan before the first write (0.091541ms)
✔ Shelve refuses develop before the first write (0.07875ms)
✔ Shelve refuses test before the first write (0.064083ms)
✔ Shelve refuses review before the first write (0.056667ms)
✔ Shelve refuses done before the first write (0.06075ms)
✔ Shelve refuses a closed issue before the first write (0.072333ms)
✔ a partial failure remains journaled and an identical retry resumes without duplicate history (1.464125ms)
✔ a landed active-evidence write with a lost response resumes from its exact durable transform (1.226875ms)
✔ unrelated drift after a landed active-evidence write still blocks later phases (0.734583ms)
✔ a lost response after landed board field clear remains idempotently resumable (1.465792ms)
✔ a lost response after landed body field clear remains idempotently resumable (1.3645ms)
✔ a lost response after landed Status move remains idempotently resumable (1.257292ms)
✔ a lost response after landed owner removal remains idempotently resumable (1.429875ms)
✔ an ambiguous response after snapshot-recorded resumes from durable read-back (1.44375ms)
✔ an ambiguous response after active-evidence-cleared resumes from durable read-back (1.797291ms)
✔ an ambiguous response after fields-cleared resumes from durable read-back (1.106958ms)
✔ an ambiguous response after status-backlog resumes from durable read-back (1.443458ms)
✔ an ambiguous response after owner-updated resumes from durable read-back (1.440666ms)
✔ an ambiguous response after verified resumes from durable read-back (1.287959ms)
✔ a retry with different reason or remove-owner intent refuses without further writes (1.448083ms)
✔ Shelve refreshes the exact legacy blocker-only snapshot and retains every blocker carrier (4.052667ms)
✔ legacy blocker refresh retries a #1335-style failed move without duplicating history or losing carriers (4.478333ms)
✔ legacy blocker refresh refuses a Refine source before history or mutation (0.234292ms)
✔ legacy blocker refresh refuses a Refine source before resuming its journal (1.405583ms)
✔ legacy blocker refresh resumes a landed Backlog status phase after its journal response is lost (1.315541ms)
✔ legacy blocker refresh refuses every divergent carrier before it records history (0.463625ms)
✔ legacy blocker refresh refuses a lowercase noncanonical BLOCKED label before history (0.138875ms)
✔ Shelve refuses a retry that changes the legacy blocker refresh intent (0.989334ms)
✔ unreadable or missing configured-project state fails closed before mutation (0.140542ms)
ℹ tests 40
ℹ suites 0
ℹ pass 40
ℹ fail 0
ℹ cancelled 0
ℹ skipped 0
ℹ todo 0
ℹ duration_ms 208.667625
✔ unchanged lifecycle owns each standard command once and invalidates on a new SHA (43.371334ms)
✔ project provider drives Test plans, deduplicates targeted commands, and records kinds (#1218) (13.53775ms)
✔ declared Develop steps spawn in order for a non-JavaScript fixture (#1250) (484.156292ms)
✔ declared Develop steps propagate the first real child-process failure (#1250) (192.532625ms)
ℹ tests 4
ℹ suites 0
ℹ pass 4
ℹ fail 0
ℹ cancelled 0
ℹ skipped 0
ℹ todo 0
ℹ duration_ms 884.934791
✔ runtime persists incomplete outcome with canonical Test proof then reuses it after valid close tail (24.993875ms)
✔ incomplete runtime refuses missing or wrong-head Test proof and wrong forecast (0.625375ms)
✔ closed actor engagement before Develop is not dropped from completion totals (2.539417ms)
✔ Close accepts unknown totals only through real canonical runtime verification (3.318958ms)
✔ Close refuses caller unavailable flags, wrong linkage and failed verification (3.00225ms)
✔ Close rechecks explicit incomplete projection despite stale numeric fields and preserves marker failures (1.8405ms)
✔ Close rejects changed canonical source and ambiguous outcome records on retry (8.099542ms)
✔ forecast-free mixed actor history produces durable legacy-none evidence without inventing a forecast (4.010959ms)
✔ forecast-free eligibility refuses malformed or partial adaptive claims and absent Test proof (0.403916ms)
✔ legacy Plan approval without any forecast claim remains eligible for legacy-none (1.51375ms)
✔ genuine forecast-free issue-resident delivery carries no invented Test command (1.972708ms)
✔ legacy-none refuses a concurrent forecast after immutable outcome publication (1.5635ms)
✔ resident delivery refuses wrong receipt identity or missing accepted heads (0.955292ms)
✔ real Git issue-resident lanes prove zero issue commits without an invented sandbox (162.945625ms)
ℹ tests 14
ℹ suites 0
ℹ pass 14
ℹ fail 0
ℹ cancelled 0
ℹ skipped 0
ℹ todo 0
ℹ duration_ms 389.116709
✔ source issue with children retains its own frozen forecast and exact Test lane (20.842041ms)
✔ fresh delivery kind must match the body used to select forecast and accounting (1.3495ms)
✔ parent-approved cascade reaches lawful child Close through fresh authority and immutable telemetry (9.488667ms)
✔ docs-only telemetry preserves genuine lint/format and recorded test lane skips (2.68475ms)
✔ explicit predecessor correction preserves old bytes and refuses changed original timing evidence (7.016792ms)
✔ immutable predecessor v2 retries its original contract without fabricating v3 proof (6.348625ms)
✔ root epic local-trunk timing uses its actual completed burn receipt and empty parent Test commands (3.64475ms)
✔ outcome publication revalidates actual delivery authority after immutable write (2.380583ms)
✔ child resident runtime preserves existing no-provider delivery with exact Test and posted deliverable (4.132084ms)
✔ child runtime couples actual lineage evidence with exact source Test proof and fresh retry (179.654959ms)
✔ skipped child wrapper without fresh lineage cannot become delivered timing authority (0.720958ms)
✔ root epic runtime consumes freshly verified merged receipt with empty parent Test commands (4.609208ms)
✔ no-commit proof rejects another checkout head and any issue-attributed commits (113.604375ms)
ℹ tests 13
ℹ suites 0
ℹ pass 13
ℹ fail 0
ℹ cancelled 0
ℹ skipped 0
ℹ todo 0
ℹ duration_ms 518.3365
✔ project provider owns Develop and Test plans with typed exact-SHA evidence (29.47275ms)
✔ Develop-to-Test guard accepts project-provider Develop-final classifications (0.461584ms)
✔ Develop-to-Test guard does not let Node receipts override lint and format requirements (0.254917ms)
ℹ tests 3
ℹ suites 0
ℹ pass 3
ℹ fail 0
ℹ cancelled 0
ℹ skipped 0
ℹ todo 0
ℹ duration_ms 177.899083
✔ pure proof admits only an exact, complete no-PR trunk case (2.196083ms)
✔ complete paginated PR inventory rejects malformed pages (0.650667ms)
✔ disposable Git graph observes accepted SHA on both independently named refs (493.128417ms)
✔ fresh remote tip and complete inventory are required by the shared collector (973.774666ms)
✔ locked Close consumes proof and refuses Done until the burn receipt exists (0.724ms)
✔ close read port gathers exact Review evidence and fresh PR and trunk observations (14.144875ms)
✔ Explain consumes local proof and stays blocked before a burn receipt (1.873416ms)
ℹ tests 7
ℹ suites 0
ℹ pass 7
ℹ fail 0
ℹ cancelled 0
ℹ skipped 0
ℹ todo 0
ℹ duration_ms 1615.474959
[task-tracker] validated projectDir override: AI_TASK_MANAGER_PROJECT_DIR=/Users/kpburson/projects/Vibe-Coding/ai-task-manager/.worktrees/1882-child-ci-integration/.scratch/test/aitm-1857-close-wiring-Dr5bIW for #1857
#1857 was already closed on GitHub — finalized housekeeping and converged the board to Done.
[task-tracker] validated projectDir override: AI_TASK_MANAGER_PROJECT_DIR=/Users/kpburson/projects/Vibe-Coding/ai-task-manager/.worktrees/1882-child-ci-integration/.scratch/test/aitm-1857-close-wiring-jX7pjU for #1857
#1857 was already closed on GitHub — finalized housekeeping and converged the board to Done.
[task-tracker] validated projectDir override: AI_TASK_MANAGER_PROJECT_DIR=/Users/kpburson/projects/Vibe-Coding/ai-task-manager/.worktrees/1882-child-ci-integration/.scratch/test/aitm-1857-close-wiring-s21mkd for #1857
[task-tracker] ⛔ Refusing to finalize #1857: close-estimation-delivery-authority:lineage-unavailable. Completion outcome evidence did not converge; local state remains active for retry.
#1857 closed-issue finalize failed at ensureOutcome: completion outcome evidence did not converge. Local task state was retained for retry.
✔ #1857 no-command child Close uses posted deliverable and exact accepted Test Review heads (26.29825ms)
✔ #1857 child outcome callback obtains the existing lineage gate exact census (6.776708ms)
✔ #1857 skipped child lineage cannot become canonical outcome authority (3.807209ms)
ℹ tests 3
ℹ suites 0
ℹ pass 3
ℹ fail 0
ℹ cancelled 0
ℹ skipped 0
ℹ todo 0
ℹ duration_ms 188.627583
[task-tracker] ⛔ Refusing to close #1381: review-authorization-missing. Run `/task deliver` until a verified exact-head receipt exists, then retry.
[task-tracker] validated projectDir override: AI_TASK_MANAGER_PROJECT_DIR=/Users/kpburson/projects/Vibe-Coding/ai-task-manager/.worktrees/1882-child-ci-integration/.scratch/test/aitm-1381-close-wiring-Y1dfgr for #1381
Closed #1381.
#1381 is already fully closed; no terminal writes were repeated.
[task-tracker] ⛔ Refusing to close #1381: delivery-preflight:head-mismatch. Run `/task deliver` until a verified exact-head receipt exists, then retry.
[task-tracker] ⛔ Refusing to close #1381: delivery-preflight:head-mismatch. Run `/task deliver` until a verified exact-head receipt exists, then retry.
[task-tracker] ⛔ Refusing to close #1381: review-authorization-missing. Run `/task deliver` until a verified exact-head receipt exists, then retry.
[task-tracker] ⛔ Refusing to close #1381: close-delivery-receipt:missing. Run `/task deliver` until a verified exact-head receipt exists, then retry. If a delivery intent is pending because an invariant failed, prepare an exact waiver with `/task workflow-exception prepare #N --input-file <proposal.json>`.
[task-tracker] ⛔ Refusing to close #1381: close-delivery-receipt:merge-commit-mismatch. Run `/task deliver` until a verified exact-head receipt exists, then retry.
[task-tracker] ⛔ Refusing to close #1381: delivery-verification:merge-method-source-disagreement predicate=merge-method-source-disagreement recovery="correct the failed predicate through the governed workflow and retry delivery". Run `/task deliver` until a verified exact-head receipt exists, then retry. For a historical or external merge-method discrepancy, use `/task deliver <N> --reconcile-merge-method <merge|squash|rebase> --reason "<why>"`.
[task-tracker] ⛔ Refusing to close #1381: delivery-verification:merge-commit-bytes predicate=merge-commit-bytes recovery="correct the failed predicate through the governed workflow and retry delivery". Run `/task deliver` until a verified exact-head receipt exists, then retry.
Closed #1381.
Closed #1381.
✔ A to B reused-branch delivery closes historical A through production seams and retries read-only (187.106916ms)
✔ interrupted A delivery recovers its receipt after the branch advances without provider action (4.845917ms)
✔ reused-branch composition fails closed on ambiguous PR and corrupt record histories (10.5395ms)
✔ historical recovery refuses unreadable trunk, unreachable merge, and altered authorized bytes (3.863209ms)
✔ composed close refuses stale lifecycle, approval, PR, merge, method, and attribution evidence (50.608375ms)
✔ partial Delivered terminal transaction resumes only its exact suffix under durable authority (15.928ms)
✔ close rejects malformed provider timestamps before receipt or terminal mutation (2.252791ms)
✔ #1382 and #1383 project one approved ledger but produce distinct terminal record chains (21.173208ms)
✔ amendment gates keep Phase B ledger authority after #1381 Done and block chain or #939 drift (15.144959ms)
ℹ tests 9
ℹ suites 0
ℹ pass 9
ℹ fail 0
ℹ cancelled 0
ℹ skipped 0
ℹ todo 0
ℹ duration_ms 514.117208
✔ prepare has a read-only first pass and a digest-bound filled pass without writes (67.194959ms)
✔ filled prepare refuses a mapping whose complete receipt would exceed the comment limit (13.496583ms)
✔ filled prepare refuses absent ids, invalid issue and expiry, bad mapping, and changed inventory (11.9065ms)
✔ unsupported host refuses prepare and record even with a session name (9.950125ms)
✔ record requires the exact filtered Codex user statement, readback, and is idempotent (26.206792ms)
✔ agent, injection-only, wrong hash, and ordinary comment cannot authorize a record (21.461ms)
✔ show stays read-only on an unsupported host (10.956083ms)
✔ edited grant blocks show and exact retry readback (18.045042ms)
✔ argument parser requires one explicit positive issue (0.37975ms)
✔ command help exposes the complete two-pass and revision workflow (0.291333ms)
✔ revise and revoke require fresh user messages and append linked records (36.0195ms)
✔ runtime writes to the parsed issue when the input file name is numeric (118.667958ms)
✔ GraphQL second-precision comment timestamps survive grant readback (114.130875ms)
✔ revoke readback refuses a competing valid revision appended at the same predecessor (23.590041ms)
✔ transport ambiguity needs an exact appended comment on readback (15.290208ms)
✔ an exact retry refuses a competing recorded chain instead of claiming activation (18.894583ms)
✔ revision refuses a reused exception id before writing a poisoned chain (19.602458ms)
✔ filled prepare refuses a candidate whose escaped rendered comment exceeds the bound (11.485917ms)
✔ prepare refuses to open a waiver when every source commit is canonically attributed (10.36675ms)
✔ prepare refuses a PR branch bound to another issue (8.296667ms)
✔ prepare accepts an opaque branch when it exactly matches durable issue authority (9.409709ms)
ℹ tests 21
ℹ suites 0
ℹ pass 21
ℹ fail 0
ℹ cancelled 0
ℹ skipped 0
ℹ todo 0
ℹ duration_ms 741.200666
✔ legacy approval keeps the marker lane while directory approval consumes accepted evidence (6.316125ms)
✔ human and Full-Auto approval provenance are explicit and non-interchangeable (1.470584ms)
✔ directory Review and Approval predicates reject stale SHA, epoch, and authority (0.30325ms)
✔ manual lifecycle checkbox edits cannot satisfy directory-governed close (0.488833ms)
✔ close resolves current directory evidence but leaves legacy bodies on the existing lane (0.318333ms)
✔ close fails closed when accepted directory Review or Approval evidence is absent (0.3665ms)
✔ deliver resolves marker-free exact-head directory approval authority (87.052042ms)
✔ runDeliver consumes marker-free exact-head directory Review and Approval evidence (442.938167ms)
✔ runDeliver refuses directory authority without accepted exact-head Review evidence (0.581125ms)
✔ runDeliver never hybridizes directory Review with legacy body Approval (111.02125ms)
ℹ tests 10
ℹ suites 0
ℹ pass 10
ℹ fail 0
ℹ cancelled 0
ℹ skipped 0
ℹ todo 0
ℹ duration_ms 839.530792
✔ Test accepts current accepted directory evidence without reading or rewriting body proof (3.5365ms)
✔ shared Test and Review transition guards consume accepted directory evidence (0.655875ms)
✔ Test fails closed before mutation when directory evidence is absent or invalid (0.949ms)
✔ Review preserves the legacy lane and requires accepted Test evidence for directory issues (0.941708ms)
✔ typed waiver heads require exact receipt or accepted directory evidence (0.41075ms)
✔ Review preflight reads directory lifecycle authority and retains legacy AC auditing (2.3655ms)
ℹ tests 6
ℹ suites 0
ℹ pass 6
ℹ fail 0
ℹ cancelled 0
ℹ skipped 0
ℹ todo 0
ℹ duration_ms 328.869458
✔ Shelve exports the Backlog target and Refine/R4P source boundary (0.877833ms)
✔ strict Shelve argv accepts one explicit stale-blocker refresh flag (0.284375ms)
✔ strict Shelve argv refuses a duplicate stale-blocker refresh flag (0.209791ms)
✔ runShelve preserves ordinary transaction intent when no migration flag is supplied (0.169375ms)
✔ runShelve threads explicit stale-blocker migration intent into the transaction (0.094667ms)
✔ Shelve reports the explicit stale-blocker migration in its success audit output (25.781125ms)
✔ strict Shelve argv retains deterministic unknown-argument refusal (0.184209ms)
✔ runShelve refuses blank reasons before binding, network, or writes (0.100083ms)
✔ park is only a compatibility alias for the same Shelve transaction (0.106209ms)
✔ Park retains alias-aware usage, success, and refusal diagnostics (43.490292ms)
✔ direct Shelve and Park executable entrypoints are inert and require the hub (506.513125ms)
✔ Shelve is canonical across routing, catalog, and executable entrypoints (0.301458ms)
✔ Shelve uses target preflight and one issue lock before entering the transaction (0.285583ms)
ℹ tests 13
ℹ suites 0
ℹ pass 13
ℹ fail 0
ℹ cancelled 0
ℹ skipped 0
ℹ todo 0
ℹ duration_ms 760.054125
✔ preflight shows delivery revisions but evaluates only ordinary policy (26.875666ms)
✔ preflight discloses expired delivery grants as blocked without writes (3.774458ms)
✔ arguments require one explicit issue and explicit supported target (0.431625ms)
✔ public command routing stays explicit and bypasses binding preflight (0.200417ms)
✔ preflight aggregates current blockers, future evidence, external unknowns, and authority provenance (2.283709ms)
✔ external uncertainty is indeterminate while complete evidence is conditionally compatible (0.739042ms)
✔ authority revision reporting derives superseded disposition from the validated chain (1.866708ms)
✔ snapshot read failures retain the complete indeterminate report schema in both views (0.501416ms)
✔ an empty dependency snapshot satisfies the current dependency invariant (0.391125ms)
✔ preflight treats documented automatic plan authorization as satisfied, not waived (0.31475ms)
✔ production runtime derives ownership, binding, and state-contiguity evidence read-only (0.401042ms)
✔ workflow exception show remains read-only and does not resolve or append authority (0.686834ms)
ℹ tests 12
ℹ suites 0
ℹ pass 12
ℹ fail 0
ℹ cancelled 0
ℹ skipped 0
ℹ todo 0
ℹ duration_ms 200.5615
✔ close: interactive dirty close on review→done exits 5 and still prints PROMPT_REQUIRED (#710) (1891.53975ms)
✔ promote: exit-0 close that leaves board at review yields transition-failed, no promoted line (#710) (35.866625ms)
✔ promote: exit-0 close that moves board to done still reports promoted (#710) (31.189625ms)
ℹ tests 3
ℹ suites 0
ℹ pass 3
ℹ fail 0
ℹ cancelled 0
ℹ skipped 0
ℹ todo 0
ℹ duration_ms 2130.958917
close-lifecycle-tick.test.mjs: all passed
✔ scripts/tests/slow/task-tracker/verbs/close-lifecycle-tick.test.mjs (134.292917ms)
ℹ tests 1
ℹ suites 0
ℹ pass 1
ℹ fail 0
ℹ cancelled 0
ℹ skipped 0
ℹ todo 0
ℹ duration_ms 138.931916
coverage-close.test.mjs: defined
✔ no active task (19.891541ms)
✔ discover bucket → discarded (85.722666ms)
✔ target adopted into empty state → Closed (218.905584ms)
✔ convergence close-issue: board Done + issue OPEN → gh close (1843.758709ms)
✔ convergence close-issue: outcome failure leaves the issue OPEN and active (233.355709ms)
✔ convergence close-issue: disposition failure leaves issue OPEN and active (328.403458ms)
✔ convergence close-issue: gh close fails → exit 1 (384.916083ms)
✔ convergence noop + boardDrift: issue CLOSED, board behind → converge (256.260084ms)
✔ convergence noop + boardDrift: move fails + board not Done → exit 1 (175.034625ms)
✔ convergence noop, no drift: issue CLOSED + board Done → already closed (492.577542ms)
✔ happy tail: approval marker present → emitted, Closed (378.437459ms)
✔ happy tail: Full-Auto default records review approval without a prior marker (266.404041ms)
✔ happy-tail candidate refuses close when terminal timing is only queued (105.385792ms)
✔ final move non-benign failure + board not Done → exit 1 (96.684875ms)
✔ offline final move cannot verify board Done → refuses non-benign failure (80.643167ms)
✔ dirty + CI headless, no --answer → exit 5 (179.908667ms)
✔ dirty + --answer cancel → left in Review (146.814834ms)
✔ dirty + --answer yes → refuse, exit 6 (151.0735ms)
✔ dirty + invalid --answer → exit 1 (151.102458ms)
✔ dirty + interactive (no CI, no answer) → PROMPT_REQUIRED (172.155625ms)
✔ dirty + --answer no → audit row, continues to Closed (241.646375ms)
✔ gate-eval failure, no --force → fail-closed exit 3 (212.452958ms)
✔ --force: gate-eval throw swallowed → cascade + close pipeline → Closed (367.989583ms)
✔ cascade: disposition failure leaves child and parent OPEN and active (168.193292ms)
✔ cascade: outcome failure leaves child in Review and parent OPEN and active (169.718875ms)
✔ cascade: queued terminal timing leaves child in Review and retains evidence for retry (154.287708ms)
✔ cascade: each child outcome uses its own resolved worktree (301.311ms)
✔ assertFieldsPersisted: aitm-fields marker missing → throws (178.373917ms)
✔ assertFieldsPersisted: engagedTime null → throws (162.482667ms)
✔ assertFieldsPersisted: body re-read fails → throws (161.834208ms)
✔ tickLifecycleOnClose: ticks story-closed + timing-flushed via mutate (0.444041ms)
⚠ lifecycle-tick best-effort failed: boom
✔ tickLifecycleOnClose: mutate throws → best-effort swallow (1508.445208ms)
✔ nested fixture state never reads or clears its isolated parent session (38.585042ms)
ℹ tests 33
ℹ suites 0
ℹ pass 33
ℹ fail 0
ℹ cancelled 0
ℹ skipped 0
ℹ todo 0
ℹ duration_ms 9643.637166
✔ AC5: doctor is standalone and never a task-tracker verb (0.539667ms)
✔ AC5: reconcile rejects a missing/unknown mode without touching the network (0.36675ms)
[task-tracker] ✓ #701 removed native blockers #702
✔ AC5: reconcile accept-live resolves board/body drift via DI (no hand-edit) (234.173708ms)
✔ AC5: entanglement clears via unblock alone (no board/state-file edit) (0.781333ms)
ℹ tests 4
ℹ suites 0
ℹ pass 4
ℹ fail 0
ℹ cancelled 0
ℹ skipped 0
ℹ todo 0
ℹ duration_ms 400.813917
✔ promote: refine→R4P is a direct move-state call with refine-estimate hook (288.022125ms)
✔ promote: refine→R4P refused when full refine-estimate signals are missing (55.801833ms)
✔ promote: refine→R4P refuses when Acceptance Criteria drift after snapshot (53.924083ms)
✔ promote: refine→R4P refused when refine-exit gate returns blockers (#147) (30.8825ms)
✔ promote: backlog→refine stamps Start time on success (#147, #1211) (31.699333ms)
✔ promote: backlog→refine is a direct move-state call without a Priority gate (37.547541ms)
✔ promote: plan→develop is a direct move-state call when planned-estimate appendix is present (39.409333ms)
✔ promote: plan→develop surfaces an empty Plan Metadata refusal before move-state (43.766416ms)
✔ promote: plan→develop refused when refine-estimate comment is missing (#134) (33.939166ms)
✔ promote: plan→develop refused when any sub-issue still in Backlog (#135) (39.639125ms)
✔ promote: plan→develop refuses only children without current R4P-or-later evidence (35.444042ms)
✔ promote: refine→plan refused when an epic child is PAST refine (#149 — lead-rule) (33.078417ms)
✔ promote: plan→develop refused when planned-estimate appendix is missing (#134) (37.227333ms)
✔ promote: develop→test delegates to /task test (#137) (52.241917ms)
✔ promote: develop→test refused when CODE_COMPLETE gate returns blockers (#136) (38.390458ms)
[state-recording] issue #1752 marker write to "test" FAILED after 2 attempts: simulated gh failure
✔ promote: develop→test allowed when CODE_COMPLETE gate passes (#136) (49.999084ms)
✔ promote: test→review delegates to the review verb (44.277833ms)
✔ promote: test→review refused when aitm-dod-verified marker is missing (#210 Fix C) (38.633375ms)
✔ promote: test→review REFUSED when a non-lifecycle checkbox is still unticked (#257) (42.405625ms)
✔ promote: test→review ALLOWED when dod-verified present and every checkbox ticked (#257) (35.452542ms)
✔ promote: review→done delegates to /task close (45.21425ms)
✔ promote: review→done reports transition-failed when close exits 0 but board stays review (#710) (30.301708ms)
✔ promote: historical Assigned body canonicalizes to R4P before drift comparison (35.01825ms)
✔ promote: terminal refusal on done (12.338ms)
✔ promote: drift refused when live ≠ recorded (10.502291ms)
✔ promote: bootstrap when lastKnownState absent — syncs to live, then promotes (33.289375ms)
✔ promote: transition-failed when alias verb exits non-zero — no metadata update (37.187583ms)
✔ promote: delegate non-zero but board reached target → promoted-with-warning (#175) (41.246084ms)
✔ promote: delegate non-zero, board at target, marker stale → repair write fires (#175) (37.108375ms)
✔ promote: delegate non-zero, marker repair write fails → audit comment posted (#175, #168) (39.248125ms)
✔ promote: alias=test exit non-zero, board at target, NO aitm-dod-verified → promoted-with-warning, no rollback (#271 regression guard) (51.319792ms)
✔ promote: delegate non-zero AND board drifted to non-target → transition-failed (#175) (50.228916ms)
✔ promote: drift-reconcile is a no-op when live state matches recorded after failure (39.324125ms)
✔ promote: drift-reconcile survives getLiveState throwing on the post-failure read (48.53275ms)
✔ promote: error when recorded state is unknown (24.171416ms)
✔ promote: no longer writes a move:<target> audit row (#128 — chokepoint emits paired phase rows) (36.581ms)
ℹ tests 36
ℹ suites 0
ℹ pass 36
ℹ fail 0
ℹ cancelled 0
ℹ skipped 0
ℹ todo 0
ℹ duration_ms 1807.5025
[task-tracker] ✓ #501 removed native blockers #999
✔ AC4: runDemote succeeds on a marker-heavy body (write path is not fragile) (5.712334ms)
✔ AC4: runUnblock clears a native blocker without rewriting a marker-heavy body (0.64475ms)
✔ AC4: backward demote exit guard fires while a blocker is open (confirmed contract) (0.651834ms)
✔ AC (#572): main-anchored resolvers build under the passed main path regardless of cwd (0.130791ms)
✔ AC (#572): findMainWorktreePath anchors fleet/lock to MAIN from a sibling worktree cwd (122.110042ms)
✔ AC (#574): relocated .ai-task-manager/templates survive a fresh worktree checkout (137.006792ms)
✔ AC (#572): getProjectDir accepts matching real roots and rejects foreign aliases (262.476292ms)
ℹ tests 7
ℹ suites 0
ℹ pass 7
ℹ fail 0
ℹ cancelled 0
ℹ skipped 0
ℹ todo 0
ℹ duration_ms 700.667625
✔ promote does not write aitm-last-known-state on successful refine→R4P (326.584042ms)
✔ promote does not write aitm-last-known-state on successful develop→test (alias verb) (58.205583ms)
✔ bootstrap path still writes aitm-last-known-state (no prior marker) (42.608583ms)
✔ move-state composite stamp: entry-marker and last-known-state in single body (0.469333ms)
✔ move-state composite stamp is idempotent for last-known-state (0.147875ms)
ℹ tests 5
ℹ suites 0
ℹ pass 5
ℹ fail 0
ℹ cancelled 0
ℹ skipped 0
ℹ todo 0
ℹ duration_ms 696.097333
verb-test-remove-worktree.test.mjs: ok
✔ scripts/tests/slow/task-tracker/verbs/verb-test-remove-worktree.test.mjs (273.047291ms)
ℹ tests 1
ℹ suites 0
ℹ pass 1
ℹ fail 0
ℹ cancelled 0
ℹ skipped 0
ℹ todo 0
ℹ duration_ms 277.860917
✔ shared pexec resolves the injectable client at invocation time (0.734542ms)
✔ all 29 scoped modules resolve through the shared client (4.376542ms)
✔ unpark defaults resolve the shared client without changing the gh call (0.473ms)
✔ ready-only derive-and-rescan reads body and execution HEAD through the shared client (0.690125ms)
ℹ tests 4
ℹ suites 0
ℹ pass 4
ℹ fail 0
ℹ cancelled 0
ℹ skipped 0
ℹ todo 0
ℹ duration_ms 146.521875
orchestrators.test.mjs: ok
✔ move-state: agent-context call (no env, no TTY) is refused with exit 3 (451.157792ms)
✔ move-state: chokepoint call (AITM_INTERNAL=1) moves and prints confirmation (340.67125ms)
✔ move-state: illegal matrix transition is refused with exit 5 (174.1125ms)
✔ move-state: valid forward transition (refine → ready-for-plan) succeeds (186.967333ms)
✔ promote: recorded=done is terminal-refused (forward-only) (21.207792ms)
✔ promote: board/recorded divergence is drift-refused with both states (16.220333ms)
✔ promote: no recorded marker and no live board item is an error (15.323791ms)
✔ promote: unknown recorded state is an error (15.203875ms)
✔ promote: delegate-timeout policy — test gets none, close gets a bounded budget (0.46975ms)
✔ close: no active task and no target prints "no active task" and does nothing (33.378375ms)
✔ close: an active review issue runs the terminal done move after the wrap rows (159.271625ms)
ℹ tests 11
ℹ suites 0
ℹ pass 11
ℹ fail 0
ℹ cancelled 0
ℹ skipped 0
ℹ todo 0
ℹ duration_ms 1575.853041
cli-help-flag.test.mjs: OK
✔ scripts/tests/unit/task-tracker/core/cli-help-flag.test.mjs (151.686917ms)
ℹ tests 1
ℹ suites 0
ℹ pass 1
ℹ fail 0
ℹ cancelled 0
ℹ skipped 0
ℹ todo 0
ℹ duration_ms 156.365
close-emission-order.test.mjs: ok
Closed #999.
Closed #999.
Closed #999.
✔ buildReviewToDoneClosePair emits review:approved then issue:wrap (39.522541ms)
✔ verbClose emits review:approved + issue:wrap before the done board move (245.890542ms)
✔ combined close + done-move stream is review:approved → issue:wrap → issue:closed (0.44675ms)
✔ #692 AC2 — retried close does not re-emit an existing review:approved/issue:wrap pair (339.58475ms)
✔ #692 AC3 — review:approved active duration derives from the timing comment (246.083917ms)
ℹ tests 5
ℹ suites 0
ℹ pass 5
ℹ fail 0
ℹ cancelled 0
ℹ skipped 0
ℹ todo 0
ℹ duration_ms 1169.768917
✔ routing identities contain only canonical verb and dispatch metadata (0.995791ms)
✔ catalog owns alias resolution and resolves each route identity (0.172625ms)
✔ registry and grouped help consume the catalog verb-name query (8.242708ms)
✔ catalog verb names equal the dispatch switch case labels (0.562667ms)
✔ deliver is a directly routed target-required verb (0.108708ms)
✔ incident-ledger is a directly routed target-required evidence verb (0.059792ms)
✔ migrate-dependencies is globally routed without issue preflight (0.061833ms)
✔ workflow-exception prepare is public and has no binding preflight (0.062709ms)
ℹ tests 8
ℹ suites 0
ℹ pass 8
ℹ fail 0
ℹ cancelled 0
ℹ skipped 0
ℹ todo 0
ℹ duration_ms 179.384875
✔ proof-gated scanner waives suite, tests DoD, and derived aggregate boxes (1.143833ms)
✔ scanner preserves byte-identical default-deny behavior without proof (0.110292ms)
✔ Test exit guard uses proof resolution and keeps unrelated blockers (0.273084ms)
✔ close verb passes validated docs-only proof to the shared scanner (0.139208ms)
✔ earned lane-skip predicate requires docs-only proof and every dropped lane (0.436209ms)
✔ proof resolver accepts only a validated current receipt for a live docs-only body (0.714ms)
ℹ tests 6
ℹ suites 0
ℹ pass 6
ℹ fail 0
ℹ cancelled 0
ℹ skipped 0
ℹ todo 0
ℹ duration_ms 165.698708
handle-migrate-result.test.mjs: all passed
✔ scripts/tests/unit/task-tracker/core/handle-migrate-result.test.mjs (164.8315ms)
ℹ tests 1
ℹ suites 0
ℹ pass 1
ℹ fail 0
ℹ cancelled 0
ℹ skipped 0
ℹ todo 0
ℹ duration_ms 170.579208
move-state-structured-result.test.mjs: all passed
✔ scripts/tests/unit/task-tracker/core/move-state-structured-result.test.mjs (134.020292ms)
ℹ tests 1
ℹ suites 0
ℹ pass 1
ℹ fail 0
ℹ cancelled 0
ℹ skipped 0
ℹ todo 0
ℹ duration_ms 138.618792
phase-events.test.mjs: ok
✔ scripts/tests/unit/task-tracker/core/phase-events.test.mjs (148.862458ms)
ℹ tests 1
ℹ suites 0
ℹ pass 1
ℹ fail 0
ℹ cancelled 0
ℹ skipped 0
ℹ todo 0
ℹ duration_ms 154.092042
[task-tracker] Could not move 9 to done: move-state exited 5
BLOCKED: illegal transition: backlog → done. Allowed: assigned.
[task-tracker] Run manually: node scripts/gh/move-state.mjs 9 done
✔ runMoveStateInProcess drives the in-process host with the right argv/env (no spawn) (1.141ms)
✔ runMoveStateInProcess folds extraArgs (--force) into the synthetic argv (0.224666ms)
✔ runMoveStateInProcess strips a leading # from the issue (0.165708ms)
✔ exit-5 done→done self-loop is classified benign via tee-captured stderr (0.395416ms)
✔ exit-5 test→test self-loop is classified benign (0.270792ms)
✔ exit-5 genuine illegal transition (backlog→done) is NOT benign (0.593667ms)
✔ SKIP_NETWORK short-circuits without calling the host (0.10275ms)
✔ process.stdout/stderr are restored after the in-process call (0.176917ms)
✔ runtime forwards authoritative execution and invoking directories to the lower host (0.192209ms)
ℹ tests 9
ℹ suites 0
ℹ pass 9
ℹ fail 0
ℹ cancelled 0
ℹ skipped 0
ℹ todo 0
ℹ duration_ms 148.267667
✔ every state self-transition is a legal no-op (0.653333ms)
✔ review → review specifically is legal (the reported defect) (0.442833ms)
✔ a genuine illegal transition still refuses (0.136959ms)
✔ a legal non-self transition is NOT flagged noop (0.071584ms)
✔ an unknown state still refuses even when from === to (0.09375ms)
✔ computeTransitionPlan surfaces noop for a self-transition (0.118042ms)
✔ computeTransitionPlan reports noop:false for a real move (0.088458ms)
✔ computeTransitionPlan reports noop:false when the matrix gate is skipped (0.211834ms)
✔ classifyMoveStateBenign is de-enumerated — it matches ANY self-loop (0.856459ms)
✔ classifyMoveStateBenign still surfaces genuine refusals (0.157417ms)
✔ isMoveStateNoop matches only the host token (0.147958ms)
ℹ tests 11
ℹ suites 0
ℹ pass 11
ℹ fail 0
ℹ cancelled 0
ℹ skipped 0
ℹ todo 0
ℹ duration_ms 151.194459
task-tracker-preflight-target.test.mjs: ok
✔ scripts/tests/unit/task-tracker/core/task-tracker-preflight-target.test.mjs (142.26ms)
ℹ tests 1
ℹ suites 0
ℹ pass 1
ℹ fail 0
ℹ cancelled 0
ℹ skipped 0
ℹ todo 0
ℹ duration_ms 146.820583
✔ help route emits self-doc and exits 0 (1.009083ms)
✔ missing issue → usage, exit 2 (0.162875ms)
✔ non-numeric issue → invalid, exit 2 (0.246625ms)
✔ no repo configured → config-not-found, exit 2 (0.145542ms)
✔ skipNetwork happy path: flips board, posts no timing row (0.128542ms)
✔ network happy path: flips board and posts a start timing row (1.83075ms)
✔ non-zero move exit: reports and exits with the move code, posts no row (0.155833ms)
✔ parseArgs strips leading # and reads --description (0.085458ms)
✔ parseArgs defaults description and marks help (0.2275ms)
ℹ tests 9
ℹ suites 0
ℹ pass 9
ℹ fail 0
ℹ cancelled 0
ℹ skipped 0
ℹ todo 0
ℹ duration_ms 166.827417
✔ dispatch-prep.defaultRunMoveState calls the in-process host with the develop argv/env (no spawn) (0.897ms)
✔ dispatch-prep.defaultRunMoveState relays the host exit code verbatim (0.265875ms)
✔ dispatch-prep.mjs no longer spawns a move-state child (0.459834ms)
ℹ tests 3
ℹ suites 0
ℹ pass 3
ℹ fail 0
ℹ cancelled 0
ℹ skipped 0
ℹ todo 0
ℹ duration_ms 148.614167
Unknown state: bogus-state
States: backlog | refine | ready-for-plan | plan | develop | test | review | done
Usage: node scripts/gh/move-state.mjs <issue#> <state> [--item-id <project-item-id>] [--from <state>] [--supersede] [--force]
States: backlog | refine | ready-for-plan | plan | develop | test | review | done
--supersede: bypass the matrix + guard pipeline (reserved for the `supersede` verb — "abandoned")
--force: bypass the matrix + guard pipeline for a delivered operator override (reserved for `close --force`)
move-state.mjs is internal; agents must reach it through the verb pipeline.
Use /task shelve for backlog, or pass --out-of-band <reason> to record an emergency move.
For one-off manual recovery from a non-TTY shell, set AITM_VERB_CONTEXT=<verb> (or AITM_INTERNAL=1) to confirm.
✔ runMoveStateHost is an importable function (module load has no host side effect) (0.700833ms)
✔ runMoveStateHost returns 1 on an unknown state without exiting the process (24.725667ms)
✔ runMoveStateHost returns 1 on missing args (usage) without exiting the process (19.789166ms)
✔ unauthenticated direct movement is refused before guard selection (42.670708ms)
✔ the complete guard pipeline runs while the issue boundary lock is held (96.996459ms)
▶ host boundary authorizes Shelve guard selection only for the exact exported capability
  ✔ environment-only Shelve context is unauthorized (75.217333ms)
  ✔ a freshly forged Symbol is unauthorized (70.023417ms)
  ✔ the exact exported capability is authorized (58.977917ms)
✔ host boundary authorizes Shelve guard selection only for the exact exported capability (204.741917ms)
ℹ tests 9
ℹ suites 0
ℹ pass 9
ℹ fail 0
ℹ cancelled 0
ℹ skipped 0
ℹ todo 0
ℹ duration_ms 532.775
✔ move to review while already in review exits 0 as a no-op (the reported defect) (77.689833ms)
✔ the no-op path performs no move — no entry stamp, no timing row, no board write (71.034583ms)
✔ every state is re-runnable in place, not just review (292.614291ms)
✔ a genuine illegal transition still refuses with exit 5 (39.749458ms)
✔ the structured result reads as success, so verb guards do not treat it as a refusal (68.710459ms)
ℹ tests 5
ℹ suites 0
ℹ pass 5
ℹ fail 0
ℹ cancelled 0
ℹ skipped 0
ℹ todo 0
ℹ duration_ms 694.803375
✔ fixed action authority measurement records physical read-port calls for every explain-ready collector (37.960958ms)
ℹ tests 1
ℹ suites 0
ℹ pass 1
ℹ fail 0
ℹ cancelled 0
ℹ skipped 0
ℹ todo 0
ℹ duration_ms 193.989084
✔ new sessions and project defaults are Full-Auto for all three review boundaries (0.609167ms)
✔ explicit project policy remains authoritative over Full-Auto defaults (0.084625ms)
✔ legacy two-gate project config keeps explicit values and defaults PR review to auto (0.070125ms)
✔ legacy parent metadata survives session round trips without changing gate values (3.735917ms)
✔ binding source contains no legacy first-bind auto-mode prompt (0.566334ms)
✔ reset clears all three overrides and returns to Full-Auto defaults (0.493708ms)
✔ case 6: two session IDs do not see each other's overrides (0.409833ms)
✔ case 7: sweepOrphans deletes files older than maxAgeMs and leaves younger ones (0.559042ms)
✔ fresh and legacy session files hydrate the third nullable override (0.14025ms)
✔ manual and auto choices update one gate additively (0.5475ms)
✔ precedence: session override takes precedence over project config (0.077625ms)
✔ Review handoff honors the session final-task override over project policy (0.074125ms)
ℹ tests 12
ℹ suites 0
ℹ pass 12
ℹ fail 0
ℹ cancelled 0
ℹ skipped 0
ℹ todo 0
ℹ duration_ms 974.552708
✔ computeBackfillHoles: zero markers + non-backlog stage reports every prior stage as a hole (1.309458ms)
✔ computeBackfillHoles: zero markers + backlog stage reports no holes (fresh issue, preserved contract) (0.103208ms)
✔ computeBackfillHoles: non-zero markers delegates to verifyChainIntegrity unchanged (0.941125ms)
✔ reconcile backfill: zero markers + board state past backlog backfills every prior stage (#677) (2.829208ms)
✔ reconcile backfill: zero markers + backlog board state reports no-holes (fresh issue, no false positive) (0.106042ms)
ℹ tests 5
ℹ suites 0
ℹ pass 5
ℹ fail 0
ℹ cancelled 0
ℹ skipped 0
ℹ todo 0
ℹ duration_ms 260.181084
close-cross-close.test.mjs: all passed
✔ source: no `closingDifferentIssue` references remain (dead-code check) (0.475541ms)
✔ source: bind-mismatch refusal now lives in the shared preflight helper (0.218167ms)
✔ source: preflight bind-mismatch uses exit(7) (0.209125ms)
✔ refuses cross-close: exit 7, PROMPT_REQUIRED on stdout (via dispatcher preflight) (281.365417ms)
✔ allows close when target equals s.active (no refusal) (85.77175ms)
✔ allows close when s.active is null and target is given (87.081125ms)
ℹ tests 6
ℹ suites 0
ℹ pass 6
ℹ fail 0
ℹ cancelled 0
ℹ skipped 0
ℹ todo 0
ℹ duration_ms 613.809459
close-repair.test.mjs: all passed
✔ #708 AC2 (baseline): board=Done + issue=CLOSED without --repair → noop short-circuit (no timing flush) (273.056ms)
✔ #708 AC2: same state WITH --repair → bypasses noop and replays the full atomic close (246.588625ms)
✔ #708 AC4: `--repair` is documented in the close verb help output (0.290292ms)
ℹ tests 3
ℹ suites 0
ℹ pass 3
ℹ fail 0
ℹ cancelled 0
ℹ skipped 0
ℹ todo 0
ℹ duration_ms 834.997916
coverage-demote.test.mjs: defined
✔ runDemote: throws without issueNumber (0.900416ms)
✔ runDemote: throws without cfg (0.112042ms)
✔ runDemote: assertBound is invoked and may throw (0.115625ms)
✔ runDemote: no recorded + no live → error (board item missing) (0.297667ms)
✔ runDemote: no recorded + live → bootstrap, then demoted (3.369792ms)
✔ runDemote: live disagrees with recorded → drift-refused (0.155542ms)
✔ runDemote: unknown recorded state → error (0.115084ms)
✔ runDemote: legal-but-non-source state → invalid-source-refused (0.106417ms)
✔ runDemote: move-state nonzero exit → transition-failed (0.103292ms)
✔ runDemote: recorded test, live test, move ok → demoted (no bootstrap) (0.310833ms)
✔ runDemote: recorded review → demoted from review (0.137458ms)
✔ runDemote: default fetch + live-state deps run via fake gh → demoted (450.727459ms)
✔ verbDemote: no issue number → usage, exit 1 (0.531875ms)
✔ verbDemote: demoted → stdout, no exit (0.175125ms)
✔ verbDemote: bootstrap demoted → stdout notes bootstrap (0.16875ms)
✔ verbDemote: drift-refused → stderr, exit 4 (0.106333ms)
✔ verbDemote: invalid-source-refused → stderr, exit 4 (0.079416ms)
✔ verbDemote: transition-failed → stderr, exit code (0.066833ms)
✔ verbDemote: error status → stderr, exit 1 (0.05775ms)
✔ verbDemote: runDemote throws → stderr, exit 1 (0.064791ms)
✔ runDemote: no --rework → rework-required (refuses before any fetch) (0.0605ms)
✔ verbDemote: rework-required → stderr, exit 4 (0.052834ms)
ℹ tests 22
ℹ suites 0
ℹ pass 22
ℹ fail 0
ℹ cancelled 0
ℹ skipped 0
ℹ todo 0
ℹ duration_ms 722.514292
coverage-plan.test.mjs: defined
✔ runPlan: throws without cfg (0.735667ms)
✔ runPlan: throws on non-positive issue# (0.246709ms)
✔ runPlan: assertBound is invoked and may throw (0.130208ms)
✔ runPlan: current is not R4P → wrong-state (no promote) (0.164667ms)
✔ runPlan: unknown live state → wrong-state message names "unknown" (0.088542ms)
✔ runPlan: R4P → promoted (promote called with issue#) (0.476834ms)
✔ runPlan: default getLiveState via fake gh → promoted (262.55425ms)
✔ verbPlan: no issue number → usage, exit 2 (0.406292ms)
✔ verbPlan: R4P → promoted, no exit (0.150792ms)
✔ verbPlan: wrong-state → stderr, exit 1 (0.216375ms)
✔ verbPlan: runPlan throws → stderr, exit 1 (0.105834ms)
ℹ tests 11
ℹ suites 0
ℹ pass 11
ℹ fail 0
ℹ cancelled 0
ℹ skipped 0
ℹ todo 0
ℹ duration_ms 426.505417
coverage-reconcile.test.mjs: defined
✔ runReconcile: throws without issueNumber (1.124167ms)
✔ runReconcile: throws without cfg (0.110542ms)
✔ runReconcile: missing mode → error status (0.181667ms)
✔ runReconcile: unknown mode → error status (0.078375ms)
✔ runReconcile: no live and no recorded → error (0.310583ms)
✔ runReconcile: backfill with no holes → no-holes (0.616417ms)
✔ runReconcile: backfill fills a hole → backfilled (1.360334ms)
✔ runReconcile: recorded === live and no cache gap → no-drift-refused (39.570292ms)
✔ runReconcile: accept-live with no live → error (0.160833ms)
✔ runReconcile: accept-live reconciled (external-mutation reason) (0.37525ms)
✔ runReconcile: accept-live reason from recording-failure comment (0.279083ms)
✔ runReconcile: accept-live tolerates listComments throwing (0.163042ms)
✔ runReconcile: accept-live tolerates audit-marker write throwing (0.1055ms)
✔ runReconcile: revert with no recorded → error (0.068833ms)
✔ runReconcile: revert transition-failed when move-state non-zero (0.086333ms)
✔ runReconcile: revert reconciled when move-state succeeds (0.097583ms)
✔ runReconcile: revert tolerates audit-marker write throwing (0.069375ms)
✔ runReconcile: revert refuses when recorded is BEHIND live (wrong-direction, #740) (0.05275ms)
✔ runReconcile: default persistTrackerState runs without a session (20.259625ms)
✔ verbReconcile: missing issue number → usage, exit 1 (0.359083ms)
✔ verbReconcile: missing mode → usage, exit 1 (0.121125ms)
✔ verbReconcile: fetch failure → generic error, exit 1 (30.782417ms)
✔ verbReconcile: no drift → refused, exit 4 (53.59ms)
✔ verbReconcile: backfill with no holes → stdout, no exit (32.421166ms)
✔ verbReconcile: revert wrong-direction → exit 5, names accept-live (#740) (27.779417ms)
✔ runReconcile: default read helpers fetch body + live state via gh (356.352041ms)
ℹ tests 26
ℹ suites 0
ℹ pass 26
ℹ fail 0
ℹ cancelled 0
ℹ skipped 0
ℹ todo 0
ℹ duration_ms 750.08675
✔ buildDeferredReviewRow: null spec → null (0.692625ms)
✔ buildDeferredReviewRow: flush kind → buildFlushRow row (14.079042ms)
✔ buildDeferredReviewRow: row kind → buildRow row (0.180542ms)
✔ no target → exit 1 (29.750667ms)
✔ preflight refusal → exit 4 (23.444208ms)
✔ validateBody gate refusal → exit 4 (60.231916ms)
✔ non-empty clean gate body passes validateBody (no refusal) (82.315917ms)
✔ dod-verified guard refusal → exit 4 (else timing branch) (23.412833ms)
✔ HEAD drift from aitm-test-started → exit 4 (24.001125ms)
✔ unbacked checkbox → failures revert to Develop, exit 3 (23.402042ms)
✔ epic child not in review → exit 3 (23.761834ms)
✔ completeness guard refusal → exit 4 (28.020208ms)
✔ runMoveState refuses the review move → propagates its status (23.295417ms)
✔ success: all checks pass → moves to Review, prompts approval (55.021292ms)
✔ success via else branch (target not the active session) (59.690958ms)
ℹ tests 15
ℹ suites 0
ℹ pass 15
ℹ fail 0
ℹ cancelled 0
ℹ skipped 0
ℹ todo 0
ℹ duration_ms 637.79325
[task-tracker] warn: back-reference comment on #88 failed: comment boom
✔ parseArgs: positional dead + --by (1.038958ms)
✔ parseArgs: dead falls back to active when no positional (0.087208ms)
✔ parseArgs: byProvided false when --by absent (0.060083ms)
✔ parseArgs: strips leading # on both args (0.06825ms)
✔ runSupersede: missing deadIssue throws (0.413ms)
✔ runSupersede: missing byIssue throws (0.098208ms)
✔ runSupersede: self-supersede throws (0.086625ms)
✔ runSupersede: missing cfg.repo throws (0.100333ms)
✔ runSupersede: superseder-missing — no writes (0.165542ms)
✔ runSupersede: transition-failed — marker stamped, no audit/close (0.422875ms)
✔ runSupersede: superseded happy path — stamp + audit + close + back-ref (0.220583ms)
✔ runSupersede: back-reference comment failure is tolerated (0.48125ms)
✔ verbSupersede: no dead issue → usage, exit 2 (1.323583ms)
✔ verbSupersede: --by missing → usage, exit 2 (0.517959ms)
✔ verbSupersede: success → no exit (0.364208ms)
✔ verbSupersede: non-superseded result → exit 1 (0.388041ms)
✔ verbSupersede: thrown error → exit 1 (0.361417ms)
✔ runSupersede: default I/O helpers drive a fake gh end-to-end (579.188666ms)
ℹ tests 18
ℹ suites 0
ℹ pass 18
ℹ fail 0
ℹ cancelled 0
ℹ skipped 0
ℹ todo 0
ℹ duration_ms 771.007834
[move-state] #544: marker stamp failed: gh view exploded
[move-state] #1: stamp-failure audit comment post FAILED: comment API down
✔ AC2: a mid-chain hole refuses the next forward move (develop → test) (6.377916ms)
✔ AC2: reconcile accept-live returns no-drift-refused when board == recorded (47.521541ms)
✔ AC3: stampEntryMarkers posts a failure-audit comment on stamp failure (5.318ms)
✔ Plan → Develop scope drift from the real marker writer is never swallowed (6.693666ms)
✔ Plan → Develop scope validation reruns after a non-overlapping conflict rebase (4.714833ms)
✔ AC3: failure-comment body names the stage, error and recovery command (0.112583ms)
✔ AC3: postStampFailureAudit degrades (no throw) when the post itself fails (0.606708ms)
✔ AC4: reconcile backfill fills the missing prior-stage markers (6.076375ms)
✔ AC4: reconcile backfill is a no-op when the chain is already contiguous (0.518958ms)
ℹ tests 9
ℹ suites 0
ℹ pass 9
ℹ fail 0
ℹ cancelled 0
ℹ skipped 0
ℹ todo 0
ℹ duration_ms 251.967208
✔ native-blocked R4P child stays current for epic admission but waits for its predecessor (3.898625ms)
✔ configured-project mapping ignores legacy blocker markers as dependency authority (0.453333ms)
✔ configured-project child mapping carries current refinement and terminal evidence (0.339667ms)
✔ configured-project mapping rejects stale refinement evidence and board-rank drift (0.300333ms)
✔ epic admission and terminal delivery fail closed on incomplete descriptors and board drift (0.289042ms)
✔ strict local WIP cannot be disabled by project configuration (2.196917ms)
✔ epic Plan admission requires every executable child at R4P or later with refinement evidence (0.359667ms)
✔ R4P state enforces epic child admission before entering Plan (0.13075ms)
✔ next-child selection uses only dependency-ready R4P children and rank (0.132542ms)
✔ next-child selection fails closed while any sibling is locally active (0.143959ms)
✔ local WIP policy has no blocker exception while another child is active (0.47575ms)
✔ epic Test admission requires Done or an accepted closed disposition (0.53125ms)
✔ pull-next advances one dependency-ready R4P child exactly one edge and then stops (16.72925ms)
✔ pull-next refuses to start another local child while a sibling is active (0.300458ms)
✔ operator help, architecture, and pickup guidance describe R4P child staging (1.5705ms)
✔ epic child enumeration exhausts every GraphQL page and refuses cursor ambiguity (0.923417ms)
✔ configured child project membership and fields paginate exhaustively (0.258542ms)
ℹ tests 17
ℹ suites 0
ℹ pass 17
ℹ fail 0
ℹ cancelled 0
ℹ skipped 0
ℹ todo 0
ℹ duration_ms 213.966583
✔ heal-entry-markers.planStageHeal and lib safeBackfillTs agree on the hole ts (2.788666ms)
✔ reconcile backfill stamps the same ts heal-entry-markers would compute for the hole (1.821792ms)
ℹ tests 2
ℹ suites 0
ℹ pass 2
ℹ fail 0
ℹ cancelled 0
ℹ skipped 0
ℹ todo 0
ℹ duration_ms 161.116083
✔ entry and timing history queries preserve both independent C1 8x8 projections (0.698875ms)
✔ every non-self executable edge is accepted by entry history (0.139084ms)
✔ history-only edges remain distinct and never authorize executable movement (0.116041ms)
✔ Shelve from Ready for Planning is sanctioned timing history without widening action scope (0.431125ms)
✔ action policy returns frozen allowed, refused, unknown, and bootstrap outcomes (0.129791ms)
✔ action descriptors preserve home states, delegation, demote, Shelve/Park, and refine policy (0.15ms)
✔ compatibility exports are derived from canonical history and action policy (0.139709ms)
✔ history and action policy keep a sibling-only package dependency boundary (4.311791ms)
✔ migrated consumers import lifecycle policy rather than owning action/history tables (1.083667ms)
ℹ tests 9
ℹ suites 0
ℹ pass 9
ℹ fail 0
ℹ cancelled 0
ℹ skipped 0
ℹ todo 0
ℹ duration_ms 164.988875
✔ typed burn and receipt pin the issue, grant, operation, SHA, refs, and burn OID (3.385458ms)
✔ journal projection refuses changed burn, duplicate grant owner, and incomplete history (0.574708ms)
✔ first close burns once, publishes one exact receipt, and completes before Done (1.8055ms)
✔ without-barrier revision observed after CAS prevents receipt publication and Done (0.57ms)
✔ without-barrier revision during receipt POST leaves journal incomplete and blocks Done (0.653375ms)
✔ exact completed retry reuses receipt after expiry without another live grant (1.853208ms)
✔ revocation before first burn and different issue or operation cannot consume authority (1.6ms)
✔ uncertain publication is read back; a competing host cannot post again (1.318125ms)
✔ tampered receipt and incomplete journal refuse historical retry (1.209042ms)
✔ Close accepts only a completed exact local receipt and discloses its distinct result (1.6885ms)
ℹ tests 10
ℹ suites 0
ℹ pass 10
ℹ fail 0
ℹ cancelled 0
ℹ skipped 0
ℹ todo 0
ℹ duration_ms 161.41775
[move-state:warn] #759: transition commit provenance missing: Cannot read properties of undefined (reading 'repo')
✔ #741: an unconfirmed Status write never reaches the sentinel (0.887167ms)
✔ #752: a killed post-commit tail after the board write reports success (0.677959ms)
✔ #752: a sentinel-present failure classifies as complete, never a failure (0.289291ms)
✔ #753: replay of a complete move reconciles the tail but rewrites nothing (0.160458ms)
✔ §9: formatMoveReadout emits the exact success block (0.152542ms)
✔ §9: an idempotent replay is labelled in the readout header (0.082958ms)
✔ §12: formatMoveError emits the status-phase failure block (sentinel absent) (0.072375ms)
✔ §12: a sentinel-present failure renders the reconcile block (0.130042ms)
ℹ tests 8
ℹ suites 0
ℹ pass 8
ℹ fail 0
ℹ cancelled 0
ℹ skipped 0
ℹ todo 0
ℹ duration_ms 147.034875
[move-state:warn] #741: transition commit provenance missing: Cannot read properties of undefined (reading 'repo')
⛔ #741 → test: board confirmed at target but aitm-last-known-state marker reads "develop". Board/marker consistency post-condition FAILED.
[move-state:warn] #741: transition commit provenance missing: Cannot read properties of undefined (reading 'repo')
✔ AC1: a failed board write rolls the marker back to the prior stage and stays loud (1.365791ms)
✔ AC3: rollback restores aitm-last-known-state to priorState (real code) (27.161042ms)
✔ AC3: rollback is a no-op when the marker already reads priorState (0.266417ms)
✔ AC2: success path runs the board==marker consistency assertion (0.668917ms)
✔ AC2: a board/marker mismatch on success fails closed and never runs the tail (0.170041ms)
✔ AC2: assertBoardMarkerConsistent reports consistent iff marker == expected (real code) (0.324417ms)
✔ AC4: with no priorState (undefined stamp result) the #741 branches stay dormant (0.187708ms)
✔ AC4: with no priorState a failed board write does NOT attempt a rollback (0.172084ms)
ℹ tests 8
ℹ suites 0
ℹ pass 8
ℹ fail 0
ℹ cancelled 0
ℹ skipped 0
ℹ todo 0
ℹ duration_ms 174.419959
[move-state:warn] #999: transition commit provenance missing: github unavailable
✔ moveState runs guard → rows → markers → status → sentinel → commit → tail (1.170084ms)
✔ atomic core order: rows + markers land before Status, sentinel before tail (0.141417ms)
✔ transition commit failure warns without failing a confirmed move (0.541042ms)
✔ moveState fails closed when the sentinel does not verify (0.200833ms)
✔ moveState halts on guard refusal and never writes status (0.225708ms)
✔ moveState prefers the public pre-evaluated guard over the legacy test seam (0.146542ms)

⛔ Refusing to move #1462 to test:
   BLOCKED: contiguity-hole — missing prior-stage entry marker(s): aitm-entered-backlog, aitm-entered-refine, aitm-entered-plan, aitm-entered-develop. The board shows develop but the body never recorded entry into: backlog, refine, plan, develop

A forward move may not enter a new stage while an earlier stage in the chain is unrecorded.
Recovery:
   • Run `/task reconcile backfill 1462` to fill the missing entry marker(s) if the stage(s) genuinely ran, then retry.
   • Only if the board and recorded body state have actually drifted (not merely a missing historical marker), run `/task reconcile accept-live 1462` instead.

✔ pre-mutation guard consumes the locked snapshot body without a second issue fetch (1928.588417ms)
✔ pre-mutation boundary reloads policy only after a waivable guard refusal (40.9205ms)
✔ Plan → Develop exposes the exact successful guard decision for durable authority (20.484917ms)
✔ Plan → Develop verifies authority after replay probe and before mutation (0.29325ms)
✔ Plan → Develop authority failure is fail-closed before every mutation (0.22525ms)
✔ Plan → Develop scope drift after authority write fails before lifecycle mutation (0.147875ms)
✔ Plan → Develop scope drift at entry stamping returns the typed authority refusal (0.124375ms)
✔ moveState halts on status exit and never runs tail (0.069166ms)
✔ AC5: a throwing tail step is logged and never fails-reports or reverts the move (0.280709ms)
ℹ tests 15
ℹ suites 0
ℹ pass 15
ℹ fail 0
ℹ cancelled 0
ℹ skipped 0
ℹ todo 0
ℹ duration_ms 2132.151208
✔ re-run of a complete move is a no-op (no rows/markers/status/sentinel rewrite) (1.4515ms)
✔ partial move (sentinel absent) rolls forward through the saga (0.153666ms)
✔ same-target replay repairs a post-Status partial move with the existing transition ID (0.108ms)
✔ same-target replay without a recoverable partial move remains a strict no-op (0.103208ms)
✔ production completion probe recovers only the latest fully-evidenced entry identity (103.190209ms)
✔ production completion probe recovers a demotion with target-bound timing evidence (57.035583ms)
ℹ tests 6
ℹ suites 0
ℹ pass 6
ℹ fail 0
ℹ cancelled 0
ℹ skipped 0
ℹ todo 0
ℹ duration_ms 300.387916
⛔ #999 → test: board moved but aitm-move-complete sentinel did NOT confirm on re-read. Move is NOT stamped complete; re-run to converge.
✔ sentinel is written and re-read-verified as target (2.448875ms)
✔ SKIP_NETWORK short-circuits: no body write, reported verified (0.112667ms)
✔ sentinel verify fails closed when the verified body does not show target (0.489167ms)
ℹ tests 3
ℹ suites 0
ℹ pass 3
ℹ fail 0
ℹ cancelled 0
ℹ skipped 0
ℹ todo 0
ℹ duration_ms 165.371625
✔ task-owner exposes issue, project, and session scopes (0.909166ms)
✔ background-convergence exposes only issue and project scopes (0.115625ms)
✔ task-owner preserves the exact legacy tail (0.108166ms)
✔ background convergence excludes every session effect (0.074084ms)
✔ task-owner is the default profile (0.089209ms)
✔ every falsy profile except undefined fails closed (0.327458ms)
✔ non-string profiles fail closed even when string coercion names a known profile (0.161959ms)
✔ unknown profiles fail closed (0.118334ms)
✔ moveState refuses an unknown profile before any saga effect (0.332875ms)
✔ moveState refuses an unsupported review authority before any saga effect (0.154667ms)
✔ runMoveStateHost refuses an unknown profile before argv policy (23.799958ms)
✔ runMoveStateHost refuses an unsupported review authority before argv policy (20.921959ms)
✔ runMoveStateInProcess forwards typed profile and review authority without argv flags (0.657125ms)
✔ runMoveStateInProcess preserves task-owner and null authority defaults (0.202458ms)
ℹ tests 14
ℹ suites 0
ℹ pass 14
ℹ fail 0
ℹ cancelled 0
ℹ skipped 0
ℹ todo 0
ℹ duration_ms 217.317333
✔ buildCloseGatesDeps: move to done, linked worktree → resolveTrunkRef yields origin/trunk (0.607208ms)
✔ buildCloseGatesDeps: move to done, main worktree → resolveTrunkRef yields local trunk (0.110416ms)
✔ buildCloseGatesDeps: linked worktree, explicit cfg.trunkRef still wins (0.075666ms)
✔ buildCloseGatesDeps: move that is not → done → no override (undefined) (0.061792ms)
✔ buildCloseGatesDeps: pexec failure (not a git repo) → treated as main worktree, does not throw (0.10525ms)
ℹ tests 5
ℹ suites 0
ℹ pass 5
ℹ fail 0
ℹ cancelled 0
ℹ skipped 0
ℹ todo 0
ℹ duration_ms 133.421667
✔ refinement snapshot records and validates current scope, AC, fields, dependencies, labels, and provenance (3.663167ms)
✔ refinement snapshot fails closed when refinement inputs or labels become stale (0.363125ms)
✔ refinement snapshot schema 3 excludes legacy blocker carriers from authority (0.2265ms)
✔ the Refine success hook may remove transient rationale without invalidating the durable snapshot (0.352584ms)
✔ refinement snapshot refuses incomplete refinement evidence (0.3015ms)
✔ Refine exit guard requires a current snapshot and allows owner-optional R4P parking (0.285791ms)
✔ Refine exit guard refuses body snapshot fields that disagree with the live board (0.47875ms)
✔ Refine exit guard refuses a missing live Rank instead of coercing it to rank zero (0.234875ms)
✔ runRefine stamps the snapshot from the final body and exact live labels (35.632291ms)
✔ runRefine refuses R4P and later states before changing fields or body (0.504208ms)
✔ cancel-plan is the sole governed Plan to R4P one-edge action (0.2915ms)
✔ cancel-plan clears Plan-only artifacts while preserving refinement evidence and fields (1.898334ms)
✔ cancel-plan refuses a stale refinement snapshot before any mutation (0.208667ms)
✔ cancel-plan restores Refine fields after legitimate Plan re-estimation drift (0.563292ms)
✔ cancel-plan still refuses non-estimation refinement field drift (0.224458ms)
✔ cancel-plan refuses concurrent configured-project field drift before any artifact mutation (0.201625ms)
✔ cancel-plan refuses a missing live Rank instead of coercing it to rank zero (0.2395ms)
✔ cancel-plan remains a hub-only handler with no direct executable entrypoint (0.059708ms)
✔ cancel-plan restores original Plan artifacts without clobbering concurrent body edits (0.541083ms)
✔ cancel-plan reconciles a thrown mover and restores Plan artifacts when Status stayed Plan (0.407875ms)
✔ successful cancellation removes the old Planned Estimate appendix (0.321792ms)
✔ early Plan cancellation succeeds when no Planned Estimate appendix exists yet (0.337333ms)
✔ Plan cancellation succeeds when best-effort Refine estimate comment posting failed (0.2325ms)
✔ cancel-plan refuses before body mutation when Planned Estimate read-back is stale (32.736833ms)
✔ cancel-plan accepts a nonzero delegate when live Status reached R4P (0.466084ms)
✔ cancel-plan refuses every source except Plan without writing (0.116416ms)
ℹ tests 26
ℹ suites 0
ℹ pass 26
ℹ fail 0
ℹ cancelled 0
ℹ skipped 0
ℹ todo 0
ℹ duration_ms 260.225666
✔ no-drift + cache absent → seeds cache and returns cache-seeded (3.518ms)
✔ no-drift + cache present → returns no-drift-refused (existing behavior preserved) (1.157917ms)
ℹ tests 2
ℹ suites 0
ℹ pass 2
ℹ fail 0
ℹ cancelled 0
ℹ skipped 0
ℹ todo 0
ℹ duration_ms 166.081625
✓ #91016 reconciled (revert-to-sentinel): develop → plan
✔ #1016 restores board=recorded drift to the saga-verified sentinel (3.54ms)
✔ #1016 missing sentinel refuses before any write (0.239875ms)
✔ #1016 unknown sentinel state refuses before any write (0.110709ms)
✔ #1016 aligned board and sentinel is a no-drift refusal (0.102ms)
✔ #1016 failed sentinel Status write leaves body and cache untouched (0.101417ms)
✔ #1016 body-write exhaustion is a nonzero partial-recovery result (0.24675ms)
✔ #1016 partial board success can retry marker repair without another Status write (0.345292ms)
✔ #1016 closure-based state repair preserves a concurrent body edit (0.218292ms)
✔ #1016 fresh-body sentinel mismatch fails instead of overwriting provenance (0.415334ms)
✔ #1016 default adapter selects the sentinel option and confirmed Status-only seam (0.516833ms)
✔ #1016 public reconcile help lists the accepted sentinel mode (0.1615ms)
✔ #1016 invariant diagnostic recommends a mode the public verb accepts (26.774417ms)
ℹ tests 12
ℹ suites 0
ℹ pass 12
ℹ fail 0
ℹ cancelled 0
ℹ skipped 0
ℹ todo 0
ℹ duration_ms 196.749875
✔ scripts/tests/unit/task-tracker/lib/refine-tbd-placeholder.test.mjs (274.634ms)
ℹ tests 1
ℹ suites 0
ℹ pass 1
ℹ fail 0
ℹ cancelled 0
ℹ skipped 0
ℹ todo 0
ℹ duration_ms 279.685333
✔ fresh current body, not the caller snapshot, is scanned when no normalization is pending (0.947541ms)
✔ failed current-body read refuses instead of returning the stale caller snapshot (0.490875ms)
✔ missing complete evaluator cannot enter the old derive-before-readiness path (0.091959ms)
✔ missing execution HEAD refuses instead of stamping unknown provenance (0.089875ms)
✔ both execution HEAD reads use the authoritative project directory (0.394542ms)
✔ an absent authoritative directory refuses before any HEAD read (0.074209ms)
ℹ tests 6
ℹ suites 0
ℹ pass 6
ℹ fail 0
ℹ cancelled 0
ℹ skipped 0
ℹ todo 0
ℹ duration_ms 148.495458
✔ Review probe policy rejects standard full commands and semantic aliases (1.400792ms)
✔ Review probe policy allows a focused test command (0.4465ms)
✔ Review probe policy allows exact-file read-only lint and format probes (0.115542ms)
✔ #1458 — targeted probe execution remains command policy, not a resident action (0.137333ms)
✔ Review probe mode validates the complete request before executing any command (0.677958ms)
✔ Review probe mode rejects a non-allowlisted command before execution or persistence (0.172917ms)
ℹ tests 6
ℹ suites 0
ℹ pass 6
ℹ fail 0
ℹ cancelled 0
ℹ skipped 0
ℹ todo 0
ℹ duration_ms 149.570792
✔ Review validates a Test receipt and seeds standard results without spawning commands (4.287875ms)
✔ Review refuses a Test receipt after live Verification Commands change (9.355833ms)
✔ Review seeds targeted commands only when the Test receipt recorded them (0.510916ms)
✔ Review fails closed on SHA drift (0.451084ms)
✔ Review fails closed on config drift (0.338ms)
✔ Review fails closed on lockfile drift (0.28625ms)
✔ Review fails closed when a required complete lane is absent (0.30025ms)
✔ receipt refusal uses the audited Test-to-Develop rework path (0.563125ms)
✔ Review fails closed when HEAD cannot be resolved for a v1 receipt (0.299834ms)
✔ Review and its Test-exit guard reject a malformed v1 marker instead of falling back (0.908959ms)
✔ Review retains marker-only compatibility when no v1 receipt exists (0.100166ms)
✔ a reviewer probe appends separate review evidence without mutating the Test receipt (0.515042ms)
✔ a reviewer probe drops prior Review evidence from a different fingerprint (0.77825ms)
✔ Review probe mode executes an allowlisted command and persists read-back evidence (0.761625ms)
✔ Review probe mode persists a red probe and returns failure (0.6515ms)
✔ Review probe parser accepts repeatable quoted values and rejects a missing value (0.3155ms)
ℹ tests 16
ℹ suites 0
ℹ pass 16
ℹ fail 0
ℹ cancelled 0
ℹ skipped 0
ℹ todo 0
ℹ duration_ms 176.117709
✔ s.active === target: C6 no longer calls flushActiveToGH (deferral seam removed) (29.796167ms)
✔ a paused binding opens a timing segment before automated Review work (31.411791ms)
✔ review handoff policy pauses only when human approval is required (0.185417ms)
✔ s.active === target: safePostTiming NOT called before SKIP_NETWORK block (31.329458ms)
✔ hasAgentTiming branch: safePostTiming NOT called before SKIP_NETWORK block (25.465083ms)
✔ else branch: safePostTiming NOT called before SKIP_NETWORK block (36.971583ms)
✔ gate-failure timeline: the only timing row is review:failed (0.691292ms)
✔ gate-failure timeline: the marker stamp precedes the review:failed row (0.118209ms)
✔ gate-failure timeline: no state-change row is emitted at all (D2) (0.100292ms)
✔ gate-failure timeline: no demote is driven, with or without extraArgs (D3) (0.150541ms)
✔ gate-failure timeline: a mutate throw is best-effort and does not lose the row (0.142916ms)
✔ gate-pass timeline: the only timing row is review:passed (0.096833ms)
✔ #1458 — resident pass prepares durable evidence before the pass callback (0.884625ms)
✔ gate-pass timeline: the row description records the validator set and result=pass (0.101709ms)
✔ gate-pass timeline: an empty validator set is recorded as "none", still result=pass (0.098958ms)
✔ gate-pass timeline: no failure or state-change row leaks from the pass path (0.073458ms)
ℹ tests 16
ℹ suites 0
ℹ pass 16
ℹ fail 0
ℹ cancelled 0
ℹ skipped 0
ℹ todo 0
ℹ duration_ms 306.630042
✔ Shelve policy is legal only from Refine or Ready for Planning (1.024625ms)
✔ immutable refinement history captures required pre-invalidation provenance (3.678209ms)
✔ history append is deterministic, tamper-evident, and never rewrites prior records (1.189625ms)
✔ Shelve invalidation clears active fields and derived evidence while preserving story text (3.580625ms)
✔ Shelve preserves every supported immutable R4P entry-marker grammar (0.307583ms)
✔ Shelve does not mutate labels because labels remain classification evidence (0.091ms)
ℹ tests 6
ℹ suites 0
ℹ pass 6
ℹ fail 0
ℹ cancelled 0
ℹ skipped 0
ℹ todo 0
ℹ duration_ms 204.5695
✔ the production lifecycle keeps eight states and canonically names Ready for Planning (0.784959ms)
✔ the factory machine projects navigation only through lifecycle policy (0.120459ms)
✔ the baseline names the canonical eight states in production order (0.694792ms)
✔ all three lifecycle projections explicitly cover all 64 ordered pairs (0.117875ms)
✔ the executable matrix matches pre-refactor transition validation for every pair (0.331209ms)
✔ the entry-history matrix matches the current marker-history edge set (0.090542ms)
✔ the timing-history matrix matches the current strict timing walk (2.328458ms)
✔ same-state requests are executable no-ops but remain valid history rows (0.081541ms)
✔ reverse and history-only distinctions remain explicit (0.084542ms)
✔ action eligibility and delegation match current verb exports (0.120167ms)
✔ refine entry and self-run policy match injected production behavior (2.323ms)
[task-tracker] WARN: required project field "Start Time" (cfg.fieldStartTime) is not configured — board stamp skipped. Re-run `scripts/gh/init-project-config.sh` to discover and persist field ids.
✔ bootstrap policy resolves live state and refuses a missing board item (69.538666ms)
ℹ tests 12
ℹ suites 0
ℹ pass 12
ℹ fail 0
ℹ cancelled 0
ℹ skipped 0
ℹ todo 0
ℹ duration_ms 265.311542
✔ terminal disposition predicate recognizes only terminal values (0.513792ms)
✔ terminal helper writes the selected Disposition to the issue project item (0.884ms)
✔ terminal helper fails loud for missing field, project item, or option (0.403583ms)
✔ terminal Done helper writes the configured Status option without option discovery (0.297ms)
✔ terminal Done helper surfaces every best-effort dependent reconciliation error (0.166375ms)
✔ close-as retains the board item and writes matching terminal values (0.6715ms)
✔ close-as reports sequence-significant timing rows retained for retry (1.5235ms)
✔ supersede writes Replaced before its marker, Done bypass, and close (0.332375ms)
✔ verified close declares a Delivered write before the terminal board move (0.716833ms)
ℹ tests 9
ℹ suites 0
ℹ pass 9
ℹ fail 0
ℹ cancelled 0
ℹ skipped 0
ℹ todo 0
ℹ duration_ms 162.501875
test-sha-drift-gate: PASS
✔ scripts/tests/unit/task-tracker/lib/test-sha-drift-gate.test.mjs (157.419292ms)
ℹ tests 1
ℹ suites 0
ℹ pass 1
ℹ fail 0
ℹ cancelled 0
ℹ skipped 0
ℹ todo 0
ℹ duration_ms 162.435709
test-verb-injection.test.mjs: all passed
✔ scripts/tests/unit/task-tracker/lib/test-verb-injection.test.mjs (2859.12275ms)
ℹ tests 1
ℹ suites 0
ℹ pass 1
ℹ fail 0
ℹ cancelled 0
ℹ skipped 0
ℹ todo 0
ℹ duration_ms 2868.869416
✔ /task test audits a stale Develop-final receipt before one replacement finalization (30.049583ms)
✖ /task test audits every Develop-final reuse refusal family before one new finalization (1.570208ms)
ℹ tests 2
ℹ suites 0
ℹ pass 1
ℹ fail 1
ℹ cancelled 0
ℹ skipped 0
ℹ todo 0
ℹ duration_ms 176.071417

✖ failing tests:

test at scripts/tests/unit/task-tracker/lib/test-verb-receipt-refusal-audit.test.mjs:107:1
✖ /task test audits every Develop-final reuse refusal family before one new finalization (1.570208ms)
  AssertionError [ERR_ASSERTION]: issue-mismatch
  + actual - expected
  
  + 'receipt-retirement-failed'
  - 'develop-final-invalid'
  
      at TestContext.<anonymous> (file:///Users/kpburson/projects/Vibe-Coding/ai-task-manager/.worktrees/1882-child-ci-integration/scripts/tests/unit/task-tracker/lib/test-verb-receipt-refusal-audit.test.mjs:165:12)
      at process.processTicksAndRejections (node:internal/process/task_queues:104:5)
      at async Test.run (node:internal/test_runner/test:1409:7)
      at async Test.processPendingSubtests (node:internal/test_runner/test:974:7) {
    generatedMessage: false,
    code: 'ERR_ASSERTION',
    actual: 'receipt-retirement-failed',
    expected: 'develop-final-invalid',
    operator: 'strictEqual',
    diff: 'simple'
  }
