scripts/task-tracker/lib/reopened-close-recovery.mjs 61ms (unchanged)
scripts/task-tracker/verbs/close.mjs 134ms (unchanged)
scripts/tests/unit/task-tracker/lib/reopened-close-binding-ownership.test.mjs 9ms (unchanged)
scripts/tests/unit/task-tracker/lib/reopened-close-recovery.test.mjs 12ms (unchanged)
scripts/tests/unit/task-tracker/lib/terminal-binding-authority.test.mjs 4ms (unchanged)
scripts/tests/unit/task-tracker/verbs/close-reopened-recovery-wiring.test.mjs 13ms (unchanged)
✔ layout audit rejects a discovered test outside the canonical lane tree (81.509833ms)
✔ layout audit rejects a test placed directly in a canonical lane root (39.78575ms)
✔ line-cap audit still examines a misplaced test discovered outside the canonical tree (43.033125ms)
✔ a hidden support-subtree test cannot evade discovery, the runner, or any audit (116.061417ms)
✔ feature-oriented files keep semantic ownership after their lane correction (1.903333ms)
✔ current test-tree baseline is well formed (1.122542ms)
✔ AC3/AC4: every current baseline test remains live in its recorded lane (0.338792ms)
✔ AC1: no *.test.mjs file remains directly in a lane root (0.272541ms)
✔ AC2: every lane subdirectory mirrors a real source subsystem (or is core/meta) (3.036167ms)
✔ AC4: the three lanes are a disjoint partition whose union is the whole discovery set (5.1765ms)
ℹ tests 10
ℹ suites 0
ℹ pass 10
ℹ fail 0
ℹ cancelled 0
ℹ skipped 0
ℹ todo 0
ℹ duration_ms 357.453125
✔ AC1: buildContext decomposes into named capability objects (1.447458ms)
✔ AC2: assembleCapabilities groups flat members by reference (0.14025ms)
✔ strict sub-issue capability fetches project identity and Status name in one query (0.442292ms)
✔ strict sub-issue capability reports a thrown GraphQL query as unknown (0.923291ms)
✔ legacy fetchSubIssues delegates and preserves numeric issue numbers only for ok snapshots (0.284125ms)
✔ AC2: verbClose is migrated to the narrow capability interface (0.416334ms)
✔ AC3: verbClose runs against a narrow fixture (no active task path) (50.129959ms)
ℹ tests 7
ℹ suites 0
ℹ pass 7
ℹ fail 0
ℹ cancelled 0
ℹ skipped 0
ℹ todo 0
ℹ duration_ms 165.817625
[task-tracker] ⛔ Refusing to close #1381: review-authorization-missing. Run `/task deliver` until a verified exact-head receipt exists, then retry.
[task-tracker] projectDir override: AI_TASK_MANAGER_PROJECT_DIR=/Users/kpburson/projects/Vibe-Coding/ai-task-manager/.worktrees/1490-squash-delivery-proof/.scratch/test/aitm-1381-close-wiring-ax5nEY for #1381
Closed #1381.
#1381 is already fully closed; no terminal writes were repeated.
[task-tracker] ⛔ Refusing to close #1381: delivery-authority:accepted-evidence. Run `/task deliver` until a verified exact-head receipt exists, then retry.
[task-tracker] ⛔ Refusing to close #1381: delivery-authority:accepted-evidence. Run `/task deliver` until a verified exact-head receipt exists, then retry.
[task-tracker] ⛔ Refusing to close #1381: review-authorization-missing. Run `/task deliver` until a verified exact-head receipt exists, then retry.
[task-tracker] ⛔ Refusing to close #1381: close-delivery-receipt:missing. Run `/task deliver` until a verified exact-head receipt exists, then retry.
[task-tracker] ⛔ Refusing to close #1381: close-delivery-receipt:merge-commit-mismatch. Run `/task deliver` until a verified exact-head receipt exists, then retry.
[task-tracker] ⛔ Refusing to close #1381: delivery-verification:merge-method. Run `/task deliver` until a verified exact-head receipt exists, then retry.
[task-tracker] ⛔ Refusing to close #1381: delivery-verification:merge-commit-bytes. Run `/task deliver` until a verified exact-head receipt exists, then retry.
Closed #1381.
Closed #1381.
✔ A to B reused-branch delivery closes historical A through production seams and retries read-only (40.089ms)
✔ interrupted A delivery recovers its receipt after the branch advances without provider action (2.18875ms)
✔ reused-branch composition fails closed on ambiguous PR and corrupt record histories (4.290583ms)
✔ historical recovery refuses unreadable trunk, unreachable merge, and altered authorized bytes (3.118833ms)
✔ composed close refuses stale lifecycle, approval, PR, merge, method, and attribution evidence (17.019375ms)
✔ partial Delivered terminal transaction resumes only its exact suffix under durable authority (8.817542ms)
✔ close rejects malformed provider timestamps before receipt or terminal mutation (1.243083ms)
✔ #1382 and #1383 project one approved ledger but produce distinct terminal record chains (15.392209ms)
✔ amendment gates keep Phase B ledger authority after #1381 Done and block chain or #939 drift (10.759209ms)
ℹ tests 9
ℹ suites 0
ℹ pass 9
ℹ fail 0
ℹ cancelled 0
ℹ skipped 0
ℹ todo 0
ℹ duration_ms 208.993125
✔ legacy approval keeps the marker lane while directory approval consumes accepted evidence (5.111667ms)
✔ human and Full-Auto approval provenance are explicit and non-interchangeable (1.061917ms)
✔ directory Review and Approval predicates reject stale SHA, epoch, and authority (0.184208ms)
✔ manual lifecycle checkbox edits cannot satisfy directory-governed close (0.376125ms)
✔ close resolves current directory evidence but leaves legacy bodies on the existing lane (0.247084ms)
✔ close fails closed when accepted directory Review or Approval evidence is absent (0.32375ms)
✔ deliver resolves marker-free exact-head directory approval authority (0.822542ms)
✔ runDeliver consumes marker-free exact-head directory Review and Approval evidence (3.517375ms)
✔ runDeliver refuses directory authority without accepted exact-head Review evidence (0.637791ms)
✔ runDeliver never hybridizes directory Review with legacy body Approval (0.898ms)
ℹ tests 10
ℹ suites 0
ℹ pass 10
ℹ fail 0
ℹ cancelled 0
ℹ skipped 0
ℹ todo 0
ℹ duration_ms 123.566042
close-lifecycle-tick.test.mjs: all passed
✔ scripts/tests/slow/task-tracker/verbs/close-lifecycle-tick.test.mjs (94.087917ms)
ℹ tests 1
ℹ suites 0
ℹ pass 1
ℹ fail 0
ℹ cancelled 0
ℹ skipped 0
ℹ todo 0
ℹ duration_ms 98.589125
coverage-close.test.mjs: defined
✔ no active task (3.359959ms)
✔ discover bucket → discarded (3.164333ms)
✔ target adopted into empty state → Closed (75.938625ms)
✔ convergence close-issue: board Done + issue OPEN → gh close (265.3835ms)
✔ convergence close-issue: outcome failure leaves the issue OPEN and active (7.336041ms)
✔ convergence close-issue: disposition failure leaves issue OPEN and active (7.25525ms)
✔ convergence close-issue: gh close fails → exit 1 (6.684125ms)
✔ convergence noop + boardDrift: issue CLOSED, board behind → converge (60.827208ms)
✔ convergence noop + boardDrift: move fails + board not Done → exit 1 (1.351292ms)
[task-tracker] projectDir override: AI_TASK_MANAGER_PROJECT_DIR=/Users/kpburson/projects/Vibe-Coding/ai-task-manager/.worktrees/1490-squash-delivery-proof/.scratch/test/aitm-613-BAJ9RJ for the active issue
✔ convergence noop, no drift: issue CLOSED + board Done → already closed (62.369084ms)
✔ happy tail: approval marker present → emitted, Closed (57.957625ms)
✔ happy tail: no approval marker → review:approved suppressed (115.397542ms)
✔ happy-tail candidate refuses close when terminal timing is only queued (1.017125ms)
✔ final move non-benign failure + board not Done → exit 1 (0.6225ms)
✔ offline final move cannot verify board Done → refuses non-benign failure (0.646ms)
[task-tracker] projectDir override: AI_TASK_MANAGER_PROJECT_DIR=/Users/kpburson/projects/Vibe-Coding/ai-task-manager/.worktrees/1490-squash-delivery-proof/.scratch/test/aitm-613-DCt7oc for the active issue
✔ dirty + CI headless, no --answer → exit 5 (45.661ms)
[task-tracker] projectDir override: AI_TASK_MANAGER_PROJECT_DIR=/Users/kpburson/projects/Vibe-Coding/ai-task-manager/.worktrees/1490-squash-delivery-proof/.scratch/test/aitm-613-6a2acJ for the active issue
✔ dirty + --answer cancel → left in Review (45.850875ms)
[task-tracker] projectDir override: AI_TASK_MANAGER_PROJECT_DIR=/Users/kpburson/projects/Vibe-Coding/ai-task-manager/.worktrees/1490-squash-delivery-proof/.scratch/test/aitm-613-LPmqAx for the active issue
✔ dirty + --answer yes → refuse, exit 6 (45.361875ms)
[task-tracker] projectDir override: AI_TASK_MANAGER_PROJECT_DIR=/Users/kpburson/projects/Vibe-Coding/ai-task-manager/.worktrees/1490-squash-delivery-proof/.scratch/test/aitm-613-RUd5ay for the active issue
✔ dirty + invalid --answer → exit 1 (45.093ms)
[task-tracker] projectDir override: AI_TASK_MANAGER_PROJECT_DIR=/Users/kpburson/projects/Vibe-Coding/ai-task-manager/.worktrees/1490-squash-delivery-proof/.scratch/test/aitm-613-7lSUEN for the active issue
✔ dirty + interactive (no CI, no answer) → PROMPT_REQUIRED (47.138958ms)
✔ dirty + --answer no → audit row, continues to Closed (95.771375ms)
✔ gate-eval failure, no --force → fail-closed exit 3 (29.819208ms)
✔ --force: gate-eval throw swallowed → cascade + close pipeline → Closed (120.084583ms)
✔ cascade: disposition failure leaves child and parent OPEN and active (1.76925ms)
✔ cascade: outcome failure leaves child in Review and parent OPEN and active (1.095292ms)
✔ cascade: queued terminal timing leaves child in Review and retains evidence for retry (0.841ms)
✔ cascade: each child outcome uses its own resolved worktree (157.865375ms)
✔ assertFieldsPersisted: aitm-fields marker missing → throws (7.196167ms)
✔ assertFieldsPersisted: engagedTime null → throws (6.909542ms)
✔ assertFieldsPersisted: body re-read fails → throws (7.38025ms)
✔ tickLifecycleOnClose: ticks story-closed + timing-flushed via mutate (0.336584ms)
⚠ lifecycle-tick best-effort failed: boom
✔ tickLifecycleOnClose: mutate throws → best-effort swallow (1502.755708ms)
ℹ tests 32
ℹ suites 0
ℹ pass 32
ℹ fail 0
ℹ cancelled 0
ℹ skipped 0
ℹ todo 0
ℹ duration_ms 2945.466708
orchestrators.test.mjs: ok
✔ move-state: agent-context call (no env, no TTY) is refused with exit 3 (91.999ms)
✔ move-state: chokepoint call (AITM_INTERNAL=1) moves and prints confirmation (96.714208ms)
✔ move-state: illegal matrix transition is refused with exit 5 (92.599708ms)
✔ move-state: valid forward transition (refine → ready-for-plan) succeeds (93.913166ms)
✔ promote: recorded=done is terminal-refused (forward-only) (1.876416ms)
✔ promote: board/recorded divergence is drift-refused with both states (0.153459ms)
✔ promote: no recorded marker and no live board item is an error (0.132584ms)
✔ promote: unknown recorded state is an error (0.100292ms)
✔ promote: delegate-timeout policy — test gets none, close gets a bounded budget (0.106625ms)
✔ close: no active task and no target prints "no active task" and does nothing (2.320583ms)
✔ close: an active review issue runs the terminal done move after the wrap rows (109.052083ms)
ℹ tests 11
ℹ suites 0
ℹ pass 11
ℹ fail 0
ℹ cancelled 0
ℹ skipped 0
ℹ todo 0
ℹ duration_ms 604.51025
close-emission-order.test.mjs: ok
Closed #999.
Closed #999.
Closed #999.
✔ buildReviewToDoneClosePair emits review:approved then issue:wrap (14.729709ms)
✔ verbClose emits review:approved + issue:wrap before the done board move (96.488625ms)
✔ combined close + done-move stream is review:approved → issue:wrap → issue:closed (0.19125ms)
✔ #692 AC2 — retried close does not re-emit an existing review:approved/issue:wrap pair (88.420583ms)
✔ #692 AC3 — review:approved active duration derives from the timing comment (83.913166ms)
ℹ tests 5
ℹ suites 0
ℹ pass 5
ℹ fail 0
ℹ cancelled 0
ℹ skipped 0
ℹ todo 0
ℹ duration_ms 393.317875
✔ proof-gated scanner waives suite, tests DoD, and derived aggregate boxes (1.069125ms)
✔ scanner preserves byte-identical default-deny behavior without proof (0.104ms)
✔ Test exit guard uses proof resolution and keeps unrelated blockers (0.261333ms)
✔ close verb passes validated docs-only proof to the shared scanner (0.123166ms)
✔ earned lane-skip predicate requires docs-only proof and every dropped lane (0.365708ms)
✔ proof resolver accepts only a validated current receipt for a live docs-only body (0.894042ms)
ℹ tests 6
ℹ suites 0
ℹ pass 6
ℹ fail 0
ℹ cancelled 0
ℹ skipped 0
ℹ todo 0
ℹ duration_ms 109.342625
close-cross-close.test.mjs: all passed
✔ source: no `closingDifferentIssue` references remain (dead-code check) (0.448542ms)
✔ source: bind-mismatch refusal now lives in the shared preflight helper (0.096084ms)
✔ source: preflight bind-mismatch uses exit(7) (0.100291ms)
✔ refuses cross-close: exit 7, PROMPT_REQUIRED on stdout (via dispatcher preflight) (108.777208ms)
✔ allows close when target equals s.active (no refusal) (7.302833ms)
✔ allows close when s.active is null and target is given (4.00075ms)
ℹ tests 6
ℹ suites 0
ℹ pass 6
ℹ fail 0
ℹ cancelled 0
ℹ skipped 0
ℹ todo 0
ℹ duration_ms 221.374667
close-repair.test.mjs: all passed
✔ #708 AC2 (baseline): board=Done + issue=CLOSED without --repair → noop short-circuit (no timing flush) (19.477958ms)
✔ #708 AC2: same state WITH --repair → bypasses noop and replays the full atomic close (8.106042ms)
✔ #708 AC4: `--repair` is documented in the close verb help output (0.189875ms)
ℹ tests 3
ℹ suites 0
ℹ pass 3
ℹ fail 0
ℹ cancelled 0
ℹ skipped 0
ℹ todo 0
ℹ duration_ms 142.407083
✔ blocked R4P child stays current for epic admission but waits for its predecessor (3.158541ms)
✔ configured-project mapping rejects ambiguous blocker markers (0.240709ms)
✔ configured-project child mapping carries current refinement and terminal evidence (0.312209ms)
✔ configured-project mapping rejects stale refinement evidence and board-rank drift (0.201959ms)
✔ epic admission and terminal delivery fail closed on incomplete descriptors and board drift (0.230833ms)
✔ strict local WIP cannot be disabled by project configuration (0.284375ms)
✔ epic Plan admission requires every executable child at R4P or later with refinement evidence (0.160709ms)
✔ R4P state enforces epic child admission before entering Plan (0.096ms)
✔ next-child selection uses only dependency-ready R4P children and rank (0.102917ms)
✔ next-child selection fails closed while any sibling is locally active (0.106166ms)
✔ local WIP policy has no blocker exception while another child is active (0.070209ms)
✔ epic Test admission requires Done or an accepted closed disposition (0.165042ms)
✔ pull-next advances one dependency-ready R4P child exactly one edge and then stops (9.842ms)
✔ pull-next refuses to start another local child while a sibling is active (0.236459ms)
✔ operator help, architecture, and pickup guidance describe R4P child staging (1.21125ms)
✔ epic child enumeration exhausts every GraphQL page and refuses cursor ambiguity (0.838584ms)
✔ configured child project membership and fields paginate exhaustively (0.229625ms)
ℹ tests 17
ℹ suites 0
ℹ pass 17
ℹ fail 0
ℹ cancelled 0
ℹ skipped 0
ℹ todo 0
ℹ duration_ms 130.405
✔ #1490: the production inspector reports conflict for a same-session post-close rebind (48.217042ms)
✔ #1490: `pending` is unreachable once a reopened issue carries a ledger closedAt (11.185959ms)
✔ #1490: ownership resolves a same-session post-close rebind as the recovery own claim (4.551209ms)
✔ #1490: a foreign occupancy claim is refused, not adopted (7.662958ms)
✔ #1490: an own claim on a different worktree is refused (6.243791ms)
✔ #1490: a claim predating the old close is not a post-close rebind (5.49825ms)
✔ #1490: no ledger closedAt means this session never closed the issue (4.913333ms)
✔ #1490: a live active-task record not marked closed refuses (6.388125ms)
✔ #1490: a paused session is authorized — an active-task file is not required (5.903917ms)
ℹ tests 9
ℹ suites 0
ℹ pass 9
ℹ fail 0
ℹ cancelled 0
ℹ skipped 0
ℹ todo 0
ℹ duration_ms 168.450792
✔ #1490: the exact completed-and-reopened shape authorizes (3.356709ms)
✔ #1490: a partial or reordered terminal sequence refuses (1.513916ms)
✔ #1490: a malformed transaction refuses (0.304667ms)
✔ #1490: an identical old and new accepted SHA refuses (0.186667ms)
✔ #1490: every contradictory live state refuses (1.074084ms)
✔ #1490: the historical bundle must correlate PR, intent, and receipt (1.980666ms)
✔ #1490: current delivery evidence must be gate-resolved, not asserted (1.375833ms)
✔ #1490: the recovery record captures both transactions, SHAs, and authorities (0.827166ms)
✔ #1490: the recovery identity is deterministic, so a retry reuses it (0.407417ms)
✔ #1490: the replacement transaction begins with zero completed steps (1.050917ms)
✔ #1490: replacing an already-replaced marker is an idempotent no-op (0.499625ms)
✔ #1490: a body whose transaction is not the authorized one refuses (0.324166ms)
✔ #1490: zero or multiple delivered-close transactions refuse (0.349209ms)
✔ #1490: durable evidence is resolved by codec, never by substring (1.127875ms)
✔ #1490: a retry reuses the durable replacement id rather than minting another (0.555ms)
✔ #1490: progress classification distinguishes both interruption points (0.7145ms)
✔ #1490: the old transaction is rebuilt from durable evidence (0.405875ms)
✔ #1490: a record whose intent disagrees with the authorization refuses (0.30475ms)
ℹ tests 18
ℹ suites 0
ℹ pass 18
ℹ fail 0
ℹ cancelled 0
ℹ skipped 0
ℹ todo 0
ℹ duration_ms 90.299167
✔ #1490: durable evidence identifies the replacement at its seven-step prefix (1.602542ms)
✔ #1490: an ordinary close has no recovery evidence and is reported as absence (0.266458ms)
✔ #1490: two records naming one replacement are ambiguous, never picked between (0.23875ms)
✔ #1490: a record whose accepted SHA disagrees with the body is not a match (0.171042ms)
✔ #1490: a record rendered for a DIFFERENT issue REFUSES rather than being ignored (0.324875ms)
✔ #1490: the verb treats that refusal as "unproven", so the binding step still refuses (0.0795ms)
✔ #1490: every non-conflict status stays exactly as the inspector permitted it (0.0695ms)
✔ #1490: conflict on an ORDINARY close still refuses — the default is unchanged (0.053208ms)
✔ #1490: conflict on a recovery-backed replacement with its OWN claim proceeds (0.083125ms)
✔ #1490: a recovery-backed replacement does NOT forgive a foreign or stale claim (0.194208ms)
ℹ tests 10
ℹ suites 0
ℹ pass 10
ℹ fail 0
ℹ cancelled 0
ℹ skipped 0
ℹ todo 0
ℹ duration_ms 72.864041
✔ ac-stamp seam: a cited AC resolves to its literal verifier command (AC3) (1.995ms)
✔ ac-stamp seam: stamping a cited AC writes a readable evidence proof (AC3) (0.882667ms)
✔ ac-stamp seam: cited stamp reconciliation is idempotent for an already-listed command (AC3) (0.7205ms)
✔ ac-stamp seam: cited and legacy ACs share one key and both stamp readable proofs (AC3/AC5) (0.629292ms)
✔ verbAcStamp is exported as an async function (0.09525ms)
ℹ tests 5
ℹ suites 0
ℹ pass 5
ℹ fail 0
ℹ cancelled 0
ℹ skipped 0
ℹ todo 0
ℹ duration_ms 74.224792
{
  "status": "clean"
}
✔ action-ledger parses audit, gc, and approved reconcile modes (0.740541ms)
✔ verb routes one selected mode through its runtime (0.406709ms)
ℹ tests 2
ℹ suites 0
ℹ pass 2
ℹ fail 0
ℹ cancelled 0
ℹ skipped 0
ℹ todo 0
ℹ duration_ms 65.635875
approve: lifecycle-tick-noop: 'passed-final-review' label not matched — body may use legacy heading or customized DoD
approve: lifecycle-tick-noop: 'passed-final-review' label not matched — body may use legacy heading or customized DoD
approve: lifecycle-tick-noop: 'passed-final-review' label not matched — body may use legacy heading or customized DoD
approve: lifecycle-tick-noop: 'passed-final-review' label not matched — body may use legacy heading or customized DoD
approve: lifecycle-tick-noop: 'passed-final-review' label not matched — body may use legacy heading or customized DoD
✔ scripts/tests/unit/task-tracker/verbs/approve-core.test.mjs (435.198542ms)
ℹ tests 1
ℹ suites 0
ℹ pass 1
ℹ fail 0
ℹ cancelled 0
ℹ skipped 0
ℹ todo 0
ℹ duration_ms 439.770541
approve: lifecycle-tick-noop: 'passed-final-review' label not matched — body may use legacy heading or customized DoD
approve: lifecycle-tick-noop: 'passed-final-review' label not matched — body may use legacy heading or customized DoD
approve: lifecycle-tick-noop: 'passed-final-review' label not matched — body may use legacy heading or customized DoD
approve: lifecycle-tick-noop: 'passed-final-review' label not matched — body may use legacy heading or customized DoD
✔ scripts/tests/unit/task-tracker/verbs/approve-full-auto-detect.test.mjs (442.36675ms)
ℹ tests 1
ℹ suites 0
ℹ pass 1
ℹ fail 0
ℹ cancelled 0
ℹ skipped 0
ℹ todo 0
ℹ duration_ms 447.679834
⚠ approve: review-notes post failed: network down
✔ runApprove in human mode posts notes with human source from stdin drivers (5.3545ms)
✔ runApprove in full-auto mode posts notes with auto source and derived drivers (1.6565ms)
✔ runApprove in human mode skips notes comment when no drivers entered (0.820834ms)
✔ runApprove still ticks lifecycle even if notes-post fails (1.1405ms)
ℹ tests 4
ℹ suites 0
ℹ pass 4
ℹ fail 0
ℹ cancelled 0
ℹ skipped 0
ℹ todo 0
ℹ duration_ms 93.040667
✔ exports the marker-authorized approval timing capabilities (0.48325ms)
✔ #1127 marker-authorized boundary is inserted at approval and deduplicated (16.386834ms)
✔ marker-authorized boundary ignores fenced approval lookalikes (0.320458ms)
✔ legacy colon approval marker remains valid reconciliation authority (0.115458ms)
✔ #1127 delayed close cannot inflate Review or published active totals (1.369459ms)
✔ legacy repair uses the last marker at approval, not a later close marker (0.537334ms)
✔ legacy repair preserves an explicit unavailable full marker at approval (0.369ms)
✔ legacy repair treats an empty historical full-marker cell as unavailable (0.32675ms)
✔ post-close retry cannot duplicate the same authoritative approval event (0.561833ms)
✔ runApprove reconciles timing after first approval and on an already-approved retry (5.930458ms)
✔ runApprove refreshes stale Full-Auto approval carriers after lifecycle invalidation (2.190208ms)
✔ runApprove removes a legacy unbounded Full-Auto footnote during stale re-approval (2.135166ms)
ℹ tests 12
ℹ suites 0
ℹ pass 12
ℹ fail 0
ℹ cancelled 0
ℹ skipped 0
ℹ todo 0
ℹ duration_ms 114.063916
✔ assign claims an unassigned pre-Develop story without changing Status (1.438917ms)
✔ assign transfers a locally-owned story to one different owner while preserving Status (0.190459ms)
✔ assign refuses foreign and multiple ownership before mutation (0.249083ms)
✔ assign treats a thrown add with a matching read-back as ambiguous and never compensates (0.171375ms)
✔ assign never destructively compensates a successful but provenance-ambiguous add (0.134333ms)
✔ transfer does not destructively compensate after the prior owner was removed (0.261541ms)
✔ assign never mutates when the durable audit reservation fails (0.336375ms)
✔ assign is idempotent for the requested singleton owner (0.127084ms)
✔ assign retries a pending completion audit without repeating ownership mutation (0.369459ms)
✔ assign reports audit-pending after verified mutation when completion write fails (0.207125ms)
✔ transfer retry repairs completion audit from the original owner workstation (0.228584ms)
✔ audit retry correlates by transaction id instead of suppressing a newer identical intent (0.13875ms)
✔ transfer retry never completes a pending transaction for a different requested target (0.082334ms)
✔ ownership verb refusals give the operator a concrete recovery action (0.308291ms)
✔ Done preserves final ownership and refuses transfer (0.06175ms)
ℹ tests 15
ℹ suites 0
ℹ pass 15
ℹ fail 0
ℹ cancelled 0
ℹ skipped 0
ℹ todo 0
ℹ duration_ms 68.79375
[task-tracker] WARN: required project field "Blocked By" (cfg.fieldBlockedBy) is not configured — board mirror skipped. Re-run `scripts/gh/init-project-config.sh` to discover and persist field ids.
[task-tracker] ✓ #100 blocked by #5
[task-tracker] ✓ #100 blocked by #5, #7
[task-tracker] ✓ #100 already blocked by #5
[task-tracker] ✓ #100 already blocked by #5
[task-tracker] ✓ #100 unblocked (cleared #5)
[task-tracker] ✓ #100 unblocked (cleared #5, #7; BLOCKED label dropped)
[task-tracker] ✓ #100 has no matching blockers to clear
[task-tracker] ✓ #100 has no matching blockers to clear
[task-tracker] ✓ #100 unblocked (cleared #5; BLOCKED label dropped)
✔ parseByList: parses single int (0.860416ms)
✔ parseByList: parses comma-list, dedupes, sorts (0.076916ms)
✔ parseByList: drops non-positive / non-int / empty (0.092ms)
✔ block parseArgs: --by flag with positional target (0.138667ms)
✔ block parseArgs: falls back to active issue when no positional (0.107292ms)
✔ block parseArgs: missing --by → empty refs (0.070917ms)
✔ runBlock: adds single ref to issue with no marker (0.91975ms)
✔ runBlock: multi-ref add → sorted+deduped marker, one comment per ref (0.17525ms)
✔ runBlock: idempotent when refs already present (0.136417ms)
✔ runBlock: partial-failure lane — marker/label write succeeds, field mirror throws → no ✓ line, status marks field unwritten (0.288208ms)
✔ runBlock: repair lane — marker already correct (idempotent), field write is invoked and repairs the field (0.194042ms)
✔ runBlock: refuses non-existent blocker; no body write (0.23ms)
✔ runBlock: refuses closed blocker; no body write (0.071458ms)
✔ runBlock: refuses self-block (0.099041ms)
✔ runBlock: requires target (0.067542ms)
✔ runBlock: requires refs (0.052292ms)
✔ unblock parseArgs: --by drops one ref (0.056875ms)
✔ unblock parseArgs: no --by → refs is null (drop all) (0.032ms)
✔ runUnblock --by: removes single ref, label stays when others remain (0.2165ms)
✔ runUnblock all-refs: drops everything, removes label (0.482625ms)
✔ runUnblock: idempotent when no marker present (0.0815ms)
✔ runUnblock --by: idempotent when requested ref absent (0.069542ms)
✔ runUnblock --by: clears last ref → drops label (0.085167ms)
ℹ tests 23
ℹ suites 0
ℹ pass 23
ℹ fail 0
ℹ cancelled 0
ℹ skipped 0
ℹ todo 0
ℹ duration_ms 76.209083
✔ resolveBoardTarget: explicit #N wins over active issue (0.673166ms)
✔ resolveBoardTarget: falls back to the active issue (0.077708ms)
✔ resolveBoardTarget: null when neither is present (0.058125ms)
✔ verbBoard: prints "#N board Status: <state>" from the pinned reader (0.674917ms)
✔ verbBoard: reports not-on-board when the pinned reader returns null (0.194833ms)
✔ verbBoard: usage error and non-zero exit when no target resolvable (0.174791ms)
✔ evaluateGhProject: blocks `gh project item-list <n> --owner` (0.181458ms)
✔ evaluateGhProject: blocks other gh project forms (view, item-add) (0.104667ms)
✔ evaluateGhProject: a bare mention of "gh project" in prose does not trip (0.084916ms)
✔ evaluateGhProject: blocks a ProjectV2 query pinning a non-bound id (0.1825ms)
✔ evaluateGhProject: allows a ProjectV2 query pinning only the bound id (0.095042ms)
✔ evaluateGhProject: blocks a ProjectV2 query with no pinned id (client filter) (0.070667ms)
✔ evaluateGhProject: fails closed when boundProjectId is unreadable (null) (0.047917ms)
✔ evaluateGhProject: ignores non-project gh api graphql (issues, sub-issues) (0.058833ms)
✔ evaluateGhProject: ignores unrelated commands (0.053125ms)
ℹ tests 15
ℹ suites 0
ℹ pass 15
ℹ fail 0
ℹ cancelled 0
ℹ skipped 0
ℹ todo 0
ℹ duration_ms 63.853291
check-verb-migration.test.mjs: defined
[task-tracker] ✓ "already checked criterion" already checked on #777 (no-op)
[task-tracker] ✓ "already checked criterion" already checked on #777 (no-op)
✔ legacy `check` on an already-checked box does NOT uncheck (no toggle) (1.983375ms)
✔ legacy `check` emits a deprecation notice on stderr (0.546084ms)
✔ no instructional `task check "<label>"` toggle call site survives (585.208166ms)
✔ no "Toggle a checkbox" description survives (481.14175ms)
ℹ tests 4
ℹ suites 0
ℹ pass 4
ℹ fail 0
ℹ cancelled 0
ℹ skipped 0
ℹ todo 0
ℹ duration_ms 1147.523417
✔ prefix-collision: toggling the shorter label does not touch the longer line (0.970125ms)
✔ round-trip: toggling an exact-match unchecked line flips to [x] then back to [ ] (0.117875ms)
✔ regex metacharacters in the label are matched literally (0.097625ms)
✔ missing label returns not-found and does not throw (0.061333ms)
✔ batch: multi-label toggle accumulates in one body (0.429333ms)
✔ batch: mixed found / already-checked / not-found reported independently; not-found does not drop the batch (0.113459ms)
✔ batch: single label behaves like the legacy single-label toggle (0.084375ms)
✔ batch: empty label list is a no-op returning the body unchanged (0.064208ms)
✔ #411 bare visible label ticks a marker-bearing line (0.12175ms)
✔ #411 full-line argument (label + markers) still ticks the line (backward compat) (0.292625ms)
✔ #411 marker-bearing line retains its trailing markers after toggle (0.210417ms)
✔ #411 ambiguous: two lines sharing a stripped label yield ambiguous and tick neither (0.070708ms)
✔ #411 batch reports ambiguous independently without dropping other labels (0.139667ms)
ℹ tests 13
ℹ suites 0
ℹ pass 13
ℹ fail 0
ℹ cancelled 0
ℹ skipped 0
ℹ todo 0
ℹ duration_ms 73.708458
✔ shared close cleanup sweeps bindings before fleet deregistration and occupancy release (0.762708ms)
✔ binding cleanup is mandatory and prevents false close success (0.206ms)
✔ Done, disposition, and convergence close lanes retain the shared cleanup boundary (0.769333ms)
ℹ tests 3
ℹ suites 0
ℹ pass 3
ℹ fail 0
ℹ cancelled 0
ℹ skipped 0
ℹ todo 0
ℹ duration_ms 105.483209
close-converge-audit-emission.test.mjs: defined
✔ Case A — converge with approved body emits BOTH review:approved and issue:wrap (#801 AC1) (78.589ms)
✔ Case B — converge with no approval marker WITHHOLDS review:approved, still emits issue:wrap (#801 AC2) (60.07125ms)
✔ Case C — converge is idempotent when the pair already exists (#801 AC3) (59.365083ms)
ℹ tests 3
ℹ suites 0
ℹ pass 3
ℹ fail 0
ℹ cancelled 0
ℹ skipped 0
ℹ todo 0
ℹ duration_ms 302.61775
#925 was already closed on GitHub — finalized housekeeping and converged the board to Done.
#925 was already closed on GitHub — finalized housekeeping and converged the board to Done.
#925 was already closed on GitHub — finalized housekeeping and converged the board to Done.
#925 was already closed on GitHub — finalized housekeeping and converged the board to Done.
[task-tracker] ⛔ Refusing to close #925: review-authorization-missing. Run `/task deliver` until a verified exact-head receipt exists, then retry.
#925 was already closed on GitHub — finalized housekeeping and converged the board to Done.
#925 was already closed on GitHub — finalized housekeeping and converged the board to Done.
#925 was already closed on GitHub — finalized housekeeping and converged the board to Done.
#925 was already closed on GitHub — finalized housekeeping and converged the board to Done.
#925 was already closed on GitHub — finalized housekeeping and converged the board to Done.
[task-tracker] ⛔ Refusing to close #925: directory-approval-evidence-missing. Run `/task deliver` until a verified exact-head receipt exists, then retry.
[task-tracker] ⛔ Refusing to close #925: directory-review-evidence-missing. Run `/task deliver` until a verified exact-head receipt exists, then retry.
[task-tracker] ⛔ Refusing to close #925: directory-review-evidence-missing. Run `/task deliver` until a verified exact-head receipt exists, then retry.
[task-tracker] ⛔ Refusing to close #925: directory-review-evidence-missing. Run `/task deliver` until a verified exact-head receipt exists, then retry.
#925 was already closed on GitHub — finalized housekeeping and converged the board to Done.
#925 recovery completed after posting the timing audit.
#925 recovery completed after posting the timing audit.
#925 closed-issue aberration failed at postTimingAudit: postTimingAudit returned a failed result. Local task state was retained for retry.
#925 closed-issue aberration failed at postTimingAudit: postTimingAudit returned a failed result. Local task state was retained for retry.
#925 closed-issue aberration failed at postTimingAudit: postTimingAudit returned a failed result. Local task state was retained for retry.
✔ finalize passes the configured tail profile and explicit review authority (26.793208ms)
✔ stale close approval refuses after fresh Test and Agent Review evidence (3.401083ms)
✔ #1403 close authorizes review against accepted delivery SHA after local HEAD advances (0.877334ms)
✔ close consumes marker-free exact-head directory human authority (1.158042ms)
✔ production close derives accepted head from marker-free directory Review evidence (1.8445ms)
✔ production close resolves directory authority from immutable Test SHA after local HEAD advances (3.08675ms)
✔ production close refuses directory Review without directory Approval despite body approval (1.154458ms)
✔ close fails closed for stale or malformed marker-free directory authority (2.532041ms)
✔ verb entry rejects a empty string tail profile before every observable effect (0.816667ms)
✔ verb entry rejects a null tail profile before every observable effect (0.516542ms)
✔ verb entry rejects a false tail profile before every observable effect (0.415667ms)
✔ verb entry rejects a zero tail profile before every observable effect (0.383167ms)
✔ verb entry rejects a negative zero tail profile before every observable effect (0.341ms)
✔ verb entry rejects a zero bigint tail profile before every observable effect (0.337334ms)
✔ verb entry rejects a NaN tail profile before every observable effect (0.323875ms)
✔ verb entry rejects a object tail profile before every observable effect (0.37125ms)
✔ verb entry rejects a unknown string tail profile before every observable effect (0.364958ms)
✔ lifecycle reconcile delegates through the grouped issue-body mutator (1.540958ms)
✔ transaction prefix does not satisfy exact timing transaction lookup (1.99225ms)
✔ incidental prose does not satisfy exact timing transaction lookup (0.730959ms)
✔ false timing audit fails and leaves durable recovery pending at Review (0.956083ms)
✔ failed timing audit fails and leaves durable recovery pending at Review (0.760917ms)
✔ queued timing audit fails and leaves durable recovery pending at Review (0.704208ms)
ℹ tests 23
ℹ suites 0
ℹ pass 23
ℹ fail 0
ℹ cancelled 0
ℹ skipped 0
ℹ todo 0
ℹ duration_ms 164.779375
#925 is closed for not_planned — left issue and board untouched.
#925 is closed and Done but its body could not be read for transaction inspection: transient body outage
No convergence mutation was attempted; retry later.
#925 recovery completed after reopening the issue, restoring the board to Review, and posting the timing audit.
#925 child inventory is unknown: GraphQL unavailable
No convergence mutation was attempted; retry later.
#925 recovery completed after posting the timing audit.
#925 recovery completed after restoring the board to Review and posting the timing audit.
#925 recovery completed without repeating live-state repair or timing effects.
#925 recovery completed after reopening the issue and posting the timing audit.
#925 recovery completed after reopening the issue and posting the timing audit.
#925 does not have a restartable Delivered close transaction: delivered-close-supersession:no-stale-transaction
No convergence mutation was attempted; retry later.
#925 stale Delivered close transaction could not be restarted: delivered-close-supersession:fresh-authority
No convergence mutation was attempted; retry later.
#925 stale Delivered close transaction could not be restarted: delivered-close-supersession:live-terminal-state
No convergence mutation was attempted; retry later.
#925 stale Delivered close transaction could not be restarted: delivered-close-supersession:live-terminal-state
No convergence mutation was attempted; retry later.
#925 stale Delivered close transaction could not be restarted: delivered-close-supersession:live-terminal-state
No convergence mutation was attempted; retry later.
#925 stale Delivered close transaction could not be restarted: delivered-close-supersession:live-terminal-state
No convergence mutation was attempted; retry later.
#925 stale Delivered close transaction could not be restarted: delivered-close-supersession:live-terminal-state
No convergence mutation was attempted; retry later.
#925 stale Delivered close transaction could not be restarted: delivered-close-supersession:live-terminal-state
No convergence mutation was attempted; retry later.
#925 stale Delivered close transaction could not be restarted: delivered-close-supersession:dirty-worktree
No convergence mutation was attempted; retry later.
#925 stale Delivered close transaction could not be restarted: delivered-close-supersession:terminal-prefix
No convergence mutation was attempted; retry later.
#925 stale Delivered close transaction could not be restarted: close-delivery-receipt:test-sha-mismatch
No convergence mutation was attempted; retry later.
#925 stale Delivered close transaction could not be restarted: list unavailable
No convergence mutation was attempted; retry later.
#925 stale Delivered close transaction could not be restarted: create unavailable
No convergence mutation was attempted; retry later.
#925 stale Delivered close transaction could not be restarted: read unavailable
No convergence mutation was attempted; retry later.
#925 stale Delivered close transaction could not be restarted: delivered-close-supersession:comment-readback
No convergence mutation was attempted; retry later.
#925 stale Delivered close transaction could not be restarted: delivered-close-supersession:body-write
No convergence mutation was attempted; retry later.
#925 stale Delivered close transaction could not be restarted: delivered-close-supersession:body-readback
No convergence mutation was attempted; retry later.
Closed #925.
#925 stale Delivered close transaction could not be restarted: delivered-close-supersession:duplicate-evidence
No convergence mutation was attempted; retry later.
Closed #925.
[task-tracker] ⛔ Refusing to close #925: delivered-close-transaction-accepted-sha-mismatch. Run `/task deliver` until a verified exact-head receipt exists, then retry.
#925 closed-issue aberration failed at writeRecoveryPhase:intent: recovery marker readback mismatch for transaction: expected 120c455e-451e-42b8-a635-7007627e09fa, got tx-stale. Local task state was retained for retry.
#925 closed-issue aberration failed at writeRecoveryPhase:intent: recovery marker readback mismatch for phase: expected intent, got reopened. Local task state was retained for retry.
#925 closed-issue aberration failed at writeRecoveryPhase:intent: recovery marker mutation failed for phase intent: expected status ok/no-op with verified body. Local task state was retained for retry.
#925 closed-issue aberration failed at writeRecoveryPhase:intent: recovery marker mutation failed for phase intent: expected status ok/no-op with verified body. Local task state was retained for retry.
#925 closed-issue aberration failed at writeRecoveryPhase:intent: issueBodyMutator.mutate capability is required for recovery persistence. Local task state was retained for retry.
#925 closed-issue finalize failed at emitClosePair: terminal timing issue:wrap was not durably posted: network down. Local task state was retained for retry.
[task-tracker] ⛔ Refusing to close #925: terminal timing issue:wrap was not durably posted: network down. Issue left OPEN; retry after timing evidence is reachable.
[task-tracker] ⛔ Refusing to close #925: close-delivery-receipt:input. Run `/task deliver` until a verified exact-head receipt exists, then retry.
[task-tracker] ⛔ Refusing to close #925: close-delivery-receipt:lineage. Run `/task deliver` until a verified exact-head receipt exists, then retry.
[task-tracker] ⛔ Refusing to close #925: close-delivery-receipt:missing. Run `/task deliver` until a verified exact-head receipt exists, then retry.
[task-tracker] ⛔ Refusing to close #925: close-delivery-receipt:malformed. Run `/task deliver` until a verified exact-head receipt exists, then retry.
[task-tracker] ⛔ Refusing to close #925: close-delivery-receipt:duplicate. Run `/task deliver` until a verified exact-head receipt exists, then retry.
[task-tracker] ⛔ Refusing to close #925: close-delivery-receipt:conflicting. Run `/task deliver` until a verified exact-head receipt exists, then retry.
[task-tracker] ⛔ Refusing to close #925: close-delivery-receipt:ambiguous-pr. Run `/task deliver` until a verified exact-head receipt exists, then retry.
[task-tracker] ⛔ Refusing to close #925: close-delivery-receipt:not-merged. Run `/task deliver` until a verified exact-head receipt exists, then retry.
[task-tracker] ⛔ Refusing to close #925: close-delivery-receipt:branch-mismatch. Run `/task deliver` until a verified exact-head receipt exists, then retry.
[task-tracker] ⛔ Refusing to close #925: close-delivery-receipt:base-mismatch. Run `/task deliver` until a verified exact-head receipt exists, then retry.
[task-tracker] ⛔ Refusing to close #925: close-delivery-receipt:head-mismatch. Run `/task deliver` until a verified exact-head receipt exists, then retry.
[task-tracker] ⛔ Refusing to close #925: close-delivery-receipt:issue-mismatch. Run `/task deliver` until a verified exact-head receipt exists, then retry.
[task-tracker] ⛔ Refusing to close #925: close-delivery-receipt:pr-mismatch. Run `/task deliver` until a verified exact-head receipt exists, then retry.
[task-tracker] ⛔ Refusing to close #925: close-delivery-receipt:merge-commit-missing. Run `/task deliver` until a verified exact-head receipt exists, then retry.
[task-tracker] ⛔ Refusing to close #925: close-delivery-receipt:merge-commit-mismatch. Run `/task deliver` until a verified exact-head receipt exists, then retry.
✔ close asks the outcome runtime about forecast-free epics and permits a legacy skip (1.234459ms)
✔ close uses the frozen Plan forecast and refuses a drifted ready marker (0.445917ms)
✔ close refuses an adaptive ready forecast without frozen Plan lineage (0.220167ms)
✔ primary convergence resolves the issue worktree instead of inheriting the caller directory (0.091084ms)
✔ primary convergence fails closed when issue worktree registration is unavailable (0.120208ms)
✔ dead issue returns without body or child reads (5.126292ms)
✔ completed issue already at Done fails closed when transaction inspection is unavailable (0.979292ms)
✔ pending recovery on a completed issue already at Done resumes before noop (13.894709ms)
✔ completed not-Done issue refuses an unknown strict child snapshot (1.395459ms)
✔ pending recovery on an open issue resumes from its serialized phase (1.684708ms)
✔ pending recovery outranks close-issue for an open issue already at Done (1.428833ms)
✔ retry after a successful timing post does not duplicate the transaction audit (0.9265ms)
✔ pending recovery on a still-closed issue preserves its durable transaction (0.991625ms)
✔ complete recovery is not reused when a later close is a new aberration (2.396417ms)
✔ stale restart refuses unsafe live state before audit or terminal mutation (102.339167ms)
✔ stale restart refuses terminal prefixes and stale delivery authority (12.666917ms)
✔ stale restart fails closed across comment and body persistence failures (63.400917ms)
✔ stale restart reuses matching evidence and rejects duplicates before body mutation (29.826083ms)
✔ stale restart is incompatible with force, repair, answer, and disposition lanes (2.094625ms)
✔ ordinary close retains same-SHA resume and stale-SHA refusal without restart writes (3.730334ms)
✔ mismatched transaction recovery mutation refuses before later effects (0.953541ms)
✔ mismatched phase recovery mutation refuses before later effects (0.64625ms)
✔ failed status recovery mutation refuses before later effects (0.799416ms)
✔ failed result recovery mutation refuses before later effects (0.626375ms)
✔ recovery persistence requires the grouped issue-body mutator capability (0.624542ms)
✔ explicit close has no direct issue-body mutator import or fallback (0.490292ms)
✔ v1 estimation outcome is required before the terminal Done move (0.254833ms)
✔ receipt authorization precedes outcome; Done precedes Delivered disposition (0.247458ms)
✔ convergence close synchronizes terminal timing before freezing its outcome (0.294708ms)
✔ convergence refuses completion when a terminal timing row is only queued (0.8745ms)
✔ board-Done open-issue convergence refuses GitHub close when terminal timing is queued (0.883541ms)
✔ delivery receipt input refusal precedes every specified side effect (0.899208ms)
✔ delivery receipt lineage refusal precedes every specified side effect (1.818167ms)
✔ delivery receipt missing refusal precedes every specified side effect (0.829375ms)
✔ delivery receipt malformed refusal precedes every specified side effect (1.37325ms)
✔ delivery receipt duplicate refusal precedes every specified side effect (1.027542ms)
✔ delivery receipt conflicting refusal precedes every specified side effect (0.720958ms)
✔ delivery receipt ambiguous-pr refusal precedes every specified side effect (0.673417ms)
✔ delivery receipt not-merged refusal precedes every specified side effect (0.659333ms)
✔ delivery receipt branch-mismatch refusal precedes every specified side effect (0.781208ms)
✔ delivery receipt base-mismatch refusal precedes every specified side effect (1.357583ms)
✔ delivery receipt head-mismatch refusal precedes every specified side effect (1.109041ms)
✔ delivery receipt issue-mismatch refusal precedes every specified side effect (0.762833ms)
✔ delivery receipt pr-mismatch refusal precedes every specified side effect (0.673ms)
✔ delivery receipt merge-commit-missing refusal precedes every specified side effect (0.769291ms)
✔ delivery receipt merge-commit-mismatch refusal precedes every specified side effect (0.736167ms)
ℹ tests 46
ℹ suites 0
ℹ pass 46
ℹ fail 0
ℹ cancelled 0
ℹ skipped 0
ℹ todo 0
ℹ duration_ms 381.749209
#925 is already fully closed; no terminal writes were repeated.
Closed #925.
Closed #925.
Closed #925.
Closed #925.
Closed #925.
Closed #925.
Closed #925.
Closed #925.
Closed #925.
Closed #925.
Closed #925.
Closed #925.
Closed #925.
Closed #925.
Closed #925.
Closed #925.
Closed #925.
Closed #925.
Closed #925.
[task-tracker] ⛔ Refusing to finalize #925: a newer binding or occupancy claim supersedes the terminal cleanup authority (no-recovery-backed-replacement).
Closed #925.
Closed #925.
#925 terminal disposition could not be read after transaction discovery: project field unavailable
No convergence mutation was attempted; retry later.
[task-tracker] warn: failed to strip ToDo/BLOCKED labels on #925: label API unavailable
Closed #925.
[task-tracker] ⛔ Refusing to close #925: close-delivery-receipt:fresh-input. Run `/task deliver` until a verified exact-head receipt exists, then retry.
Closed #925.
Closed #925.
Closed #925.
Closed #925.
Closed #925.
Closed #925.
Closed #925.
#925 is already fully closed; no terminal writes were repeated.
✔ fully converged Delivered close retry is an exact read-only success (1.013167ms)
✔ completed disposition step refuses a conflicting live terminal disposition (0.248875ms)
✔ open Done recovery refuses a disposition that contradicts its completed step (0.090208ms)
✔ pending disposition step refuses a contradictory live terminal disposition (0.084833ms)
✔ partial Delivered close transaction exposes only its missing suffix (0.206375ms)
✔ malformed, duplicate, and contradictory Delivered close records fail closed (0.149792ms)
✔ Delivered close transaction marker round-trips exact canonical bytes (0.817625ms)
✔ duplicate or malformed Delivered close markers refuse during read (0.2665ms)
✔ completed Delivered close retry performs no terminal mutation (5.321541ms)
✔ successful Delivered close persists a complete terminal transaction (22.637917ms)
✔ explicit restart audits a stale pre-terminal transaction before replacing and replaying it (17.850709ms)
✔ restart adopts an audit-backed replacement body after the body-write response was lost (16.519333ms)
✔ partial Delivered close runs only the missing terminal suffix (19.228875ms)
✔ Done-board open-issue retry resumes at issue close without replaying earlier steps (2.118875ms)
✔ closed Done retry resumes only labels and binding from durable issue step (1.886542ms)
✔ closed not-Done issue resumes its delivered-close transaction (2.493542ms)
✔ pending Delivered disposition is adopted without overwriting it (1.934125ms)
✔ durable effects without checkpoints are observed and adopted before replay (6.104833ms)
✔ newer binding conflict survives a terminal close retry untouched (0.987292ms)
✔ stale pre-close binding residue resumes without refreshing close authority (1.374042ms)
✔ Done-state durable retry bypasses ordinary Review gates without force or renewed approval (3.039458ms)
✔ disposition read outage after transaction discovery fails closed (0.86325ms)
✔ label cleanup failure leaves labels and binding transaction steps pending (0.68025ms)
✔ markerless open Done close is adopted into a complete durable transaction (2.412291ms)
✔ receipt-gate injection does not implicitly bypass fresh verification (1.363791ms)
✔ lost transaction-checkpoint response is adopted without repeating durable effects (30.762459ms)
ℹ tests 26
ℹ suites 0
ℹ pass 26
ℹ fail 0
ℹ cancelled 0
ℹ skipped 0
ℹ todo 0
ℹ duration_ms 255.585917
✔ #1470 close loads source proof for an external recovery receipt (4.502334ms)
✔ #1470 close inspects the merge tree needed by squash proof (0.176583ms)
✔ #1381 close carries immutable accepted authority after the reused branch advances (1.182083ms)
✔ #1397 projects delivery records under the unique accepted-head PR in either order (0.785167ms)
✔ #1406 ignores valid delivery records from an earlier pull request (0.621417ms)
✔ #1399 rejects an invalid GitHub comment timestamp before record projection (0.400042ms)
✔ #1397 refuses zero or duplicate accepted-head candidates before projection (0.426583ms)
ℹ tests 7
ℹ suites 0
ℹ pass 7
ℹ fail 0
ℹ cancelled 0
ℹ skipped 0
ℹ todo 0
ℹ duration_ms 116.595333
✔ valid exact-head delivery receipt authorizes close (3.352625ms)
✔ close freshly verifies receipt reachability and authorized attribution bytes (1.251625ms)
✔ close fresh verification refuses unreachable trunk or altered attribution bytes (0.581875ms)
✔ #1395 close selects the unique accepted-head PR regardless of branch history order (0.708916ms)
✔ #1395 close refuses zero or multiple accepted-head PR matches (0.630959ms)
✔ #1401 matching Test and Review determine the accepted head after local HEAD advances (0.155958ms)
✔ missing, malformed, duplicate, conflicting, and mismatched receipt evidence fails closed (3.650125ms)
✔ child merge-back and explicit no-PR local trunk lane skip the PR receipt gate (0.34575ms)
✔ close contains no PR mutation or provider-action wait/retry path (0.939ms)
ℹ tests 9
ℹ suites 0
ℹ pass 9
ℹ fail 0
ℹ cancelled 0
ℹ skipped 0
ℹ todo 0
ℹ duration_ms 67.407125
✔ Incorporated review evidence is strict, exact-SHA, and resolved against current policy (4.663375ms)
✔ Incorporated review evidence rejects malformed claims, red commands, and ambiguous tips (1.999709ms)
✔ Incorporated review evidence refuses stale approval without current standing (0.558084ms)
✔ durable review authority permits strict retry evidence after Full-Auto standing is removed (0.405042ms)
✔ fresh Incorporated preparation uses exact human ledger approval for a carrier-only row (1.00425ms)
✔ fresh, partial, and completed preparation normalize or reuse exact review authority (1.706709ms)
✔ close Incorporated lane authorizes before invoking its dedicated mutation runner (0.167041ms)
✔ authorization refusal leaves the Incorporated mutation runner untouched (0.140917ms)
✔ ordinary close treats --of as an assertion, never as authority discovery (0.182625ms)
ℹ tests 9
ℹ suites 0
ℹ pass 9
ℹ fail 0
ℹ cancelled 0
ℹ skipped 0
ℹ todo 0
ℹ duration_ms 112.946542
close-lifecycle-tick-retry.test.mjs: all passed
✔ #672 — transient failure is retried and a later success reports ok:true (0.557625ms)
✔ #672 — named guard error is not retried (0.155375ms)
✔ #672 — exhausting all retries returns ok:false with a message (0.171417ms)
ℹ tests 3
ℹ suites 0
ℹ pass 3
ℹ fail 0
ℹ cancelled 0
ℹ skipped 0
ℹ todo 0
ℹ duration_ms 101.904
✔ exact no-commit authorization permits close without PR verification (3.061542ms)
✔ no-commit close fails closed for missing or malformed authorization (0.643375ms)
✔ no-commit comment projection rejects malformed, duplicate, and conflicting authority (0.343042ms)
✔ no-commit close rejects wrong issue, kind, deliverable URL, or accepted SHA (0.681083ms)
✔ code-kind issue still requires the pull-request receipt path (0.168417ms)
✔ close input loads no-commit authorization even when the branch has no pull request (0.767458ms)
ℹ tests 6
ℹ suites 0
ℹ pass 6
ℹ fail 0
ℹ cancelled 0
ℹ skipped 0
ℹ todo 0
ℹ duration_ms 112.716375
✔ close releases authoritative occupancy even when fleet cleanup fails (0.7625ms)
✔ close cannot report success when authoritative occupancy release fails (0.205625ms)
ℹ tests 2
ℹ suites 0
ℹ pass 2
ℹ fail 0
ℹ cancelled 0
ℹ skipped 0
ℹ todo 0
ℹ duration_ms 101.72025
✔ tickLifecycleOnClose stays offline through the injected pexec seam (3.885708ms)
ℹ tests 1
ℹ suites 0
ℹ pass 1
ℹ fail 0
ℹ cancelled 0
ℹ skipped 0
ℹ todo 0
ℹ duration_ms 105.124417
close-reconcile-lifecycle.test.mjs: defined
✔ close on already-done issue (no drift) re-ticks strayed lifecycle DoD boxes (315.858125ms)
✔ close on closed issue with lagging board (drift) reconciles after converging (61.521041ms)
✔ reconcile drives an unticked real body to ticked story-closed + timing-flushed (#753 AC4) (0.765208ms)
✔ reconcile does not fabricate an absent lifecycle box (#753 AC3) (0.166917ms)
✔ reconcile is idempotent on already-ticked boxes (#753 AC3) (0.105ms)
✔ convergence decision for the happy path is unchanged by the #753 seam (#753 AC4) (0.417167ms)
ℹ tests 6
ℹ suites 0
ℹ pass 6
ℹ fail 0
ℹ cancelled 0
ℹ skipped 0
ℹ todo 0
ℹ duration_ms 485.755083
✔ #1490: OPEN/REOPENED normalizes to `reopened` and reaches authorization (4.845167ms)
✔ #1490: a plain OPEN issue is not recoverable (1.349583ms)
✔ #1490: durable evidence is written BEFORE the body is mutated (1.680959ms)
✔ #1490: gate-resolved Test and Review SHAs are the exact values used (2.004042ms)
✔ #1490: historical evidence is genuinely resolved, not asserted (0.758208ms)
✔ #1490: a fabricated or copied verifier result refuses (1.530167ms)
✔ #1490: absent Review authority refuses without an accepted-SHA substitution (0.598834ms)
✔ #1490: contradictory live state writes nothing (3.507583ms)
✔ #1490: interruption after the comment reuses its replacement UUID (1.830917ms)
✔ #1490: interruption after the body replacement resumes without rewriting (2.004ms)
✔ #1490: an unchanged mutation read-back refuses (0.875625ms)
✔ #1490: malformed durable evidence refuses rather than being skipped (0.154333ms)
✔ #1490: a recovery comment rendered for a different issue refuses (0.789375ms)
✔ #1490: the rendered comment round-trips through the strict codec (0.119959ms)
✔ #1490: a resume at a NONZERO prefix reuses the durable recovery, not a new mint (1.31025ms)
✔ #1490: a resume after the `board` step accepts board `done` (1.461167ms)
✔ #1490: a resume after the `issue` step accepts a CLOSED issue (1.458125ms)
✔ #1490: prefix-awareness is a predicate, not a bypass (7.238583ms)
✔ #1490: a retry after ALL steps completed is idempotent, not a refusal or a re-mint (0.766833ms)
✔ #1490: a FRESH mint still requires the step-zero shape (0.836916ms)
✔ #1490: two durable records naming the same replacement refuse rather than pick one (0.70675ms)
ℹ tests 21
ℹ suites 0
ℹ pass 21
ℹ fail 0
ℹ cancelled 0
ℹ skipped 0
ℹ todo 0
ℹ duration_ms 149.32475
Closed #925.
Closed #925.
✔ gate-bypassed ordinary close ignores reviewer env and passes explicit authority (108.855833ms)
✔ human-gate ordinary close without reviewer env passes explicit authority (93.8905ms)
ℹ tests 2
ℹ suites 0
ℹ pass 2
ℹ fail 0
ℹ cancelled 0
ℹ skipped 0
ℹ todo 0
ℹ duration_ms 310.290125
close-strip-labels.test.mjs: ok
✔ closeLabelRemoveArgs builds the expected gh args (0.775584ms)
✔ convergence close-issue path strips ToDo/BLOCKED labels after gh close (315.398458ms)
✔ main close path strips ToDo/BLOCKED labels after gh close (66.433459ms)
✔ label-strip failure leaves close incomplete for a truthful retry (8.255916ms)
ℹ tests 4
ℹ suites 0
ℹ pass 4
ℹ fail 0
ℹ cancelled 0
ℹ skipped 0
ℹ todo 0
ℹ duration_ms 496.533042
✔ comment parses a strict target, key, and body file (1.136625ms)
✔ owned comment creates, updates, and no-ops exactly one stable marker (0.552ms)
✔ owned comment refuses duplicate markers and marker spoofing (0.20675ms)
✔ write success is reported only after exact correlated read-back (0.120792ms)
✔ a concurrent duplicate ownership marker after create is a refusal (0.152708ms)
✔ ambiguous create transport is recovered only from one exact marker read-back (0.224834ms)
✔ comment listing is exhaustive, correlated, and cursor-safe (0.27625ms)
✔ default GraphQL adapters create, read, update, and no-op through production queries (0.390833ms)
ℹ tests 8
ℹ suites 0
ℹ pass 8
ℹ fail 0
ℹ cancelled 0
ℹ skipped 0
ℹ todo 0
ℹ duration_ms 73.036917
commit-trace-verb.test.mjs: all passed
✔ scripts/tests/unit/task-tracker/verbs/commit-trace-verb.test.mjs (49.546375ms)
ℹ tests 1
ℹ suites 0
ℹ pass 1
ℹ fail 0
ℹ cancelled 0
ℹ skipped 0
ℹ todo 0
ℹ duration_ms 54.2405
coverage-ac-stamp.test.mjs: defined
[task-tracker] ac-stamp: no active task
[task-tracker] ac-stamp: no active task
Usage: /task ac-stamp "<acceptance criterion label>"
[task-tracker] ac-stamp: no Acceptance Criteria line carrying `aitm-verified-by` matching "totally absent label" found in #777 body.
[task-tracker] ac-stamp on #777: running 1 verifier(s) for AC "cover the ac-stamp verb"…
  ✗ node scripts/task-tracker/tools/coverage-threshold.mjs scripts/task-tracker/verbs/ac-stamp.mjs scripts/tests/unit/task-tracker/verbs/coverage-ac-stamp.test.mjs 80 (exit=1)
[task-tracker] ac-stamp: verifier `node scripts/task-tracker/tools/coverage-threshold.mjs scripts/task-tracker/verbs/ac-stamp.mjs scripts/tests/unit/task-tracker/verbs/coverage-ac-stamp.test.mjs 80` failed (exit=1). No marker stamped.
[task-tracker] ac-stamp on #777: running 1 verifier(s) for AC "cover the ac-stamp verb"…
  ✓ node scripts/task-tracker/tools/coverage-threshold.mjs scripts/task-tracker/verbs/ac-stamp.mjs scripts/tests/unit/task-tracker/verbs/coverage-ac-stamp.test.mjs 80 (exit=0)
[task-tracker] ✓ ac-stamp on #777: run-props (key=e8e3ca61) upserted onto the AC line's aitm-verified marker (sha=abc1234).
✔ no active task → exit 1 (1.406583ms)
✔ discover bucket active → exit 1 (0.418791ms)
✔ empty label → exit 1 (0.27375ms)
✔ no AC line matching label → exit 1 (1.691583ms)
✔ verifier non-zero exit → refuse, exit 1 (2.232167ms)
✔ happy path: verifier passes → stamps marker, no exit (3.740917ms)
ℹ tests 6
ℹ suites 0
ℹ pass 6
ℹ fail 0
ℹ cancelled 0
ℹ skipped 0
ℹ todo 0
ℹ duration_ms 84.919667
coverage-auto.test.mjs: defined
✔ runAuto: invalid choice → status invalid (0.493041ms)
✔ runAuto: missing sessionId → status no-session (0.074375ms)
✔ runAuto: valid choice → load→apply→save, status ok (0.128167ms)
✔ cli: no choice → usage on stderr, exit 2 (0.156542ms)
✔ cli: invalid choice → error on stderr, exit 2 (0.233042ms)
ℹ tests 5
ℹ suites 0
ℹ pass 5
ℹ fail 0
ℹ cancelled 0
ℹ skipped 0
ℹ todo 0
ℹ duration_ms 55.323458
coverage-check-verb.test.mjs: defined
[task-tracker] ⚠ `check` is deprecated and now aliases `ensureChecked` (it no longer toggles). Use `/task ensureChecked "<label>"` to tick, `/task ensureUnchecked "<label>"` to untick.
no active task
[task-tracker] ⚠ `check` is deprecated and now aliases `ensureChecked` (it no longer toggles). Use `/task ensureChecked "<label>"` to tick, `/task ensureUnchecked "<label>"` to untick.
no active task
[task-tracker] ⚠ `check` is deprecated and now aliases `ensureChecked` (it no longer toggles). Use `/task ensureChecked "<label>"` to tick, `/task ensureUnchecked "<label>"` to untick.
Usage: /task ensureChecked "<label>"
[task-tracker] ⚠ `check` is deprecated and now aliases `ensureChecked` (it no longer toggles). Use `/task ensureChecked "<label>"` to tick, `/task ensureUnchecked "<label>"` to untick.
[task-tracker] checkbox "totally absent" not found in #777
Checkboxes found:
  "plain ac no verifier <!-- aitm-non-demonstrable -->"
  "verified ac unchecked <!-- aitm-verified cmd="`echo ok`" -->"
  "verified ac checked <!-- aitm-verified cmd="`echo ok`" -->"
  "dup label"
  "dup label"
  "All automated tests pass <!-- aitm-verified cmd="`npm run test:all`" --> <!-- dod:functional:tests -->"
  "Acceptance criteria met <!-- dod:functional:acs -->"
  "Lint and format checks pass <!-- aitm-verified cmd="`npm run lint`" --> <!-- dod:functional:lint -->"
[task-tracker] ⚠ `check` is deprecated and now aliases `ensureChecked` (it no longer toggles). Use `/task ensureChecked "<label>"` to tick, `/task ensureUnchecked "<label>"` to untick.
[task-tracker] checkbox "dup label" is ambiguous in #777: 2 lines share this visible label. Disambiguate with a longer label or the full line text.
[task-tracker] ⚠ `check` is deprecated and now aliases `ensureChecked` (it no longer toggles). Use `/task ensureChecked "<label>"` to tick, `/task ensureUnchecked "<label>"` to untick.
EVIDENCE_REQUIRED: [task-tracker] ✗ Refusing to tick AC "verified ac unchecked" on #777.
  This acceptance criterion declares a verifier (aitm-verified cmd="…") but carries
  no aitm-ac-evidence:abc61792 marker. Run `/task ac-stamp "verified ac unchecked"` to
  execute `echo ok` in a sandbox; the evidence marker it stamps unlocks this tick.
[task-tracker] ⚠ `check` is deprecated and now aliases `ensureChecked` (it no longer toggles). Use `/task ensureChecked "<label>"` to tick, `/task ensureUnchecked "<label>"` to untick.
[task-tracker] ✓ "verified ac checked" already checked on #777 (no-op)
[task-tracker] ⚠ `check` is deprecated and now aliases `ensureChecked` (it no longer toggles). Use `/task ensureChecked "<label>"` to tick, `/task ensureUnchecked "<label>"` to untick.
[task-tracker] ✓ Checked "plain ac no verifier" on #777 (unverified — audit marker recorded)
[task-tracker] ⚠ `check` is deprecated and now aliases `ensureChecked` (it no longer toggles). Use `/task ensureChecked "<label>"` to tick, `/task ensureUnchecked "<label>"` to untick.
[task-tracker] ✗ Refusing to tick Functional DoD "All automated tests pass" on #777.
  Key dod:functional:tests has no aitm-dod-evidence marker. Run
  `/task dod-stamp tests` to execute the verifier in a sandbox; the
  evidence marker it stamps unlocks this tick.
[task-tracker] ⚠ `check` is deprecated and now aliases `ensureChecked` (it no longer toggles). Use `/task ensureChecked "<label>"` to tick, `/task ensureUnchecked "<label>"` to untick.
UNVERIFIED_HATCH_REFUSED: [task-tracker] ✗ Refusing --allow-unverified-ticks on AC "verified ac unchecked" in #777.
  This acceptance criterion declares a verifier (aitm-verified cmd="…"), so it is
  demonstrable — the unverified hatch is only for ACs carrying the
  `<!-- aitm-non-demonstrable -->` opt-out marker or otherwise no machine verifier.
  Run `/task ac-stamp "verified ac unchecked"` to execute `echo ok` and stamp real evidence instead.
[task-tracker] ⚠ `check` is deprecated and now aliases `ensureChecked` (it no longer toggles). Use `/task ensureChecked "<label>"` to tick, `/task ensureUnchecked "<label>"` to untick.
[task-tracker] ✓ "verified ac checked" already checked on #777 (no-op)
[task-tracker] ⚠ `check` is deprecated and now aliases `ensureChecked` (it no longer toggles). Use `/task ensureChecked "<label>"` to tick, `/task ensureUnchecked "<label>"` to untick.
[task-tracker] ✓ Checked "plain ac no verifier" on #777 (unverified)
[task-tracker] ⚠ `check` is deprecated and now aliases `ensureChecked` (it no longer toggles). Use `/task ensureChecked "<label>"` to tick, `/task ensureUnchecked "<label>"` to untick.
[task-tracker] ✗ Refusing to tick Functional DoD "All automated tests pass" on #777.
  Key dod:functional:tests has no aitm-dod-evidence marker. Run
  `/task dod-stamp tests` to execute the verifier in a sandbox; the
  evidence marker it stamps unlocks this tick.
[task-tracker] batch tick on #777 refused: 1 evidence-gated label(s) lack evidence. Run `/task dod-stamp <key>` or `/task ac-stamp "<label>"` for each, then retry.
[task-tracker] ⚠ `check` is deprecated and now aliases `ensureChecked` (it no longer toggles). Use `/task ensureChecked "<label>"` to tick, `/task ensureUnchecked "<label>"` to untick.
[task-tracker] ✗ checkbox "no such label" not found in #777
[task-tracker] ⚠ `check` is deprecated and now aliases `ensureChecked` (it no longer toggles). Use `/task ensureChecked "<label>"` to tick, `/task ensureUnchecked "<label>"` to untick.
[task-tracker] ✗ checkbox "dup label" is ambiguous in #777: 2 lines share this visible label.
[task-tracker] ⚠ `check` is deprecated and now aliases `ensureChecked` (it no longer toggles). Use `/task ensureChecked "<label>"` to tick, `/task ensureUnchecked "<label>"` to untick.
✔ verbCheck: no active task → exit 1 (1.287417ms)
✔ verbCheck: discover bucket active → exit 1 (0.537834ms)
✔ verbCheck: empty label → exit 1 (0.432ms)
✔ verbCheck: not-found label → exit 1 (1.36975ms)
✔ verbCheck: ambiguous label → exit 1 (0.843042ms)
✔ verbCheck: evidence-gated AC without stamp → exit 1 (3.22825ms)
✔ verbCheck: happy path single toggle (uncheck) → no exit (0.621834ms)
✔ verbCheck: --allow-unverified-ticks happy path → no exit (2.803708ms)
✔ verbCheck: --allow-unverified-ticks on DoD item → refuse, exit 1 (0.508958ms)
✔ verbCheck: --allow-unverified-ticks on verifier AC → refuse, exit 1 (0.47475ms)
✔ verbCheck: batch happy path (uncheck) → no exit (0.612541ms)
✔ verbCheck: batch with --allow-unverified-ticks → no exit (1.066792ms)
✔ verbCheck: batch gate failure → exit 1 (0.334375ms)
✔ verbCheck: batch not-found label → exit 1 (0.341416ms)
✔ verbCheck: batch ambiguous label → exit 1 (0.313042ms)
Usage: /task ensureChecked --label "<label>" [--label ...] | --labels-file <path>
[task-tracker] ⚠ `check` is deprecated and now aliases `ensureChecked` (it no longer toggles). Use `/task ensureChecked "<label>"` to tick, `/task ensureUnchecked "<label>"` to untick.
✔ verbCheck: --labels-file empty + no --label → usage exit 1 (4.245792ms)
[task-tracker] ✓ "verified ac checked" already checked on #777 (no-op)
[task-tracker] ⚠ `check` is deprecated and now aliases `ensureChecked` (it no longer toggles). Use `/task ensureChecked "<label>"` to tick, `/task ensureUnchecked "<label>"` to untick.
✔ verbCheck: --labels-file with a label → no exit (1.096ms)
[task-tracker] ✓ Marked deep-dive-complete on #777 at 2026-09-03T12:53:26.590Z
[task-tracker] ⚠ `check` is deprecated and now aliases `ensureChecked` (it no longer toggles). Use `/task ensureChecked "<label>"` to tick, `/task ensureUnchecked "<label>"` to untick.
stage-bound refusal: marking deep-dive complete via `/task ensureChecked "Deep dive complete"` is not permitted while #777 is in state `refine`.
  To proceed: /task promote → plan, then retry.
  Bypass (legacy artifacts only): add an `<!-- aitm-stage-bound-grandfather -->` marker to the body.
[task-tracker] ⚠ `check` is deprecated and now aliases `ensureChecked` (it no longer toggles). Use `/task ensureChecked "<label>"` to tick, `/task ensureUnchecked "<label>"` to untick.
✔ verbCheck: "deep dive complete" outside Refine → ensureDeepDive, no exit (235.005709ms)
✔ verbCheck: "deep dive complete" while bound in Refine → refuse, exit 1 (1.155417ms)
[task-tracker] ✓ Marked discussion complete on #777 at 2026-09-03T12:53:26.824Z (token stripped, aitm-discussed stamped, Discuss label removed)

✅ DISCUSSION RESOLVED — #777 · implementation may commence
✔ verbCheck: "discussion complete" → marks discussed, no exit (50.854833ms)
ℹ tests 20
ℹ suites 0
ℹ pass 20
ℹ fail 0
ℹ cancelled 0
ℹ skipped 0
ℹ todo 0
ℹ duration_ms 382.109666
coverage-check.test.mjs: defined
✔ toggleChecklistLine: not-found (0.898291ms)
✔ toggleChecklistLine: ambiguous (0.095458ms)
✔ toggleChecklistLine: toggles unchecked → checked, preserving markers (0.117375ms)
✔ toggleChecklistLine: toggles checked → unchecked (full-line label arg) (0.088167ms)
✔ toggleChecklistLines: folds mixed results (0.125334ms)
✔ parseCheckArgs: labels, labels-file, positional, hatch flag (0.383041ms)
✔ parseCheckArgs: trailing --label with no value is ignored (0.054083ms)
✔ classifyUnverifiedTick: eligible for a proofless AC tagged non-demonstrable (2.303208ms)
✔ classifyUnverifiedTick: refuses an undeclared AC (no verifier, no marker) (0.241583ms)
✔ classifyUnverifiedTick: refuses a Functional DoD item (0.16825ms)
✔ classifyUnverifiedTick: refuses a verifier-bearing AC (0.153125ms)
✔ formatUnverifiedHatchRefusal: names label and verifier (0.108208ms)
✔ formatUnverifiedHatchRefusal: falls back when no commands (0.052292ms)
✔ appendUnverifiedTickAudit: appends marker then is idempotent (0.098375ms)
✔ gateFunctionalDodTick: pass when no Functional section (0.054583ms)
✔ gateFunctionalDodTick: pass when label is not a DoD key (0.057333ms)
✔ gateFunctionalDodTick: pass when DoD item already checked (0.057ms)
✔ gateFunctionalDodTick: refuse-derived for acs key (0.058417ms)
✔ gateFunctionalDodTick: refuse-missing-evidence for unstamped stampable key (0.070541ms)
✔ gateEvidenceTick: DoD non-pass propagates through (0.075458ms)
✔ gateEvidenceTick: pass for a non-verifier AC (0.066959ms)
✔ gateEvidenceTick: pass when verifier AC already checked (0.080083ms)
✔ gateEvidenceTick: refuse-ac-evidence for unstamped verifier AC (0.066792ms)
ℹ tests 23
ℹ suites 0
ℹ pass 23
ℹ fail 0
ℹ cancelled 0
ℹ skipped 0
ℹ todo 0
ℹ duration_ms 76.346375
coverage-commit-trace.test.mjs: defined
✔ runCommitTrace: happy path threads info through injected deps (12.023334ms)
✔ runCommitTrace: strips leading # from issueNumber (2.690708ms)
✔ runCommitTrace: throws without issueNumber (0.331958ms)
✔ runCommitTrace: throws without cfg.repo (0.137625ms)
Usage: /task commit-trace #N
Usage: /task commit-trace #N
commit-trace: commit-trace: cfg.repo is required
commit-trace: commit-trace: cfg.repo is required
✔ runCommitTrace: falls back to getProjectDir() when projectDir omitted (45.242542ms)
✔ verbCommitTrace: no target → usage, exit 1 (1.173083ms)
✔ verbCommitTrace: discover bucket active + no positional → usage, exit 1 (0.375667ms)
✔ verbCommitTrace: positional target but runCommitTrace throws → catch, exit 1 (0.396083ms)
✔ verbCommitTrace: target resolved from state.active, then catch → exit 1 (0.543167ms)
ℹ tests 9
ℹ suites 0
ℹ pass 9
ℹ fail 0
ℹ cancelled 0
ℹ skipped 0
ℹ todo 0
ℹ duration_ms 122.407167
coverage-config.test.mjs: defined
✔ no args → prints formatted config (0.612041ms)
✔ init → prints interview guidance (0.105834ms)
✔ get known key → prints value + source (0.0755ms)
✔ get unknown key → error, exit 1 (0.118833ms)
✔ set valid key → writes via setConfigValue, prints value (1.960709ms)
✔ set unknown key → setConfigValue throws → error, exit 1 (0.153208ms)
ℹ tests 6
ℹ suites 0
ℹ pass 6
ℹ fail 0
ℹ cancelled 0
ℹ skipped 0
ℹ todo 0
ℹ duration_ms 59.799667
coverage-dod-stamp.test.mjs: defined
[task-tracker] dod-stamp: no active task
Usage: /task dod-stamp <key>
  key ∈ { tests, lint, commits }
[task-tracker] dod-stamp: unknown key "bogus"
[task-tracker] dod-stamp: key "acs" is DERIVED — it is computed from the body at close time. Do not stamp manually; `/task close` will derive it.
[task-tracker] dod-stamp: no `dod:functional:tests` line found in #777 body.
[task-tracker] dod-stamp: `dod:functional:tests` line carries no verifier command. Add one (e.g. `<!-- aitm-verified cmd="\`npm test\`" -->`) before stamping.
[task-tracker] dod-stamp tests on #777: running 1 verifier(s)…
  ✗ node --test scripts/tests/unit/task-tracker/verbs/coverage-dod-stamp.test.mjs (exit=1)
[task-tracker] dod-stamp tests: verifier `node --test scripts/tests/unit/task-tracker/verbs/coverage-dod-stamp.test.mjs` failed (exit=1). No marker stamped.
[task-tracker] dod-stamp tests on #777: running 1 verifier(s)…
  ✓ node --test scripts/tests/unit/task-tracker/verbs/coverage-dod-stamp.test.mjs (exit=0)
[task-tracker] ✓ dod-stamp tests on #777: run-props upserted onto the dod:functional:tests line's aitm-verified marker (sha=abc1234).
✔ no active task → exit 1 (1.3425ms)
✔ empty key → exit 1 (0.377125ms)
✔ unknown key → exit 1 (0.272833ms)
✔ derived key (acs) → refuse, exit 1 (0.251459ms)
✔ keyed line absent → exit 1 (1.452542ms)
✔ keyed line has no verifier command → exit 1 (0.440792ms)
✔ verifier non-zero exit → refuse, exit 1 (2.280583ms)
✔ happy path: verifier passes → stamps marker, no exit (4.63725ms)
ℹ tests 8
ℹ suites 0
ℹ pass 8
ℹ fail 0
ℹ cancelled 0
ℹ skipped 0
ℹ todo 0
ℹ duration_ms 84.581167
coverage-evidence-markers.test.mjs: defined
Usage: /task evidence-markers <audit|backfill> #N [--map-file mappings.json] [--dry-run]
evidence-markers backfill requires --map-file <json>
✔ runEvidenceMarkers: audit clean body → status clean (1.426375ms)
✔ runEvidenceMarkers: audit issues body → status issues-found (0.401875ms)
✔ runEvidenceMarkers: defaults to audit mode when mode omitted (0.135666ms)
✔ runEvidenceMarkers: backfill changed body → writes via mutateBody (1.15375ms)
✔ runEvidenceMarkers: backfill dry-run does not write (0.139791ms)
✔ runEvidenceMarkers: backfill with unchanged body skips write (0.132083ms)
✔ runEvidenceMarkers: backfill without mapping → ambiguous (0.106458ms)
✔ runEvidenceMarkers: unknown mode throws (0.685958ms)
✔ runEvidenceMarkers: throws without issueNumber (0.114959ms)
✔ runEvidenceMarkers: throws without cfg.repo (0.119333ms)
✔ verbEvidenceMarkers: no issue number → usage, exit 1 (0.247709ms)
✔ verbEvidenceMarkers: backfill without --map-file → exit 2 (0.121958ms)
missing-evidence: bare ac
missing-verification-command: npm test
stale-verification-command: npm run lint
evidence-markers: issues-found
✔ verbEvidenceMarkers: audit issues body prints audit, status issues-found (193.258334ms)
evidence-markers: clean
✔ verbEvidenceMarkers: audit clean body → exits normally (12.678416ms)
evidence-markers: dry-run
✔ verbEvidenceMarkers: backfill dry-run with map-file (15.550333ms)
missing-evidence: needs backfill
ambiguous-evidence: needs backfill
✔ verbEvidenceMarkers: backfill ambiguous → exit 3 (13.738208ms)
ℹ tests 16
ℹ suites 0
ℹ pass 16
ℹ fail 0
ℹ cancelled 0
ℹ skipped 0
ℹ todo 0
ℹ duration_ms 307.180292
coverage-fleet.test.mjs: defined
(node:42564) [DEP0187] DeprecationWarning: Passing invalid argument types to fs.existsSync is deprecated
(Use `node --trace-deprecation ...` to show where the warning was created)
✔ list: empty registry → "No fleet tasks registered." (8.558333ms)
✔ list: renders entries, covering both age formats and effectiveKind (8.540166ms)
✔ prune: nothing stale → "nothing stale", no eviction (10.11975ms)
✔ prune: evicts a worktree entry whose directory is gone (8.718875ms)
✔ prune --dry-run: reports "Would evict" but leaves the registry intact (7.584416ms)
ℹ tests 5
ℹ suites 0
ℹ pass 5
ℹ fail 0
ℹ cancelled 0
ℹ skipped 0
ℹ todo 0
ℹ duration_ms 108.930667
coverage-kind.test.mjs: defined
[task-tracker] ✓ kind on #42: set to "audit".
[task-tracker] ✓ kind on #99: cleared (code is the default lane).
[task-tracker] ✓ kind on #42: set to "epic".
✔ no args → usage error, exit 1 (0.513833ms)
✔ one arg with no active task → exit 1 (0.437917ms)
✔ invalid kind → exit 1 (0.113083ms)
✔ invalid issue number → exit 1 (0.09875ms)
✔ happy path: explicit target + non-code kind → sets marker (3.255625ms)
✔ happy path: one-arg active-bind form + code kind → clears marker (1.136708ms)
✔ epic kind delegates all carriers to the shared metadata reconciler (0.160833ms)
✔ epic body reconciliation appends the introduced DoD verifier with the next stable id (1.535167ms)
✔ repeating epic body reconciliation is content-idempotent and Review preflight accepts it (1.442041ms)
ℹ tests 9
ℹ suites 0
ℹ pass 9
ℹ fail 0
ℹ cancelled 0
ℹ skipped 0
ℹ todo 0
ℹ duration_ms 88.545084
coverage-mirror-deep-dive.test.mjs: defined
mirror-deep-dive: --from-comment <id|url|#issuecomment-<id>> or --repair-placement is required
{
  "status": "repaired"
}
mirror-deep-dive: --repair-placement and --from-comment are mutually exclusive
mirror-deep-dive: no issue specified and no active binding — pass #N or /task start #N first
✔ missing --from-comment → exit 2 (0.825708ms)
✔ --repair-placement needs no source comment and uses the active target (0.951708ms)
✔ repair and source-comment modes are mutually exclusive (0.135667ms)
✔ no target and no active binding → exit 2 (0.301333ms)
✔ target derived from active bind; unconfigured repo throws (0.33975ms)
✔ --from-comment= form + explicit #N → unconfigured repo throws (0.11925ms)
{
  "status": "mirrored",
  "commentId": "777",
  "url": "https://example/c/777"
}
✔ happy path: mirrors comment prose into the issue body, prints result (244.392583ms)
ℹ tests 7
ℹ suites 0
ℹ pass 7
ℹ fail 0
ℹ cancelled 0
ℹ skipped 0
ℹ todo 0
ℹ duration_ms 318.800125
coverage-plan-approve.test.mjs: defined
✔ runPlanApprove: throws without issueNumber (0.831ms)
✔ runPlanApprove: throws without cfg (0.082ms)
✔ runPlanApprove: not in plan state → wrong-state (0.151958ms)
✔ runPlanApprove: forbidden compound command in AC → forbidden-command (1.273125ms)
✔ runPlanApprove: both markers present → already-approved (no write) (0.8715ms)
✔ runPlanApprove: clean body → approved, mutate stamps both markers (0.889541ms)
✔ runPlanApprove: approval present, entry missing → re-stamped-entry (0.311875ms)
✔ verbPlanApprove: no issue number → usage, exit 1 (0.280792ms)
✔ verbPlanApprove: TT_SKIP_NETWORK set → refuses, exit 1 (0.13925ms)
✔ verbPlanApprove: approved → stdout, no exit (0.522125ms)
✔ verbPlanApprove: already-approved → stdout, no exit (0.21ms)
✔ verbPlanApprove: re-stamped-entry → stdout, no exit (0.13875ms)
✔ verbPlanApprove: repaired adaptive approval → stdout, no exit (0.143541ms)
✔ verbPlanApprove: missing adaptive forecast → stderr, exit 13 (0.092916ms)
✔ verbPlanApprove: wrong-state → stderr, exit 3 (0.059417ms)
✔ verbPlanApprove: forbidden-command → stderr, exit 12 (0.146541ms)
✔ verbPlanApprove: runPlanApprove throws → stderr, exit 1 (0.117291ms)
ℹ tests 17
ℹ suites 0
ℹ pass 17
ℹ fail 0
ℹ cancelled 0
ℹ skipped 0
ℹ todo 0
ℹ duration_ms 84.920542
[task-tracker] projectDir override: AI_TASK_MANAGER_PROJECT_DIR=/Users/kpburson/projects/Vibe-Coding/ai-task-manager/.worktrees/1490-squash-delivery-proof/.scratch/test/promote-Yoa1jz for #100
✔ runPromote: throws without issueNumber or cfg (1.179458ms)
✔ runPromote: assertBound is invoked and may throw (0.173583ms)
[task-tracker] projectDir override: AI_TASK_MANAGER_PROJECT_DIR=/Users/kpburson/projects/Vibe-Coding/ai-task-manager/.worktrees/1490-squash-delivery-proof/.scratch/test/promote-Yoa1jz for #1005
✔ runPromote: refine→R4P promoted via direct move + refine-estimate hook (228.521833ms)
[task-tracker] projectDir override: AI_TASK_MANAGER_PROJECT_DIR=/Users/kpburson/projects/Vibe-Coding/ai-task-manager/.worktrees/1490-squash-delivery-proof/.scratch/test/promote-Yoa1jz for #1471
[task-tracker] projectDir override: AI_TASK_MANAGER_PROJECT_DIR=/Users/kpburson/projects/Vibe-Coding/ai-task-manager/.worktrees/1490-squash-delivery-proof/.scratch/test/promote-Yoa1jz for #1473
✔ runPromote: refine→R4P refused when refine-estimate signals missing (5.157875ms)
✔ runPromote: refine→R4P refused when refine-exit gate returns blockers (0.781458ms)
[task-tracker] WARN: required project field "Start Time" (cfg.fieldStartTime) is not configured — board stamp skipped. Re-run `scripts/gh/init-project-config.sh` to discover and persist field ids.
[task-tracker] projectDir override: AI_TASK_MANAGER_PROJECT_DIR=/Users/kpburson/projects/Vibe-Coding/ai-task-manager/.worktrees/1490-squash-delivery-proof/.scratch/test/promote-Yoa1jz for #1472
✔ runPromote: backlog→refine direct move (1.904042ms)
[task-tracker] projectDir override: AI_TASK_MANAGER_PROJECT_DIR=/Users/kpburson/projects/Vibe-Coding/ai-task-manager/.worktrees/1490-squash-delivery-proof/.scratch/test/promote-Yoa1jz for #101
✔ runPromote: backlog→refine stamps Start time on success (0.845708ms)
[task-tracker] projectDir override: AI_TASK_MANAGER_PROJECT_DIR=/Users/kpburson/projects/Vibe-Coding/ai-task-manager/.worktrees/1490-squash-delivery-proof/.scratch/test/promote-Yoa1jz for #1011
✔ runPromote: plan→develop promoted when planned-estimate appendix present (9.907ms)
[task-tracker] projectDir override: AI_TASK_MANAGER_PROJECT_DIR=/Users/kpburson/projects/Vibe-Coding/ai-task-manager/.worktrees/1490-squash-delivery-proof/.scratch/test/promote-Yoa1jz for #102
✔ runPromote: plan→develop refused when refine-estimate comment missing (2.021333ms)
[task-tracker] projectDir override: AI_TASK_MANAGER_PROJECT_DIR=/Users/kpburson/projects/Vibe-Coding/ai-task-manager/.worktrees/1490-squash-delivery-proof/.scratch/test/promote-Yoa1jz for #1361
✔ runPromote: develop→test delegates to /task test (16.13625ms)
✔ runPromote: develop→test refused when CODE_COMPLETE gate blocks (8.927875ms)
[review] derive-rescan: #315 derive pass failed (non-fatal, rescanning live body): Command failed: gh issue view 2572 -R o/r --json body -q .body
stub-gh: refused issue view 2572 -R o/r --json body -q .body

[review] derive-rescan: live-body refresh failed; scanning pre-derive body: Command failed: gh issue view 2572 -R o/r --json body --jq .body
stub-gh: refused issue view 2572 -R o/r --json body --jq .body

[task-tracker] projectDir override: AI_TASK_MANAGER_PROJECT_DIR=/Users/kpburson/projects/Vibe-Coding/ai-task-manager/.worktrees/1490-squash-delivery-proof/.scratch/test/promote-Yoa1jz for #2572
✔ runPromote: test→review delegates to /task review (22.389542ms)
[review] derive-rescan: #315 derive pass failed (non-fatal, rescanning live body): Command failed: gh issue view 1031 -R o/r --json body -q .body
stub-gh: refused issue view 1031 -R o/r --json body -q .body

[review] derive-rescan: live-body refresh failed; scanning pre-derive body: Command failed: gh issue view 1031 -R o/r --json body --jq .body
stub-gh: refused issue view 1031 -R o/r --json body --jq .body

[task-tracker] projectDir override: AI_TASK_MANAGER_PROJECT_DIR=/Users/kpburson/projects/Vibe-Coding/ai-task-manager/.worktrees/1490-squash-delivery-proof/.scratch/test/promote-Yoa1jz for #1031
[task-tracker] projectDir override: AI_TASK_MANAGER_PROJECT_DIR=/Users/kpburson/projects/Vibe-Coding/ai-task-manager/.worktrees/1490-squash-delivery-proof/.scratch/test/promote-Yoa1jz for #104
✔ runPromote: test→review refused when dod-verified marker missing (20.978959ms)
[task-tracker] projectDir override: AI_TASK_MANAGER_PROJECT_DIR=/Users/kpburson/projects/Vibe-Coding/ai-task-manager/.worktrees/1490-squash-delivery-proof/.scratch/test/promote-Yoa1jz for #108
✔ runPromote: review→done delegates to /task close (18.4915ms)
✔ runPromote: terminal refusal on done (0.16875ms)
✔ runPromote: drift refused when live ≠ recorded (0.06075ms)
[task-tracker] projectDir override: AI_TASK_MANAGER_PROJECT_DIR=/Users/kpburson/projects/Vibe-Coding/ai-task-manager/.worktrees/1490-squash-delivery-proof/.scratch/test/promote-Yoa1jz for #109
✔ runPromote: bootstrap when lastKnownState absent (2.637125ms)
✔ runPromote: error when no recorded and no live state (0.101708ms)
[task-tracker] projectDir override: AI_TASK_MANAGER_PROJECT_DIR=/Users/kpburson/projects/Vibe-Coding/ai-task-manager/.worktrees/1490-squash-delivery-proof/.scratch/test/promote-Yoa1jz for #132
✔ runPromote: transition-failed when alias verb exits non-zero (8.596292ms)
[task-tracker] projectDir override: AI_TASK_MANAGER_PROJECT_DIR=/Users/kpburson/projects/Vibe-Coding/ai-task-manager/.worktrees/1490-squash-delivery-proof/.scratch/test/promote-Yoa1jz for #1751
✔ runPromote: promoted-with-warning, markers already synced (noop repair) (8.828625ms)
[task-tracker] projectDir override: AI_TASK_MANAGER_PROJECT_DIR=/Users/kpburson/projects/Vibe-Coding/ai-task-manager/.worktrees/1490-squash-delivery-proof/.scratch/test/promote-Yoa1jz for #1753
✔ runPromote: promoted-with-warning, stale marker → repair write fires (8.908291ms)
[task-tracker] projectDir override: AI_TASK_MANAGER_PROJECT_DIR=/Users/kpburson/projects/Vibe-Coding/ai-task-manager/.worktrees/1490-squash-delivery-proof/.scratch/test/promote-Yoa1jz for #134
✔ runPromote: delegate non-zero AND board drifted to non-target → transition-failed (8.105375ms)
Usage: promote #N
[task-tracker] projectDir override: AI_TASK_MANAGER_PROJECT_DIR=/Users/kpburson/projects/Vibe-Coding/ai-task-manager/.worktrees/1490-squash-delivery-proof/.scratch/test/promote-Yoa1jz for #1473
✔ runPromote: post-failure getLiveState throw is swallowed (8.493417ms)
✔ runPromote: error when recorded state is unknown (0.140792ms)
✔ spawnVerbTimeout: test → undefined, others → finite budget (0.149958ms)
✔ verbPromote: no issue number → usage, exit 1 (0.367417ms)
✓ #1473 promoted: backlog → refine (direct)
[task-tracker] projectDir override: AI_TASK_MANAGER_PROJECT_DIR=/Users/kpburson/projects/Vibe-Coding/ai-task-manager/.worktrees/1490-squash-delivery-proof/.scratch/test/promote-Yoa1jz for #100
✔ verbPromote: promoted → stdout, no exit (1.71475ms)
✓ #100 promoted: refine → ready-for-plan (direct)
  ↳ posted "### 🛠 Refine estimate" comment
✔ verbPromote: refine→R4P promoted prints refine-estimate comment line (6.717584ms)
[review] derive-rescan: #315 derive pass failed (non-fatal, rescanning live body): Command failed: gh issue view 1031 -R o/r --json body -q .body
stub-gh: refused issue view 1031 -R o/r --json body -q .body

[review] derive-rescan: live-body refresh failed; scanning pre-derive body: Command failed: gh issue view 1031 -R o/r --json body --jq .body
stub-gh: refused issue view 1031 -R o/r --json body --jq .body

[task-tracker] projectDir override: AI_TASK_MANAGER_PROJECT_DIR=/Users/kpburson/projects/Vibe-Coding/ai-task-manager/.worktrees/1490-squash-delivery-proof/.scratch/test/promote-Yoa1jz for #1031

⛔ Refusing to promote #1031 to review: test-to-review-dod-missing: `aitm-dod-verified` marker absent — re-run `/task test #1031` to produce sandbox evidence before promoting to Review.
   BLOCKED: test-to-review-dod-missing: `aitm-dod-verified` marker absent — re-run `/task test #1031` to produce sandbox evidence before promoting to Review.

[task-tracker] projectDir override: AI_TASK_MANAGER_PROJECT_DIR=/Users/kpburson/projects/Vibe-Coding/ai-task-manager/.worktrees/1490-squash-delivery-proof/.scratch/test/promote-Yoa1jz for #1134
✔ verbPromote: refused gate → exit 4 with BLOCKED lines (22.088041ms)

⛔ Refusing to promote #1134 to develop: plan-exit-decomposition: must-split (size-xl, estimate-hours); no linked plan path; Run `npx aitm split-plan <issue> --dry-run` or add a complete visible `## Decomposition Waiver` section.
   BLOCKED: plan-exit-decomposition: must-split (size-xl, estimate-hours); no linked plan path
   BLOCKED: Run `npx aitm split-plan <issue> --dry-run` or add a complete visible `## Decomposition Waiver` section.


⛔ Refusing to promote #107:
   BLOCKED: drift detected: board says "develop", task-tracker says "plan". Run `/task reconcile <accept-live|revert-to-recorded>`.


⛔ already in done (#106); promote is forward-only.

[task-tracker] projectDir override: AI_TASK_MANAGER_PROJECT_DIR=/Users/kpburson/projects/Vibe-Coding/ai-task-manager/.worktrees/1490-squash-delivery-proof/.scratch/test/promote-Yoa1jz for #1751
✔ verbPromote: decomposition refusal renders blockers and exits 4 (2.51325ms)
✔ verbPromote: drift-refused → exit 4 (0.594541ms)
✔ verbPromote: terminal-refused → exit 4 (0.513125ms)
✓ #1751 promoted: develop → test (/task test)
  ⚠ delegate /task test exited 1 — board reached target; treating as soft warning.
  ↳ marker repaired (attempts: 1)
[task-tracker] projectDir override: AI_TASK_MANAGER_PROJECT_DIR=/Users/kpburson/projects/Vibe-Coding/ai-task-manager/.worktrees/1490-squash-delivery-proof/.scratch/test/promote-Yoa1jz for #109
✔ verbPromote: promoted-with-warning prints soft-warning (11.958084ms)
promote: promote: delegate /task test exited 4; recorded state left at "develop".
promote: promote: unknown recorded state "bogus" for #110
promote: not bound to #9
✔ verbPromote: transition-failed → exits with delegate code (11.289667ms)
✔ verbPromote: error status → exit 1 (0.663833ms)
✔ verbPromote: runPromote throw → catch → exit 1 (0.414167ms)
ℹ tests 36
ℹ suites 0
ℹ pass 36
ℹ fail 0
ℹ cancelled 0
ℹ skipped 0
ℹ todo 0
ℹ duration_ms 545.563291
coverage-update.test.mjs: defined
✔ no active task → "nothing to update", no flush (1.614709ms)
✔ active === discover → "nothing to update" (0.479542ms)
✔ happy path: default "checkpoint" description, wall == active → no wall note (14.896791ms)
✔ happy path: rest joins to description, wall != active → wall note shown (1.414959ms)
ℹ tests 4
ℹ suites 0
ℹ pass 4
ℹ fail 0
ℹ cancelled 0
ℹ skipped 0
ℹ todo 0
ℹ duration_ms 82.765208
✔ deliver source has no terminal lifecycle dependency (0.73275ms)
✔ default live PR snapshot records a server-confirmed deleted source branch (2.334042ms)
✔ default PR adapter proves a complete paginated commit inventory (0.871292ms)
✔ default PR adapter rejects initial head mismatch (0.443917ms)
✔ default PR adapter rejects head drift between pages (0.209917ms)
✔ #1390 default PR adapter canonicalizes live GitHub second-precision mergedAt (0.324208ms)
✔ #1390 default PR adapter rejects missing or malformed mergedAt (0.32375ms)
✔ default merge-history inspector returns exact parents and authorized commit bytes (0.255917ms)
✔ #1389 default comment adapter canonicalizes live GitHub second-precision timestamps (0.180084ms)
✔ #1389 default comment adapter rejects malformed GitHub timestamps (0.18275ms)
✔ #1413 default delivery adapter excludes optional and historical PR checks (0.36125ms)
✔ #1413 default delivery adapter preserves pending required checks as non-green (0.248083ms)
ℹ tests 12
ℹ suites 0
ℹ pass 12
ℹ fail 0
ℹ cancelled 0
ℹ skipped 0
ℹ todo 0
ℹ duration_ms 85.474708
✔ #1490: external default-squash recovery writes one intent and one receipt (7.177167ms)
✔ #1490: a refused external default-squash recovery writes zero records (0.626583ms)
✔ #1490: an indented canonical-looking trailer writes zero records (0.427541ms)
✔ #1490: the harness rejects an unexpected squash-parent ancestry question (0.608416ms)
✔ #1490: an unauthorized attribution token writes zero records (0.500916ms)
ℹ tests 5
ℹ suites 0
ℹ pass 5
ℹ fail 0
ℹ cancelled 0
ℹ skipped 0
ℹ todo 0
ℹ duration_ms 85.373542
✔ omits a matching unattributed source record with two repository parents (0.996625ms)
✔ accepts GitHub ellipsis truncation when immutable inspection proves the full merge title (0.121334ms)
✔ preserves strict attribution input for one parent (0.082709ms)
✔ preserves strict attribution input for mismatched title (0.060833ms)
✔ preserves strict attribution input for malformed parents (0.081417ms)
✔ preserves strict attribution input when repository inspection fails (0.126583ms)
✔ preserves strict attribution input when immutable records are malformed (0.113583ms)
✔ refuses merged attribution when the provider inventory is not proven complete (0.056458ms)
✔ does not inspect attributed source subjects (0.075084ms)
ℹ tests 9
ℹ suites 0
ℹ pass 9
ℹ fail 0
ℹ cancelled 0
ℹ skipped 0
ℹ todo 0
ℹ duration_ms 79.884209
✔ selects the current PR while retaining valid prior delivery history (3.969833ms)
ℹ tests 1
ℹ suites 0
ℹ pass 1
ℹ fail 0
ℹ cancelled 0
ℹ skipped 0
ℹ todo 0
ℹ duration_ms 79.124667
✔ reviewed no-commit issue records action-free delivery and reuses exact readback (4.281542ms)
✔ code-kind issue never enters the no-commit delivery path (0.493417ms)
✔ no-commit delivery fails closed without exact deliverable evidence (0.251959ms)
ℹ tests 3
ℹ suites 0
ℹ pass 3
ℹ fail 0
ℹ cancelled 0
ℹ skipped 0
ℹ todo 0
ℹ duration_ms 83.084208
✔ selects the sole current-head PR from historical branch PRs (5.079708ms)
✔ recovers the sole merged current-head PR from historical branch PRs (1.771458ms)
✔ preserves count refusal for zero or duplicate exact-head PRs (0.42375ms)
ℹ tests 3
ℹ suites 0
ℹ pass 3
ℹ fail 0
ℹ cancelled 0
ℹ skipped 0
ℹ todo 0
ℹ duration_ms 83.559792
✔ external recovery refuses identical source and merge messages as squash proof (4.425709ms)
✔ external recovery refuses a multi-commit inventory not terminating at the accepted head as squash proof (0.435417ms)
✔ external recovery refuses missing source evidence fields as squash proof (0.38575ms)
✔ external recovery refuses source parent mismatch as squash proof (0.286959ms)
✔ external recovery refuses source tree mismatch as squash proof (0.355083ms)
✔ external recovery refuses configured merge method as squash proof (0.263542ms)
ℹ tests 6
ℹ suites 0
ℹ pass 6
ℹ fail 0
ℹ cancelled 0
ℹ skipped 0
ℹ todo 0
ℹ duration_ms 81.353292
✔ open-PR preflight omits a locally verified two-parent ancestry merge (6.575666ms)
✔ open-PR preflight preserves an unattributed local commit omitted by provider records (0.652709ms)
✔ merged external recovery refuses an incomplete provider commit inventory (0.311ms)
✔ merged external recovery refuses source inventory not bound to the PR head (0.235792ms)
✔ merged external recovery refuses source inventory not bound to the PR head (0.240416ms)
ℹ tests 5
ℹ suites 0
ℹ pass 5
ℹ fail 0
ℹ cancelled 0
ℹ skipped 0
ℹ todo 0
ℹ duration_ms 85.454083
✔ first open-PR call posts one exact intent before emitting one action and exits 20 (7.442542ms)
✔ configured rebase refuses before durable intent or provider action output (0.413959ms)
✔ lost POST response reconciles the server-visible dedupe key without posting again (0.635792ms)
✔ same dedupe key with divergent authorized bytes fails closed (0.572666ms)
✔ same-head pending intent reruns live preflight and re-emits byte-identical JSON (1.8185ms)
✔ merged exact head is independently verified and receives one durable receipt (2.103167ms)
✔ merged verification rejects a missing merge SHA (0.9615ms)
✔ merged verification rejects the wrong recorded pre-merge head (0.572792ms)
✔ merged delivery refuses a test SHA disagreement without appending a receipt (0.579541ms)
✔ merged delivery refuses a review SHA disagreement without appending a receipt (0.610375ms)
✔ merged verification rejects an exposed merge-method mismatch (1.57275ms)
✔ merged verification rejects a live-history merge-method mismatch (0.814583ms)
✔ merged verification rejects an indistinguishable live-history merge method (0.595791ms)
✔ ordinary delivery still requires live merge bytes to equal the prior authorization (0.545875ms)
✔ configured merge verifies an exact two-parent live-history shape (0.785625ms)
✔ merged verification rejects unknown branch disposition observations (2.302292ms)
✔ merged verification fails closed when the authoritative trunk fetch fails (0.673125ms)
✔ merged verification rejects a merge result unreachable from fetched origin/trunk (0.60375ms)
✔ ordinary intent rejects a merge timestamp earlier than the server intent timestamp (0.544334ms)
✔ ambiguous provider outcome reconciles an open PR as the same action-required intent (0.491667ms)
✔ ambiguous provider outcome reconciles a merged PR from live state, not provider output (0.661583ms)
✔ repeated exact receipt re-verifies live PR and trunk without creating another comment (1.181042ms)
✔ advanced local head recovers one historical receipt from a prior durable intent (1.841542ms)
✔ advanced local head refuses historical recovery while the accepted PR is open (0.575958ms)
✔ advanced local head requires accepted Agent Review and standing approval (0.811417ms)
✔ advanced local head refuses wrong-SHA Test or Review evidence (0.693792ms)
✔ advanced local head enforces intent-time ordering and trunk reachability (1.121ms)
✔ advanced local head rejects divergent prior intent repository bytes (0.561291ms)
✔ advanced local head rejects divergent prior intent issue bytes (0.709916ms)
✔ advanced local head rejects divergent prior intent pull request bytes (0.410792ms)
✔ advanced local head rejects divergent prior intent base bytes (0.436666ms)
✔ advanced local head rejects divergent prior intent branch bytes (0.490459ms)
✔ advanced local head rejects divergent prior intent head bytes (0.421916ms)
✔ advanced local head rejects divergent prior intent method bytes (0.425166ms)
✔ advanced local head rejects divergent prior intent attribution bytes (0.427958ms)
✔ advanced local head rejects divergent prior intent title bytes (0.48075ms)
✔ advanced local head rejects divergent prior intent message bytes (0.644542ms)
✔ advanced local head refuses historical recovery when Full-Auto delivery is disabled (0.751541ms)
✔ advanced local head rejects duplicate and divergent historical receipts (1.5445ms)
✔ advanced local head refuses historical recovery without a prior intent (0.124292ms)
✔ advanced local head refuses an external recovery intent (0.231542ms)
✔ lost receipt POST response is reconciled from the single server-visible receipt (0.639625ms)
✔ conflicting receipts fail closed before any new comment is created (0.822541ms)
✔ already-merged external recovery appends an external intent and receipt without an action (0.904166ms)
✔ external recovery proves a configured squash from complete single-source history (0.494583ms)
✔ external recovery accepts exact legacy escaped attribution (0.705959ms)
▶ external recovery refuses altered legacy escaped attribution
  ✔ missing (0.291542ms)
  ✔ altered (0.172666ms)
  ✔ duplicated (0.153125ms)
  ✔ physical newlines (0.142667ms)
  ✔ altered title (0.141792ms)
  ✔ non-squash (0.163625ms)
  ✔ multiple tokens (0.156084ms)
✔ external recovery refuses altered legacy escaped attribution (1.54ms)
✔ external recovery refuses ambiguous one-parent rewritten history with missing method observation (0.153334ms)
✔ external recovery refuses ambiguous one-parent rewritten history with null method observation (0.106208ms)
✔ external recovery strictly rejects malformed provider merge-method evidence (0.13375ms)
✔ external recovery rejects a provider method observation that mismatches configuration (0.199208ms)
✔ external recovery structurally verifies a two-parent merge without provider method evidence (0.458333ms)
✔ ordinary prior-intent squash remains verifiable without provider method evidence (0.88ms)
✔ external recovery records observed merge bytes instead of synthesizing provider bytes (0.979042ms)
✔ external recovery refuses empty-title observed commit bytes before writing (0.351833ms)
✔ external recovery refuses control-character-title observed commit bytes before writing (0.195041ms)
✔ external recovery refuses control-character-message observed commit bytes before writing (0.1585ms)
✔ failed first external recovery writes nothing and a corrected retry succeeds (0.656458ms)
✔ external recovery derives required attribution from PR history when post-merge range is empty (0.545459ms)
✔ repeated external recovery re-verifies as already delivered without timestamp reclassification (0.719875ms)
✔ changed head requires fresh Test and review evidence then supersedes the prior intent (0.806167ms)
✔ child lineage returns an explicit non-provider result without provider or terminal effects (0.0855ms)
✔ unknown lineage fails closed instead of being classified as child delivery (0.071542ms)
✔ requested issue number never substitutes for a missing active binding (0.119333ms)
ℹ tests 71
ℹ suites 0
ℹ pass 71
ℹ fail 0
ℹ cancelled 0
ℹ skipped 0
ℹ todo 0
ℹ duration_ms 135.923625
✔ defaultRunMoveState (demote) delegates to host with --demote argv + demote env (0.571084ms)
✔ defaultRunMoveState (demote) returns the host exit code verbatim (0.136917ms)
ℹ tests 2
ℹ suites 0
ℹ pass 2
ℹ fail 0
ℹ cancelled 0
ℹ skipped 0
ℹ todo 0
ℹ duration_ms 103.153417
✔ demote: test→develop happy path (2.933583ms)
✔ demote: review→develop happy path (0.292459ms)
✔ demote: refused from every non-{test,review} source (0.251375ms)
✔ demote: drift refused when live ≠ recorded (0.13325ms)
✔ demote: transition-failed when move-state exits non-zero (0.116208ms)
✔ demote: bootstrap when lastKnownState absent — syncs to live, then refuses if live is not test/review (0.133958ms)
✔ demote: bootstrap then demote from test succeeds (0.18325ms)
✔ demote: test→develop landed write carries develop marker (#295 closure semantics) (0.1515ms)
ℹ tests 8
ℹ suites 0
ℹ pass 8
ℹ fail 0
ℹ cancelled 0
ℹ skipped 0
ℹ todo 0
ℹ duration_ms 106.922083
✔ runDemote hard-refuses with no --rework (from review) (0.623875ms)
✔ runDemote hard-refuses with no --rework (from test) (0.071541ms)
✔ runDemote treats a whitespace-only --rework as absent (0.060125ms)
✔ runDemote with a real --rework from a legal source demotes and threads the reason (0.450583ms)
✔ runDemote still refuses an illegal source even with --rework (0.188583ms)
✔ defaultRunMoveState appends --demote and --demote-reason when a reason is present (0.281625ms)
✔ defaultRunMoveState omits --demote-reason when the reason is blank (0.145375ms)
✔ parseArgs extracts issue number and --rework in both forms (0.407958ms)
✔ #932 demote-strips-VC-evidence: uncheck + drop run-props, keep declaration (0.901625ms)
✔ #932 demote-preserves-protected: no invariant marker is lost (1.175292ms)
✔ #932 re-promote-restamps-new-sha: stripped item re-stamps against the new HEAD, not the old (0.174375ms)
✔ #932 demote-with-nothing-to-strip: a body with only declarations is a safe no-op (0.082459ms)
✔ #932 runDemote wires invalidateEvidence into the state-recording mutate and reports it (1.481167ms)
✔ #848 AC6: demote LEGAL_FROM/DEMOTE_TARGET unchanged by the park addition (0.048ms)
ℹ tests 14
ℹ suites 0
ℹ pass 14
ℹ fail 0
ℹ cancelled 0
ℹ skipped 0
ℹ todo 0
ℹ duration_ms 107.688667
✔ Develop owns exact-head implementation verification as a resident action (0.658334ms)
✔ Develop verification runs the finalizer and persists its receipt (0.169625ms)
ℹ tests 2
ℹ suites 0
ℹ pass 2
ℹ fail 0
ℹ cancelled 0
ℹ skipped 0
ℹ todo 0
ℹ duration_ms 76.167792
dod-stamp-state-gate.test.mjs: defined
[task-tracker] dod-stamp tests: restricted verifier command(s) [npm run test:all] require the issue to be in `test` (current: `develop`). Run `/task promote` to reach `test`, where a sandboxed suite run is the sanctioned path.
[task-tracker] dod-stamp tests on #778: running 1 verifier(s)…
  ✓ npm run test:all (exit=0)
[task-tracker] ✓ dod-stamp tests on #778: run-props upserted onto the dod:functional:tests line's aitm-verified marker (sha=abc1234).
[task-tracker] ac-stamp: restricted verifier command(s) [npm run test:all] require the issue to be in `test` (current: `develop`). Run `/task promote` to reach `test`, where a sandboxed suite run is the sanctioned path.
[task-tracker] ac-stamp on #780: running 1 verifier(s) for AC "full suite must pass"…
  ✓ npm run test:all (exit=0)
[task-tracker] ✓ ac-stamp on #780: run-props (key=3bdb5b17) upserted onto the AC line's aitm-verified marker (sha=abc1234).
[task-tracker] dod-stamp tests on #781: reusing Test receipt 01KYZ7Q7803Z2FEEAB661A5Q0S; standard commands were not rerun.
[task-tracker] ✓ dod-stamp tests on #781: run-props upserted onto the dod:functional:tests line's aitm-verified marker (sha=aaaaaaaaaaaaaaaaaaaaaaaaaaaaaaaaaaaaaaaa).
[task-tracker] dod-stamp tests: verifier command(s) [npm run test:all] cannot run in `review`. Demote and run `/task test` to produce a valid exact-SHA Test receipt, then retry.
[task-tracker] dod-stamp tests on #783: reusing Test receipt 01KYZ7Q780TCT3YK0JXXPECYNZ; standard commands were not rerun.
[task-tracker] ✓ dod-stamp tests on #783: run-props upserted onto the dod:functional:tests line's aitm-verified marker (sha=aaaaaaaaaaaaaaaaaaaaaaaaaaaaaaaaaaaaaaaa).
[task-tracker] ac-stamp on #784: reusing Test receipt 01KYZ7Q780GHJVRCYGWTMN7RYE; standard commands were not rerun.
[task-tracker] ✓ ac-stamp on #784: evidence stamped from Test receipt (sha=aaaaaaaaaaaaaaaaaaaaaaaaaaaaaaaaaaaaaaaa).
[task-tracker] dod-stamp tests: verifier command(s) [npm run lint] cannot run in `review`. Demote and run `/task test` to produce a valid exact-SHA Test receipt, then retry.
[task-tracker] ac-stamp: verifier command(s) [npm run lint] cannot run in `review`. Demote and run `/task test` to produce a valid exact-SHA Test receipt, then retry.
[task-tracker] dod-stamp tests: verifier command(s) [npm run test:all] cannot run in `review`. Demote and run `/task test` to produce a valid exact-SHA Test receipt, then retry.
[task-tracker] ac-stamp: verifier command(s) [npm run test:all] cannot run in `review`. Demote and run `/task test` to produce a valid exact-SHA Test receipt, then retry.
[task-tracker] dod-stamp tests: live issue state could not be resolved; verifier execution is refused.
[task-tracker] ac-stamp: live issue state could not be resolved; verifier execution is refused.
✔ dod-stamp tests: refuses in develop, verifier never runs (3.031375ms)
✔ dod-stamp tests: proceeds normally once in test state (5.415458ms)
✔ ac-stamp: refuses a restricted verifier command in develop, verifier never runs (1.058584ms)
✔ ac-stamp: proceeds normally once in test state (1.935625ms)
✔ dod-stamp tests: Review + valid receipt reuses and does not spawn npm (2.067625ms)
✔ dod-stamp tests: Review + stale receipt refuses and does not spawn npm (0.748292ms)
✔ dod-stamp tests: Test + valid receipt reuses and does not spawn npm (1.551167ms)
✔ ac-stamp: Review + valid receipt reuses Test provenance and does not spawn npm (1.541084ms)
✔ Review + uncovered lint refuses on both stamp surfaces without spawning npm (0.934167ms)
✔ Review + issue-mismatched receipt refuses on both stamp surfaces (1.080625ms)
✔ unavailable live state refuses on both stamp surfaces (0.6165ms)
ℹ tests 11
ℹ suites 0
ℹ pass 11
ℹ fail 0
ℹ cancelled 0
ℹ skipped 0
ℹ todo 0
ℹ duration_ms 97.036416
ensure-checked.test.mjs: defined
[task-tracker] ✓ Checked "proven ac with execution proof" on #777
[task-tracker] ✓ Checked "proven ac with execution proof" on #777
[task-tracker] ✓ "proven ac with execution proof" already checked on #777 (no-op)
[task-tracker] ✓ "verified ac checked" already checked on #777 (no-op)
EVIDENCE_REQUIRED: [task-tracker] ✗ Refusing to tick AC "verified ac unchecked" on #777.
  This acceptance criterion declares a verifier (aitm-verified cmd="…") but carries
  no aitm-ac-evidence:abc61792 marker. Run `/task ac-stamp "verified ac unchecked"` to
  execute `echo ok` in a sandbox; the evidence marker it stamps unlocks this tick.
[task-tracker] ✓ Checked "plain ac no verifier" on #777 (unverified — audit marker recorded)
UNVERIFIED_HATCH_REFUSED: [task-tracker] ✗ Refusing --allow-unverified-ticks on AC "undeclared ac no verifier no marker" in #777.
  This acceptance criterion declares no verifier and carries no
  `<!-- aitm-non-demonstrable -->` opt-out marker, so it is not yet classified as
  demonstrable or honestly non-demonstrable. Either declare a verifier (aitm-verified
  cmd="…") and run `/task ac-stamp "undeclared ac no verifier no marker"`, or add the opt-out marker to the line
  if it is genuinely unverifiable.
UNVERIFIED_HATCH_REFUSED: [task-tracker] ✗ Refusing --allow-unverified-ticks on AC "verified ac unchecked" in #777.
  This acceptance criterion declares a verifier (aitm-verified cmd="…"), so it is
  demonstrable — the unverified hatch is only for ACs carrying the
  `<!-- aitm-non-demonstrable -->` opt-out marker or otherwise no machine verifier.
  Run `/task ac-stamp "verified ac unchecked"` to execute `echo ok` and stamp real evidence instead.
✔ setChecklistLine: ticks an unchecked line (changed) (0.736875ms)
✔ setChecklistLine: already-checked is a byte-identical no-op (0.091042ms)
✔ setChecklistLine: checked desired never unchecks a checked line (0.060625ms)
✔ setChecklistLine: preserves trailing evidence markers on tick (0.074584ms)
✔ setChecklistLine: not-found (0.082958ms)
✔ setChecklistLine: ambiguous reports count (0.070083ms)
✔ setChecklistLines: folds desired across labels, records per-label result (0.433541ms)
✔ verbEnsureChecked: ticks a proof-bearing unchecked AC and writes [x] (6.260125ms)
✔ verbEnsureChecked: idempotent re-run on already-checked is a no-op (1.7165ms)
✔ verbEnsureChecked: never unchecks an already-checked AC (0.459042ms)
✔ verbEnsureChecked: evidence gate fires on verifier-AC transition → exit 1 (0.50725ms)
✔ verbEnsureChecked: --allow-unverified-ticks hatch ticks a proofless AC (0.768ms)
✔ verbEnsureChecked: --allow-unverified-ticks refused on an undeclared AC (no verifier, no marker) → exit 1 (0.45875ms)
✔ verbEnsureChecked: --allow-unverified-ticks refused on verifier AC → exit 1 (0.39375ms)
[task-tracker] ✓ Marked deep-dive-complete on #777 at 2026-09-03T12:53:31.052Z
✔ verbEnsureChecked: special-label "deep dive complete" routes to ensureDeepDive (220.600709ms)
[task-tracker] ✓ Marked discussion complete on #777 at 2026-09-03T12:53:31.271Z (token stripped, aitm-discussed stamped, Discuss label removed)

✅ DISCUSSION RESOLVED — #777 · implementation may commence
✔ verbEnsureChecked: special-label "discussion complete" marks discussed (48.875416ms)
ℹ tests 16
ℹ suites 0
ℹ pass 16
ℹ fail 0
ℹ cancelled 0
ℹ skipped 0
ℹ todo 0
ℹ duration_ms 354.454042
ensure-unchecked.test.mjs: defined
[task-tracker] ✓ Unchecked "verified ac checked" on #777
[task-tracker] ✓ "plain ac no verifier" already unchecked on #777 (no-op)
[task-tracker] ✓ "plain ac no verifier" already unchecked on #777 (no-op)
[task-tracker] ✓ Unchecked "verified ac checked" on #777
[task-tracker] checkbox "deep dive complete" not found in #777
Checkboxes found:
  "plain ac no verifier"
  "verified ac checked <!-- aitm-verified cmd="`echo ok`" -->"
[task-tracker] checkbox "discussion complete" not found in #777
Checkboxes found:
  "plain ac no verifier"
  "verified ac checked <!-- aitm-verified cmd="`echo ok`" -->"
✔ setChecklistLine: unchecks a checked line (changed) (0.723208ms)
✔ setChecklistLine: already-unchecked is a byte-identical no-op (0.087292ms)
✔ setChecklistLine: unchecked desired never checks an unchecked line (0.058083ms)
✔ setChecklistLine: preserves trailing evidence markers on untick (0.077125ms)
✔ setChecklistLines: folds untick across labels with per-label results (0.405792ms)
✔ verbEnsureUnchecked: unchecks a checked AC and writes [ ] (4.906292ms)
✔ verbEnsureUnchecked: idempotent re-run on already-unchecked is a no-op (0.626583ms)
✔ verbEnsureUnchecked: never checks an unchecked AC (0.432084ms)
✔ verbEnsureUnchecked: runs NO evidence gate when un-ticking a verifier AC (1.221375ms)
✔ verbEnsureUnchecked: "deep dive complete" is ordinary text, not the marker route (1.019333ms)
✔ verbEnsureUnchecked: "discussion complete" is ordinary text, not the discuss route (0.474334ms)
ℹ tests 11
ℹ suites 0
ℹ pass 11
ℹ fail 0
ℹ cancelled 0
ℹ skipped 0
ℹ todo 0
ℹ duration_ms 83.748292
[task-tracker] ✓ #1067 AC-reconciled: epic goals re-read against delivered children.
[task-tracker] ✓ #1067 deliverable recorded: https://github.com/kburson/ai-task-manager/issues/1067#issuecomment-5227079541
AC↔child bijection — epic #1067: no `**Cn · #NNN**` mapping declared on any AC. 1 AC(s) and 0 child(ren) are related only by convention, so neither drift direction can be detected here. Declaring the mapping is optional — knowing it is absent is not.
[task-tracker] ✓ #1067 AC-reconciled: epic goals re-read against delivered children.
[task-tracker] ✓ #1067 deliverable recorded: https://github.com/kburson/ai-task-manager/issues/1067#issuecomment-5227079541
AC↔child bijection — epic #1067: no `**Cn · #NNN**` mapping declared on any AC. 1 AC(s) and 0 child(ren) are related only by convention, so neither drift direction can be detected here. Declaring the mapping is optional — knowing it is absent is not.
[task-tracker] ✓ #1067 AC-reconciled: epic goals re-read against delivered children.
AC↔child bijection — epic #1067: no `**Cn · #NNN**` mapping declared on any AC. 1 AC(s) and 0 child(ren) are related only by convention, so neither drift direction can be detected here. Declaring the mapping is optional — knowing it is absent is not.
✔ setDeliverablePosted inserts one URL-bearing marker and retries byte-identically (0.876917ms)
✔ setDeliverablePosted refuses to replace a different or provenance-free marker (1.455ms)
✔ validateEpicDeliverableComment accepts only a non-empty comment on the target issue (0.694209ms)
✔ parseEpicReconcileArgs supports explicit and active targets and rejects malformed flags (0.295042ms)
✔ verbEpicReconcile validates the comment before one combined versioned mutation (1.139834ms)
✔ foreign deliverable fails before body mutation (0.201708ms)
✔ production comment fetch reads the exact REST comment endpoint (0.449625ms)
✔ no deliverable flag preserves reconciliation-only compatibility (0.175125ms)
ℹ tests 8
ℹ suites 0
ℹ pass 8
ℹ fail 0
ℹ cancelled 0
ℹ skipped 0
ℹ todo 0
ℹ duration_ms 80.131541
✔ verified recovery releases a confirmed closed issue without an override (0.822375ms)
✔ advisory fleet cleanup cannot turn an authoritative recovery into failure (0.161083ms)
✔ recovery refuses to release a binding for an open issue (0.224375ms)
✔ recovery fails closed when GitHub issue state is unavailable (0.112167ms)
ℹ tests 4
ℹ suites 0
ℹ pass 4
ℹ fail 0
ℹ cancelled 0
ℹ skipped 0
ℹ todo 0
ℹ duration_ms 59.815875
✔ legacy body without dod:functional markers passes the gate (0.9575ms)
✔ label outside Functional section passes the gate (0.907292ms)
✔ stampable key without evidence marker refuses with missing-evidence (0.107875ms)
✔ stampable key WITH evidence marker passes (0.094666ms)
✔ derived keys refuse outright with refuse-derived (0.09975ms)
✔ already-ticked Functional key passes (unticking allowed) (0.069584ms)
ℹ tests 6
ℹ suites 0
ℹ pass 6
ℹ fail 0
ℹ cancelled 0
ℹ skipped 0
ℹ todo 0
ℹ duration_ms 74.296542
✔ deliver help and catalog describe current-head and historical recovery modes exactly (0.76225ms)
✔ close help distinguishes Incorporated owner assertion from duplicate and incident-epic use (0.205625ms)
✔ close help exposes the audited stale pre-terminal transaction restart contract (0.153583ms)
✔ #1490: close help exposes the reopened completed-transaction recovery contract (0.172334ms)
✔ incident-ledger help requires executable Incorporated carrier authority (0.222625ms)
ℹ tests 5
ℹ suites 0
ℹ pass 5
ℹ fail 0
ℹ cancelled 0
ℹ skipped 0
ℹ todo 0
ℹ duration_ms 63.547625
✔ incident-ledger keeps record and approval as mutually exclusive explicit modes (0.844125ms)
✔ incident-ledger help and provider rule publish exact verifier phase syntax (0.222875ms)
✔ production runtime fetches and pins one fresh origin/trunk snapshot (0.312625ms)
ℹ tests 3
ℹ suites 0
ℹ pass 3
ℹ fail 0
ℹ cancelled 0
ℹ skipped 0
ℹ todo 0
ℹ duration_ms 79.038833
PASS: parseArgs extracts all fields
PASS: validateArgs rejects unknown size
PASS: buildInflationSection produces three-part format
PASS: successful append — comment patched, board updated, body updated
PASS: estimate inflation converges comment, board, and body on the ceiling
PASS: missing refine-estimate comment → no-refine-comment
PASS: idempotent re-run appends second block, preserves first

All inflate-estimate tests passed.
✔ scripts/tests/unit/task-tracker/verbs/inflate-estimate.test.mjs (59.387458ms)
ℹ tests 1
ℹ suites 0
ℹ pass 1
ℹ fail 0
ℹ cancelled 0
ℹ skipped 0
ℹ todo 0
ℹ duration_ms 63.710333
✔ issue-body parses one target and one operation file strictly (0.986833ms)
✔ issue-body accepts only the versioned declarative schemas (0.142583ms)
✔ exact replacement is evaluated against the fresh body and requires one match (0.374667ms)
✔ named section replacement obeys heading boundaries and explicit preconditions (0.256541ms)
✔ expectedVersion is checked inside the fresh-base transformation (0.141375ms)
✔ declarative operations preserve every AITM marker byte-for-byte (0.0955ms)
✔ runIssueBodyOperation uses canonical mutate and verifies returned live body (0.353584ms)
✔ canonical write enforces expected version and protected-marker invariants (0.345084ms)
ℹ tests 8
ℹ suites 0
ℹ pass 8
ℹ fail 0
ℹ cancelled 0
ℹ skipped 0
ℹ todo 0
ℹ duration_ms 71.794
[task-tracker] Could not move 42 to test: move-state exited 1
[task-tracker] Run manually: node scripts/gh/move-state.mjs 42 test
[task-tracker] Could not move 42 to test: move-state exited 2
[task-tracker] Run manually: node scripts/gh/move-state.mjs 42 test
[task-tracker] Could not move 42 to test: move-state exited 3
[task-tracker] Run manually: node scripts/gh/move-state.mjs 42 test
[task-tracker] Could not move 42 to test: move-state exited 5
[task-tracker] Run manually: node scripts/gh/move-state.mjs 42 test
[task-tracker] Could not move 42 to test: move-state exited 7
[task-tracker] Run manually: node scripts/gh/move-state.mjs 42 test
✔ every lifecycle command maps to one explicit Cursor trigger and target contract (1.042208ms)
✔ command Cursor requests reject inferred or extra targets (0.250666ms)
✔ every caller seam produces the canonical argv shape + verb context (0.867958ms)
✔ every caller seam relays the host exit code verbatim (2.357458ms)
✔ runtime(→close) seam: canonical argv + runtime context + status parity (1.230333ms)
ℹ tests 5
ℹ suites 0
ℹ pass 5
ℹ fail 0
ℹ cancelled 0
ℹ skipped 0
ℹ todo 0
ℹ duration_ms 123.084333
✔ AC2: isHelpProbe is true for each help token, case-insensitive (0.469875ms)
✔ AC3: a title containing a help word is NOT a probe (0.071458ms)
✔ AC4: no-arg / empty rest is NOT a probe (0.057292ms)
✔ AC1: verbNew("help") prints help and performs no create/bind mutation (10.962625ms)
ℹ tests 4
ℹ suites 0
ℹ pass 4
ℹ fail 0
ℹ cancelled 0
ℹ skipped 0
ℹ todo 0
ℹ duration_ms 65.94775
✔ routes through create-issue.mjs --shape stub, not raw gh issue create (0.625292ms)
✔ honors TT_FAKE_NEW_ISSUE short-circuit without shelling out (0.099375ms)
✔ SKIP_NETWORK short-circuits to #0 without shelling out (0.076458ms)
ℹ tests 3
ℹ suites 0
ℹ pass 3
ℹ fail 0
ℹ cancelled 0
ℹ skipped 0
ℹ todo 0
ℹ duration_ms 56.110958
✔ extractKind pulls the --kind value and leaves title tokens intact (0.754209ms)
✔ extractKind returns null kind and unchanged rest when --kind absent (AC3) (0.060333ms)
✔ extractKind consumes only the first --kind occurrence (0.056291ms)
✔ extractKind drops a trailing --kind with no value (0.050625ms)
✔ extractKind tolerates a non-array (0.051417ms)
✔ createNewIssue appends --kind to the spawned argv when kind is set (0.192958ms)
✔ createNewIssue omits --kind from argv when kind is null (AC3) (0.100167ms)
✔ createNewIssue omits --kind from argv when kind is an empty string (0.060375ms)
✔ createNewIssue no-kind argv is byte-identical to the default-arg call (AC3) (0.089666ms)
✔ createNewIssue never forwards cfg.defaultLabels into the argv (#748 Defect A) (0.117875ms)
✔ findUnknownFlags reports every unrecognized flag token (#748 Defect B) (0.12325ms)
✔ findUnknownFlags returns [] for a plain title (#748 Defect B) (0.05075ms)
✔ findUnknownFlags returns [] for kind-stripped title tokens (#748 Defect B) (0.045375ms)
✔ findUnknownFlags flags a short -x option token (#748 Defect B) (0.047125ms)
✔ findUnknownFlags tolerates a non-array (0.0495ms)
ℹ tests 15
ℹ suites 0
ℹ pass 15
ℹ fail 0
ℹ cancelled 0
ℹ skipped 0
ℹ todo 0
ℹ duration_ms 59.237666
✔ case fall-through: promote and next share verbPromote handler (0.471667ms)
✔ ISSUE_ARG_VERBS includes next (0.096542ms)
✔ help text documents next as alias of promote (0.232167ms)
ℹ tests 3
ℹ suites 0
ℹ pass 3
ℹ fail 0
ℹ cancelled 0
ℹ skipped 0
ℹ todo 0
ℹ duration_ms 64.33025
✔ Park compatibility boundary is the canonical Shelve boundary (0.781625ms)
✔ Park strict argv accepts the Shelve owner-removal flag (0.275791ms)
✔ Park strict argv refuses the Shelve-only stale-blocker migration flag (0.251667ms)
✔ Park refuses the Shelve-only migration flag before it obtains a lock or starts a transaction (0.325792ms)
✔ Park delegates to the one Shelve transaction authority (0.15175ms)
✔ Park no longer accepts Plan and no longer has an estimate-preserving path (0.092333ms)
ℹ tests 6
ℹ suites 0
ℹ pass 6
ℹ fail 0
ℹ cancelled 0
ℹ skipped 0
ℹ todo 0
ℹ duration_ms 107.402334
plan-approve-collapse: ok
✔ scripts/tests/unit/task-tracker/verbs/plan-approve-collapse.test.mjs (69.066ms)
ℹ tests 1
ℹ suites 0
ℹ pass 1
ℹ fail 0
ℹ cancelled 0
ℹ skipped 0
ℹ todo 0
ℹ duration_ms 74.067541
plan-approve.test.mjs: all passed
✔ scripts/tests/unit/task-tracker/verbs/plan-approve.test.mjs (68.499791ms)
ℹ tests 1
ℹ suites 0
ℹ pass 1
ℹ fail 0
ℹ cancelled 0
ℹ skipped 0
ℹ todo 0
ℹ duration_ms 73.303541
✔ parseArgs extracts planned/current/rationale and strips trailing h (1.032208ms)
✔ parseArgs omits absent current keys and falls back to active issue (0.108667ms)
✔ parseArgs selects v1 evidence or explicit legacy compatibility mode (0.07175ms)
✔ runPlanEstimate delegates evidence-file execution to adaptive authority (0.146417ms)
✔ legacy planned flags require explicit compatibility mode (0.236667ms)
✔ resolveTargetIssue prefers explicit positional over active (0.054125ms)
✔ runPlanEstimate rejects missing target (0.095125ms)
✔ runPlanEstimate rejects missing cfg.repo (0.082667ms)
✔ runPlanEstimate rejects empty planned column (0.082292ms)
✔ runPlanEstimate appends with explicit current (no board read) (0.201833ms)
✔ compatibility Plan normalizes explicit Refine and Plan projections (0.102917ms)
✔ compatibility Plan normalizes a board-derived Refine projection (0.13925ms)
✔ compatibility Plan treats a null current projection as board-derived (0.147417ms)
✔ runPlanEstimate sources current from the board when --current-* omitted (0.108375ms)
✔ runPlanEstimate mirrors planned when board read is empty (0.076666ms)
✔ runPlanEstimate mirrors planned when board read throws (0.114292ms)
✔ runPlanEstimate skips board read when projectId is absent (0.061833ms)
✔ runPlanEstimate heals an empty appendix via repopulate on duplicate (0.060542ms)
✔ runPlanEstimate surfaces no-refine-comment from append (0.044625ms)
✔ plan-estimate is registered in the command catalog (0.079625ms)
ℹ tests 20
ℹ suites 0
ℹ pass 20
ℹ fail 0
ℹ cancelled 0
ℹ skipped 0
ℹ todo 0
ℹ duration_ms 90.212417
  ⚠ user-story: User Story section missing or incomplete — `## User Story` must contain three non-placeholder lines before promoting to Ready for Planning (Connextra format: "As a…\nI want to…\nSo that…")
✔ runPromote: TT_FULL_AUTO=1 cannot bypass an unresolved {discuss} directive (2.791ms)
  ⚠ user-story: User Story section missing or incomplete — `## User Story` must contain three non-placeholder lines before promoting to Ready for Planning (Connextra format: "As a…\nI want to…\nSo that…")
✔ runPromote: promotes once the discussion is resolved (token stripped) (0.986667ms)
ℹ tests 2
ℹ suites 0
ℹ pass 2
ℹ fail 0
ℹ cancelled 0
ℹ skipped 0
ℹ todo 0
ℹ duration_ms 110.295334
✔ defaultRunMoveState delegates to runMoveStateHost with promote env + synthetic argv (0.538042ms)
✔ defaultRunMoveState returns the host exit code verbatim (non-zero preserved) (0.1405ms)
ℹ tests 2
ℹ suites 0
ℹ pass 2
ℹ fail 0
ℹ cancelled 0
ℹ skipped 0
ℹ todo 0
ℹ duration_ms 104.053083
✔ runPromote redirects to /task review, not /task close, when aitm-review-failed is present (2.677917ms)
✔ runPromote redirects to /task review when no Agent Review evidence has ever been recorded (0.297541ms)
✔ runPromote still delegates review → close when Agent Review genuinely passed (unchanged) (230.38275ms)
ℹ tests 3
ℹ suites 0
ℹ pass 3
ℹ fail 0
ℹ cancelled 0
ℹ skipped 0
ℹ todo 0
ℹ duration_ms 335.666208
✔ AC1: test delegate gets no outer timeout (or >= SANDBOX_TIMEOUT_MS), never the GH-API cap (0.432875ms)
✔ AC2: a sandbox run exceeding 60s is not SIGTERMd at the outer layer (0.06275ms)
✔ AC3: the move-state delegate timeout is unchanged (GH_API_TIMEOUT_MS * 2) (0.065459ms)
✔ quick delegates (close) keep the short budget (0.051959ms)
ℹ tests 4
ℹ suites 0
ℹ pass 4
ℹ fail 0
ℹ cancelled 0
ℹ skipped 0
ℹ todo 0
ℹ duration_ms 105.643042
✔ the test delegate runs inside promote-held lock instead of deadlocking (3.41025ms)
✔ the test delegate still acquires for real when promote is not holding (1.017458ms)
✔ a promote frame on a different issue does not wave the delegate through (1.214959ms)
ℹ tests 3
ℹ suites 0
ℹ pass 3
ℹ fail 0
ℹ cancelled 0
ℹ skipped 0
ℹ todo 0
ℹ duration_ms 86.801709
✔ test → review delegates to the review verb (0.39825ms)
✔ the other aliases are unchanged (0.0655ms)
✔ only post-Develop transitions use alias verbs (0.341208ms)
✔ promote reaches the canonical policy delegate branch whenever the source has one (0.355708ms)
✔ the stale "test has no alias" comment is gone (0.203708ms)
ℹ tests 5
ℹ suites 0
ℹ pass 5
ℹ fail 0
ℹ cancelled 0
ℹ skipped 0
ℹ todo 0
ℹ duration_ms 101.884292
[review] derive-rescan: #315 derive pass failed (non-fatal, rescanning live body): Command failed: gh issue view 820 -R o/r --json body -q .body
stub-gh: refused issue view 820 -R o/r --json body -q .body

[review] derive-rescan: live-body refresh failed; scanning pre-derive body: Command failed: gh issue view 820 -R o/r --json body --jq .body
stub-gh: refused issue view 820 -R o/r --json body --jq .body

[task-tracker] projectDir override: AI_TASK_MANAGER_PROJECT_DIR=/Users/kpburson/projects/Vibe-Coding/ai-task-manager/.worktrees/1490-squash-delivery-proof/.scratch/test/promote-820-04b7yJ for #820
✔ AC1 — promote from Test delegates to the review verb, not the direct move path (220.892083ms)
[review] derive-rescan: #315 derive pass failed (non-fatal, rescanning live body): Command failed: gh issue view 820 -R o/r --json body -q .body
stub-gh: refused issue view 820 -R o/r --json body -q .body

[review] derive-rescan: live-body refresh failed; scanning pre-derive body: Command failed: gh issue view 820 -R o/r --json body --jq .body
stub-gh: refused issue view 820 -R o/r --json body --jq .body

[task-tracker] projectDir override: AI_TASK_MANAGER_PROJECT_DIR=/Users/kpburson/projects/Vibe-Coding/ai-task-manager/.worktrees/1490-squash-delivery-proof/.scratch/test/promote-820-04b7yJ for #820
✔ AC5 — the reported route is alias:review, never direct (20.887375ms)
[review] derive-rescan: #315 derive pass failed (non-fatal, rescanning live body): Command failed: gh issue view 820 -R o/r --json body -q .body
stub-gh: refused issue view 820 -R o/r --json body -q .body

[review] derive-rescan: live-body refresh failed; scanning pre-derive body: Command failed: gh issue view 820 -R o/r --json body --jq .body
stub-gh: refused issue view 820 -R o/r --json body --jq .body

[task-tracker] projectDir override: AI_TASK_MANAGER_PROJECT_DIR=/Users/kpburson/projects/Vibe-Coding/ai-task-manager/.worktrees/1490-squash-delivery-proof/.scratch/test/promote-820-04b7yJ for #820
✔ AC3 — a delegate that never reaches Review does not fall back to a direct move (20.033291ms)
[review] derive-rescan: #315 derive pass failed (non-fatal, rescanning live body): Command failed: gh issue view 820 -R o/r --json body -q .body
stub-gh: refused issue view 820 -R o/r --json body -q .body

[review] derive-rescan: live-body refresh failed; scanning pre-derive body: Command failed: gh issue view 820 -R o/r --json body --jq .body
stub-gh: refused issue view 820 -R o/r --json body --jq .body

[task-tracker] projectDir override: AI_TASK_MANAGER_PROJECT_DIR=/Users/kpburson/projects/Vibe-Coding/ai-task-manager/.worktrees/1490-squash-delivery-proof/.scratch/test/promote-820-04b7yJ for #820
✔ AC3 — #881 model: a gate objection after entry leaves the issue in Review (no demote, no direct move) (21.017916ms)
✔ #1458 — Cursor enters Review before validation and leaves an objection resident there (0.520291ms)
[review] derive-rescan: #315 derive pass failed (non-fatal, rescanning live body): Command failed: gh issue view 820 -R o/r --json body -q .body
stub-gh: refused issue view 820 -R o/r --json body -q .body

[review] derive-rescan: live-body refresh failed; scanning pre-derive body: Command failed: gh issue view 820 -R o/r --json body --jq .body
stub-gh: refused issue view 820 -R o/r --json body --jq .body

[task-tracker] projectDir override: AI_TASK_MANAGER_PROJECT_DIR=/Users/kpburson/projects/Vibe-Coding/ai-task-manager/.worktrees/1490-squash-delivery-proof/.scratch/test/promote-820-04b7yJ for #820
[task-tracker] projectDir override: AI_TASK_MANAGER_PROJECT_DIR=/Users/kpburson/projects/Vibe-Coding/ai-task-manager/.worktrees/1490-squash-delivery-proof/.scratch/test/promote-820-04b7yJ for #821
✔ AC3 — #710 defense: delegate exits 0 but board never reached Review (19.322666ms)
[task-tracker] projectDir override: AI_TASK_MANAGER_PROJECT_DIR=/Users/kpburson/projects/Vibe-Coding/ai-task-manager/.worktrees/1490-squash-delivery-proof/.scratch/test/promote-820-04b7yJ for #822
✔ AC6 — develop still delegates to test (14.689459ms)
✔ AC6 — review still delegates to close (when Agent Review genuinely passed) (19.941416ms)
ℹ tests 8
ℹ suites 0
ℹ pass 8
ℹ fail 0
ℹ cancelled 0
ℹ skipped 0
ℹ todo 0
ℹ duration_ms 439.688291
[move-state:warn] #101: transition commit provenance missing: Cannot read properties of undefined (reading 'repo')
✔ the default convergence adapter owns the background profile and preserves the active task (1.0395ms)
✔ a background Done move runs issue/project tail steps without touching the parent session (0.97375ms)
ℹ tests 2
ℹ suites 0
ℹ pass 2
ℹ fail 0
ℹ cancelled 0
ℹ skipped 0
ℹ todo 0
ℹ duration_ms 128.893375
✔ finalizes a completed closed child before selecting the next ranked child (10.762417ms)
✔ leaves a dead-disposition child untouched and continues selection (7.897291ms)
✔ an aberration recovery pauses without promoting another child (0.410375ms)
✔ a failed convergence pauses selection and reports the child (0.143833ms)
✔ a pending durable recovery is converged and pauses before promotion (0.275583ms)
✔ a completed durable recovery is not pending and selection may continue (7.685417ms)
✔ already-Done closed children and open children are not convergence candidates (8.000708ms)
ℹ tests 7
ℹ suites 0
ℹ pass 7
ℹ fail 0
ℹ cancelled 0
ℹ skipped 0
ℹ todo 0
ℹ duration_ms 147.1515
✔ runPullNext refuses when epic is not in develop (0.78025ms)
✔ pull-next live-state reads use the exact configured-project snapshot (0.095792ms)
✔ runPullNext returns no-children for epic with no sub-issues (0.121542ms)
✔ runPullNext returns no-eligible when no R4P children exist (0.782917ms)
✔ runPullNext promotes lowest-rank R4P child (4.779042ms)
✔ #1260 pulled epic child names the bound epic integration branch (0.25325ms)
✔ #1260 solo-story planning guidance remains current trunk (0.08ms)
✔ #1260 missing epic branch authority fails closed to generic epic guidance (0.16275ms)
✔ #1260 default epic branch resolver reads the already-bound project directory (0.159625ms)
✔ runPullNext refuses false success when the selected child did not reach Plan (0.208667ms)
✔ runPullNext delegates the selected child through the real promote bind seam (#1114) (20.632959ms)
✔ selected-child promotion reuses its held lock instead of entering the locking verb wrapper (0.23625ms)
✔ direct promote remains fail-closed on a mismatched bind (#1114) (0.316458ms)
✔ runPullNext skips a child whose blocker is not Done (#248) (2.903583ms)
✔ runPullNext audits the epic before child selection (#758) (2.223792ms)
✔ runPullNext refuses ambiguous epic audit drift (0.120916ms)
✔ runPullNext refuses every pull when any child descriptor is incomplete (0.190417ms)
✔ runPullNext holds shared parent authority across selection and promotion (2.716084ms)
✔ runPullNext does not audit when the epic is not in develop (#758) (0.096958ms)
✔ runPullNext requires epicNumber and cfg (0.173125ms)
✔ runPullNext surfaces fetch failures (0.114542ms)
ℹ tests 21
ℹ suites 0
ℹ pass 21
ℹ fail 0
ℹ cancelled 0
ℹ skipped 0
ℹ todo 0
ℹ duration_ms 156.272167
✔ reconcile.defaultRunMoveState calls the in-process host with the revert argv/env (no spawn) (0.865209ms)
✔ reconcile.defaultRunMoveState relays the host exit code verbatim (0.133583ms)
✔ reconcile.mjs no longer spawns a move-state child (0.303416ms)
ℹ tests 3
ℹ suites 0
ℹ pass 3
ℹ fail 0
ℹ cancelled 0
ℹ skipped 0
ℹ todo 0
ℹ duration_ms 102.168459
✔ AC1/AC2: a two-state gap (board=develop, marker=review) walks develop→test→review (2.740334ms)
✔ AC1/AC2: a wider gap (board=refine, marker=review) walks every intermediate state (0.412542ms)
✔ AC1: a single forward step (board=develop, marker=test) is unchanged behaviour (0.213334ms)
✔ AC4: recorded BEHIND live (board=review, marker=plan) refuses forward-only, names accept-live (0.099333ms)
✔ AC2: a mid-walk move-state failure stops and reports the walked prefix (0.096833ms)
ℹ tests 5
ℹ suites 0
ℹ pass 5
ℹ fail 0
ℹ cancelled 0
ℹ skipped 0
ℹ todo 0
ℹ duration_ms 102.437041
✔ reconcile accept-live: drifted issue writes new state + reconciled audit marker (3.526833ms)
✔ reconcile accept-live: test → develop invalidates stale demotion proof and reports it (#1037) (0.9165ms)
✔ reconcile accept-live: review → develop invalidates stale demotion proof and reports it (#1037) (0.191667ms)
✔ reconcile accept-live preserves execution proof for forward drift (#1037) (0.151292ms)
✔ reconcile accept-live preserves execution proof for unrelated rollback (#1037) (0.13075ms)
✔ reconcile accept-live stamps aitm-entered-<live> when absent (#174) (0.327833ms)
✔ reconcile accept-live is idempotent for entry marker (#174) (0.154208ms)
✔ reconcile accept-live: legacy Assigned status stamps canonical R4P evidence (#436, #1211) (0.222ms)
✔ reconcile revert-to-recorded: recorded BEHIND live refuses forward-only, names accept-live (#740) (0.101167ms)
✔ reconcile: no drift refused (0.496125ms)
✔ reconcile: missing mode returns error (0.075584ms)
✔ reconcile: unknown mode returns error (0.067375ms)
✔ reconcile revert-to-recorded: no recorded state → error (0.066833ms)
✔ reconcile accept-live: no live state → error (0.060833ms)
✔ reconcile accept-live: preserves forward markers as history + adds visit marker (#181) (0.169542ms)
✔ reconcile revert-to-recorded: does NOT strip future entry markers (0.115917ms)
✔ reconcile revert: transition-failed when move-state exits non-zero (0.0555ms)
ℹ tests 17
ℹ suites 0
ℹ pass 17
ℹ fail 0
ℹ cancelled 0
ℹ skipped 0
ℹ todo 0
ℹ duration_ms 107.692709
✔ a refused Refine completion rolls back the refine-complete marker (5.32875ms)
✔ rationale marker and field-db values survive a rolled-back promote (2.250125ms)
✔ a successful Refine completion leaves the refine-complete marker in place (0.286292ms)
ℹ tests 3
ℹ suites 0
ℹ pass 3
ℹ fail 0
ℹ cancelled 0
ℹ skipped 0
ℹ todo 0
ℹ duration_ms 109.533667
✔ #223: refine refreshes aitm-fields cache with priority/size/estimate/rank (2.137ms)
✔ #223: refine overrides stale prior values in aitm-fields cache (0.661458ms)
ℹ tests 2
ℹ suites 0
ℹ pass 2
ℹ fail 0
ℹ cancelled 0
ℹ skipped 0
ℹ todo 0
ℹ duration_ms 107.811542
✔ stale backlog body recovers from one fresh read before the first Refine walk (1.410584ms)
✔ historical Assigned alias is not treated as a canonical pre-Refine arc (0.0805ms)
✔ genuine marker absence remains fail-closed after exactly one fresh read (0.115625ms)
✔ fresh-read failure preserves the original refusal (0.198209ms)
✔ non-pre-Refine arcs do not perform the fresh read (0.08525ms)
✔ successful contiguity refresh preserves unrelated refusals (0.313ms)
ℹ tests 6
ℹ suites 0
ℹ pass 6
ℹ fail 0
ℹ cancelled 0
ℹ skipped 0
ℹ todo 0
ℹ duration_ms 73.330417
PASS: refine on Refine-state issue completes to R4P (#1213)
PASS: refine is idempotent on a Refine-state issue (#282)
PASS: refine stamps aitm-refine-complete marker (#282)
PASS: stampRefineCompleteMarker is idempotent
PASS: promote refuses refine→R4P when aitm-refine-complete absent (#282)
PASS: promote refusal message names the producing verb (#282)
PASS: full-auto promote chain still requires explicit marker (#282)

All #282 stage-completion-marker tests passed.
✔ scripts/tests/unit/task-tracker/verbs/refine-stage-completion.test.mjs (104.57525ms)
ℹ tests 1
ℹ suites 0
ℹ pass 1
ℹ fail 0
ℹ cancelled 0
ℹ skipped 0
ℹ todo 0
ℹ duration_ms 109.673542
PASS: parseArgs extracts all flags
PASS: parseArgs accepts #N and trailing-h estimate
PASS: parseArgs rejects unknown flags
PASS: validateArgs rejects each missing/invalid field
PASS: buildRationaleMarker emits canonical shape and round-trips
PASS: buildRationaleMarker four-flag combo lands tokens in slots, reason in rationale
PASS: buildRationaleMarker emits rank as number
PASS: buildRationaleMarker rejects missing/empty reason
PASS: applyRationaleMarker strips existing + prepends new
PASS: runRefine happy path — tether + body marker + promote
PASS: Refine converges off-grid input on the half-hour ceiling
PASS: runRefine surfaces tether failure and skips promote
PASS: runRefine forwards --rank + --labels
PASS: runRefine omits rank/labels when not supplied

All refine verb tests passed.
✔ scripts/tests/unit/task-tracker/verbs/refine-verb.test.mjs (100.217792ms)
ℹ tests 1
ℹ suites 0
ℹ pass 1
ℹ fail 0
ℹ cancelled 0
ℹ skipped 0
ℹ todo 0
ℹ duration_ms 104.557791
✓ #996 rejected — moved back to Develop.
✔ reject.mjs posts an audit row with event slug `rejected:develop`, not bare `develop` (29.130625ms)
✔ a timing log containing a `rejected:develop` row passes timing-log-sequence validation (1.194125ms)
ℹ tests 2
ℹ suites 0
ℹ pass 2
ℹ fail 0
ℹ cancelled 0
ℹ skipped 0
ℹ todo 0
ℹ duration_ms 89.091458
✔ a valid docs-only lane-skip drops exactly the three complete lanes (0.862ms)
✔ lint-full and format-full are never droppable, even when the record names them (0.100458ms)
✔ a receipt with no laneSkip requires all five classifications (0.071666ms)
✔ an empty changedPaths relaxes nothing — an empty diff is not proven docs-only (0.063334ms)
✔ a code path in changedPaths relaxes nothing (0.086417ms)
✔ a non-docs-only kind relaxes nothing (0.083292ms)
✔ an unrecognized reason relaxes nothing (0.068834ms)
✔ a malformed laneSkip relaxes nothing (0.078333ms)
✔ a partial lanes list drops only the lanes it names (0.099167ms)
✔ an unknown classification in lanes is ignored (0.110833ms)
ℹ tests 10
ℹ suites 0
ℹ pass 10
ℹ fail 0
ℹ cancelled 0
ℹ skipped 0
ℹ todo 0
ℹ duration_ms 56.858708
✔ sandbox-verify-fail: emits a `test:failed` audit slug, never a bare `develop` or `review:failed` (0.786333ms)
✔ sandbox-verify-fail: demotes with `--demote` + `--demote-reason` (canonical demoted:develop entry row) (0.10475ms)
✔ sandbox-verify-fail: the produced audit slug is accepted by V3 timing-log-sequence (bare `develop` is not) (1.262792ms)
ℹ tests 3
ℹ suites 0
ℹ pass 3
ℹ fail 0
ℹ cancelled 0
ℹ skipped 0
ℹ todo 0
ℹ duration_ms 97.797167
✔ Review installs the agent-validation resident action by direct reference (0.826208ms)
✔ fresh Agent Review Passed evidence completes the current Review visit (1.09725ms)
✔ an objection persists failed evidence and returns failed without a board move (1.388584ms)
✔ Review entry is forward while an in-Review retry is actions-only (0.194334ms)
✔ an in-Review retry executes only the Cursor actions-only trigger (0.137125ms)
✔ Review classifies resident and boundary Cursor outcomes without swallowing failures (0.112541ms)
✔ resume, switch, and the dispatcher carry the Review resident wake (0.075833ms)
✔ #1488: verbStart delegates to verbResume and does not re-issue the Review wake (0.060584ms)
✔ #1488: the wake decision exempts the start verb and no other (0.0945ms)
✔ #1488: resume and rebind still wake Review residents (0.154583ms)
✔ a passing Review probe continues into actions-only resident execution (0.116209ms)
✔ a gate objection performs NO board move — the issue stays in Review (0.273875ms)
✔ the failure timeline is exactly: stamp the marker, then post review:failed (0.085417ms)
✔ the review:failed row says the issue stays in Review, not that it reverted (0.083958ms)
✔ the marker stamp is best-effort — a mutate throw does not lose the row (0.13375ms)
✔ the failure path never passes --demote to anything (0.071333ms)
✔ verbReview delegates the authoritative Test → Review move and gate to the Cursor (0.137584ms)
✔ there is exactly ONE authoritative move-to-review call site (0.050334ms)
✔ emitReviewGateFailureTimeline no longer destructures runMoveState (0.088833ms)
✔ the operator is told to fix in place and re-run, not to fix in Develop (0.057125ms)
✔ the resident action consumes the Cursor-hydrated body and comments snapshot (0.105167ms)
✔ both gate outcome paths derive their write from the post-move body (0.069625ms)
ℹ tests 22
ℹ suites 0
ℹ pass 22
ℹ fail 0
ℹ cancelled 0
ℹ skipped 0
ℹ todo 0
ℹ duration_ms 110.714084
✔ buildDeferredReviewRow stamps the ts supplied at call time (row branch) (12.528125ms)
✔ buildDeferredReviewRow stamps the ts supplied at call time (flush branch) (0.447875ms)
✔ spec carries no timestamp: same spec yields post-time ts, never an earlier baked ts (0.208875ms)
✔ review row ts is monotonically non-decreasing vs the preceding move-state pair (0.097417ms)
✔ buildDeferredReviewRow returns null for a null spec (0.105875ms)
ℹ tests 5
ℹ suites 0
ℹ pass 5
ℹ fail 0
ℹ cancelled 0
ℹ skipped 0
ℹ todo 0
ℹ duration_ms 114.407
✔ extractUnverifiedTickLabels: finds a single trailing audit marker (0.537334ms)
✔ extractUnverifiedTickLabels: finds multiple markers and unescapes &quot; (0.075917ms)
✔ extractUnverifiedTickLabels: empty body / no markers yields an empty set (0.057667ms)
✔ the stripped checkbox label used at match time equals the stored marker label (0.27925ms)
ℹ tests 4
ℹ suites 0
ℹ pass 4
ℹ fail 0
ℹ cancelled 0
ℹ skipped 0
ℹ todo 0
ℹ duration_ms 98.596
✔ AC1: strips AITM_ISSUE_LOCK_HELD from the inherited env (0.422167ms)
✔ AC1: every var in SANDBOX_STRIPPED_ENV_VARS is removed (0.088584ms)
✔ AC1: overrides are applied after the scrub and win (0.064541ms)
✔ AC1: does not mutate the input env object (0.064959ms)
ℹ tests 4
ℹ suites 0
ℹ pass 4
ℹ fail 0
ℹ cancelled 0
ℹ skipped 0
ℹ todo 0
ℹ duration_ms 81.561208
✔ builds one deterministic child proposal per numbered task (1.841834ms)
✔ bounds Scope and provenance to the exact source task section (0.194792ms)
✔ records a root source as both parent and nested epic (0.137666ms)
✔ refuses duplicate numbers, empty titles, and missing verifiers (0.077125ms)
✔ writes canonical deterministic fragments for sanctioned creation (4.472167ms)
✔ sanctioned dry-run body preserves exact task verifiers behind AC citations (204.194916ms)
✔ dry-run preflights every child and performs no live create (3.238708ms)
✔ reads proposal text from the pinned HEAD commit rather than the working tree (2.033042ms)
✔ default plan reader ignores uncommitted working-tree plan changes (77.711666ms)
✔ human dry-run output exposes complete proposals and future creator argv (3.465208ms)
✔ hidden and placeholder Governing-spec metadata fall back to the sanctioned default (4.97ms)
✔ rejects a missing --plan value instead of consuming the next option (0.456875ms)
✔ confirm validates all drafts before the first live creation (2.412667ms)
✔ confirm performs no live creation when any draft preflight fails (2.699666ms)
✔ refuses unresolved parent provenance before any creator call (0.418792ms)
✔ refuses malformed resolved parent provenance (0.255167ms)
✔ confirm stops on partial live failure and retains created issue numbers (3.449166ms)
ℹ tests 17
ℹ suites 0
ℹ pass 17
ℹ fail 0
ℹ cancelled 0
ℹ skipped 0
ℹ todo 0
ℹ duration_ms 387.062541
✔ direct test and generic promotion converge on the same Develop-to-Test request (0.721167ms)
✔ rebind and resume wake Test in place through actions-only (0.095458ms)
✔ task binding dispatches Test residents through verbTest (0.344458ms)
ℹ tests 3
ℹ suites 0
ℹ pass 3
ℹ fail 0
ℹ cancelled 0
ℹ skipped 0
ℹ todo 0
ℹ duration_ms 55.863708
✔ supersede.defaultRunMoveState calls the in-process host with the supersede argv/env (no spawn) (0.850625ms)
✔ supersede.defaultRunMoveState relays the host exit code verbatim (0.136083ms)
✔ supersede.mjs no longer spawns a move-state child (0.235917ms)
ℹ tests 3
ℹ suites 0
ℹ pass 3
ℹ fail 0
ℹ cancelled 0
ℹ skipped 0
ℹ todo 0
ℹ duration_ms 98.38575
✔ parseArgs: positional dead + --by (0.786791ms)
✔ parseArgs: dead falls back to active bind (0.067125ms)
✔ parseArgs: missing --by reported via byProvided (0.066417ms)
✔ happy path: stamps marker, moves done, comments both, closes not-planned (0.59025ms)
✔ successful supersede releases the terminal binding before reporting success (0.116667ms)
✔ superseder-missing: refuses before any write (0.088167ms)
✔ transition-failed: marker written, no comments/close on nonzero move exit (0.145083ms)
✔ self-supersede throws (0.249459ms)
✔ missing byIssue throws (0.082875ms)
✔ missing deadIssue throws (0.10875ms)
ℹ tests 10
ℹ suites 0
ℹ pass 10
ℹ fail 0
ℹ cancelled 0
ℹ skipped 0
ℹ todo 0
ℹ duration_ms 101.509958
✔ runVerbTest: an allowlist-rejected VC alongside a passing VC yields status "passed", not "failed" (15.349916ms)
✔ runVerbTest: an allowlist-rejected VC alone (no other commands) yields status "passed" (1.137625ms)
✔ runVerbTest: a genuine nonzero-exit failure alongside a rejected VC still yields status "failed" (0.752125ms)
✔ runVerbTest: a metacharacter/injection-vector rejection is NOT excluded from the gate — status stays "failed" (0.711ms)
ℹ tests 4
ℹ suites 0
ℹ pass 4
ℹ fail 0
ℹ cancelled 0
ℹ skipped 0
ℹ todo 0
ℹ duration_ms 101.930875
✔ Test owns the resumable PR and exact-head quick-CI action (0.691834ms)
✔ Test verification fails closed when both receipt and HEAD are absent (0.199208ms)
✔ Test action keeps infrastructure waiting and classifies source failure for demotion (0.15175ms)
ℹ tests 3
ℹ suites 0
ℹ pass 3
ℹ fail 0
ℹ cancelled 0
ℹ skipped 0
ℹ todo 0
ℹ duration_ms 76.279791
✔ a docs-only kind with a provably docs-only diff skips the complete lanes (16.795708ms)
✔ a code kind runs every lane even when its diff is all documentation (1.848ms)
✔ a docs-only kind whose diff touches code still runs every lane (1.547708ms)
✔ an unresolvable (empty) diff is default-deny: the lanes run (1.0655ms)
✔ skipping lanes while a legacy aggregate is declared refuses the transition (1.12075ms)
✔ a declared aggregate is still derived normally when the lanes DO run (1.8315ms)
✔ the receipt records the skip and fabricates no lane pass entries (1.009375ms)
✔ a receipt from a run that DID execute the lanes carries no skip record (1.732959ms)
✔ the green summary comment names the skipped lanes (1.072041ms)
ℹ tests 9
ℹ suites 0
ℹ pass 9
ℹ fail 0
ℹ cancelled 0
ℹ skipped 0
ℹ todo 0
ℹ duration_ms 109.678792
✔ #952: pre-#864 body — sandbox never sees npm run test:all, both lanes run (15.37425ms)
✔ #952: already-migrated body — idempotent, no extra migration write (1.6605ms)
ℹ tests 2
ℹ suites 0
ℹ pass 2
ℹ fail 0
ℹ cancelled 0
ℹ skipped 0
ℹ todo 0
ℹ duration_ms 103.64475
✔ AC1: two auto-token calls with identical inputs yield different paths (0.700333ms)
✔ AC2: explicit token is deterministic; distinct tokens never alias (0.139833ms)
✔ AC3 regression: run B reclaim target never names run A live worktree (0.12575ms)
ℹ tests 3
ℹ suites 0
ℹ pass 3
ℹ fail 0
ℹ cancelled 0
ℹ skipped 0
ℹ todo 0
ℹ duration_ms 83.498958
✔ unassign removes the local singleton only before Develop and preserves Status (1.285375ms)
✔ unassign refuses Develop Test and Review without mutating ownership or Status (0.148417ms)
✔ unassign refuses foreign multiple and absent ownership without mutation (0.192708ms)
✔ unassign treats a thrown removal with empty read-back as ambiguous, not success (0.195ms)
✔ unassign fails closed when Status changes around the ownership mutation (0.125459ms)
✔ unassign never mutates when the durable audit reservation fails (0.24475ms)
✔ unassign retries a pending completion audit without repeating ownership mutation (0.36675ms)
✔ unassign repairs only the newest unmatched transaction id (0.276458ms)
ℹ tests 8
ℹ suites 0
ℹ pass 8
ℹ fail 0
ℹ cancelled 0
ℹ skipped 0
ℹ todo 0
ℹ duration_ms 65.24325
PASS: help text distinguishes /task discover (backlog gen) from /task plan (Sprint-Planning)
✔ scripts/tests/unit/task-tracker/verbs/verb-discover-help.test.mjs (54.907708ms)
ℹ tests 1
ℹ suites 0
ℹ pass 1
ℹ fail 0
ℹ cancelled 0
ℹ skipped 0
ℹ todo 0
ℹ duration_ms 59.612042
PASS: runPlan(ready-for-plan) promotes R4P→Plan via verbPromote
PASS: runPlan refuses any non-R4P current state and never delegates to promote
PASS: runPlan validates args
PASS: discover.mjs no longer exports verbPlan
✔ scripts/tests/unit/task-tracker/verbs/verb-plan-promote.test.mjs (91.205208ms)
ℹ tests 1
ℹ suites 0
ℹ pass 1
ℹ fail 0
ℹ cancelled 0
ℹ skipped 0
ℹ todo 0
ℹ duration_ms 96.164166
✔ defaultExecInSandbox: binds AI_TASK_MANAGER_PROJECT_DIR to the sandbox path (34.703875ms)
✔ defaultExecInSandbox: child inherits parent env alongside AI_TASK_MANAGER_PROJECT_DIR (34.492375ms)
✔ defaultExecInSandbox: binds the governed Test issue for bare issue-aware verifiers (33.342417ms)
ℹ tests 3
ℹ suites 0
ℹ pass 3
ℹ fail 0
ℹ cancelled 0
ℹ skipped 0
ℹ todo 0
ℹ duration_ms 182.833792
scripts/task-tracker/lib/reopened-close-recovery.mjs -> scripts/tests/integration/task-tracker/lib/runtime-capabilities.test.mjs [import-transitive] test transitively imports changed path
scripts/task-tracker/lib/reopened-close-recovery.mjs -> scripts/tests/integration/task-tracker/verbs/deliver-close.integration.test.mjs [import-transitive] test transitively imports changed path
scripts/task-tracker/lib/reopened-close-recovery.mjs -> scripts/tests/integration/task-tracker/verbs/github-record-approval-close-gates.test.mjs [import-transitive] test transitively imports changed path
scripts/task-tracker/lib/reopened-close-recovery.mjs -> scripts/tests/slow/task-tracker/verbs/close-lifecycle-tick.test.mjs [import-transitive] test transitively imports changed path
scripts/task-tracker/lib/reopened-close-recovery.mjs -> scripts/tests/slow/task-tracker/verbs/coverage-close.test.mjs [import-transitive] test transitively imports changed path
scripts/task-tracker/lib/reopened-close-recovery.mjs -> scripts/tests/unit/task-tracker/characterization/orchestrators.test.mjs [import-transitive] test transitively imports changed path
scripts/task-tracker/lib/reopened-close-recovery.mjs -> scripts/tests/unit/task-tracker/core/close-emission-order.test.mjs [import-transitive] test transitively imports changed path
scripts/task-tracker/lib/reopened-close-recovery.mjs -> scripts/tests/unit/task-tracker/core/docs-only-lane-skip-completeness.test.mjs [import-transitive] test transitively imports changed path
scripts/task-tracker/lib/reopened-close-recovery.mjs -> scripts/tests/unit/task-tracker/lib/close-cross-close.test.mjs [import-transitive] test transitively imports changed path
scripts/task-tracker/lib/reopened-close-recovery.mjs -> scripts/tests/unit/task-tracker/lib/close-repair.test.mjs [import-transitive] test transitively imports changed path
scripts/task-tracker/lib/reopened-close-recovery.mjs -> scripts/tests/unit/task-tracker/lib/epic-r4p-orchestration.test.mjs [import-transitive] test transitively imports changed path
scripts/task-tracker/lib/reopened-close-recovery.mjs -> scripts/tests/unit/task-tracker/lib/reopened-close-binding-ownership.test.mjs [import-direct] test statically imports changed path
scripts/task-tracker/lib/reopened-close-recovery.mjs -> scripts/tests/unit/task-tracker/lib/reopened-close-recovery.test.mjs [basename] conventional basename compatibility mapping
scripts/task-tracker/lib/reopened-close-recovery.mjs -> scripts/tests/unit/task-tracker/lib/reopened-close-recovery.test.mjs [import-direct] test statically imports changed path
scripts/task-tracker/lib/reopened-close-recovery.mjs -> scripts/tests/unit/task-tracker/lib/terminal-binding-authority.test.mjs [import-direct] test statically imports changed path
scripts/task-tracker/lib/reopened-close-recovery.mjs -> scripts/tests/unit/task-tracker/verbs/close-binding-cleanup.test.mjs [import-transitive] test transitively imports changed path
scripts/task-tracker/lib/reopened-close-recovery.mjs -> scripts/tests/unit/task-tracker/verbs/close-converge-audit-emission.test.mjs [import-transitive] test transitively imports changed path
scripts/task-tracker/lib/reopened-close-recovery.mjs -> scripts/tests/unit/task-tracker/verbs/close-convergence-wiring-finalize.test.mjs [import-transitive] test transitively imports changed path
scripts/task-tracker/lib/reopened-close-recovery.mjs -> scripts/tests/unit/task-tracker/verbs/close-convergence-wiring.test.mjs [import-transitive] test transitively imports changed path
scripts/task-tracker/lib/reopened-close-recovery.mjs -> scripts/tests/unit/task-tracker/verbs/close-delivered-idempotence.test.mjs [import-transitive] test transitively imports changed path
scripts/task-tracker/lib/reopened-close-recovery.mjs -> scripts/tests/unit/task-tracker/verbs/close-delivery-gate-input.test.mjs [import-transitive] test transitively imports changed path
scripts/task-tracker/lib/reopened-close-recovery.mjs -> scripts/tests/unit/task-tracker/verbs/close-incorporated.test.mjs [import-transitive] test transitively imports changed path
scripts/task-tracker/lib/reopened-close-recovery.mjs -> scripts/tests/unit/task-tracker/verbs/close-lifecycle-tick-retry.test.mjs [import-transitive] test transitively imports changed path
scripts/task-tracker/lib/reopened-close-recovery.mjs -> scripts/tests/unit/task-tracker/verbs/close-no-commit-delivery.test.mjs [import-transitive] test transitively imports changed path
scripts/task-tracker/lib/reopened-close-recovery.mjs -> scripts/tests/unit/task-tracker/verbs/close-occupancy-cleanup.test.mjs [import-transitive] test transitively imports changed path
scripts/task-tracker/lib/reopened-close-recovery.mjs -> scripts/tests/unit/task-tracker/verbs/close-pexec-offline.test.mjs [import-transitive] test transitively imports changed path
scripts/task-tracker/lib/reopened-close-recovery.mjs -> scripts/tests/unit/task-tracker/verbs/close-reconcile-lifecycle.test.mjs [import-transitive] test transitively imports changed path
scripts/task-tracker/lib/reopened-close-recovery.mjs -> scripts/tests/unit/task-tracker/verbs/close-reopened-recovery-wiring.test.mjs [import-direct] test statically imports changed path
scripts/task-tracker/lib/reopened-close-recovery.mjs -> scripts/tests/unit/task-tracker/verbs/close-review-authority-wiring.test.mjs [import-transitive] test transitively imports changed path
scripts/task-tracker/lib/reopened-close-recovery.mjs -> scripts/tests/unit/task-tracker/verbs/close-strip-labels.test.mjs [import-transitive] test transitively imports changed path
scripts/task-tracker/lib/reopened-close-recovery.mjs -> scripts/tests/unit/task-tracker/verbs/pull-next-background-profile.test.mjs [import-transitive] test transitively imports changed path
scripts/task-tracker/lib/reopened-close-recovery.mjs -> scripts/tests/unit/task-tracker/verbs/pull-next-close-convergence.test.mjs [import-transitive] test transitively imports changed path
scripts/task-tracker/lib/reopened-close-recovery.mjs -> scripts/tests/unit/task-tracker/verbs/pull-next-verb.test.mjs [import-transitive] test transitively imports changed path
scripts/task-tracker/verbs/close.mjs -> scripts/tests/integration/task-tracker/lib/runtime-capabilities.test.mjs [import-direct] test statically imports changed path
scripts/task-tracker/verbs/close.mjs -> scripts/tests/integration/task-tracker/verbs/deliver-close.integration.test.mjs [import-transitive] test transitively imports changed path
scripts/task-tracker/verbs/close.mjs -> scripts/tests/integration/task-tracker/verbs/github-record-approval-close-gates.test.mjs [import-direct] test statically imports changed path
scripts/task-tracker/verbs/close.mjs -> scripts/tests/slow/task-tracker/verbs/close-lifecycle-tick.test.mjs [import-direct] test statically imports changed path
scripts/task-tracker/verbs/close.mjs -> scripts/tests/slow/task-tracker/verbs/coverage-close.test.mjs [import-direct] test statically imports changed path
scripts/task-tracker/verbs/close.mjs -> scripts/tests/unit/task-tracker/characterization/orchestrators.test.mjs [import-direct] test statically imports changed path
scripts/task-tracker/verbs/close.mjs -> scripts/tests/unit/task-tracker/core/close-emission-order.test.mjs [import-direct] test statically imports changed path
scripts/task-tracker/verbs/close.mjs -> scripts/tests/unit/task-tracker/core/docs-only-lane-skip-completeness.test.mjs [import-direct] test statically imports changed path
scripts/task-tracker/verbs/close.mjs -> scripts/tests/unit/task-tracker/lib/close-cross-close.test.mjs [import-direct] test statically imports changed path
scripts/task-tracker/verbs/close.mjs -> scripts/tests/unit/task-tracker/lib/close-repair.test.mjs [import-direct] test statically imports changed path
scripts/task-tracker/verbs/close.mjs -> scripts/tests/unit/task-tracker/lib/epic-r4p-orchestration.test.mjs [import-transitive] test transitively imports changed path
scripts/task-tracker/verbs/close.mjs -> scripts/tests/unit/task-tracker/verbs/ac-stamp.test.mjs [manifest] CLI subprocess coverage is not completely visible through static imports
scripts/task-tracker/verbs/close.mjs -> scripts/tests/unit/task-tracker/verbs/action-ledger.test.mjs [manifest] CLI subprocess coverage is not completely visible through static imports
scripts/task-tracker/verbs/close.mjs -> scripts/tests/unit/task-tracker/verbs/approve-core.test.mjs [manifest] CLI subprocess coverage is not completely visible through static imports
scripts/task-tracker/verbs/close.mjs -> scripts/tests/unit/task-tracker/verbs/approve-full-auto-detect.test.mjs [manifest] CLI subprocess coverage is not completely visible through static imports
scripts/task-tracker/verbs/close.mjs -> scripts/tests/unit/task-tracker/verbs/approve-review-notes.test.mjs [manifest] CLI subprocess coverage is not completely visible through static imports
scripts/task-tracker/verbs/close.mjs -> scripts/tests/unit/task-tracker/verbs/approve-timing-boundary.test.mjs [manifest] CLI subprocess coverage is not completely visible through static imports
scripts/task-tracker/verbs/close.mjs -> scripts/tests/unit/task-tracker/verbs/assign.test.mjs [manifest] CLI subprocess coverage is not completely visible through static imports
scripts/task-tracker/verbs/close.mjs -> scripts/tests/unit/task-tracker/verbs/block-verb.test.mjs [manifest] CLI subprocess coverage is not completely visible through static imports
scripts/task-tracker/verbs/close.mjs -> scripts/tests/unit/task-tracker/verbs/board-and-project-guard.test.mjs [manifest] CLI subprocess coverage is not completely visible through static imports
scripts/task-tracker/verbs/close.mjs -> scripts/tests/unit/task-tracker/verbs/check-verb-migration.test.mjs [manifest] CLI subprocess coverage is not completely visible through static imports
scripts/task-tracker/verbs/close.mjs -> scripts/tests/unit/task-tracker/verbs/check.test.mjs [manifest] CLI subprocess coverage is not completely visible through static imports
scripts/task-tracker/verbs/close.mjs -> scripts/tests/unit/task-tracker/verbs/close-binding-cleanup.test.mjs [import-direct] test statically imports changed path
scripts/task-tracker/verbs/close.mjs -> scripts/tests/unit/task-tracker/verbs/close-binding-cleanup.test.mjs [manifest] CLI subprocess coverage is not completely visible through static imports
scripts/task-tracker/verbs/close.mjs -> scripts/tests/unit/task-tracker/verbs/close-converge-audit-emission.test.mjs [import-direct] test statically imports changed path
scripts/task-tracker/verbs/close.mjs -> scripts/tests/unit/task-tracker/verbs/close-converge-audit-emission.test.mjs [manifest] CLI subprocess coverage is not completely visible through static imports
scripts/task-tracker/verbs/close.mjs -> scripts/tests/unit/task-tracker/verbs/close-convergence-wiring-finalize.test.mjs [import-transitive] test transitively imports changed path
scripts/task-tracker/verbs/close.mjs -> scripts/tests/unit/task-tracker/verbs/close-convergence-wiring-finalize.test.mjs [manifest] CLI subprocess coverage is not completely visible through static imports
scripts/task-tracker/verbs/close.mjs -> scripts/tests/unit/task-tracker/verbs/close-convergence-wiring.test.mjs [import-direct] test statically imports changed path
scripts/task-tracker/verbs/close.mjs -> scripts/tests/unit/task-tracker/verbs/close-convergence-wiring.test.mjs [manifest] CLI subprocess coverage is not completely visible through static imports
scripts/task-tracker/verbs/close.mjs -> scripts/tests/unit/task-tracker/verbs/close-delivered-idempotence.test.mjs [import-transitive] test transitively imports changed path
scripts/task-tracker/verbs/close.mjs -> scripts/tests/unit/task-tracker/verbs/close-delivered-idempotence.test.mjs [manifest] CLI subprocess coverage is not completely visible through static imports
scripts/task-tracker/verbs/close.mjs -> scripts/tests/unit/task-tracker/verbs/close-delivery-gate-input.test.mjs [import-direct] test statically imports changed path
scripts/task-tracker/verbs/close.mjs -> scripts/tests/unit/task-tracker/verbs/close-delivery-gate-input.test.mjs [manifest] CLI subprocess coverage is not completely visible through static imports
scripts/task-tracker/verbs/close.mjs -> scripts/tests/unit/task-tracker/verbs/close-delivery-receipt.test.mjs [manifest] CLI subprocess coverage is not completely visible through static imports
scripts/task-tracker/verbs/close.mjs -> scripts/tests/unit/task-tracker/verbs/close-incorporated.test.mjs [import-direct] test statically imports changed path
scripts/task-tracker/verbs/close.mjs -> scripts/tests/unit/task-tracker/verbs/close-incorporated.test.mjs [manifest] CLI subprocess coverage is not completely visible through static imports
scripts/task-tracker/verbs/close.mjs -> scripts/tests/unit/task-tracker/verbs/close-lifecycle-tick-retry.test.mjs [import-direct] test statically imports changed path
scripts/task-tracker/verbs/close.mjs -> scripts/tests/unit/task-tracker/verbs/close-lifecycle-tick-retry.test.mjs [manifest] CLI subprocess coverage is not completely visible through static imports
scripts/task-tracker/verbs/close.mjs -> scripts/tests/unit/task-tracker/verbs/close-no-commit-delivery.test.mjs [import-direct] test statically imports changed path
scripts/task-tracker/verbs/close.mjs -> scripts/tests/unit/task-tracker/verbs/close-no-commit-delivery.test.mjs [manifest] CLI subprocess coverage is not completely visible through static imports
scripts/task-tracker/verbs/close.mjs -> scripts/tests/unit/task-tracker/verbs/close-occupancy-cleanup.test.mjs [import-direct] test statically imports changed path
scripts/task-tracker/verbs/close.mjs -> scripts/tests/unit/task-tracker/verbs/close-occupancy-cleanup.test.mjs [manifest] CLI subprocess coverage is not completely visible through static imports
scripts/task-tracker/verbs/close.mjs -> scripts/tests/unit/task-tracker/verbs/close-pexec-offline.test.mjs [import-direct] test statically imports changed path
scripts/task-tracker/verbs/close.mjs -> scripts/tests/unit/task-tracker/verbs/close-pexec-offline.test.mjs [manifest] CLI subprocess coverage is not completely visible through static imports
scripts/task-tracker/verbs/close.mjs -> scripts/tests/unit/task-tracker/verbs/close-reconcile-lifecycle.test.mjs [import-direct] test statically imports changed path
scripts/task-tracker/verbs/close.mjs -> scripts/tests/unit/task-tracker/verbs/close-reconcile-lifecycle.test.mjs [manifest] CLI subprocess coverage is not completely visible through static imports
scripts/task-tracker/verbs/close.mjs -> scripts/tests/unit/task-tracker/verbs/close-reopened-recovery-wiring.test.mjs [import-direct] test statically imports changed path
scripts/task-tracker/verbs/close.mjs -> scripts/tests/unit/task-tracker/verbs/close-reopened-recovery-wiring.test.mjs [manifest] CLI subprocess coverage is not completely visible through static imports
scripts/task-tracker/verbs/close.mjs -> scripts/tests/unit/task-tracker/verbs/close-review-authority-wiring.test.mjs [import-direct] test statically imports changed path
scripts/task-tracker/verbs/close.mjs -> scripts/tests/unit/task-tracker/verbs/close-review-authority-wiring.test.mjs [manifest] CLI subprocess coverage is not completely visible through static imports
scripts/task-tracker/verbs/close.mjs -> scripts/tests/unit/task-tracker/verbs/close-strip-labels.test.mjs [import-direct] test statically imports changed path
scripts/task-tracker/verbs/close.mjs -> scripts/tests/unit/task-tracker/verbs/close-strip-labels.test.mjs [manifest] CLI subprocess coverage is not completely visible through static imports
scripts/task-tracker/verbs/close.mjs -> scripts/tests/unit/task-tracker/verbs/comment.test.mjs [manifest] CLI subprocess coverage is not completely visible through static imports
scripts/task-tracker/verbs/close.mjs -> scripts/tests/unit/task-tracker/verbs/commit-trace-verb.test.mjs [manifest] CLI subprocess coverage is not completely visible through static imports
scripts/task-tracker/verbs/close.mjs -> scripts/tests/unit/task-tracker/verbs/coverage-ac-stamp.test.mjs [manifest] CLI subprocess coverage is not completely visible through static imports
scripts/task-tracker/verbs/close.mjs -> scripts/tests/unit/task-tracker/verbs/coverage-auto.test.mjs [manifest] CLI subprocess coverage is not completely visible through static imports
scripts/task-tracker/verbs/close.mjs -> scripts/tests/unit/task-tracker/verbs/coverage-check-verb.test.mjs [manifest] CLI subprocess coverage is not completely visible through static imports
scripts/task-tracker/verbs/close.mjs -> scripts/tests/unit/task-tracker/verbs/coverage-check.test.mjs [manifest] CLI subprocess coverage is not completely visible through static imports
scripts/task-tracker/verbs/close.mjs -> scripts/tests/unit/task-tracker/verbs/coverage-commit-trace.test.mjs [manifest] CLI subprocess coverage is not completely visible through static imports
scripts/task-tracker/verbs/close.mjs -> scripts/tests/unit/task-tracker/verbs/coverage-config.test.mjs [manifest] CLI subprocess coverage is not completely visible through static imports
scripts/task-tracker/verbs/close.mjs -> scripts/tests/unit/task-tracker/verbs/coverage-dod-stamp.test.mjs [manifest] CLI subprocess coverage is not completely visible through static imports
scripts/task-tracker/verbs/close.mjs -> scripts/tests/unit/task-tracker/verbs/coverage-evidence-markers.test.mjs [manifest] CLI subprocess coverage is not completely visible through static imports
scripts/task-tracker/verbs/close.mjs -> scripts/tests/unit/task-tracker/verbs/coverage-fleet.test.mjs [manifest] CLI subprocess coverage is not completely visible through static imports
scripts/task-tracker/verbs/close.mjs -> scripts/tests/unit/task-tracker/verbs/coverage-kind.test.mjs [manifest] CLI subprocess coverage is not completely visible through static imports
scripts/task-tracker/verbs/close.mjs -> scripts/tests/unit/task-tracker/verbs/coverage-mirror-deep-dive.test.mjs [manifest] CLI subprocess coverage is not completely visible through static imports
scripts/task-tracker/verbs/close.mjs -> scripts/tests/unit/task-tracker/verbs/coverage-plan-approve.test.mjs [manifest] CLI subprocess coverage is not completely visible through static imports
scripts/task-tracker/verbs/close.mjs -> scripts/tests/unit/task-tracker/verbs/coverage-promote.test.mjs [manifest] CLI subprocess coverage is not completely visible through static imports
scripts/task-tracker/verbs/close.mjs -> scripts/tests/unit/task-tracker/verbs/coverage-update.test.mjs [manifest] CLI subprocess coverage is not completely visible through static imports
scripts/task-tracker/verbs/close.mjs -> scripts/tests/unit/task-tracker/verbs/deliver-default-deps.test.mjs [manifest] CLI subprocess coverage is not completely visible through static imports
scripts/task-tracker/verbs/close.mjs -> scripts/tests/unit/task-tracker/verbs/deliver-default-squash-recovery.test.mjs [manifest] CLI subprocess coverage is not completely visible through static imports
scripts/task-tracker/verbs/close.mjs -> scripts/tests/unit/task-tracker/verbs/deliver-merged-source-attribution.test.mjs [manifest] CLI subprocess coverage is not completely visible through static imports
scripts/task-tracker/verbs/close.mjs -> scripts/tests/unit/task-tracker/verbs/deliver-multiple-pr-records.test.mjs [manifest] CLI subprocess coverage is not completely visible through static imports
scripts/task-tracker/verbs/close.mjs -> scripts/tests/unit/task-tracker/verbs/deliver-no-commit.test.mjs [manifest] CLI subprocess coverage is not completely visible through static imports
scripts/task-tracker/verbs/close.mjs -> scripts/tests/unit/task-tracker/verbs/deliver-pr-selection.test.mjs [manifest] CLI subprocess coverage is not completely visible through static imports
scripts/task-tracker/verbs/close.mjs -> scripts/tests/unit/task-tracker/verbs/deliver-single-source-squash.test.mjs [manifest] CLI subprocess coverage is not completely visible through static imports
scripts/task-tracker/verbs/close.mjs -> scripts/tests/unit/task-tracker/verbs/deliver-source-inventory.test.mjs [manifest] CLI subprocess coverage is not completely visible through static imports
scripts/task-tracker/verbs/close.mjs -> scripts/tests/unit/task-tracker/verbs/deliver.test.mjs [manifest] CLI subprocess coverage is not completely visible through static imports
scripts/task-tracker/verbs/close.mjs -> scripts/tests/unit/task-tracker/verbs/demote-inprocess.test.mjs [manifest] CLI subprocess coverage is not completely visible through static imports
scripts/task-tracker/verbs/close.mjs -> scripts/tests/unit/task-tracker/verbs/demote-verb.test.mjs [manifest] CLI subprocess coverage is not completely visible through static imports
scripts/task-tracker/verbs/close.mjs -> scripts/tests/unit/task-tracker/verbs/demote.test.mjs [manifest] CLI subprocess coverage is not completely visible through static imports
scripts/task-tracker/verbs/close.mjs -> scripts/tests/unit/task-tracker/verbs/develop-state-action.test.mjs [manifest] CLI subprocess coverage is not completely visible through static imports
scripts/task-tracker/verbs/close.mjs -> scripts/tests/unit/task-tracker/verbs/dod-stamp-state-gate.test.mjs [manifest] CLI subprocess coverage is not completely visible through static imports
scripts/task-tracker/verbs/close.mjs -> scripts/tests/unit/task-tracker/verbs/ensure-checked.test.mjs [manifest] CLI subprocess coverage is not completely visible through static imports
scripts/task-tracker/verbs/close.mjs -> scripts/tests/unit/task-tracker/verbs/ensure-unchecked.test.mjs [manifest] CLI subprocess coverage is not completely visible through static imports
scripts/task-tracker/verbs/close.mjs -> scripts/tests/unit/task-tracker/verbs/epic-reconcile.test.mjs [manifest] CLI subprocess coverage is not completely visible through static imports
scripts/task-tracker/verbs/close.mjs -> scripts/tests/unit/task-tracker/verbs/fleet-closed-bindings.test.mjs [manifest] CLI subprocess coverage is not completely visible through static imports
scripts/task-tracker/verbs/close.mjs -> scripts/tests/unit/task-tracker/verbs/functional-dod-gate.test.mjs [manifest] CLI subprocess coverage is not completely visible through static imports
scripts/task-tracker/verbs/close.mjs -> scripts/tests/unit/task-tracker/verbs/help.test.mjs [manifest] CLI subprocess coverage is not completely visible through static imports
scripts/task-tracker/verbs/close.mjs -> scripts/tests/unit/task-tracker/verbs/incident-ledger.test.mjs [manifest] CLI subprocess coverage is not completely visible through static imports
scripts/task-tracker/verbs/close.mjs -> scripts/tests/unit/task-tracker/verbs/inflate-estimate.test.mjs [manifest] CLI subprocess coverage is not completely visible through static imports
scripts/task-tracker/verbs/close.mjs -> scripts/tests/unit/task-tracker/verbs/issue-body.test.mjs [manifest] CLI subprocess coverage is not completely visible through static imports
scripts/task-tracker/verbs/close.mjs -> scripts/tests/unit/task-tracker/verbs/move-inprocess-parity.test.mjs [manifest] CLI subprocess coverage is not completely visible through static imports
scripts/task-tracker/verbs/close.mjs -> scripts/tests/unit/task-tracker/verbs/new-help-probe-guard.test.mjs [manifest] CLI subprocess coverage is not completely visible through static imports
scripts/task-tracker/verbs/close.mjs -> scripts/tests/unit/task-tracker/verbs/new-routes-create-issue.test.mjs [manifest] CLI subprocess coverage is not completely visible through static imports
scripts/task-tracker/verbs/close.mjs -> scripts/tests/unit/task-tracker/verbs/new.test.mjs [manifest] CLI subprocess coverage is not completely visible through static imports
scripts/task-tracker/verbs/close.mjs -> scripts/tests/unit/task-tracker/verbs/next-alias.test.mjs [manifest] CLI subprocess coverage is not completely visible through static imports
scripts/task-tracker/verbs/close.mjs -> scripts/tests/unit/task-tracker/verbs/park.test.mjs [manifest] CLI subprocess coverage is not completely visible through static imports
scripts/task-tracker/verbs/close.mjs -> scripts/tests/unit/task-tracker/verbs/plan-approve-collapse.test.mjs [manifest] CLI subprocess coverage is not completely visible through static imports
scripts/task-tracker/verbs/close.mjs -> scripts/tests/unit/task-tracker/verbs/plan-approve.test.mjs [manifest] CLI subprocess coverage is not completely visible through static imports
scripts/task-tracker/verbs/close.mjs -> scripts/tests/unit/task-tracker/verbs/plan-estimate.test.mjs [manifest] CLI subprocess coverage is not completely visible through static imports
scripts/task-tracker/verbs/close.mjs -> scripts/tests/unit/task-tracker/verbs/promote-discuss-refusal.test.mjs [manifest] CLI subprocess coverage is not completely visible through static imports
scripts/task-tracker/verbs/close.mjs -> scripts/tests/unit/task-tracker/verbs/promote-inprocess.test.mjs [manifest] CLI subprocess coverage is not completely visible through static imports
scripts/task-tracker/verbs/close.mjs -> scripts/tests/unit/task-tracker/verbs/promote-review-close-agent-review-gate.test.mjs [manifest] CLI subprocess coverage is not completely visible through static imports
scripts/task-tracker/verbs/close.mjs -> scripts/tests/unit/task-tracker/verbs/promote-spawn-timeout.test.mjs [manifest] CLI subprocess coverage is not completely visible through static imports
scripts/task-tracker/verbs/close.mjs -> scripts/tests/unit/task-tracker/verbs/promote-test-delegation.test.mjs [manifest] CLI subprocess coverage is not completely visible through static imports
scripts/task-tracker/verbs/close.mjs -> scripts/tests/unit/task-tracker/verbs/promote-test-review-alias.test.mjs [manifest] CLI subprocess coverage is not completely visible through static imports
scripts/task-tracker/verbs/close.mjs -> scripts/tests/unit/task-tracker/verbs/promote-test-to-review-gate.test.mjs [manifest] CLI subprocess coverage is not completely visible through static imports
scripts/task-tracker/verbs/close.mjs -> scripts/tests/unit/task-tracker/verbs/pull-next-background-profile.test.mjs [import-transitive] test transitively imports changed path
scripts/task-tracker/verbs/close.mjs -> scripts/tests/unit/task-tracker/verbs/pull-next-background-profile.test.mjs [manifest] CLI subprocess coverage is not completely visible through static imports
scripts/task-tracker/verbs/close.mjs -> scripts/tests/unit/task-tracker/verbs/pull-next-close-convergence.test.mjs [import-transitive] test transitively imports changed path
scripts/task-tracker/verbs/close.mjs -> scripts/tests/unit/task-tracker/verbs/pull-next-close-convergence.test.mjs [manifest] CLI subprocess coverage is not completely visible through static imports
scripts/task-tracker/verbs/close.mjs -> scripts/tests/unit/task-tracker/verbs/pull-next-verb.test.mjs [import-transitive] test transitively imports changed path
scripts/task-tracker/verbs/close.mjs -> scripts/tests/unit/task-tracker/verbs/pull-next-verb.test.mjs [manifest] CLI subprocess coverage is not completely visible through static imports
scripts/task-tracker/verbs/close.mjs -> scripts/tests/unit/task-tracker/verbs/reconcile-inprocess.test.mjs [manifest] CLI subprocess coverage is not completely visible through static imports
scripts/task-tracker/verbs/close.mjs -> scripts/tests/unit/task-tracker/verbs/reconcile-multistep-walk.test.mjs [manifest] CLI subprocess coverage is not completely visible through static imports
scripts/task-tracker/verbs/close.mjs -> scripts/tests/unit/task-tracker/verbs/reconcile-verb.test.mjs [manifest] CLI subprocess coverage is not completely visible through static imports
scripts/task-tracker/verbs/close.mjs -> scripts/tests/unit/task-tracker/verbs/refine-atomic-rollback.test.mjs [manifest] CLI subprocess coverage is not completely visible through static imports
scripts/task-tracker/verbs/close.mjs -> scripts/tests/unit/task-tracker/verbs/refine-fields-cache-refresh.test.mjs [manifest] CLI subprocess coverage is not completely visible through static imports
scripts/task-tracker/verbs/close.mjs -> scripts/tests/unit/task-tracker/verbs/refine-fresh-body-retry.test.mjs [manifest] CLI subprocess coverage is not completely visible through static imports
scripts/task-tracker/verbs/close.mjs -> scripts/tests/unit/task-tracker/verbs/refine-stage-completion.test.mjs [manifest] CLI subprocess coverage is not completely visible through static imports
scripts/task-tracker/verbs/close.mjs -> scripts/tests/unit/task-tracker/verbs/refine-verb.test.mjs [manifest] CLI subprocess coverage is not completely visible through static imports
scripts/task-tracker/verbs/close.mjs -> scripts/tests/unit/task-tracker/verbs/reject.test.mjs [manifest] CLI subprocess coverage is not completely visible through static imports
scripts/task-tracker/verbs/close.mjs -> scripts/tests/unit/task-tracker/verbs/review-receipt-lane-skip.test.mjs [manifest] CLI subprocess coverage is not completely visible through static imports
scripts/task-tracker/verbs/close.mjs -> scripts/tests/unit/task-tracker/verbs/review-sandbox-demote-slug.test.mjs [manifest] CLI subprocess coverage is not completely visible through static imports
scripts/task-tracker/verbs/close.mjs -> scripts/tests/unit/task-tracker/verbs/review-state-action.test.mjs [manifest] CLI subprocess coverage is not completely visible through static imports
scripts/task-tracker/verbs/close.mjs -> scripts/tests/unit/task-tracker/verbs/review-timing-monotonic.test.mjs [manifest] CLI subprocess coverage is not completely visible through static imports
scripts/task-tracker/verbs/close.mjs -> scripts/tests/unit/task-tracker/verbs/review-unverified-tick-hatch.test.mjs [manifest] CLI subprocess coverage is not completely visible through static imports
scripts/task-tracker/verbs/close.mjs -> scripts/tests/unit/task-tracker/verbs/sandbox-env-isolation.test.mjs [manifest] CLI subprocess coverage is not completely visible through static imports
scripts/task-tracker/verbs/close.mjs -> scripts/tests/unit/task-tracker/verbs/split-plan.test.mjs [manifest] CLI subprocess coverage is not completely visible through static imports
scripts/task-tracker/verbs/close.mjs -> scripts/tests/unit/task-tracker/verbs/state-cursor-promotion-parity.test.mjs [manifest] CLI subprocess coverage is not completely visible through static imports
scripts/task-tracker/verbs/close.mjs -> scripts/tests/unit/task-tracker/verbs/supersede-inprocess.test.mjs [manifest] CLI subprocess coverage is not completely visible through static imports
scripts/task-tracker/verbs/close.mjs -> scripts/tests/unit/task-tracker/verbs/supersede-verb.test.mjs [manifest] CLI subprocess coverage is not completely visible through static imports
scripts/task-tracker/verbs/close.mjs -> scripts/tests/unit/task-tracker/verbs/test-rejected-vc-not-scored-as-failed.test.mjs [manifest] CLI subprocess coverage is not completely visible through static imports
scripts/task-tracker/verbs/close.mjs -> scripts/tests/unit/task-tracker/verbs/test-state-action.test.mjs [manifest] CLI subprocess coverage is not completely visible through static imports
scripts/task-tracker/verbs/close.mjs -> scripts/tests/unit/task-tracker/verbs/test-verb-kind-aware-lanes.test.mjs [manifest] CLI subprocess coverage is not completely visible through static imports
scripts/task-tracker/verbs/close.mjs -> scripts/tests/unit/task-tracker/verbs/test-verb-lane-split-migration.test.mjs [manifest] CLI subprocess coverage is not completely visible through static imports
scripts/task-tracker/verbs/close.mjs -> scripts/tests/unit/task-tracker/verbs/test-verb-sandbox-worktree-path.test.mjs [manifest] CLI subprocess coverage is not completely visible through static imports
scripts/task-tracker/verbs/close.mjs -> scripts/tests/unit/task-tracker/verbs/unassign.test.mjs [manifest] CLI subprocess coverage is not completely visible through static imports
scripts/task-tracker/verbs/close.mjs -> scripts/tests/unit/task-tracker/verbs/verb-discover-help.test.mjs [manifest] CLI subprocess coverage is not completely visible through static imports
scripts/task-tracker/verbs/close.mjs -> scripts/tests/unit/task-tracker/verbs/verb-plan-promote.test.mjs [manifest] CLI subprocess coverage is not completely visible through static imports
scripts/task-tracker/verbs/close.mjs -> scripts/tests/unit/task-tracker/verbs/verb-test-sandbox-env.test.mjs [manifest] CLI subprocess coverage is not completely visible through static imports
scripts/tests/unit/task-tracker/lib/reopened-close-binding-ownership.test.mjs -> scripts/tests/integration/meta/test-tree-layout.test.mjs [manifest] current test tree authority change
scripts/tests/unit/task-tracker/lib/reopened-close-binding-ownership.test.mjs -> scripts/tests/unit/task-tracker/lib/reopened-close-binding-ownership.test.mjs [changed-test] changed or newly discovered test
scripts/tests/unit/task-tracker/lib/reopened-close-recovery.test.mjs -> scripts/tests/integration/meta/test-tree-layout.test.mjs [manifest] current test tree authority change
scripts/tests/unit/task-tracker/lib/reopened-close-recovery.test.mjs -> scripts/tests/unit/task-tracker/lib/reopened-close-recovery.test.mjs [changed-test] changed or newly discovered test
scripts/tests/unit/task-tracker/lib/terminal-binding-authority.test.mjs -> scripts/tests/integration/meta/test-tree-layout.test.mjs [manifest] current test tree authority change
scripts/tests/unit/task-tracker/lib/terminal-binding-authority.test.mjs -> scripts/tests/unit/task-tracker/lib/terminal-binding-authority.test.mjs [changed-test] changed or newly discovered test
scripts/tests/unit/task-tracker/verbs/close-reopened-recovery-wiring.test.mjs -> scripts/tests/integration/meta/test-tree-layout.test.mjs [manifest] current test tree authority change
scripts/tests/unit/task-tracker/verbs/close-reopened-recovery-wiring.test.mjs -> scripts/tests/unit/task-tracker/verbs/close-reopened-recovery-wiring.test.mjs [changed-test] changed or newly discovered test
verify-develop: lint-affected-fix exit=0 duration=545ms
verify-develop: format-affected-fix exit=0 duration=536ms
verify-develop: test-affected exit=0 duration=391ms
verify-develop: test-affected exit=0 duration=199ms
verify-develop: test-affected exit=0 duration=245ms
verify-develop: test-affected exit=0 duration=157ms
verify-develop: test-affected exit=0 duration=134ms
verify-develop: test-affected exit=0 duration=2983ms
verify-develop: test-affected exit=0 duration=647ms
verify-develop: test-affected exit=0 duration=430ms
verify-develop: test-affected exit=0 duration=144ms
verify-develop: test-affected exit=0 duration=256ms
verify-develop: test-affected exit=0 duration=177ms
verify-develop: test-affected exit=0 duration=167ms
verify-develop: test-affected exit=0 duration=202ms
verify-develop: test-affected exit=0 duration=128ms
verify-develop: test-affected exit=0 duration=109ms
verify-develop: test-affected exit=0 duration=110ms
verify-develop: test-affected exit=0 duration=100ms
verify-develop: test-affected exit=0 duration=474ms
verify-develop: test-affected exit=0 duration=484ms
verify-develop: test-affected exit=0 duration=134ms
verify-develop: test-affected exit=0 duration=149ms
verify-develop: test-affected exit=0 duration=106ms
verify-develop: test-affected exit=0 duration=112ms
verify-develop: test-affected exit=0 duration=99ms
verify-develop: test-affected exit=0 duration=1183ms
verify-develop: test-affected exit=0 duration=107ms
verify-develop: test-affected exit=0 duration=139ms
verify-develop: test-affected exit=0 duration=339ms
verify-develop: test-affected exit=0 duration=199ms
verify-develop: test-affected exit=0 duration=416ms
verify-develop: test-affected exit=0 duration=294ms
verify-develop: test-affected exit=0 duration=152ms
verify-develop: test-affected exit=0 duration=103ms
verify-develop: test-affected exit=0 duration=146ms
verify-develop: test-affected exit=0 duration=136ms
verify-develop: test-affected exit=0 duration=148ms
verify-develop: test-affected exit=0 duration=136ms
verify-develop: test-affected exit=0 duration=137ms
verify-develop: test-affected exit=0 duration=520ms
verify-develop: test-affected exit=0 duration=187ms
verify-develop: test-affected exit=0 duration=345ms
verify-develop: test-affected exit=0 duration=532ms
verify-develop: test-affected exit=0 duration=108ms
verify-develop: test-affected exit=0 duration=88ms
verify-develop: test-affected exit=0 duration=119ms
verify-develop: test-affected exit=0 duration=92ms
verify-develop: test-affected exit=0 duration=418ms
verify-develop: test-affected exit=0 duration=114ms
verify-develop: test-affected exit=0 duration=161ms
verify-develop: test-affected exit=0 duration=94ms
verify-develop: test-affected exit=0 duration=119ms
verify-develop: test-affected exit=0 duration=344ms
verify-develop: test-affected exit=0 duration=144ms
verify-develop: test-affected exit=0 duration=123ms
verify-develop: test-affected exit=0 duration=358ms
verify-develop: test-affected exit=0 duration=120ms
verify-develop: test-affected exit=0 duration=581ms
verify-develop: test-affected exit=0 duration=118ms
verify-develop: test-affected exit=0 duration=120ms
verify-develop: test-affected exit=0 duration=122ms
verify-develop: test-affected exit=0 duration=115ms
verify-develop: test-affected exit=0 duration=112ms
verify-develop: test-affected exit=0 duration=116ms
verify-develop: test-affected exit=0 duration=120ms
verify-develop: test-affected exit=0 duration=116ms
verify-develop: test-affected exit=0 duration=121ms
verify-develop: test-affected exit=0 duration=170ms
verify-develop: test-affected exit=0 duration=137ms
verify-develop: test-affected exit=0 duration=144ms
verify-develop: test-affected exit=0 duration=142ms
verify-develop: test-affected exit=0 duration=111ms
verify-develop: test-affected exit=0 duration=131ms
verify-develop: test-affected exit=0 duration=389ms
verify-develop: test-affected exit=0 duration=117ms
verify-develop: test-affected exit=0 duration=116ms
verify-develop: test-affected exit=0 duration=94ms
verify-develop: test-affected exit=0 duration=111ms
verify-develop: test-affected exit=0 duration=99ms
verify-develop: test-affected exit=0 duration=115ms
verify-develop: test-affected exit=0 duration=97ms
verify-develop: test-affected exit=0 duration=106ms
verify-develop: test-affected exit=0 duration=157ms
verify-develop: test-affected exit=0 duration=100ms
verify-develop: test-affected exit=0 duration=91ms
verify-develop: test-affected exit=0 duration=94ms
verify-develop: test-affected exit=0 duration=101ms
verify-develop: test-affected exit=0 duration=143ms
verify-develop: test-affected exit=0 duration=110ms
verify-develop: test-affected exit=0 duration=107ms
verify-develop: test-affected exit=0 duration=124ms
verify-develop: test-affected exit=0 duration=147ms
verify-develop: test-affected exit=0 duration=141ms
verify-develop: test-affected exit=0 duration=372ms
verify-develop: test-affected exit=0 duration=145ms
verify-develop: test-affected exit=0 duration=124ms
verify-develop: test-affected exit=0 duration=137ms
verify-develop: test-affected exit=0 duration=475ms
verify-develop: test-affected exit=0 duration=165ms
verify-develop: test-affected exit=0 duration=183ms
verify-develop: test-affected exit=0 duration=191ms
verify-develop: test-affected exit=0 duration=138ms
verify-develop: test-affected exit=0 duration=137ms
verify-develop: test-affected exit=0 duration=145ms
verify-develop: test-affected exit=0 duration=145ms
verify-develop: test-affected exit=0 duration=146ms
verify-develop: test-affected exit=0 duration=111ms
verify-develop: test-affected exit=0 duration=146ms
verify-develop: test-affected exit=0 duration=141ms
verify-develop: test-affected exit=0 duration=123ms
verify-develop: test-affected exit=0 duration=93ms
verify-develop: test-affected exit=0 duration=134ms
verify-develop: test-affected exit=0 duration=145ms
verify-develop: test-affected exit=0 duration=149ms
verify-develop: test-affected exit=0 duration=135ms
verify-develop: test-affected exit=0 duration=117ms
verify-develop: test-affected exit=0 duration=422ms
verify-develop: test-affected exit=0 duration=91ms
verify-develop: test-affected exit=0 duration=134ms
verify-develop: test-affected exit=0 duration=137ms
verify-develop: test-affected exit=0 duration=136ms
verify-develop: test-affected exit=0 duration=111ms
verify-develop: test-affected exit=0 duration=146ms
verify-develop: test-affected exit=0 duration=139ms
verify-develop: test-affected exit=0 duration=120ms
verify-develop: test-affected exit=0 duration=100ms
verify-develop: test-affected exit=0 duration=94ms
verify-develop: test-affected exit=0 duration=132ms
verify-develop: test-affected exit=0 duration=219ms
verify-develop: iteration checks passed
