scripts/task-tracker/lib/reopened-close-recovery.mjs 62ms (unchanged)
scripts/task-tracker/verbs/close.mjs 135ms (unchanged)
scripts/tests/unit/task-tracker/lib/reopened-close-binding-ownership.test.mjs 9ms (unchanged)
scripts/tests/unit/task-tracker/lib/reopened-close-recovery.test.mjs 13ms (unchanged)
scripts/tests/unit/task-tracker/lib/terminal-binding-authority.test.mjs 5ms
scripts/tests/unit/task-tracker/verbs/close-reopened-recovery-wiring.test.mjs 14ms (unchanged)
✔ layout audit rejects a discovered test outside the canonical lane tree (87.789625ms)
✔ layout audit rejects a test placed directly in a canonical lane root (44.405ms)
✔ line-cap audit still examines a misplaced test discovered outside the canonical tree (43.459708ms)
✔ a hidden support-subtree test cannot evade discovery, the runner, or any audit (116.704125ms)
✔ feature-oriented files keep semantic ownership after their lane correction (2.213875ms)
✔ current test-tree baseline is well formed (1.0875ms)
✔ AC3/AC4: every current baseline test remains live in its recorded lane (0.209125ms)
✔ AC1: no *.test.mjs file remains directly in a lane root (0.265084ms)
✔ AC2: every lane subdirectory mirrors a real source subsystem (or is core/meta) (3.123209ms)
✔ AC4: the three lanes are a disjoint partition whose union is the whole discovery set (5.316875ms)
ℹ tests 10
ℹ suites 0
ℹ pass 10
ℹ fail 0
ℹ cancelled 0
ℹ skipped 0
ℹ todo 0
ℹ duration_ms 367.9885
✔ AC1: buildContext decomposes into named capability objects (1.271416ms)
✔ AC2: assembleCapabilities groups flat members by reference (0.121667ms)
✔ strict sub-issue capability fetches project identity and Status name in one query (0.371ms)
✔ strict sub-issue capability reports a thrown GraphQL query as unknown (0.815125ms)
✔ legacy fetchSubIssues delegates and preserves numeric issue numbers only for ok snapshots (0.250167ms)
✔ AC2: verbClose is migrated to the narrow capability interface (0.393083ms)
✔ AC3: verbClose runs against a narrow fixture (no active task path) (48.532209ms)
ℹ tests 7
ℹ suites 0
ℹ pass 7
ℹ fail 0
ℹ cancelled 0
ℹ skipped 0
ℹ todo 0
ℹ duration_ms 164.538583
[task-tracker] ⛔ Refusing to close #1381: review-authorization-missing. Run `/task deliver` until a verified exact-head receipt exists, then retry.
[task-tracker] projectDir override: AI_TASK_MANAGER_PROJECT_DIR=/Users/kpburson/projects/Vibe-Coding/ai-task-manager/.worktrees/1490-squash-delivery-proof/.scratch/test/aitm-1381-close-wiring-RGrnYs for #1381
Closed #1381.
#1381 is already fully closed; no terminal writes were repeated.
[task-tracker] ⛔ Refusing to close #1381: delivery-authority:accepted-evidence. Run `/task deliver` until a verified exact-head receipt exists, then retry.
[task-tracker] ⛔ Refusing to close #1381: delivery-authority:accepted-evidence. Run `/task deliver` until a verified exact-head receipt exists, then retry.
[task-tracker] ⛔ Refusing to close #1381: review-authorization-missing. Run `/task deliver` until a verified exact-head receipt exists, then retry.
[task-tracker] ⛔ Refusing to close #1381: close-delivery-receipt:missing. Run `/task deliver` until a verified exact-head receipt exists, then retry.
[task-tracker] ⛔ Refusing to close #1381: close-delivery-receipt:merge-commit-mismatch. Run `/task deliver` until a verified exact-head receipt exists, then retry.
[task-tracker] ⛔ Refusing to close #1381: delivery-verification:merge-method. Run `/task deliver` until a verified exact-head receipt exists, then retry.
[task-tracker] ⛔ Refusing to close #1381: delivery-verification:merge-commit-bytes. Run `/task deliver` until a verified exact-head receipt exists, then retry.
Closed #1381.
Closed #1381.
✔ A to B reused-branch delivery closes historical A through production seams and retries read-only (41.729875ms)
✔ interrupted A delivery recovers its receipt after the branch advances without provider action (2.340041ms)
✔ reused-branch composition fails closed on ambiguous PR and corrupt record histories (4.6245ms)
✔ historical recovery refuses unreadable trunk, unreachable merge, and altered authorized bytes (2.308667ms)
✔ composed close refuses stale lifecycle, approval, PR, merge, method, and attribution evidence (17.230125ms)
✔ partial Delivered terminal transaction resumes only its exact suffix under durable authority (8.881958ms)
✔ close rejects malformed provider timestamps before receipt or terminal mutation (1.121209ms)
✔ #1382 and #1383 project one approved ledger but produce distinct terminal record chains (17.08ms)
✔ amendment gates keep Phase B ledger authority after #1381 Done and block chain or #939 drift (10.658334ms)
ℹ tests 9
ℹ suites 0
ℹ pass 9
ℹ fail 0
ℹ cancelled 0
ℹ skipped 0
ℹ todo 0
ℹ duration_ms 213.774292
✔ legacy approval keeps the marker lane while directory approval consumes accepted evidence (5.292458ms)
✔ human and Full-Auto approval provenance are explicit and non-interchangeable (1.079584ms)
✔ directory Review and Approval predicates reject stale SHA, epoch, and authority (0.194958ms)
✔ manual lifecycle checkbox edits cannot satisfy directory-governed close (0.393583ms)
✔ close resolves current directory evidence but leaves legacy bodies on the existing lane (0.254792ms)
✔ close fails closed when accepted directory Review or Approval evidence is absent (0.334916ms)
✔ deliver resolves marker-free exact-head directory approval authority (0.924416ms)
✔ runDeliver consumes marker-free exact-head directory Review and Approval evidence (4.000459ms)
✔ runDeliver refuses directory authority without accepted exact-head Review evidence (0.526416ms)
✔ runDeliver never hybridizes directory Review with legacy body Approval (0.720917ms)
ℹ tests 10
ℹ suites 0
ℹ pass 10
ℹ fail 0
ℹ cancelled 0
ℹ skipped 0
ℹ todo 0
ℹ duration_ms 126.709375
close-lifecycle-tick.test.mjs: all passed
✔ scripts/tests/slow/task-tracker/verbs/close-lifecycle-tick.test.mjs (96.06425ms)
ℹ tests 1
ℹ suites 0
ℹ pass 1
ℹ fail 0
ℹ cancelled 0
ℹ skipped 0
ℹ todo 0
ℹ duration_ms 100.948625
coverage-close.test.mjs: defined
✔ no active task (3.289458ms)
✔ discover bucket → discarded (3.48575ms)
✔ target adopted into empty state → Closed (85.085667ms)
✔ convergence close-issue: board Done + issue OPEN → gh close (308.679ms)
✔ convergence close-issue: outcome failure leaves the issue OPEN and active (8.088167ms)
✔ convergence close-issue: disposition failure leaves issue OPEN and active (7.764208ms)
✔ convergence close-issue: gh close fails → exit 1 (7.576291ms)
✔ convergence noop + boardDrift: issue CLOSED, board behind → converge (62.689042ms)
✔ convergence noop + boardDrift: move fails + board not Done → exit 1 (1.318625ms)
[task-tracker] projectDir override: AI_TASK_MANAGER_PROJECT_DIR=/Users/kpburson/projects/Vibe-Coding/ai-task-manager/.worktrees/1490-squash-delivery-proof/.scratch/test/aitm-613-wcvU2J for the active issue
✔ convergence noop, no drift: issue CLOSED + board Done → already closed (63.75325ms)
✔ happy tail: approval marker present → emitted, Closed (55.686541ms)
✔ happy tail: no approval marker → review:approved suppressed (57.519416ms)
✔ happy-tail candidate refuses close when terminal timing is only queued (1.249667ms)
✔ final move non-benign failure + board not Done → exit 1 (0.781667ms)
✔ offline final move cannot verify board Done → refuses non-benign failure (0.769625ms)
[task-tracker] projectDir override: AI_TASK_MANAGER_PROJECT_DIR=/Users/kpburson/projects/Vibe-Coding/ai-task-manager/.worktrees/1490-squash-delivery-proof/.scratch/test/aitm-613-MHLHcU for the active issue
✔ dirty + CI headless, no --answer → exit 5 (48.352583ms)
[task-tracker] projectDir override: AI_TASK_MANAGER_PROJECT_DIR=/Users/kpburson/projects/Vibe-Coding/ai-task-manager/.worktrees/1490-squash-delivery-proof/.scratch/test/aitm-613-TTyFwi for the active issue
✔ dirty + --answer cancel → left in Review (52.580875ms)
[task-tracker] projectDir override: AI_TASK_MANAGER_PROJECT_DIR=/Users/kpburson/projects/Vibe-Coding/ai-task-manager/.worktrees/1490-squash-delivery-proof/.scratch/test/aitm-613-hCxezi for the active issue
✔ dirty + --answer yes → refuse, exit 6 (45.968125ms)
[task-tracker] projectDir override: AI_TASK_MANAGER_PROJECT_DIR=/Users/kpburson/projects/Vibe-Coding/ai-task-manager/.worktrees/1490-squash-delivery-proof/.scratch/test/aitm-613-V42075 for the active issue
✔ dirty + invalid --answer → exit 1 (44.227375ms)
[task-tracker] projectDir override: AI_TASK_MANAGER_PROJECT_DIR=/Users/kpburson/projects/Vibe-Coding/ai-task-manager/.worktrees/1490-squash-delivery-proof/.scratch/test/aitm-613-GyG5c7 for the active issue
✔ dirty + interactive (no CI, no answer) → PROMPT_REQUIRED (45.03225ms)
✔ dirty + --answer no → audit row, continues to Closed (90.367917ms)
✔ gate-eval failure, no --force → fail-closed exit 3 (28.22725ms)
✔ --force: gate-eval throw swallowed → cascade + close pipeline → Closed (123.657166ms)
✔ cascade: disposition failure leaves child and parent OPEN and active (1.607417ms)
✔ cascade: outcome failure leaves child in Review and parent OPEN and active (1.594209ms)
✔ cascade: queued terminal timing leaves child in Review and retains evidence for retry (1.153458ms)
✔ cascade: each child outcome uses its own resolved worktree (124.323792ms)
✔ assertFieldsPersisted: aitm-fields marker missing → throws (7.031542ms)
✔ assertFieldsPersisted: engagedTime null → throws (6.701792ms)
✔ assertFieldsPersisted: body re-read fails → throws (6.512041ms)
✔ tickLifecycleOnClose: ticks story-closed + timing-flushed via mutate (0.357083ms)
⚠ lifecycle-tick best-effort failed: boom
✔ tickLifecycleOnClose: mutate throws → best-effort swallow (1503.655459ms)
ℹ tests 32
ℹ suites 0
ℹ pass 32
ℹ fail 0
ℹ cancelled 0
ℹ skipped 0
ℹ todo 0
ℹ duration_ms 2933.372291
orchestrators.test.mjs: ok
✔ move-state: agent-context call (no env, no TTY) is refused with exit 3 (91.837417ms)
✔ move-state: chokepoint call (AITM_INTERNAL=1) moves and prints confirmation (90.15075ms)
✔ move-state: illegal matrix transition is refused with exit 5 (86.997ms)
✔ move-state: valid forward transition (refine → ready-for-plan) succeeds (96.473833ms)
✔ promote: recorded=done is terminal-refused (forward-only) (2.074208ms)
✔ promote: board/recorded divergence is drift-refused with both states (0.14275ms)
✔ promote: no recorded marker and no live board item is an error (0.114083ms)
✔ promote: unknown recorded state is an error (0.149041ms)
✔ promote: delegate-timeout policy — test gets none, close gets a bounded budget (0.161958ms)
✔ close: no active task and no target prints "no active task" and does nothing (2.56375ms)
✔ close: an active review issue runs the terminal done move after the wrap rows (98.571083ms)
ℹ tests 11
ℹ suites 0
ℹ pass 11
ℹ fail 0
ℹ cancelled 0
ℹ skipped 0
ℹ todo 0
ℹ duration_ms 587.817708
close-emission-order.test.mjs: ok
Closed #999.
Closed #999.
Closed #999.
✔ buildReviewToDoneClosePair emits review:approved then issue:wrap (14.641625ms)
✔ verbClose emits review:approved + issue:wrap before the done board move (88.606917ms)
✔ combined close + done-move stream is review:approved → issue:wrap → issue:closed (0.207959ms)
✔ #692 AC2 — retried close does not re-emit an existing review:approved/issue:wrap pair (85.954834ms)
✔ #692 AC3 — review:approved active duration derives from the timing comment (90.785375ms)
ℹ tests 5
ℹ suites 0
ℹ pass 5
ℹ fail 0
ℹ cancelled 0
ℹ skipped 0
ℹ todo 0
ℹ duration_ms 386.7825
✔ proof-gated scanner waives suite, tests DoD, and derived aggregate boxes (1.028833ms)
✔ scanner preserves byte-identical default-deny behavior without proof (0.094708ms)
✔ Test exit guard uses proof resolution and keeps unrelated blockers (0.239ms)
✔ close verb passes validated docs-only proof to the shared scanner (0.119583ms)
✔ earned lane-skip predicate requires docs-only proof and every dropped lane (0.338959ms)
✔ proof resolver accepts only a validated current receipt for a live docs-only body (0.5935ms)
ℹ tests 6
ℹ suites 0
ℹ pass 6
ℹ fail 0
ℹ cancelled 0
ℹ skipped 0
ℹ todo 0
ℹ duration_ms 105.422916
close-cross-close.test.mjs: all passed
✔ source: no `closingDifferentIssue` references remain (dead-code check) (0.416542ms)
✔ source: bind-mismatch refusal now lives in the shared preflight helper (0.092083ms)
✔ source: preflight bind-mismatch uses exit(7) (0.087416ms)
✔ refuses cross-close: exit 7, PROMPT_REQUIRED on stdout (via dispatcher preflight) (100.522667ms)
✔ allows close when target equals s.active (no refusal) (7.550416ms)
✔ allows close when s.active is null and target is given (4.2065ms)
ℹ tests 6
ℹ suites 0
ℹ pass 6
ℹ fail 0
ℹ cancelled 0
ℹ skipped 0
ℹ todo 0
ℹ duration_ms 213.170583
close-repair.test.mjs: all passed
✔ #708 AC2 (baseline): board=Done + issue=CLOSED without --repair → noop short-circuit (no timing flush) (19.837708ms)
✔ #708 AC2: same state WITH --repair → bypasses noop and replays the full atomic close (8.652292ms)
✔ #708 AC4: `--repair` is documented in the close verb help output (0.189833ms)
ℹ tests 3
ℹ suites 0
ℹ pass 3
ℹ fail 0
ℹ cancelled 0
ℹ skipped 0
ℹ todo 0
ℹ duration_ms 146.46075
✔ blocked R4P child stays current for epic admission but waits for its predecessor (4.968417ms)
✔ configured-project mapping rejects ambiguous blocker markers (0.331333ms)
✔ configured-project child mapping carries current refinement and terminal evidence (0.391583ms)
✔ configured-project mapping rejects stale refinement evidence and board-rank drift (0.512417ms)
✔ epic admission and terminal delivery fail closed on incomplete descriptors and board drift (0.3305ms)
✔ strict local WIP cannot be disabled by project configuration (0.353209ms)
✔ epic Plan admission requires every executable child at R4P or later with refinement evidence (0.245625ms)
✔ R4P state enforces epic child admission before entering Plan (0.158ms)
✔ next-child selection uses only dependency-ready R4P children and rank (0.22475ms)
✔ next-child selection fails closed while any sibling is locally active (0.140208ms)
✔ local WIP policy has no blocker exception while another child is active (0.083833ms)
✔ epic Test admission requires Done or an accepted closed disposition (0.171542ms)
✔ pull-next advances one dependency-ready R4P child exactly one edge and then stops (10.876292ms)
✔ pull-next refuses to start another local child while a sibling is active (0.193708ms)
✔ operator help, architecture, and pickup guidance describe R4P child staging (1.044458ms)
✔ epic child enumeration exhausts every GraphQL page and refuses cursor ambiguity (0.752542ms)
✔ configured child project membership and fields paginate exhaustively (0.223875ms)
ℹ tests 17
ℹ suites 0
ℹ pass 17
ℹ fail 0
ℹ cancelled 0
ℹ skipped 0
ℹ todo 0
ℹ duration_ms 137.473416
✔ #1490: the production inspector reports conflict for a same-session post-close rebind (51.586208ms)
✔ #1490: `pending` is unreachable once a reopened issue carries a ledger closedAt (11.3665ms)
✔ #1490: ownership resolves a same-session post-close rebind as the recovery own claim (6.246083ms)
✔ #1490: a foreign occupancy claim is refused, not adopted (8.196375ms)
✔ #1490: an own claim on a different worktree is refused (6.309208ms)
✔ #1490: a claim predating the old close is not a post-close rebind (5.736167ms)
✔ #1490: no ledger closedAt means this session never closed the issue (6.1055ms)
✔ #1490: a live active-task record not marked closed refuses (6.260625ms)
✔ #1490: a paused session is authorized — an active-task file is not required (6.048792ms)
ℹ tests 9
ℹ suites 0
ℹ pass 9
ℹ fail 0
ℹ cancelled 0
ℹ skipped 0
ℹ todo 0
ℹ duration_ms 178.071125
✔ #1490: the exact completed-and-reopened shape authorizes (3.32225ms)
✔ #1490: a partial or reordered terminal sequence refuses (1.644958ms)
✔ #1490: a malformed transaction refuses (0.308083ms)
✔ #1490: an identical old and new accepted SHA refuses (0.184292ms)
✔ #1490: every contradictory live state refuses (1.00975ms)
✔ #1490: the historical bundle must correlate PR, intent, and receipt (1.877ms)
✔ #1490: current delivery evidence must be gate-resolved, not asserted (1.553ms)
✔ #1490: the recovery record captures both transactions, SHAs, and authorities (0.941542ms)
✔ #1490: the recovery identity is deterministic, so a retry reuses it (0.442167ms)
✔ #1490: the replacement transaction begins with zero completed steps (1.102875ms)
✔ #1490: replacing an already-replaced marker is an idempotent no-op (0.480583ms)
✔ #1490: a body whose transaction is not the authorized one refuses (0.311416ms)
✔ #1490: zero or multiple delivered-close transactions refuse (0.328208ms)
✔ #1490: durable evidence is resolved by codec, never by substring (0.739459ms)
✔ #1490: a retry reuses the durable replacement id rather than minting another (0.374083ms)
✔ #1490: progress classification distinguishes both interruption points (0.572042ms)
✔ #1490: the old transaction is rebuilt from durable evidence (0.301542ms)
✔ #1490: a record whose intent disagrees with the authorization refuses (0.280917ms)
ℹ tests 18
ℹ suites 0
ℹ pass 18
ℹ fail 0
ℹ cancelled 0
ℹ skipped 0
ℹ todo 0
ℹ duration_ms 86.225958
✔ #1490: durable evidence identifies the replacement at its seven-step prefix (1.6095ms)
✔ #1490: an ordinary close has no recovery evidence and is reported as absence (0.256958ms)
✔ #1490: two records naming one replacement are ambiguous, never picked between (0.235583ms)
✔ #1490: a record whose accepted SHA disagrees with the body is not a match (0.15975ms)
✔ #1490: a record rendered for a DIFFERENT issue REFUSES rather than being ignored (0.309208ms)
✔ #1490: the verb treats that refusal as "unproven", so the binding step still refuses (0.081584ms)
✔ #1490: every non-conflict status stays exactly as the inspector permitted it (0.0605ms)
✔ #1490: conflict on an ORDINARY close still refuses — the default is unchanged (0.048ms)
✔ #1490: conflict on a recovery-backed replacement with its OWN claim proceeds (0.058792ms)
✔ #1490: a recovery-backed replacement does NOT forgive a foreign or stale claim (0.197334ms)
✔ #1490: the verb decides the binding step through the shared policy (0.131083ms)
✔ #1490: the authorized conflict arm HEADS the status chain (0.100208ms)
ℹ tests 12
ℹ suites 0
ℹ pass 12
ℹ fail 0
ℹ cancelled 0
ℹ skipped 0
ℹ todo 0
ℹ duration_ms 74.280542
✔ ac-stamp seam: a cited AC resolves to its literal verifier command (AC3) (2.757917ms)
✔ ac-stamp seam: stamping a cited AC writes a readable evidence proof (AC3) (1.061458ms)
✔ ac-stamp seam: cited stamp reconciliation is idempotent for an already-listed command (AC3) (0.228583ms)
✔ ac-stamp seam: cited and legacy ACs share one key and both stamp readable proofs (AC3/AC5) (1.663708ms)
✔ verbAcStamp is exported as an async function (0.072167ms)
ℹ tests 5
ℹ suites 0
ℹ pass 5
ℹ fail 0
ℹ cancelled 0
ℹ skipped 0
ℹ todo 0
ℹ duration_ms 84.540791
{
  "status": "clean"
}
✔ action-ledger parses audit, gc, and approved reconcile modes (0.815417ms)
✔ verb routes one selected mode through its runtime (0.419125ms)
ℹ tests 2
ℹ suites 0
ℹ pass 2
ℹ fail 0
ℹ cancelled 0
ℹ skipped 0
ℹ todo 0
ℹ duration_ms 70.142541
approve: lifecycle-tick-noop: 'passed-final-review' label not matched — body may use legacy heading or customized DoD
approve: lifecycle-tick-noop: 'passed-final-review' label not matched — body may use legacy heading or customized DoD
approve: lifecycle-tick-noop: 'passed-final-review' label not matched — body may use legacy heading or customized DoD
approve: lifecycle-tick-noop: 'passed-final-review' label not matched — body may use legacy heading or customized DoD
approve: lifecycle-tick-noop: 'passed-final-review' label not matched — body may use legacy heading or customized DoD
✔ scripts/tests/unit/task-tracker/verbs/approve-core.test.mjs (518.208ms)
ℹ tests 1
ℹ suites 0
ℹ pass 1
ℹ fail 0
ℹ cancelled 0
ℹ skipped 0
ℹ todo 0
ℹ duration_ms 522.677708
approve: lifecycle-tick-noop: 'passed-final-review' label not matched — body may use legacy heading or customized DoD
approve: lifecycle-tick-noop: 'passed-final-review' label not matched — body may use legacy heading or customized DoD
approve: lifecycle-tick-noop: 'passed-final-review' label not matched — body may use legacy heading or customized DoD
approve: lifecycle-tick-noop: 'passed-final-review' label not matched — body may use legacy heading or customized DoD
✔ scripts/tests/unit/task-tracker/verbs/approve-full-auto-detect.test.mjs (495.513583ms)
ℹ tests 1
ℹ suites 0
ℹ pass 1
ℹ fail 0
ℹ cancelled 0
ℹ skipped 0
ℹ todo 0
ℹ duration_ms 500.181208
⚠ approve: review-notes post failed: network down
✔ runApprove in human mode posts notes with human source from stdin drivers (5.339292ms)
✔ runApprove in full-auto mode posts notes with auto source and derived drivers (1.37ms)
✔ runApprove in human mode skips notes comment when no drivers entered (0.62375ms)
✔ runApprove still ticks lifecycle even if notes-post fails (0.929583ms)
ℹ tests 4
ℹ suites 0
ℹ pass 4
ℹ fail 0
ℹ cancelled 0
ℹ skipped 0
ℹ todo 0
ℹ duration_ms 84.320875
✔ exports the marker-authorized approval timing capabilities (0.644625ms)
✔ #1127 marker-authorized boundary is inserted at approval and deduplicated (16.560042ms)
✔ marker-authorized boundary ignores fenced approval lookalikes (0.339ms)
✔ legacy colon approval marker remains valid reconciliation authority (0.132375ms)
✔ #1127 delayed close cannot inflate Review or published active totals (1.41725ms)
✔ legacy repair uses the last marker at approval, not a later close marker (0.652167ms)
✔ legacy repair preserves an explicit unavailable full marker at approval (0.41325ms)
✔ legacy repair treats an empty historical full-marker cell as unavailable (0.353125ms)
✔ post-close retry cannot duplicate the same authoritative approval event (0.755416ms)
✔ runApprove reconciles timing after first approval and on an already-approved retry (5.853375ms)
✔ runApprove refreshes stale Full-Auto approval carriers after lifecycle invalidation (2.115208ms)
✔ runApprove removes a legacy unbounded Full-Auto footnote during stale re-approval (2.349458ms)
ℹ tests 12
ℹ suites 0
ℹ pass 12
ℹ fail 0
ℹ cancelled 0
ℹ skipped 0
ℹ todo 0
ℹ duration_ms 111.654542
✔ assign claims an unassigned pre-Develop story without changing Status (1.334292ms)
✔ assign transfers a locally-owned story to one different owner while preserving Status (0.183959ms)
✔ assign refuses foreign and multiple ownership before mutation (0.233208ms)
✔ assign treats a thrown add with a matching read-back as ambiguous and never compensates (0.157667ms)
✔ assign never destructively compensates a successful but provenance-ambiguous add (0.125625ms)
✔ transfer does not destructively compensate after the prior owner was removed (0.135333ms)
✔ assign never mutates when the durable audit reservation fails (0.258709ms)
✔ assign is idempotent for the requested singleton owner (0.099584ms)
✔ assign retries a pending completion audit without repeating ownership mutation (0.343583ms)
✔ assign reports audit-pending after verified mutation when completion write fails (0.183125ms)
✔ transfer retry repairs completion audit from the original owner workstation (0.219834ms)
✔ audit retry correlates by transaction id instead of suppressing a newer identical intent (0.129875ms)
✔ transfer retry never completes a pending transaction for a different requested target (0.074833ms)
✔ ownership verb refusals give the operator a concrete recovery action (0.289958ms)
✔ Done preserves final ownership and refuses transfer (0.054833ms)
ℹ tests 15
ℹ suites 0
ℹ pass 15
ℹ fail 0
ℹ cancelled 0
ℹ skipped 0
ℹ todo 0
ℹ duration_ms 68.481958
[task-tracker] WARN: required project field "Blocked By" (cfg.fieldBlockedBy) is not configured — board mirror skipped. Re-run `scripts/gh/init-project-config.sh` to discover and persist field ids.
[task-tracker] ✓ #100 blocked by #5
[task-tracker] ✓ #100 blocked by #5, #7
[task-tracker] ✓ #100 already blocked by #5
[task-tracker] ✓ #100 already blocked by #5
[task-tracker] ✓ #100 unblocked (cleared #5)
[task-tracker] ✓ #100 unblocked (cleared #5, #7; BLOCKED label dropped)
[task-tracker] ✓ #100 has no matching blockers to clear
[task-tracker] ✓ #100 has no matching blockers to clear
[task-tracker] ✓ #100 unblocked (cleared #5; BLOCKED label dropped)
✔ parseByList: parses single int (1.041917ms)
✔ parseByList: parses comma-list, dedupes, sorts (0.104542ms)
✔ parseByList: drops non-positive / non-int / empty (0.078083ms)
✔ block parseArgs: --by flag with positional target (0.175875ms)
✔ block parseArgs: falls back to active issue when no positional (0.113166ms)
✔ block parseArgs: missing --by → empty refs (0.081667ms)
✔ runBlock: adds single ref to issue with no marker (1.211458ms)
✔ runBlock: multi-ref add → sorted+deduped marker, one comment per ref (0.256125ms)
✔ runBlock: idempotent when refs already present (0.16725ms)
✔ runBlock: partial-failure lane — marker/label write succeeds, field mirror throws → no ✓ line, status marks field unwritten (0.353167ms)
✔ runBlock: repair lane — marker already correct (idempotent), field write is invoked and repairs the field (0.165833ms)
✔ runBlock: refuses non-existent blocker; no body write (0.241417ms)
✔ runBlock: refuses closed blocker; no body write (0.077667ms)
✔ runBlock: refuses self-block (0.078208ms)
✔ runBlock: requires target (0.065833ms)
✔ runBlock: requires refs (0.056333ms)
✔ unblock parseArgs: --by drops one ref (0.069916ms)
✔ unblock parseArgs: no --by → refs is null (drop all) (0.040209ms)
✔ runUnblock --by: removes single ref, label stays when others remain (0.257334ms)
✔ runUnblock all-refs: drops everything, removes label (0.093208ms)
✔ runUnblock: idempotent when no marker present (0.141625ms)
✔ runUnblock --by: idempotent when requested ref absent (0.087041ms)
✔ runUnblock --by: clears last ref → drops label (0.093167ms)
ℹ tests 23
ℹ suites 0
ℹ pass 23
ℹ fail 0
ℹ cancelled 0
ℹ skipped 0
ℹ todo 0
ℹ duration_ms 75.824167
✔ resolveBoardTarget: explicit #N wins over active issue (0.535542ms)
✔ resolveBoardTarget: falls back to the active issue (0.066459ms)
✔ resolveBoardTarget: null when neither is present (0.052375ms)
✔ verbBoard: prints "#N board Status: <state>" from the pinned reader (0.567167ms)
✔ verbBoard: reports not-on-board when the pinned reader returns null (0.167792ms)
✔ verbBoard: usage error and non-zero exit when no target resolvable (0.153209ms)
✔ evaluateGhProject: blocks `gh project item-list <n> --owner` (0.157125ms)
✔ evaluateGhProject: blocks other gh project forms (view, item-add) (0.084167ms)
✔ evaluateGhProject: a bare mention of "gh project" in prose does not trip (0.071791ms)
✔ evaluateGhProject: blocks a ProjectV2 query pinning a non-bound id (0.161791ms)
✔ evaluateGhProject: allows a ProjectV2 query pinning only the bound id (0.083333ms)
✔ evaluateGhProject: blocks a ProjectV2 query with no pinned id (client filter) (0.064542ms)
✔ evaluateGhProject: fails closed when boundProjectId is unreadable (null) (0.046417ms)
✔ evaluateGhProject: ignores non-project gh api graphql (issues, sub-issues) (0.039583ms)
✔ evaluateGhProject: ignores unrelated commands (0.065166ms)
ℹ tests 15
ℹ suites 0
ℹ pass 15
ℹ fail 0
ℹ cancelled 0
ℹ skipped 0
ℹ todo 0
ℹ duration_ms 58.4025
check-verb-migration.test.mjs: defined
[task-tracker] ✓ "already checked criterion" already checked on #777 (no-op)
[task-tracker] ✓ "already checked criterion" already checked on #777 (no-op)
✔ legacy `check` on an already-checked box does NOT uncheck (no toggle) (1.6725ms)
✔ legacy `check` emits a deprecation notice on stderr (0.717625ms)
✔ no instructional `task check "<label>"` toggle call site survives (588.270792ms)
✔ no "Toggle a checkbox" description survives (491.796ms)
ℹ tests 4
ℹ suites 0
ℹ pass 4
ℹ fail 0
ℹ cancelled 0
ℹ skipped 0
ℹ todo 0
ℹ duration_ms 1156.6975
✔ prefix-collision: toggling the shorter label does not touch the longer line (1.021084ms)
✔ round-trip: toggling an exact-match unchecked line flips to [x] then back to [ ] (0.123458ms)
✔ regex metacharacters in the label are matched literally (0.096583ms)
✔ missing label returns not-found and does not throw (0.060791ms)
✔ batch: multi-label toggle accumulates in one body (0.472584ms)
✔ batch: mixed found / already-checked / not-found reported independently; not-found does not drop the batch (0.115458ms)
✔ batch: single label behaves like the legacy single-label toggle (0.084208ms)
✔ batch: empty label list is a no-op returning the body unchanged (0.066458ms)
✔ #411 bare visible label ticks a marker-bearing line (0.120625ms)
✔ #411 full-line argument (label + markers) still ticks the line (backward compat) (0.162042ms)
✔ #411 marker-bearing line retains its trailing markers after toggle (0.086208ms)
✔ #411 ambiguous: two lines sharing a stripped label yield ambiguous and tick neither (0.051667ms)
✔ #411 batch reports ambiguous independently without dropping other labels (0.095875ms)
ℹ tests 13
ℹ suites 0
ℹ pass 13
ℹ fail 0
ℹ cancelled 0
ℹ skipped 0
ℹ todo 0
ℹ duration_ms 80.41425
✔ shared close cleanup sweeps bindings before fleet deregistration and occupancy release (0.731542ms)
✔ binding cleanup is mandatory and prevents false close success (0.207875ms)
✔ Done, disposition, and convergence close lanes retain the shared cleanup boundary (0.717083ms)
ℹ tests 3
ℹ suites 0
ℹ pass 3
ℹ fail 0
ℹ cancelled 0
ℹ skipped 0
ℹ todo 0
ℹ duration_ms 106.281084
close-converge-audit-emission.test.mjs: defined
✔ Case A — converge with approved body emits BOTH review:approved and issue:wrap (#801 AC1) (79.857917ms)
✔ Case B — converge with no approval marker WITHHOLDS review:approved, still emits issue:wrap (#801 AC2) (60.323625ms)
✔ Case C — converge is idempotent when the pair already exists (#801 AC3) (59.2145ms)
ℹ tests 3
ℹ suites 0
ℹ pass 3
ℹ fail 0
ℹ cancelled 0
ℹ skipped 0
ℹ todo 0
ℹ duration_ms 307.430792
#925 was already closed on GitHub — finalized housekeeping and converged the board to Done.
#925 was already closed on GitHub — finalized housekeeping and converged the board to Done.
#925 was already closed on GitHub — finalized housekeeping and converged the board to Done.
#925 was already closed on GitHub — finalized housekeeping and converged the board to Done.
[task-tracker] ⛔ Refusing to close #925: review-authorization-missing. Run `/task deliver` until a verified exact-head receipt exists, then retry.
#925 was already closed on GitHub — finalized housekeeping and converged the board to Done.
#925 was already closed on GitHub — finalized housekeeping and converged the board to Done.
#925 was already closed on GitHub — finalized housekeeping and converged the board to Done.
#925 was already closed on GitHub — finalized housekeeping and converged the board to Done.
#925 was already closed on GitHub — finalized housekeeping and converged the board to Done.
[task-tracker] ⛔ Refusing to close #925: directory-approval-evidence-missing. Run `/task deliver` until a verified exact-head receipt exists, then retry.
[task-tracker] ⛔ Refusing to close #925: directory-review-evidence-missing. Run `/task deliver` until a verified exact-head receipt exists, then retry.
[task-tracker] ⛔ Refusing to close #925: directory-review-evidence-missing. Run `/task deliver` until a verified exact-head receipt exists, then retry.
[task-tracker] ⛔ Refusing to close #925: directory-review-evidence-missing. Run `/task deliver` until a verified exact-head receipt exists, then retry.
#925 was already closed on GitHub — finalized housekeeping and converged the board to Done.
#925 recovery completed after posting the timing audit.
#925 recovery completed after posting the timing audit.
#925 closed-issue aberration failed at postTimingAudit: postTimingAudit returned a failed result. Local task state was retained for retry.
#925 closed-issue aberration failed at postTimingAudit: postTimingAudit returned a failed result. Local task state was retained for retry.
#925 closed-issue aberration failed at postTimingAudit: postTimingAudit returned a failed result. Local task state was retained for retry.
✔ finalize passes the configured tail profile and explicit review authority (25.636209ms)
✔ stale close approval refuses after fresh Test and Agent Review evidence (3.534709ms)
✔ #1403 close authorizes review against accepted delivery SHA after local HEAD advances (1.294459ms)
✔ close consumes marker-free exact-head directory human authority (1.595292ms)
✔ production close derives accepted head from marker-free directory Review evidence (1.912292ms)
✔ production close resolves directory authority from immutable Test SHA after local HEAD advances (1.780167ms)
✔ production close refuses directory Review without directory Approval despite body approval (1.946584ms)
✔ close fails closed for stale or malformed marker-free directory authority (3.22675ms)
✔ verb entry rejects a empty string tail profile before every observable effect (1.237667ms)
✔ verb entry rejects a null tail profile before every observable effect (0.738834ms)
✔ verb entry rejects a false tail profile before every observable effect (0.474834ms)
✔ verb entry rejects a zero tail profile before every observable effect (0.43ms)
✔ verb entry rejects a negative zero tail profile before every observable effect (0.360125ms)
✔ verb entry rejects a zero bigint tail profile before every observable effect (0.367125ms)
✔ verb entry rejects a NaN tail profile before every observable effect (0.395125ms)
✔ verb entry rejects a object tail profile before every observable effect (0.373875ms)
✔ verb entry rejects a unknown string tail profile before every observable effect (0.388709ms)
✔ lifecycle reconcile delegates through the grouped issue-body mutator (1.197917ms)
✔ transaction prefix does not satisfy exact timing transaction lookup (2.184ms)
✔ incidental prose does not satisfy exact timing transaction lookup (0.98325ms)
✔ false timing audit fails and leaves durable recovery pending at Review (1.060583ms)
✔ failed timing audit fails and leaves durable recovery pending at Review (0.74475ms)
✔ queued timing audit fails and leaves durable recovery pending at Review (0.760458ms)
ℹ tests 23
ℹ suites 0
ℹ pass 23
ℹ fail 0
ℹ cancelled 0
ℹ skipped 0
ℹ todo 0
ℹ duration_ms 163.88875
#925 is closed for not_planned — left issue and board untouched.
#925 is closed and Done but its body could not be read for transaction inspection: transient body outage
No convergence mutation was attempted; retry later.
#925 recovery completed after reopening the issue, restoring the board to Review, and posting the timing audit.
#925 child inventory is unknown: GraphQL unavailable
No convergence mutation was attempted; retry later.
#925 recovery completed after posting the timing audit.
#925 recovery completed after restoring the board to Review and posting the timing audit.
#925 recovery completed without repeating live-state repair or timing effects.
#925 recovery completed after reopening the issue and posting the timing audit.
#925 recovery completed after reopening the issue and posting the timing audit.
#925 does not have a restartable Delivered close transaction: delivered-close-supersession:no-stale-transaction
No convergence mutation was attempted; retry later.
#925 stale Delivered close transaction could not be restarted: delivered-close-supersession:fresh-authority
No convergence mutation was attempted; retry later.
#925 stale Delivered close transaction could not be restarted: delivered-close-supersession:live-terminal-state
No convergence mutation was attempted; retry later.
#925 stale Delivered close transaction could not be restarted: delivered-close-supersession:live-terminal-state
No convergence mutation was attempted; retry later.
#925 stale Delivered close transaction could not be restarted: delivered-close-supersession:live-terminal-state
No convergence mutation was attempted; retry later.
#925 stale Delivered close transaction could not be restarted: delivered-close-supersession:live-terminal-state
No convergence mutation was attempted; retry later.
#925 stale Delivered close transaction could not be restarted: delivered-close-supersession:live-terminal-state
No convergence mutation was attempted; retry later.
#925 stale Delivered close transaction could not be restarted: delivered-close-supersession:live-terminal-state
No convergence mutation was attempted; retry later.
#925 stale Delivered close transaction could not be restarted: delivered-close-supersession:dirty-worktree
No convergence mutation was attempted; retry later.
#925 stale Delivered close transaction could not be restarted: delivered-close-supersession:terminal-prefix
No convergence mutation was attempted; retry later.
#925 stale Delivered close transaction could not be restarted: close-delivery-receipt:test-sha-mismatch
No convergence mutation was attempted; retry later.
#925 stale Delivered close transaction could not be restarted: list unavailable
No convergence mutation was attempted; retry later.
#925 stale Delivered close transaction could not be restarted: create unavailable
No convergence mutation was attempted; retry later.
#925 stale Delivered close transaction could not be restarted: read unavailable
No convergence mutation was attempted; retry later.
#925 stale Delivered close transaction could not be restarted: delivered-close-supersession:comment-readback
No convergence mutation was attempted; retry later.
#925 stale Delivered close transaction could not be restarted: delivered-close-supersession:body-write
No convergence mutation was attempted; retry later.
#925 stale Delivered close transaction could not be restarted: delivered-close-supersession:body-readback
No convergence mutation was attempted; retry later.
Closed #925.
#925 stale Delivered close transaction could not be restarted: delivered-close-supersession:duplicate-evidence
No convergence mutation was attempted; retry later.
Closed #925.
[task-tracker] ⛔ Refusing to close #925: delivered-close-transaction-accepted-sha-mismatch. Run `/task deliver` until a verified exact-head receipt exists, then retry.
#925 closed-issue aberration failed at writeRecoveryPhase:intent: recovery marker readback mismatch for transaction: expected 4b553711-5b16-4729-95f8-a2ea08242f5d, got tx-stale. Local task state was retained for retry.
#925 closed-issue aberration failed at writeRecoveryPhase:intent: recovery marker readback mismatch for phase: expected intent, got reopened. Local task state was retained for retry.
#925 closed-issue aberration failed at writeRecoveryPhase:intent: recovery marker mutation failed for phase intent: expected status ok/no-op with verified body. Local task state was retained for retry.
#925 closed-issue aberration failed at writeRecoveryPhase:intent: recovery marker mutation failed for phase intent: expected status ok/no-op with verified body. Local task state was retained for retry.
#925 closed-issue aberration failed at writeRecoveryPhase:intent: issueBodyMutator.mutate capability is required for recovery persistence. Local task state was retained for retry.
#925 closed-issue finalize failed at emitClosePair: terminal timing issue:wrap was not durably posted: network down. Local task state was retained for retry.
[task-tracker] ⛔ Refusing to close #925: terminal timing issue:wrap was not durably posted: network down. Issue left OPEN; retry after timing evidence is reachable.
[task-tracker] ⛔ Refusing to close #925: close-delivery-receipt:input. Run `/task deliver` until a verified exact-head receipt exists, then retry.
[task-tracker] ⛔ Refusing to close #925: close-delivery-receipt:lineage. Run `/task deliver` until a verified exact-head receipt exists, then retry.
[task-tracker] ⛔ Refusing to close #925: close-delivery-receipt:missing. Run `/task deliver` until a verified exact-head receipt exists, then retry.
[task-tracker] ⛔ Refusing to close #925: close-delivery-receipt:malformed. Run `/task deliver` until a verified exact-head receipt exists, then retry.
[task-tracker] ⛔ Refusing to close #925: close-delivery-receipt:duplicate. Run `/task deliver` until a verified exact-head receipt exists, then retry.
[task-tracker] ⛔ Refusing to close #925: close-delivery-receipt:conflicting. Run `/task deliver` until a verified exact-head receipt exists, then retry.
[task-tracker] ⛔ Refusing to close #925: close-delivery-receipt:ambiguous-pr. Run `/task deliver` until a verified exact-head receipt exists, then retry.
[task-tracker] ⛔ Refusing to close #925: close-delivery-receipt:not-merged. Run `/task deliver` until a verified exact-head receipt exists, then retry.
[task-tracker] ⛔ Refusing to close #925: close-delivery-receipt:branch-mismatch. Run `/task deliver` until a verified exact-head receipt exists, then retry.
[task-tracker] ⛔ Refusing to close #925: close-delivery-receipt:base-mismatch. Run `/task deliver` until a verified exact-head receipt exists, then retry.
[task-tracker] ⛔ Refusing to close #925: close-delivery-receipt:head-mismatch. Run `/task deliver` until a verified exact-head receipt exists, then retry.
[task-tracker] ⛔ Refusing to close #925: close-delivery-receipt:issue-mismatch. Run `/task deliver` until a verified exact-head receipt exists, then retry.
[task-tracker] ⛔ Refusing to close #925: close-delivery-receipt:pr-mismatch. Run `/task deliver` until a verified exact-head receipt exists, then retry.
[task-tracker] ⛔ Refusing to close #925: close-delivery-receipt:merge-commit-missing. Run `/task deliver` until a verified exact-head receipt exists, then retry.
[task-tracker] ⛔ Refusing to close #925: close-delivery-receipt:merge-commit-mismatch. Run `/task deliver` until a verified exact-head receipt exists, then retry.
✔ close asks the outcome runtime about forecast-free epics and permits a legacy skip (1.142834ms)
✔ close uses the frozen Plan forecast and refuses a drifted ready marker (0.417584ms)
✔ close refuses an adaptive ready forecast without frozen Plan lineage (0.215959ms)
✔ primary convergence resolves the issue worktree instead of inheriting the caller directory (0.087416ms)
✔ primary convergence fails closed when issue worktree registration is unavailable (0.117833ms)
✔ dead issue returns without body or child reads (4.578917ms)
✔ completed issue already at Done fails closed when transaction inspection is unavailable (0.841417ms)
✔ pending recovery on a completed issue already at Done resumes before noop (13.601083ms)
✔ completed not-Done issue refuses an unknown strict child snapshot (1.099833ms)
✔ pending recovery on an open issue resumes from its serialized phase (1.381542ms)
✔ pending recovery outranks close-issue for an open issue already at Done (0.946583ms)
✔ retry after a successful timing post does not duplicate the transaction audit (0.873ms)
✔ pending recovery on a still-closed issue preserves its durable transaction (0.91875ms)
✔ complete recovery is not reused when a later close is a new aberration (2.197125ms)
✔ stale restart refuses unsafe live state before audit or terminal mutation (104.877875ms)
✔ stale restart refuses terminal prefixes and stale delivery authority (12.83475ms)
✔ stale restart fails closed across comment and body persistence failures (66.89775ms)
✔ stale restart reuses matching evidence and rejects duplicates before body mutation (29.176958ms)
✔ stale restart is incompatible with force, repair, answer, and disposition lanes (2.692375ms)
✔ ordinary close retains same-SHA resume and stale-SHA refusal without restart writes (3.428459ms)
✔ mismatched transaction recovery mutation refuses before later effects (1.058792ms)
✔ mismatched phase recovery mutation refuses before later effects (0.709625ms)
✔ failed status recovery mutation refuses before later effects (0.65825ms)
✔ failed result recovery mutation refuses before later effects (0.703125ms)
✔ recovery persistence requires the grouped issue-body mutator capability (0.6945ms)
✔ explicit close has no direct issue-body mutator import or fallback (0.522375ms)
✔ v1 estimation outcome is required before the terminal Done move (0.252667ms)
✔ receipt authorization precedes outcome; Done precedes Delivered disposition (0.313875ms)
✔ convergence close synchronizes terminal timing before freezing its outcome (0.300125ms)
✔ convergence refuses completion when a terminal timing row is only queued (1.464375ms)
✔ board-Done open-issue convergence refuses GitHub close when terminal timing is queued (1.244542ms)
✔ delivery receipt input refusal precedes every specified side effect (0.892542ms)
✔ delivery receipt lineage refusal precedes every specified side effect (1.821ms)
✔ delivery receipt missing refusal precedes every specified side effect (1.074958ms)
✔ delivery receipt malformed refusal precedes every specified side effect (0.999209ms)
✔ delivery receipt duplicate refusal precedes every specified side effect (0.934834ms)
✔ delivery receipt conflicting refusal precedes every specified side effect (0.936209ms)
✔ delivery receipt ambiguous-pr refusal precedes every specified side effect (0.907625ms)
✔ delivery receipt not-merged refusal precedes every specified side effect (1.111167ms)
✔ delivery receipt branch-mismatch refusal precedes every specified side effect (0.965583ms)
✔ delivery receipt base-mismatch refusal precedes every specified side effect (0.686459ms)
✔ delivery receipt head-mismatch refusal precedes every specified side effect (0.625042ms)
✔ delivery receipt issue-mismatch refusal precedes every specified side effect (0.633125ms)
✔ delivery receipt pr-mismatch refusal precedes every specified side effect (0.621458ms)
✔ delivery receipt merge-commit-missing refusal precedes every specified side effect (0.664125ms)
✔ delivery receipt merge-commit-mismatch refusal precedes every specified side effect (0.687084ms)
ℹ tests 46
ℹ suites 0
ℹ pass 46
ℹ fail 0
ℹ cancelled 0
ℹ skipped 0
ℹ todo 0
ℹ duration_ms 383.411666
#925 is already fully closed; no terminal writes were repeated.
Closed #925.
Closed #925.
Closed #925.
Closed #925.
Closed #925.
Closed #925.
Closed #925.
Closed #925.
Closed #925.
Closed #925.
Closed #925.
Closed #925.
Closed #925.
Closed #925.
Closed #925.
Closed #925.
Closed #925.
Closed #925.
Closed #925.
[task-tracker] ⛔ Refusing to finalize #925: a newer binding or occupancy claim supersedes the terminal cleanup authority (no-recovery-backed-replacement).
Closed #925.
Closed #925.
#925 terminal disposition could not be read after transaction discovery: project field unavailable
No convergence mutation was attempted; retry later.
[task-tracker] warn: failed to strip ToDo/BLOCKED labels on #925: label API unavailable
Closed #925.
[task-tracker] ⛔ Refusing to close #925: close-delivery-receipt:fresh-input. Run `/task deliver` until a verified exact-head receipt exists, then retry.
Closed #925.
Closed #925.
Closed #925.
Closed #925.
Closed #925.
Closed #925.
Closed #925.
#925 is already fully closed; no terminal writes were repeated.
✔ fully converged Delivered close retry is an exact read-only success (1.003291ms)
✔ completed disposition step refuses a conflicting live terminal disposition (0.24175ms)
✔ open Done recovery refuses a disposition that contradicts its completed step (0.089542ms)
✔ pending disposition step refuses a contradictory live terminal disposition (0.087416ms)
✔ partial Delivered close transaction exposes only its missing suffix (0.200125ms)
✔ malformed, duplicate, and contradictory Delivered close records fail closed (0.148833ms)
✔ Delivered close transaction marker round-trips exact canonical bytes (0.805375ms)
✔ duplicate or malformed Delivered close markers refuse during read (0.275625ms)
✔ completed Delivered close retry performs no terminal mutation (5.376542ms)
✔ successful Delivered close persists a complete terminal transaction (21.713875ms)
✔ explicit restart audits a stale pre-terminal transaction before replacing and replaying it (16.793125ms)
✔ restart adopts an audit-backed replacement body after the body-write response was lost (14.310208ms)
✔ partial Delivered close runs only the missing terminal suffix (18.410125ms)
✔ Done-board open-issue retry resumes at issue close without replaying earlier steps (1.8085ms)
✔ closed Done retry resumes only labels and binding from durable issue step (1.912125ms)
✔ closed not-Done issue resumes its delivered-close transaction (3.065292ms)
✔ pending Delivered disposition is adopted without overwriting it (1.888542ms)
✔ durable effects without checkpoints are observed and adopted before replay (7.69725ms)
✔ newer binding conflict survives a terminal close retry untouched (0.97425ms)
✔ stale pre-close binding residue resumes without refreshing close authority (1.339917ms)
✔ Done-state durable retry bypasses ordinary Review gates without force or renewed approval (1.945625ms)
✔ disposition read outage after transaction discovery fails closed (1.41025ms)
✔ label cleanup failure leaves labels and binding transaction steps pending (0.586958ms)
✔ markerless open Done close is adopted into a complete durable transaction (2.067541ms)
✔ receipt-gate injection does not implicitly bypass fresh verification (1.077375ms)
✔ lost transaction-checkpoint response is adopted without repeating durable effects (29.855208ms)
ℹ tests 26
ℹ suites 0
ℹ pass 26
ℹ fail 0
ℹ cancelled 0
ℹ skipped 0
ℹ todo 0
ℹ duration_ms 250.339167
✔ #1470 close loads source proof for an external recovery receipt (4.297833ms)
✔ #1470 close inspects the merge tree needed by squash proof (0.177625ms)
✔ #1381 close carries immutable accepted authority after the reused branch advances (1.153667ms)
✔ #1397 projects delivery records under the unique accepted-head PR in either order (0.789ms)
✔ #1406 ignores valid delivery records from an earlier pull request (0.626125ms)
✔ #1399 rejects an invalid GitHub comment timestamp before record projection (0.386333ms)
✔ #1397 refuses zero or duplicate accepted-head candidates before projection (0.982458ms)
ℹ tests 7
ℹ suites 0
ℹ pass 7
ℹ fail 0
ℹ cancelled 0
ℹ skipped 0
ℹ todo 0
ℹ duration_ms 115.705084
✔ valid exact-head delivery receipt authorizes close (3.585625ms)
✔ close freshly verifies receipt reachability and authorized attribution bytes (1.247708ms)
✔ close fresh verification refuses unreachable trunk or altered attribution bytes (0.58175ms)
✔ #1395 close selects the unique accepted-head PR regardless of branch history order (0.704166ms)
✔ #1395 close refuses zero or multiple accepted-head PR matches (0.642666ms)
✔ #1401 matching Test and Review determine the accepted head after local HEAD advances (0.13675ms)
✔ missing, malformed, duplicate, conflicting, and mismatched receipt evidence fails closed (3.354208ms)
✔ child merge-back and explicit no-PR local trunk lane skip the PR receipt gate (0.269792ms)
✔ close contains no PR mutation or provider-action wait/retry path (0.862541ms)
ℹ tests 9
ℹ suites 0
ℹ pass 9
ℹ fail 0
ℹ cancelled 0
ℹ skipped 0
ℹ todo 0
ℹ duration_ms 69.69925
✔ Incorporated review evidence is strict, exact-SHA, and resolved against current policy (5.063208ms)
✔ Incorporated review evidence rejects malformed claims, red commands, and ambiguous tips (2.010875ms)
✔ Incorporated review evidence refuses stale approval without current standing (0.547667ms)
✔ durable review authority permits strict retry evidence after Full-Auto standing is removed (0.407667ms)
✔ fresh Incorporated preparation uses exact human ledger approval for a carrier-only row (0.990541ms)
✔ fresh, partial, and completed preparation normalize or reuse exact review authority (1.698375ms)
✔ close Incorporated lane authorizes before invoking its dedicated mutation runner (0.150375ms)
✔ authorization refusal leaves the Incorporated mutation runner untouched (0.2945ms)
✔ ordinary close treats --of as an assertion, never as authority discovery (0.292834ms)
ℹ tests 9
ℹ suites 0
ℹ pass 9
ℹ fail 0
ℹ cancelled 0
ℹ skipped 0
ℹ todo 0
ℹ duration_ms 117.1135
close-lifecycle-tick-retry.test.mjs: all passed
✔ #672 — transient failure is retried and a later success reports ok:true (0.545291ms)
✔ #672 — named guard error is not retried (0.152042ms)
✔ #672 — exhausting all retries returns ok:false with a message (0.183459ms)
ℹ tests 3
ℹ suites 0
ℹ pass 3
ℹ fail 0
ℹ cancelled 0
ℹ skipped 0
ℹ todo 0
ℹ duration_ms 104.075542
✔ exact no-commit authorization permits close without PR verification (3.064208ms)
✔ no-commit close fails closed for missing or malformed authorization (0.743ms)
✔ no-commit comment projection rejects malformed, duplicate, and conflicting authority (0.461667ms)
✔ no-commit close rejects wrong issue, kind, deliverable URL, or accepted SHA (0.937833ms)
✔ code-kind issue still requires the pull-request receipt path (0.188166ms)
✔ close input loads no-commit authorization even when the branch has no pull request (0.7645ms)
ℹ tests 6
ℹ suites 0
ℹ pass 6
ℹ fail 0
ℹ cancelled 0
ℹ skipped 0
ℹ todo 0
ℹ duration_ms 110.326625
✔ close releases authoritative occupancy even when fleet cleanup fails (0.741791ms)
✔ close cannot report success when authoritative occupancy release fails (0.213416ms)
ℹ tests 2
ℹ suites 0
ℹ pass 2
ℹ fail 0
ℹ cancelled 0
ℹ skipped 0
ℹ todo 0
ℹ duration_ms 103.409042
✔ tickLifecycleOnClose stays offline through the injected pexec seam (3.835208ms)
ℹ tests 1
ℹ suites 0
ℹ pass 1
ℹ fail 0
ℹ cancelled 0
ℹ skipped 0
ℹ todo 0
ℹ duration_ms 107.039042
close-reconcile-lifecycle.test.mjs: defined
✔ close on already-done issue (no drift) re-ticks strayed lifecycle DoD boxes (268.123041ms)
✔ close on closed issue with lagging board (drift) reconciles after converging (62.84475ms)
✔ reconcile drives an unticked real body to ticked story-closed + timing-flushed (#753 AC4) (0.981125ms)
✔ reconcile does not fabricate an absent lifecycle box (#753 AC3) (0.261959ms)
✔ reconcile is idempotent on already-ticked boxes (#753 AC3) (0.111625ms)
✔ convergence decision for the happy path is unchanged by the #753 seam (#753 AC4) (0.427542ms)
ℹ tests 6
ℹ suites 0
ℹ pass 6
ℹ fail 0
ℹ cancelled 0
ℹ skipped 0
ℹ todo 0
ℹ duration_ms 438.6865
✔ #1490: OPEN/REOPENED normalizes to `reopened` and reaches authorization (5.497708ms)
✔ #1490: a plain OPEN issue is not recoverable (1.029833ms)
✔ #1490: durable evidence is written BEFORE the body is mutated (1.621958ms)
✔ #1490: gate-resolved Test and Review SHAs are the exact values used (1.746833ms)
✔ #1490: historical evidence is genuinely resolved, not asserted (0.790375ms)
✔ #1490: a fabricated or copied verifier result refuses (1.513708ms)
✔ #1490: absent Review authority refuses without an accepted-SHA substitution (0.488958ms)
✔ #1490: contradictory live state writes nothing (4.135042ms)
✔ #1490: interruption after the comment reuses its replacement UUID (1.982875ms)
✔ #1490: interruption after the body replacement resumes without rewriting (2.220708ms)
✔ #1490: an unchanged mutation read-back refuses (0.910833ms)
✔ #1490: malformed durable evidence refuses rather than being skipped (0.150334ms)
✔ #1490: a recovery comment rendered for a different issue refuses (0.7945ms)
✔ #1490: the rendered comment round-trips through the strict codec (0.124792ms)
✔ #1490: a resume at a NONZERO prefix reuses the durable recovery, not a new mint (1.357458ms)
✔ #1490: a resume after the `board` step accepts board `done` (1.462375ms)
✔ #1490: a resume after the `issue` step accepts a CLOSED issue (1.421667ms)
✔ #1490: prefix-awareness is a predicate, not a bypass (7.399375ms)
✔ #1490: a retry after ALL steps completed is idempotent, not a refusal or a re-mint (0.773958ms)
✔ #1490: a FRESH mint still requires the step-zero shape (0.870791ms)
✔ #1490: two durable records naming the same replacement refuse rather than pick one (0.696166ms)
ℹ tests 21
ℹ suites 0
ℹ pass 21
ℹ fail 0
ℹ cancelled 0
ℹ skipped 0
ℹ todo 0
ℹ duration_ms 147.835583
Closed #925.
Closed #925.
✔ gate-bypassed ordinary close ignores reviewer env and passes explicit authority (103.152208ms)
✔ human-gate ordinary close without reviewer env passes explicit authority (83.989541ms)
ℹ tests 2
ℹ suites 0
ℹ pass 2
ℹ fail 0
ℹ cancelled 0
ℹ skipped 0
ℹ todo 0
ℹ duration_ms 294.261209
close-strip-labels.test.mjs: ok
✔ closeLabelRemoveArgs builds the expected gh args (0.66925ms)
✔ convergence close-issue path strips ToDo/BLOCKED labels after gh close (273.286833ms)
✔ main close path strips ToDo/BLOCKED labels after gh close (63.484375ms)
✔ label-strip failure leaves close incomplete for a truthful retry (8.219958ms)
ℹ tests 4
ℹ suites 0
ℹ pass 4
ℹ fail 0
ℹ cancelled 0
ℹ skipped 0
ℹ todo 0
ℹ duration_ms 450.244041
✔ comment parses a strict target, key, and body file (1.127375ms)
✔ owned comment creates, updates, and no-ops exactly one stable marker (0.524542ms)
✔ owned comment refuses duplicate markers and marker spoofing (0.207625ms)
✔ write success is reported only after exact correlated read-back (0.125625ms)
✔ a concurrent duplicate ownership marker after create is a refusal (0.158292ms)
✔ ambiguous create transport is recovered only from one exact marker read-back (0.254791ms)
✔ comment listing is exhaustive, correlated, and cursor-safe (0.263333ms)
✔ default GraphQL adapters create, read, update, and no-op through production queries (0.363666ms)
ℹ tests 8
ℹ suites 0
ℹ pass 8
ℹ fail 0
ℹ cancelled 0
ℹ skipped 0
ℹ todo 0
ℹ duration_ms 69.539333
commit-trace-verb.test.mjs: all passed
✔ scripts/tests/unit/task-tracker/verbs/commit-trace-verb.test.mjs (50.210709ms)
ℹ tests 1
ℹ suites 0
ℹ pass 1
ℹ fail 0
ℹ cancelled 0
ℹ skipped 0
ℹ todo 0
ℹ duration_ms 55.287584
coverage-ac-stamp.test.mjs: defined
[task-tracker] ac-stamp: no active task
[task-tracker] ac-stamp: no active task
Usage: /task ac-stamp "<acceptance criterion label>"
[task-tracker] ac-stamp: no Acceptance Criteria line carrying `aitm-verified-by` matching "totally absent label" found in #777 body.
[task-tracker] ac-stamp on #777: running 1 verifier(s) for AC "cover the ac-stamp verb"…
  ✗ node scripts/task-tracker/tools/coverage-threshold.mjs scripts/task-tracker/verbs/ac-stamp.mjs scripts/tests/unit/task-tracker/verbs/coverage-ac-stamp.test.mjs 80 (exit=1)
[task-tracker] ac-stamp: verifier `node scripts/task-tracker/tools/coverage-threshold.mjs scripts/task-tracker/verbs/ac-stamp.mjs scripts/tests/unit/task-tracker/verbs/coverage-ac-stamp.test.mjs 80` failed (exit=1). No marker stamped.
[task-tracker] ac-stamp on #777: running 1 verifier(s) for AC "cover the ac-stamp verb"…
  ✓ node scripts/task-tracker/tools/coverage-threshold.mjs scripts/task-tracker/verbs/ac-stamp.mjs scripts/tests/unit/task-tracker/verbs/coverage-ac-stamp.test.mjs 80 (exit=0)
[task-tracker] ✓ ac-stamp on #777: run-props (key=e8e3ca61) upserted onto the AC line's aitm-verified marker (sha=abc1234).
✔ no active task → exit 1 (1.712292ms)
✔ discover bucket active → exit 1 (0.480041ms)
✔ empty label → exit 1 (0.283875ms)
✔ no AC line matching label → exit 1 (1.631875ms)
✔ verifier non-zero exit → refuse, exit 1 (2.171417ms)
✔ happy path: verifier passes → stamps marker, no exit (3.735292ms)
ℹ tests 6
ℹ suites 0
ℹ pass 6
ℹ fail 0
ℹ cancelled 0
ℹ skipped 0
ℹ todo 0
ℹ duration_ms 84.125958
coverage-auto.test.mjs: defined
✔ runAuto: invalid choice → status invalid (0.480541ms)
✔ runAuto: missing sessionId → status no-session (0.069834ms)
✔ runAuto: valid choice → load→apply→save, status ok (0.1235ms)
✔ cli: no choice → usage on stderr, exit 2 (0.157333ms)
✔ cli: invalid choice → error on stderr, exit 2 (0.257042ms)
ℹ tests 5
ℹ suites 0
ℹ pass 5
ℹ fail 0
ℹ cancelled 0
ℹ skipped 0
ℹ todo 0
ℹ duration_ms 54.3735
coverage-check-verb.test.mjs: defined
[task-tracker] ⚠ `check` is deprecated and now aliases `ensureChecked` (it no longer toggles). Use `/task ensureChecked "<label>"` to tick, `/task ensureUnchecked "<label>"` to untick.
no active task
[task-tracker] ⚠ `check` is deprecated and now aliases `ensureChecked` (it no longer toggles). Use `/task ensureChecked "<label>"` to tick, `/task ensureUnchecked "<label>"` to untick.
no active task
[task-tracker] ⚠ `check` is deprecated and now aliases `ensureChecked` (it no longer toggles). Use `/task ensureChecked "<label>"` to tick, `/task ensureUnchecked "<label>"` to untick.
Usage: /task ensureChecked "<label>"
[task-tracker] ⚠ `check` is deprecated and now aliases `ensureChecked` (it no longer toggles). Use `/task ensureChecked "<label>"` to tick, `/task ensureUnchecked "<label>"` to untick.
[task-tracker] checkbox "totally absent" not found in #777
Checkboxes found:
  "plain ac no verifier <!-- aitm-non-demonstrable -->"
  "verified ac unchecked <!-- aitm-verified cmd="`echo ok`" -->"
  "verified ac checked <!-- aitm-verified cmd="`echo ok`" -->"
  "dup label"
  "dup label"
  "All automated tests pass <!-- aitm-verified cmd="`npm run test:all`" --> <!-- dod:functional:tests -->"
  "Acceptance criteria met <!-- dod:functional:acs -->"
  "Lint and format checks pass <!-- aitm-verified cmd="`npm run lint`" --> <!-- dod:functional:lint -->"
[task-tracker] ⚠ `check` is deprecated and now aliases `ensureChecked` (it no longer toggles). Use `/task ensureChecked "<label>"` to tick, `/task ensureUnchecked "<label>"` to untick.
[task-tracker] checkbox "dup label" is ambiguous in #777: 2 lines share this visible label. Disambiguate with a longer label or the full line text.
[task-tracker] ⚠ `check` is deprecated and now aliases `ensureChecked` (it no longer toggles). Use `/task ensureChecked "<label>"` to tick, `/task ensureUnchecked "<label>"` to untick.
EVIDENCE_REQUIRED: [task-tracker] ✗ Refusing to tick AC "verified ac unchecked" on #777.
  This acceptance criterion declares a verifier (aitm-verified cmd="…") but carries
  no aitm-ac-evidence:abc61792 marker. Run `/task ac-stamp "verified ac unchecked"` to
  execute `echo ok` in a sandbox; the evidence marker it stamps unlocks this tick.
[task-tracker] ⚠ `check` is deprecated and now aliases `ensureChecked` (it no longer toggles). Use `/task ensureChecked "<label>"` to tick, `/task ensureUnchecked "<label>"` to untick.
[task-tracker] ✓ "verified ac checked" already checked on #777 (no-op)
[task-tracker] ⚠ `check` is deprecated and now aliases `ensureChecked` (it no longer toggles). Use `/task ensureChecked "<label>"` to tick, `/task ensureUnchecked "<label>"` to untick.
[task-tracker] ✓ Checked "plain ac no verifier" on #777 (unverified — audit marker recorded)
[task-tracker] ⚠ `check` is deprecated and now aliases `ensureChecked` (it no longer toggles). Use `/task ensureChecked "<label>"` to tick, `/task ensureUnchecked "<label>"` to untick.
[task-tracker] ✗ Refusing to tick Functional DoD "All automated tests pass" on #777.
  Key dod:functional:tests has no aitm-dod-evidence marker. Run
  `/task dod-stamp tests` to execute the verifier in a sandbox; the
  evidence marker it stamps unlocks this tick.
[task-tracker] ⚠ `check` is deprecated and now aliases `ensureChecked` (it no longer toggles). Use `/task ensureChecked "<label>"` to tick, `/task ensureUnchecked "<label>"` to untick.
UNVERIFIED_HATCH_REFUSED: [task-tracker] ✗ Refusing --allow-unverified-ticks on AC "verified ac unchecked" in #777.
  This acceptance criterion declares a verifier (aitm-verified cmd="…"), so it is
  demonstrable — the unverified hatch is only for ACs carrying the
  `<!-- aitm-non-demonstrable -->` opt-out marker or otherwise no machine verifier.
  Run `/task ac-stamp "verified ac unchecked"` to execute `echo ok` and stamp real evidence instead.
[task-tracker] ⚠ `check` is deprecated and now aliases `ensureChecked` (it no longer toggles). Use `/task ensureChecked "<label>"` to tick, `/task ensureUnchecked "<label>"` to untick.
[task-tracker] ✓ "verified ac checked" already checked on #777 (no-op)
[task-tracker] ⚠ `check` is deprecated and now aliases `ensureChecked` (it no longer toggles). Use `/task ensureChecked "<label>"` to tick, `/task ensureUnchecked "<label>"` to untick.
[task-tracker] ✓ Checked "plain ac no verifier" on #777 (unverified)
[task-tracker] ⚠ `check` is deprecated and now aliases `ensureChecked` (it no longer toggles). Use `/task ensureChecked "<label>"` to tick, `/task ensureUnchecked "<label>"` to untick.
[task-tracker] ✗ Refusing to tick Functional DoD "All automated tests pass" on #777.
  Key dod:functional:tests has no aitm-dod-evidence marker. Run
  `/task dod-stamp tests` to execute the verifier in a sandbox; the
  evidence marker it stamps unlocks this tick.
[task-tracker] batch tick on #777 refused: 1 evidence-gated label(s) lack evidence. Run `/task dod-stamp <key>` or `/task ac-stamp "<label>"` for each, then retry.
[task-tracker] ⚠ `check` is deprecated and now aliases `ensureChecked` (it no longer toggles). Use `/task ensureChecked "<label>"` to tick, `/task ensureUnchecked "<label>"` to untick.
[task-tracker] ✗ checkbox "no such label" not found in #777
[task-tracker] ⚠ `check` is deprecated and now aliases `ensureChecked` (it no longer toggles). Use `/task ensureChecked "<label>"` to tick, `/task ensureUnchecked "<label>"` to untick.
[task-tracker] ✗ checkbox "dup label" is ambiguous in #777: 2 lines share this visible label.
[task-tracker] ⚠ `check` is deprecated and now aliases `ensureChecked` (it no longer toggles). Use `/task ensureChecked "<label>"` to tick, `/task ensureUnchecked "<label>"` to untick.
✔ verbCheck: no active task → exit 1 (1.255709ms)
✔ verbCheck: discover bucket active → exit 1 (0.608333ms)
✔ verbCheck: empty label → exit 1 (0.39225ms)
✔ verbCheck: not-found label → exit 1 (1.001ms)
✔ verbCheck: ambiguous label → exit 1 (0.44275ms)
✔ verbCheck: evidence-gated AC without stamp → exit 1 (3.177ms)
✔ verbCheck: happy path single toggle (uncheck) → no exit (0.689334ms)
✔ verbCheck: --allow-unverified-ticks happy path → no exit (2.583042ms)
✔ verbCheck: --allow-unverified-ticks on DoD item → refuse, exit 1 (0.458459ms)
✔ verbCheck: --allow-unverified-ticks on verifier AC → refuse, exit 1 (0.400083ms)
✔ verbCheck: batch happy path (uncheck) → no exit (0.562125ms)
✔ verbCheck: batch with --allow-unverified-ticks → no exit (0.930917ms)
✔ verbCheck: batch gate failure → exit 1 (0.285ms)
✔ verbCheck: batch not-found label → exit 1 (0.305584ms)
✔ verbCheck: batch ambiguous label → exit 1 (0.297583ms)
Usage: /task ensureChecked --label "<label>" [--label ...] | --labels-file <path>
[task-tracker] ⚠ `check` is deprecated and now aliases `ensureChecked` (it no longer toggles). Use `/task ensureChecked "<label>"` to tick, `/task ensureUnchecked "<label>"` to untick.
✔ verbCheck: --labels-file empty + no --label → usage exit 1 (4.142083ms)
[task-tracker] ✓ "verified ac checked" already checked on #777 (no-op)
[task-tracker] ⚠ `check` is deprecated and now aliases `ensureChecked` (it no longer toggles). Use `/task ensureChecked "<label>"` to tick, `/task ensureUnchecked "<label>"` to untick.
✔ verbCheck: --labels-file with a label → no exit (1.131792ms)
[task-tracker] ✓ Marked deep-dive-complete on #777 at 2026-09-03T12:54:47.631Z
[task-tracker] ⚠ `check` is deprecated and now aliases `ensureChecked` (it no longer toggles). Use `/task ensureChecked "<label>"` to tick, `/task ensureUnchecked "<label>"` to untick.
stage-bound refusal: marking deep-dive complete via `/task ensureChecked "Deep dive complete"` is not permitted while #777 is in state `refine`.
  To proceed: /task promote → plan, then retry.
  Bypass (legacy artifacts only): add an `<!-- aitm-stage-bound-grandfather -->` marker to the body.
[task-tracker] ⚠ `check` is deprecated and now aliases `ensureChecked` (it no longer toggles). Use `/task ensureChecked "<label>"` to tick, `/task ensureUnchecked "<label>"` to untick.
✔ verbCheck: "deep dive complete" outside Refine → ensureDeepDive, no exit (221.105ms)
✔ verbCheck: "deep dive complete" while bound in Refine → refuse, exit 1 (1.325167ms)
[task-tracker] ✓ Marked discussion complete on #777 at 2026-09-03T12:54:47.851Z (token stripped, aitm-discussed stamped, Discuss label removed)

✅ DISCUSSION RESOLVED — #777 · implementation may commence
✔ verbCheck: "discussion complete" → marks discussed, no exit (49.305292ms)
ℹ tests 20
ℹ suites 0
ℹ pass 20
ℹ fail 0
ℹ cancelled 0
ℹ skipped 0
ℹ todo 0
ℹ duration_ms 365.181541
coverage-check.test.mjs: defined
✔ toggleChecklistLine: not-found (1.091375ms)
✔ toggleChecklistLine: ambiguous (0.138083ms)
✔ toggleChecklistLine: toggles unchecked → checked, preserving markers (0.131167ms)
✔ toggleChecklistLine: toggles checked → unchecked (full-line label arg) (0.088875ms)
✔ toggleChecklistLines: folds mixed results (0.138208ms)
✔ parseCheckArgs: labels, labels-file, positional, hatch flag (0.408959ms)
✔ parseCheckArgs: trailing --label with no value is ignored (0.056583ms)
✔ classifyUnverifiedTick: eligible for a proofless AC tagged non-demonstrable (1.854583ms)
✔ classifyUnverifiedTick: refuses an undeclared AC (no verifier, no marker) (0.215125ms)
✔ classifyUnverifiedTick: refuses a Functional DoD item (0.155625ms)
✔ classifyUnverifiedTick: refuses a verifier-bearing AC (0.1525ms)
✔ formatUnverifiedHatchRefusal: names label and verifier (0.081458ms)
✔ formatUnverifiedHatchRefusal: falls back when no commands (0.05875ms)
✔ appendUnverifiedTickAudit: appends marker then is idempotent (0.106917ms)
✔ gateFunctionalDodTick: pass when no Functional section (0.055042ms)
✔ gateFunctionalDodTick: pass when label is not a DoD key (0.05775ms)
✔ gateFunctionalDodTick: pass when DoD item already checked (0.047166ms)
✔ gateFunctionalDodTick: refuse-derived for acs key (0.059834ms)
✔ gateFunctionalDodTick: refuse-missing-evidence for unstamped stampable key (0.056125ms)
✔ gateEvidenceTick: DoD non-pass propagates through (0.085875ms)
✔ gateEvidenceTick: pass for a non-verifier AC (0.07075ms)
✔ gateEvidenceTick: pass when verifier AC already checked (0.077584ms)
✔ gateEvidenceTick: refuse-ac-evidence for unstamped verifier AC (0.06925ms)
ℹ tests 23
ℹ suites 0
ℹ pass 23
ℹ fail 0
ℹ cancelled 0
ℹ skipped 0
ℹ todo 0
ℹ duration_ms 80.406959
coverage-commit-trace.test.mjs: defined
✔ runCommitTrace: happy path threads info through injected deps (8.75ms)
✔ runCommitTrace: strips leading # from issueNumber (2.872584ms)
✔ runCommitTrace: throws without issueNumber (0.335709ms)
✔ runCommitTrace: throws without cfg.repo (0.138167ms)
Usage: /task commit-trace #N
Usage: /task commit-trace #N
commit-trace: commit-trace: cfg.repo is required
commit-trace: commit-trace: cfg.repo is required
✔ runCommitTrace: falls back to getProjectDir() when projectDir omitted (43.849375ms)
✔ verbCommitTrace: no target → usage, exit 1 (1.085209ms)
✔ verbCommitTrace: discover bucket active + no positional → usage, exit 1 (0.426916ms)
✔ verbCommitTrace: positional target but runCommitTrace throws → catch, exit 1 (0.506291ms)
✔ verbCommitTrace: target resolved from state.active, then catch → exit 1 (0.361375ms)
ℹ tests 9
ℹ suites 0
ℹ pass 9
ℹ fail 0
ℹ cancelled 0
ℹ skipped 0
ℹ todo 0
ℹ duration_ms 116.004375
coverage-config.test.mjs: defined
✔ no args → prints formatted config (0.635792ms)
✔ init → prints interview guidance (0.1145ms)
✔ get known key → prints value + source (0.078208ms)
✔ get unknown key → error, exit 1 (0.121459ms)
✔ set valid key → writes via setConfigValue, prints value (1.881125ms)
✔ set unknown key → setConfigValue throws → error, exit 1 (0.196125ms)
ℹ tests 6
ℹ suites 0
ℹ pass 6
ℹ fail 0
ℹ cancelled 0
ℹ skipped 0
ℹ todo 0
ℹ duration_ms 58.070209
coverage-dod-stamp.test.mjs: defined
[task-tracker] dod-stamp: no active task
Usage: /task dod-stamp <key>
  key ∈ { tests, lint, commits }
[task-tracker] dod-stamp: unknown key "bogus"
[task-tracker] dod-stamp: key "acs" is DERIVED — it is computed from the body at close time. Do not stamp manually; `/task close` will derive it.
[task-tracker] dod-stamp: no `dod:functional:tests` line found in #777 body.
[task-tracker] dod-stamp: `dod:functional:tests` line carries no verifier command. Add one (e.g. `<!-- aitm-verified cmd="\`npm test\`" -->`) before stamping.
[task-tracker] dod-stamp tests on #777: running 1 verifier(s)…
  ✗ node --test scripts/tests/unit/task-tracker/verbs/coverage-dod-stamp.test.mjs (exit=1)
[task-tracker] dod-stamp tests: verifier `node --test scripts/tests/unit/task-tracker/verbs/coverage-dod-stamp.test.mjs` failed (exit=1). No marker stamped.
[task-tracker] dod-stamp tests on #777: running 1 verifier(s)…
  ✓ node --test scripts/tests/unit/task-tracker/verbs/coverage-dod-stamp.test.mjs (exit=0)
[task-tracker] ✓ dod-stamp tests on #777: run-props upserted onto the dod:functional:tests line's aitm-verified marker (sha=abc1234).
✔ no active task → exit 1 (0.90575ms)
✔ empty key → exit 1 (0.273333ms)
✔ unknown key → exit 1 (0.413667ms)
✔ derived key (acs) → refuse, exit 1 (0.414167ms)
✔ keyed line absent → exit 1 (1.724667ms)
✔ keyed line has no verifier command → exit 1 (0.532417ms)
✔ verifier non-zero exit → refuse, exit 1 (2.395208ms)
✔ happy path: verifier passes → stamps marker, no exit (4.615125ms)
ℹ tests 8
ℹ suites 0
ℹ pass 8
ℹ fail 0
ℹ cancelled 0
ℹ skipped 0
ℹ todo 0
ℹ duration_ms 85.275417
coverage-evidence-markers.test.mjs: defined
Usage: /task evidence-markers <audit|backfill> #N [--map-file mappings.json] [--dry-run]
evidence-markers backfill requires --map-file <json>
✔ runEvidenceMarkers: audit clean body → status clean (1.371375ms)
✔ runEvidenceMarkers: audit issues body → status issues-found (0.276083ms)
✔ runEvidenceMarkers: defaults to audit mode when mode omitted (0.160459ms)
✔ runEvidenceMarkers: backfill changed body → writes via mutateBody (1.436084ms)
✔ runEvidenceMarkers: backfill dry-run does not write (0.179459ms)
✔ runEvidenceMarkers: backfill with unchanged body skips write (0.153042ms)
✔ runEvidenceMarkers: backfill without mapping → ambiguous (0.104291ms)
✔ runEvidenceMarkers: unknown mode throws (0.652209ms)
✔ runEvidenceMarkers: throws without issueNumber (0.139917ms)
✔ runEvidenceMarkers: throws without cfg.repo (0.131041ms)
✔ verbEvidenceMarkers: no issue number → usage, exit 1 (0.283417ms)
✔ verbEvidenceMarkers: backfill without --map-file → exit 2 (0.131375ms)
missing-evidence: bare ac
missing-verification-command: npm test
stale-verification-command: npm run lint
evidence-markers: issues-found
✔ verbEvidenceMarkers: audit issues body prints audit, status issues-found (194.914042ms)
evidence-markers: clean
✔ verbEvidenceMarkers: audit clean body → exits normally (13.318916ms)
evidence-markers: dry-run
✔ verbEvidenceMarkers: backfill dry-run with map-file (14.388583ms)
missing-evidence: needs backfill
ambiguous-evidence: needs backfill
✔ verbEvidenceMarkers: backfill ambiguous → exit 3 (13.570542ms)
ℹ tests 16
ℹ suites 0
ℹ pass 16
ℹ fail 0
ℹ cancelled 0
ℹ skipped 0
ℹ todo 0
ℹ duration_ms 312.56925
coverage-fleet.test.mjs: defined
(node:46823) [DEP0187] DeprecationWarning: Passing invalid argument types to fs.existsSync is deprecated
(Use `node --trace-deprecation ...` to show where the warning was created)
✔ list: empty registry → "No fleet tasks registered." (8.853667ms)
✔ list: renders entries, covering both age formats and effectiveKind (8.188ms)
✔ prune: nothing stale → "nothing stale", no eviction (8.046292ms)
✔ prune: evicts a worktree entry whose directory is gone (10.143458ms)
✔ prune --dry-run: reports "Would evict" but leaves the registry intact (7.67625ms)
ℹ tests 5
ℹ suites 0
ℹ pass 5
ℹ fail 0
ℹ cancelled 0
ℹ skipped 0
ℹ todo 0
ℹ duration_ms 105.472875
coverage-kind.test.mjs: defined
[task-tracker] ✓ kind on #42: set to "audit".
[task-tracker] ✓ kind on #99: cleared (code is the default lane).
[task-tracker] ✓ kind on #42: set to "epic".
✔ no args → usage error, exit 1 (0.522417ms)
✔ one arg with no active task → exit 1 (0.579334ms)
✔ invalid kind → exit 1 (0.126333ms)
✔ invalid issue number → exit 1 (0.111375ms)
✔ happy path: explicit target + non-code kind → sets marker (3.116084ms)
✔ happy path: one-arg active-bind form + code kind → clears marker (1.08675ms)
✔ epic kind delegates all carriers to the shared metadata reconciler (0.162916ms)
✔ epic body reconciliation appends the introduced DoD verifier with the next stable id (1.573792ms)
✔ repeating epic body reconciliation is content-idempotent and Review preflight accepts it (1.82775ms)
ℹ tests 9
ℹ suites 0
ℹ pass 9
ℹ fail 0
ℹ cancelled 0
ℹ skipped 0
ℹ todo 0
ℹ duration_ms 91.087708
coverage-mirror-deep-dive.test.mjs: defined
mirror-deep-dive: --from-comment <id|url|#issuecomment-<id>> or --repair-placement is required
{
  "status": "repaired"
}
mirror-deep-dive: --repair-placement and --from-comment are mutually exclusive
mirror-deep-dive: no issue specified and no active binding — pass #N or /task start #N first
✔ missing --from-comment → exit 2 (0.574709ms)
✔ --repair-placement needs no source comment and uses the active target (1.040709ms)
✔ repair and source-comment modes are mutually exclusive (0.145292ms)
✔ no target and no active binding → exit 2 (0.379208ms)
✔ target derived from active bind; unconfigured repo throws (0.373166ms)
✔ --from-comment= form + explicit #N → unconfigured repo throws (0.177959ms)
{
  "status": "mirrored",
  "commentId": "777",
  "url": "https://example/c/777"
}
✔ happy path: mirrors comment prose into the issue body, prints result (233.994458ms)
ℹ tests 7
ℹ suites 0
ℹ pass 7
ℹ fail 0
ℹ cancelled 0
ℹ skipped 0
ℹ todo 0
ℹ duration_ms 311.2715
coverage-plan-approve.test.mjs: defined
✔ runPlanApprove: throws without issueNumber (0.922958ms)
✔ runPlanApprove: throws without cfg (0.099625ms)
✔ runPlanApprove: not in plan state → wrong-state (0.175334ms)
✔ runPlanApprove: forbidden compound command in AC → forbidden-command (1.438ms)
✔ runPlanApprove: both markers present → already-approved (no write) (1.207458ms)
✔ runPlanApprove: clean body → approved, mutate stamps both markers (0.796042ms)
✔ runPlanApprove: approval present, entry missing → re-stamped-entry (0.253833ms)
✔ verbPlanApprove: no issue number → usage, exit 1 (0.266583ms)
✔ verbPlanApprove: TT_SKIP_NETWORK set → refuses, exit 1 (0.131125ms)
✔ verbPlanApprove: approved → stdout, no exit (0.310916ms)
✔ verbPlanApprove: already-approved → stdout, no exit (0.174042ms)
✔ verbPlanApprove: re-stamped-entry → stdout, no exit (0.163458ms)
✔ verbPlanApprove: repaired adaptive approval → stdout, no exit (0.125375ms)
✔ verbPlanApprove: missing adaptive forecast → stderr, exit 13 (0.180292ms)
✔ verbPlanApprove: wrong-state → stderr, exit 3 (0.063583ms)
✔ verbPlanApprove: forbidden-command → stderr, exit 12 (0.152042ms)
✔ verbPlanApprove: runPlanApprove throws → stderr, exit 1 (0.147833ms)
ℹ tests 17
ℹ suites 0
ℹ pass 17
ℹ fail 0
ℹ cancelled 0
ℹ skipped 0
ℹ todo 0
ℹ duration_ms 85.008541
[task-tracker] projectDir override: AI_TASK_MANAGER_PROJECT_DIR=/Users/kpburson/projects/Vibe-Coding/ai-task-manager/.worktrees/1490-squash-delivery-proof/.scratch/test/promote-JX0N4c for #100
✔ runPromote: throws without issueNumber or cfg (0.977125ms)
✔ runPromote: assertBound is invoked and may throw (0.153042ms)
[task-tracker] projectDir override: AI_TASK_MANAGER_PROJECT_DIR=/Users/kpburson/projects/Vibe-Coding/ai-task-manager/.worktrees/1490-squash-delivery-proof/.scratch/test/promote-JX0N4c for #1005
✔ runPromote: refine→R4P promoted via direct move + refine-estimate hook (200.632291ms)
[task-tracker] projectDir override: AI_TASK_MANAGER_PROJECT_DIR=/Users/kpburson/projects/Vibe-Coding/ai-task-manager/.worktrees/1490-squash-delivery-proof/.scratch/test/promote-JX0N4c for #1471
[task-tracker] projectDir override: AI_TASK_MANAGER_PROJECT_DIR=/Users/kpburson/projects/Vibe-Coding/ai-task-manager/.worktrees/1490-squash-delivery-proof/.scratch/test/promote-JX0N4c for #1473
✔ runPromote: refine→R4P refused when refine-estimate signals missing (4.011834ms)
✔ runPromote: refine→R4P refused when refine-exit gate returns blockers (0.65475ms)
[task-tracker] WARN: required project field "Start Time" (cfg.fieldStartTime) is not configured — board stamp skipped. Re-run `scripts/gh/init-project-config.sh` to discover and persist field ids.
[task-tracker] projectDir override: AI_TASK_MANAGER_PROJECT_DIR=/Users/kpburson/projects/Vibe-Coding/ai-task-manager/.worktrees/1490-squash-delivery-proof/.scratch/test/promote-JX0N4c for #1472
✔ runPromote: backlog→refine direct move (1.273167ms)
[task-tracker] projectDir override: AI_TASK_MANAGER_PROJECT_DIR=/Users/kpburson/projects/Vibe-Coding/ai-task-manager/.worktrees/1490-squash-delivery-proof/.scratch/test/promote-JX0N4c for #101
✔ runPromote: backlog→refine stamps Start time on success (0.561375ms)
[task-tracker] projectDir override: AI_TASK_MANAGER_PROJECT_DIR=/Users/kpburson/projects/Vibe-Coding/ai-task-manager/.worktrees/1490-squash-delivery-proof/.scratch/test/promote-JX0N4c for #1011
✔ runPromote: plan→develop promoted when planned-estimate appendix present (10.495875ms)
[task-tracker] projectDir override: AI_TASK_MANAGER_PROJECT_DIR=/Users/kpburson/projects/Vibe-Coding/ai-task-manager/.worktrees/1490-squash-delivery-proof/.scratch/test/promote-JX0N4c for #102
✔ runPromote: plan→develop refused when refine-estimate comment missing (2.47075ms)
[task-tracker] projectDir override: AI_TASK_MANAGER_PROJECT_DIR=/Users/kpburson/projects/Vibe-Coding/ai-task-manager/.worktrees/1490-squash-delivery-proof/.scratch/test/promote-JX0N4c for #1361
✔ runPromote: develop→test delegates to /task test (17.47225ms)
✔ runPromote: develop→test refused when CODE_COMPLETE gate blocks (8.932917ms)
[review] derive-rescan: #315 derive pass failed (non-fatal, rescanning live body): Command failed: gh issue view 2572 -R o/r --json body -q .body
stub-gh: refused issue view 2572 -R o/r --json body -q .body

[review] derive-rescan: live-body refresh failed; scanning pre-derive body: Command failed: gh issue view 2572 -R o/r --json body --jq .body
stub-gh: refused issue view 2572 -R o/r --json body --jq .body

[task-tracker] projectDir override: AI_TASK_MANAGER_PROJECT_DIR=/Users/kpburson/projects/Vibe-Coding/ai-task-manager/.worktrees/1490-squash-delivery-proof/.scratch/test/promote-JX0N4c for #2572
✔ runPromote: test→review delegates to /task review (23.470416ms)
[review] derive-rescan: #315 derive pass failed (non-fatal, rescanning live body): Command failed: gh issue view 1031 -R o/r --json body -q .body
stub-gh: refused issue view 1031 -R o/r --json body -q .body

[review] derive-rescan: live-body refresh failed; scanning pre-derive body: Command failed: gh issue view 1031 -R o/r --json body --jq .body
stub-gh: refused issue view 1031 -R o/r --json body --jq .body

[task-tracker] projectDir override: AI_TASK_MANAGER_PROJECT_DIR=/Users/kpburson/projects/Vibe-Coding/ai-task-manager/.worktrees/1490-squash-delivery-proof/.scratch/test/promote-JX0N4c for #1031
[task-tracker] projectDir override: AI_TASK_MANAGER_PROJECT_DIR=/Users/kpburson/projects/Vibe-Coding/ai-task-manager/.worktrees/1490-squash-delivery-proof/.scratch/test/promote-JX0N4c for #104
✔ runPromote: test→review refused when dod-verified marker missing (19.981625ms)
[task-tracker] projectDir override: AI_TASK_MANAGER_PROJECT_DIR=/Users/kpburson/projects/Vibe-Coding/ai-task-manager/.worktrees/1490-squash-delivery-proof/.scratch/test/promote-JX0N4c for #108
✔ runPromote: review→done delegates to /task close (20.016292ms)
✔ runPromote: terminal refusal on done (0.212917ms)
✔ runPromote: drift refused when live ≠ recorded (0.073916ms)
[task-tracker] projectDir override: AI_TASK_MANAGER_PROJECT_DIR=/Users/kpburson/projects/Vibe-Coding/ai-task-manager/.worktrees/1490-squash-delivery-proof/.scratch/test/promote-JX0N4c for #109
✔ runPromote: bootstrap when lastKnownState absent (2.945667ms)
✔ runPromote: error when no recorded and no live state (0.139791ms)
[task-tracker] projectDir override: AI_TASK_MANAGER_PROJECT_DIR=/Users/kpburson/projects/Vibe-Coding/ai-task-manager/.worktrees/1490-squash-delivery-proof/.scratch/test/promote-JX0N4c for #132
✔ runPromote: transition-failed when alias verb exits non-zero (7.937417ms)
[task-tracker] projectDir override: AI_TASK_MANAGER_PROJECT_DIR=/Users/kpburson/projects/Vibe-Coding/ai-task-manager/.worktrees/1490-squash-delivery-proof/.scratch/test/promote-JX0N4c for #1751
✔ runPromote: promoted-with-warning, markers already synced (noop repair) (7.580416ms)
[task-tracker] projectDir override: AI_TASK_MANAGER_PROJECT_DIR=/Users/kpburson/projects/Vibe-Coding/ai-task-manager/.worktrees/1490-squash-delivery-proof/.scratch/test/promote-JX0N4c for #1753
✔ runPromote: promoted-with-warning, stale marker → repair write fires (7.023ms)
[task-tracker] projectDir override: AI_TASK_MANAGER_PROJECT_DIR=/Users/kpburson/projects/Vibe-Coding/ai-task-manager/.worktrees/1490-squash-delivery-proof/.scratch/test/promote-JX0N4c for #134
✔ runPromote: delegate non-zero AND board drifted to non-target → transition-failed (7.622542ms)
Usage: promote #N
[task-tracker] projectDir override: AI_TASK_MANAGER_PROJECT_DIR=/Users/kpburson/projects/Vibe-Coding/ai-task-manager/.worktrees/1490-squash-delivery-proof/.scratch/test/promote-JX0N4c for #1473
✔ runPromote: post-failure getLiveState throw is swallowed (8.266625ms)
✔ runPromote: error when recorded state is unknown (0.166125ms)
✔ spawnVerbTimeout: test → undefined, others → finite budget (0.171ms)
✔ verbPromote: no issue number → usage, exit 1 (0.42525ms)
✓ #1473 promoted: backlog → refine (direct)
[task-tracker] projectDir override: AI_TASK_MANAGER_PROJECT_DIR=/Users/kpburson/projects/Vibe-Coding/ai-task-manager/.worktrees/1490-squash-delivery-proof/.scratch/test/promote-JX0N4c for #100
✔ verbPromote: promoted → stdout, no exit (1.71225ms)
✓ #100 promoted: refine → ready-for-plan (direct)
  ↳ posted "### 🛠 Refine estimate" comment
✔ verbPromote: refine→R4P promoted prints refine-estimate comment line (6.411125ms)
[review] derive-rescan: #315 derive pass failed (non-fatal, rescanning live body): Command failed: gh issue view 1031 -R o/r --json body -q .body
stub-gh: refused issue view 1031 -R o/r --json body -q .body

[review] derive-rescan: live-body refresh failed; scanning pre-derive body: Command failed: gh issue view 1031 -R o/r --json body --jq .body
stub-gh: refused issue view 1031 -R o/r --json body --jq .body

[task-tracker] projectDir override: AI_TASK_MANAGER_PROJECT_DIR=/Users/kpburson/projects/Vibe-Coding/ai-task-manager/.worktrees/1490-squash-delivery-proof/.scratch/test/promote-JX0N4c for #1031

⛔ Refusing to promote #1031 to review: test-to-review-dod-missing: `aitm-dod-verified` marker absent — re-run `/task test #1031` to produce sandbox evidence before promoting to Review.
   BLOCKED: test-to-review-dod-missing: `aitm-dod-verified` marker absent — re-run `/task test #1031` to produce sandbox evidence before promoting to Review.

[task-tracker] projectDir override: AI_TASK_MANAGER_PROJECT_DIR=/Users/kpburson/projects/Vibe-Coding/ai-task-manager/.worktrees/1490-squash-delivery-proof/.scratch/test/promote-JX0N4c for #1134
✔ verbPromote: refused gate → exit 4 with BLOCKED lines (24.071209ms)

⛔ Refusing to promote #1134 to develop: plan-exit-decomposition: must-split (size-xl, estimate-hours); no linked plan path; Run `npx aitm split-plan <issue> --dry-run` or add a complete visible `## Decomposition Waiver` section.
   BLOCKED: plan-exit-decomposition: must-split (size-xl, estimate-hours); no linked plan path
   BLOCKED: Run `npx aitm split-plan <issue> --dry-run` or add a complete visible `## Decomposition Waiver` section.


⛔ Refusing to promote #107:
   BLOCKED: drift detected: board says "develop", task-tracker says "plan". Run `/task reconcile <accept-live|revert-to-recorded>`.


⛔ already in done (#106); promote is forward-only.

[task-tracker] projectDir override: AI_TASK_MANAGER_PROJECT_DIR=/Users/kpburson/projects/Vibe-Coding/ai-task-manager/.worktrees/1490-squash-delivery-proof/.scratch/test/promote-JX0N4c for #1751
✔ verbPromote: decomposition refusal renders blockers and exits 4 (2.499875ms)
✔ verbPromote: drift-refused → exit 4 (0.625084ms)
✔ verbPromote: terminal-refused → exit 4 (0.48825ms)
✓ #1751 promoted: develop → test (/task test)
  ⚠ delegate /task test exited 1 — board reached target; treating as soft warning.
  ↳ marker repaired (attempts: 1)
[task-tracker] projectDir override: AI_TASK_MANAGER_PROJECT_DIR=/Users/kpburson/projects/Vibe-Coding/ai-task-manager/.worktrees/1490-squash-delivery-proof/.scratch/test/promote-JX0N4c for #109
✔ verbPromote: promoted-with-warning prints soft-warning (9.443416ms)
promote: promote: delegate /task test exited 4; recorded state left at "develop".
promote: promote: unknown recorded state "bogus" for #110
promote: not bound to #9
✔ verbPromote: transition-failed → exits with delegate code (8.289ms)
✔ verbPromote: error status → exit 1 (0.540042ms)
✔ verbPromote: runPromote throw → catch → exit 1 (0.3995ms)
ℹ tests 36
ℹ suites 0
ℹ pass 36
ℹ fail 0
ℹ cancelled 0
ℹ skipped 0
ℹ todo 0
ℹ duration_ms 513.713959
coverage-update.test.mjs: defined
✔ no active task → "nothing to update", no flush (1.557583ms)
✔ active === discover → "nothing to update" (0.33ms)
✔ happy path: default "checkpoint" description, wall == active → no wall note (15.009125ms)
✔ happy path: rest joins to description, wall != active → wall note shown (1.47425ms)
ℹ tests 4
ℹ suites 0
ℹ pass 4
ℹ fail 0
ℹ cancelled 0
ℹ skipped 0
ℹ todo 0
ℹ duration_ms 79.264042
✔ deliver source has no terminal lifecycle dependency (0.680667ms)
✔ default live PR snapshot records a server-confirmed deleted source branch (2.188ms)
✔ default PR adapter proves a complete paginated commit inventory (0.824625ms)
✔ default PR adapter rejects initial head mismatch (0.383208ms)
✔ default PR adapter rejects head drift between pages (0.185333ms)
✔ #1390 default PR adapter canonicalizes live GitHub second-precision mergedAt (0.26475ms)
✔ #1390 default PR adapter rejects missing or malformed mergedAt (0.243833ms)
✔ default merge-history inspector returns exact parents and authorized commit bytes (0.2605ms)
✔ #1389 default comment adapter canonicalizes live GitHub second-precision timestamps (0.184833ms)
✔ #1389 default comment adapter rejects malformed GitHub timestamps (0.181709ms)
✔ #1413 default delivery adapter excludes optional and historical PR checks (0.46875ms)
✔ #1413 default delivery adapter preserves pending required checks as non-green (0.20425ms)
ℹ tests 12
ℹ suites 0
ℹ pass 12
ℹ fail 0
ℹ cancelled 0
ℹ skipped 0
ℹ todo 0
ℹ duration_ms 87.6
✔ #1490: external default-squash recovery writes one intent and one receipt (7.195375ms)
✔ #1490: a refused external default-squash recovery writes zero records (0.775208ms)
✔ #1490: an indented canonical-looking trailer writes zero records (0.451875ms)
✔ #1490: the harness rejects an unexpected squash-parent ancestry question (0.620709ms)
✔ #1490: an unauthorized attribution token writes zero records (0.498875ms)
ℹ tests 5
ℹ suites 0
ℹ pass 5
ℹ fail 0
ℹ cancelled 0
ℹ skipped 0
ℹ todo 0
ℹ duration_ms 87.155875
✔ omits a matching unattributed source record with two repository parents (1.206042ms)
✔ accepts GitHub ellipsis truncation when immutable inspection proves the full merge title (0.191166ms)
✔ preserves strict attribution input for one parent (0.097ms)
✔ preserves strict attribution input for mismatched title (0.06975ms)
✔ preserves strict attribution input for malformed parents (0.094791ms)
✔ preserves strict attribution input when repository inspection fails (0.238125ms)
✔ preserves strict attribution input when immutable records are malformed (0.123084ms)
✔ refuses merged attribution when the provider inventory is not proven complete (0.080334ms)
✔ does not inspect attributed source subjects (0.106875ms)
ℹ tests 9
ℹ suites 0
ℹ pass 9
ℹ fail 0
ℹ cancelled 0
ℹ skipped 0
ℹ todo 0
ℹ duration_ms 79.502583
✔ selects the current PR while retaining valid prior delivery history (3.923583ms)
ℹ tests 1
ℹ suites 0
ℹ pass 1
ℹ fail 0
ℹ cancelled 0
ℹ skipped 0
ℹ todo 0
ℹ duration_ms 79.798667
✔ reviewed no-commit issue records action-free delivery and reuses exact readback (3.865375ms)
✔ code-kind issue never enters the no-commit delivery path (0.360125ms)
✔ no-commit delivery fails closed without exact deliverable evidence (0.2245ms)
ℹ tests 3
ℹ suites 0
ℹ pass 3
ℹ fail 0
ℹ cancelled 0
ℹ skipped 0
ℹ todo 0
ℹ duration_ms 82.024958
✔ selects the sole current-head PR from historical branch PRs (5.561166ms)
✔ recovers the sole merged current-head PR from historical branch PRs (1.752792ms)
✔ preserves count refusal for zero or duplicate exact-head PRs (0.437458ms)
ℹ tests 3
ℹ suites 0
ℹ pass 3
ℹ fail 0
ℹ cancelled 0
ℹ skipped 0
ℹ todo 0
ℹ duration_ms 84.554292
✔ external recovery refuses identical source and merge messages as squash proof (4.324125ms)
✔ external recovery refuses a multi-commit inventory not terminating at the accepted head as squash proof (0.5785ms)
✔ external recovery refuses missing source evidence fields as squash proof (0.487917ms)
✔ external recovery refuses source parent mismatch as squash proof (0.341833ms)
✔ external recovery refuses source tree mismatch as squash proof (0.468333ms)
✔ external recovery refuses configured merge method as squash proof (0.351458ms)
ℹ tests 6
ℹ suites 0
ℹ pass 6
ℹ fail 0
ℹ cancelled 0
ℹ skipped 0
ℹ todo 0
ℹ duration_ms 84.898292
✔ open-PR preflight omits a locally verified two-parent ancestry merge (5.856041ms)
✔ open-PR preflight preserves an unattributed local commit omitted by provider records (0.577125ms)
✔ merged external recovery refuses an incomplete provider commit inventory (0.278875ms)
✔ merged external recovery refuses source inventory not bound to the PR head (0.229459ms)
✔ merged external recovery refuses source inventory not bound to the PR head (0.236833ms)
ℹ tests 5
ℹ suites 0
ℹ pass 5
ℹ fail 0
ℹ cancelled 0
ℹ skipped 0
ℹ todo 0
ℹ duration_ms 86.521792
✔ first open-PR call posts one exact intent before emitting one action and exits 20 (6.598875ms)
✔ configured rebase refuses before durable intent or provider action output (0.48875ms)
✔ lost POST response reconciles the server-visible dedupe key without posting again (0.691708ms)
✔ same dedupe key with divergent authorized bytes fails closed (0.617334ms)
✔ same-head pending intent reruns live preflight and re-emits byte-identical JSON (1.377833ms)
✔ merged exact head is independently verified and receives one durable receipt (1.7085ms)
✔ merged verification rejects a missing merge SHA (0.949ms)
✔ merged verification rejects the wrong recorded pre-merge head (0.612792ms)
✔ merged delivery refuses a test SHA disagreement without appending a receipt (0.933792ms)
✔ merged delivery refuses a review SHA disagreement without appending a receipt (0.817ms)
✔ merged verification rejects an exposed merge-method mismatch (1.474708ms)
✔ merged verification rejects a live-history merge-method mismatch (0.731167ms)
✔ merged verification rejects an indistinguishable live-history merge method (0.696875ms)
✔ ordinary delivery still requires live merge bytes to equal the prior authorization (0.702375ms)
✔ configured merge verifies an exact two-parent live-history shape (0.960625ms)
✔ merged verification rejects unknown branch disposition observations (2.797708ms)
✔ merged verification fails closed when the authoritative trunk fetch fails (0.877208ms)
✔ merged verification rejects a merge result unreachable from fetched origin/trunk (0.606542ms)
✔ ordinary intent rejects a merge timestamp earlier than the server intent timestamp (0.513042ms)
✔ ambiguous provider outcome reconciles an open PR as the same action-required intent (0.478333ms)
✔ ambiguous provider outcome reconciles a merged PR from live state, not provider output (0.688959ms)
✔ repeated exact receipt re-verifies live PR and trunk without creating another comment (1.419833ms)
✔ advanced local head recovers one historical receipt from a prior durable intent (1.503958ms)
✔ advanced local head refuses historical recovery while the accepted PR is open (0.551583ms)
✔ advanced local head requires accepted Agent Review and standing approval (0.843292ms)
✔ advanced local head refuses wrong-SHA Test or Review evidence (0.8945ms)
✔ advanced local head enforces intent-time ordering and trunk reachability (1.238375ms)
✔ advanced local head rejects divergent prior intent repository bytes (0.746875ms)
✔ advanced local head rejects divergent prior intent issue bytes (1.006416ms)
✔ advanced local head rejects divergent prior intent pull request bytes (0.530458ms)
✔ advanced local head rejects divergent prior intent base bytes (0.563708ms)
✔ advanced local head rejects divergent prior intent branch bytes (0.649875ms)
✔ advanced local head rejects divergent prior intent head bytes (0.533375ms)
✔ advanced local head rejects divergent prior intent method bytes (0.6005ms)
✔ advanced local head rejects divergent prior intent attribution bytes (0.4815ms)
✔ advanced local head rejects divergent prior intent title bytes (0.489333ms)
✔ advanced local head rejects divergent prior intent message bytes (0.745584ms)
✔ advanced local head refuses historical recovery when Full-Auto delivery is disabled (0.4225ms)
✔ advanced local head rejects duplicate and divergent historical receipts (1.6005ms)
✔ advanced local head refuses historical recovery without a prior intent (0.11425ms)
✔ advanced local head refuses an external recovery intent (0.245083ms)
✔ lost receipt POST response is reconciled from the single server-visible receipt (0.627584ms)
✔ conflicting receipts fail closed before any new comment is created (1.230291ms)
✔ already-merged external recovery appends an external intent and receipt without an action (1.039209ms)
✔ external recovery proves a configured squash from complete single-source history (0.513417ms)
✔ external recovery accepts exact legacy escaped attribution (0.704ms)
▶ external recovery refuses altered legacy escaped attribution
  ✔ missing (0.225625ms)
  ✔ altered (0.149208ms)
  ✔ duplicated (0.139292ms)
  ✔ physical newlines (0.13825ms)
  ✔ altered title (0.13525ms)
  ✔ non-squash (0.154541ms)
  ✔ multiple tokens (0.152708ms)
✔ external recovery refuses altered legacy escaped attribution (1.38675ms)
✔ external recovery refuses ambiguous one-parent rewritten history with missing method observation (0.145625ms)
✔ external recovery refuses ambiguous one-parent rewritten history with null method observation (0.103834ms)
✔ external recovery strictly rejects malformed provider merge-method evidence (0.125083ms)
✔ external recovery rejects a provider method observation that mismatches configuration (0.172584ms)
✔ external recovery structurally verifies a two-parent merge without provider method evidence (0.484791ms)
✔ ordinary prior-intent squash remains verifiable without provider method evidence (1.260625ms)
✔ external recovery records observed merge bytes instead of synthesizing provider bytes (1.0145ms)
✔ external recovery refuses empty-title observed commit bytes before writing (0.205084ms)
✔ external recovery refuses control-character-title observed commit bytes before writing (0.1635ms)
✔ external recovery refuses control-character-message observed commit bytes before writing (0.128792ms)
✔ failed first external recovery writes nothing and a corrected retry succeeds (0.539ms)
✔ external recovery derives required attribution from PR history when post-merge range is empty (0.472042ms)
✔ repeated external recovery re-verifies as already delivered without timestamp reclassification (0.632ms)
✔ changed head requires fresh Test and review evidence then supersedes the prior intent (0.7285ms)
✔ child lineage returns an explicit non-provider result without provider or terminal effects (0.073167ms)
✔ unknown lineage fails closed instead of being classified as child delivery (0.060833ms)
✔ requested issue number never substitutes for a missing active binding (0.12025ms)
ℹ tests 71
ℹ suites 0
ℹ pass 71
ℹ fail 0
ℹ cancelled 0
ℹ skipped 0
ℹ todo 0
ℹ duration_ms 139.879208
✔ defaultRunMoveState (demote) delegates to host with --demote argv + demote env (0.571958ms)
✔ defaultRunMoveState (demote) returns the host exit code verbatim (0.14025ms)
ℹ tests 2
ℹ suites 0
ℹ pass 2
ℹ fail 0
ℹ cancelled 0
ℹ skipped 0
ℹ todo 0
ℹ duration_ms 101.386916
✔ demote: test→develop happy path (2.684333ms)
✔ demote: review→develop happy path (0.320708ms)
✔ demote: refused from every non-{test,review} source (0.229083ms)
✔ demote: drift refused when live ≠ recorded (0.133833ms)
✔ demote: transition-failed when move-state exits non-zero (0.129709ms)
✔ demote: bootstrap when lastKnownState absent — syncs to live, then refuses if live is not test/review (0.135333ms)
✔ demote: bootstrap then demote from test succeeds (0.22825ms)
✔ demote: test→develop landed write carries develop marker (#295 closure semantics) (0.14325ms)
ℹ tests 8
ℹ suites 0
ℹ pass 8
ℹ fail 0
ℹ cancelled 0
ℹ skipped 0
ℹ todo 0
ℹ duration_ms 106.892916
✔ runDemote hard-refuses with no --rework (from review) (0.616458ms)
✔ runDemote hard-refuses with no --rework (from test) (0.074042ms)
✔ runDemote treats a whitespace-only --rework as absent (0.060834ms)
✔ runDemote with a real --rework from a legal source demotes and threads the reason (0.444542ms)
✔ runDemote still refuses an illegal source even with --rework (0.177125ms)
✔ defaultRunMoveState appends --demote and --demote-reason when a reason is present (0.276417ms)
✔ defaultRunMoveState omits --demote-reason when the reason is blank (0.152667ms)
✔ parseArgs extracts issue number and --rework in both forms (0.398375ms)
✔ #932 demote-strips-VC-evidence: uncheck + drop run-props, keep declaration (0.857542ms)
✔ #932 demote-preserves-protected: no invariant marker is lost (0.965041ms)
✔ #932 re-promote-restamps-new-sha: stripped item re-stamps against the new HEAD, not the old (0.186667ms)
✔ #932 demote-with-nothing-to-strip: a body with only declarations is a safe no-op (0.074542ms)
✔ #932 runDemote wires invalidateEvidence into the state-recording mutate and reports it (1.678334ms)
✔ #848 AC6: demote LEGAL_FROM/DEMOTE_TARGET unchanged by the park addition (0.082583ms)
ℹ tests 14
ℹ suites 0
ℹ pass 14
ℹ fail 0
ℹ cancelled 0
ℹ skipped 0
ℹ todo 0
ℹ duration_ms 110.42125
✔ Develop owns exact-head implementation verification as a resident action (0.651125ms)
✔ Develop verification runs the finalizer and persists its receipt (0.158083ms)
ℹ tests 2
ℹ suites 0
ℹ pass 2
ℹ fail 0
ℹ cancelled 0
ℹ skipped 0
ℹ todo 0
ℹ duration_ms 74.321625
dod-stamp-state-gate.test.mjs: defined
[task-tracker] dod-stamp tests: restricted verifier command(s) [npm run test:all] require the issue to be in `test` (current: `develop`). Run `/task promote` to reach `test`, where a sandboxed suite run is the sanctioned path.
[task-tracker] dod-stamp tests on #778: running 1 verifier(s)…
  ✓ npm run test:all (exit=0)
[task-tracker] ✓ dod-stamp tests on #778: run-props upserted onto the dod:functional:tests line's aitm-verified marker (sha=abc1234).
[task-tracker] ac-stamp: restricted verifier command(s) [npm run test:all] require the issue to be in `test` (current: `develop`). Run `/task promote` to reach `test`, where a sandboxed suite run is the sanctioned path.
[task-tracker] ac-stamp on #780: running 1 verifier(s) for AC "full suite must pass"…
  ✓ npm run test:all (exit=0)
[task-tracker] ✓ ac-stamp on #780: run-props (key=3bdb5b17) upserted onto the AC line's aitm-verified marker (sha=abc1234).
[task-tracker] dod-stamp tests on #781: reusing Test receipt 01KYZ7Q780QQNQYF3ETAFV8WFK; standard commands were not rerun.
[task-tracker] ✓ dod-stamp tests on #781: run-props upserted onto the dod:functional:tests line's aitm-verified marker (sha=aaaaaaaaaaaaaaaaaaaaaaaaaaaaaaaaaaaaaaaa).
[task-tracker] dod-stamp tests: verifier command(s) [npm run test:all] cannot run in `review`. Demote and run `/task test` to produce a valid exact-SHA Test receipt, then retry.
[task-tracker] dod-stamp tests on #783: reusing Test receipt 01KYZ7Q780PTCT14G81T23KBQQ; standard commands were not rerun.
[task-tracker] ✓ dod-stamp tests on #783: run-props upserted onto the dod:functional:tests line's aitm-verified marker (sha=aaaaaaaaaaaaaaaaaaaaaaaaaaaaaaaaaaaaaaaa).
[task-tracker] ac-stamp on #784: reusing Test receipt 01KYZ7Q780J08EZ8M1Y0KY5A8D; standard commands were not rerun.
[task-tracker] ✓ ac-stamp on #784: evidence stamped from Test receipt (sha=aaaaaaaaaaaaaaaaaaaaaaaaaaaaaaaaaaaaaaaa).
[task-tracker] dod-stamp tests: verifier command(s) [npm run lint] cannot run in `review`. Demote and run `/task test` to produce a valid exact-SHA Test receipt, then retry.
[task-tracker] ac-stamp: verifier command(s) [npm run lint] cannot run in `review`. Demote and run `/task test` to produce a valid exact-SHA Test receipt, then retry.
[task-tracker] dod-stamp tests: verifier command(s) [npm run test:all] cannot run in `review`. Demote and run `/task test` to produce a valid exact-SHA Test receipt, then retry.
[task-tracker] ac-stamp: verifier command(s) [npm run test:all] cannot run in `review`. Demote and run `/task test` to produce a valid exact-SHA Test receipt, then retry.
[task-tracker] dod-stamp tests: live issue state could not be resolved; verifier execution is refused.
[task-tracker] ac-stamp: live issue state could not be resolved; verifier execution is refused.
✔ dod-stamp tests: refuses in develop, verifier never runs (2.842667ms)
✔ dod-stamp tests: proceeds normally once in test state (7.009792ms)
✔ ac-stamp: refuses a restricted verifier command in develop, verifier never runs (1.315333ms)
✔ ac-stamp: proceeds normally once in test state (2.26925ms)
✔ dod-stamp tests: Review + valid receipt reuses and does not spawn npm (2.151666ms)
✔ dod-stamp tests: Review + stale receipt refuses and does not spawn npm (1.240917ms)
✔ dod-stamp tests: Test + valid receipt reuses and does not spawn npm (1.303541ms)
✔ ac-stamp: Review + valid receipt reuses Test provenance and does not spawn npm (1.211709ms)
✔ Review + uncovered lint refuses on both stamp surfaces without spawning npm (0.820125ms)
✔ Review + issue-mismatched receipt refuses on both stamp surfaces (1.043792ms)
✔ unavailable live state refuses on both stamp surfaces (0.625917ms)
ℹ tests 11
ℹ suites 0
ℹ pass 11
ℹ fail 0
ℹ cancelled 0
ℹ skipped 0
ℹ todo 0
ℹ duration_ms 99.362125
ensure-checked.test.mjs: defined
[task-tracker] ✓ Checked "proven ac with execution proof" on #777
[task-tracker] ✓ Checked "proven ac with execution proof" on #777
[task-tracker] ✓ "proven ac with execution proof" already checked on #777 (no-op)
[task-tracker] ✓ "verified ac checked" already checked on #777 (no-op)
EVIDENCE_REQUIRED: [task-tracker] ✗ Refusing to tick AC "verified ac unchecked" on #777.
  This acceptance criterion declares a verifier (aitm-verified cmd="…") but carries
  no aitm-ac-evidence:abc61792 marker. Run `/task ac-stamp "verified ac unchecked"` to
  execute `echo ok` in a sandbox; the evidence marker it stamps unlocks this tick.
[task-tracker] ✓ Checked "plain ac no verifier" on #777 (unverified — audit marker recorded)
UNVERIFIED_HATCH_REFUSED: [task-tracker] ✗ Refusing --allow-unverified-ticks on AC "undeclared ac no verifier no marker" in #777.
  This acceptance criterion declares no verifier and carries no
  `<!-- aitm-non-demonstrable -->` opt-out marker, so it is not yet classified as
  demonstrable or honestly non-demonstrable. Either declare a verifier (aitm-verified
  cmd="…") and run `/task ac-stamp "undeclared ac no verifier no marker"`, or add the opt-out marker to the line
  if it is genuinely unverifiable.
UNVERIFIED_HATCH_REFUSED: [task-tracker] ✗ Refusing --allow-unverified-ticks on AC "verified ac unchecked" in #777.
  This acceptance criterion declares a verifier (aitm-verified cmd="…"), so it is
  demonstrable — the unverified hatch is only for ACs carrying the
  `<!-- aitm-non-demonstrable -->` opt-out marker or otherwise no machine verifier.
  Run `/task ac-stamp "verified ac unchecked"` to execute `echo ok` and stamp real evidence instead.
✔ setChecklistLine: ticks an unchecked line (changed) (0.994583ms)
✔ setChecklistLine: already-checked is a byte-identical no-op (0.147416ms)
✔ setChecklistLine: checked desired never unchecks a checked line (0.071416ms)
✔ setChecklistLine: preserves trailing evidence markers on tick (0.108459ms)
✔ setChecklistLine: not-found (0.091959ms)
✔ setChecklistLine: ambiguous reports count (0.064667ms)
✔ setChecklistLines: folds desired across labels, records per-label result (0.486833ms)
✔ verbEnsureChecked: ticks a proof-bearing unchecked AC and writes [x] (6.188916ms)
✔ verbEnsureChecked: idempotent re-run on already-checked is a no-op (1.774791ms)
✔ verbEnsureChecked: never unchecks an already-checked AC (0.456167ms)
✔ verbEnsureChecked: evidence gate fires on verifier-AC transition → exit 1 (0.514208ms)
✔ verbEnsureChecked: --allow-unverified-ticks hatch ticks a proofless AC (1.223541ms)
✔ verbEnsureChecked: --allow-unverified-ticks refused on an undeclared AC (no verifier, no marker) → exit 1 (0.595042ms)
✔ verbEnsureChecked: --allow-unverified-ticks refused on verifier AC → exit 1 (0.47275ms)
[task-tracker] ✓ Marked deep-dive-complete on #777 at 2026-09-03T12:54:52.051Z
✔ verbEnsureChecked: special-label "deep dive complete" routes to ensureDeepDive (229.190666ms)
[task-tracker] ✓ Marked discussion complete on #777 at 2026-09-03T12:54:52.276Z (token stripped, aitm-discussed stamped, Discuss label removed)

✅ DISCUSSION RESOLVED — #777 · implementation may commence
✔ verbEnsureChecked: special-label "discussion complete" marks discussed (49.765667ms)
ℹ tests 16
ℹ suites 0
ℹ pass 16
ℹ fail 0
ℹ cancelled 0
ℹ skipped 0
ℹ todo 0
ℹ duration_ms 362.914
ensure-unchecked.test.mjs: defined
[task-tracker] ✓ Unchecked "verified ac checked" on #777
[task-tracker] ✓ "plain ac no verifier" already unchecked on #777 (no-op)
[task-tracker] ✓ "plain ac no verifier" already unchecked on #777 (no-op)
[task-tracker] ✓ Unchecked "verified ac checked" on #777
[task-tracker] checkbox "deep dive complete" not found in #777
Checkboxes found:
  "plain ac no verifier"
  "verified ac checked <!-- aitm-verified cmd="`echo ok`" -->"
[task-tracker] checkbox "discussion complete" not found in #777
Checkboxes found:
  "plain ac no verifier"
  "verified ac checked <!-- aitm-verified cmd="`echo ok`" -->"
✔ setChecklistLine: unchecks a checked line (changed) (0.745708ms)
✔ setChecklistLine: already-unchecked is a byte-identical no-op (0.091667ms)
✔ setChecklistLine: unchecked desired never checks an unchecked line (0.059834ms)
✔ setChecklistLine: preserves trailing evidence markers on untick (0.080333ms)
✔ setChecklistLines: folds untick across labels with per-label results (0.420959ms)
✔ verbEnsureUnchecked: unchecks a checked AC and writes [ ] (4.613916ms)
✔ verbEnsureUnchecked: idempotent re-run on already-unchecked is a no-op (0.445583ms)
✔ verbEnsureUnchecked: never checks an unchecked AC (0.408541ms)
✔ verbEnsureUnchecked: runs NO evidence gate when un-ticking a verifier AC (0.943625ms)
✔ verbEnsureUnchecked: "deep dive complete" is ordinary text, not the marker route (0.605417ms)
✔ verbEnsureUnchecked: "discussion complete" is ordinary text, not the discuss route (0.3935ms)
ℹ tests 11
ℹ suites 0
ℹ pass 11
ℹ fail 0
ℹ cancelled 0
ℹ skipped 0
ℹ todo 0
ℹ duration_ms 82.735
[task-tracker] ✓ #1067 AC-reconciled: epic goals re-read against delivered children.
[task-tracker] ✓ #1067 deliverable recorded: https://github.com/kburson/ai-task-manager/issues/1067#issuecomment-5227079541
AC↔child bijection — epic #1067: no `**Cn · #NNN**` mapping declared on any AC. 1 AC(s) and 0 child(ren) are related only by convention, so neither drift direction can be detected here. Declaring the mapping is optional — knowing it is absent is not.
[task-tracker] ✓ #1067 AC-reconciled: epic goals re-read against delivered children.
[task-tracker] ✓ #1067 deliverable recorded: https://github.com/kburson/ai-task-manager/issues/1067#issuecomment-5227079541
AC↔child bijection — epic #1067: no `**Cn · #NNN**` mapping declared on any AC. 1 AC(s) and 0 child(ren) are related only by convention, so neither drift direction can be detected here. Declaring the mapping is optional — knowing it is absent is not.
[task-tracker] ✓ #1067 AC-reconciled: epic goals re-read against delivered children.
AC↔child bijection — epic #1067: no `**Cn · #NNN**` mapping declared on any AC. 1 AC(s) and 0 child(ren) are related only by convention, so neither drift direction can be detected here. Declaring the mapping is optional — knowing it is absent is not.
✔ setDeliverablePosted inserts one URL-bearing marker and retries byte-identically (0.970708ms)
✔ setDeliverablePosted refuses to replace a different or provenance-free marker (1.463417ms)
✔ validateEpicDeliverableComment accepts only a non-empty comment on the target issue (0.594584ms)
✔ parseEpicReconcileArgs supports explicit and active targets and rejects malformed flags (0.21875ms)
✔ verbEpicReconcile validates the comment before one combined versioned mutation (0.974458ms)
✔ foreign deliverable fails before body mutation (0.150041ms)
✔ production comment fetch reads the exact REST comment endpoint (0.392917ms)
✔ no deliverable flag preserves reconciliation-only compatibility (0.173291ms)
ℹ tests 8
ℹ suites 0
ℹ pass 8
ℹ fail 0
ℹ cancelled 0
ℹ skipped 0
ℹ todo 0
ℹ duration_ms 81.003916
✔ verified recovery releases a confirmed closed issue without an override (1.370959ms)
✔ advisory fleet cleanup cannot turn an authoritative recovery into failure (0.165ms)
✔ recovery refuses to release a binding for an open issue (0.252833ms)
✔ recovery fails closed when GitHub issue state is unavailable (0.115334ms)
ℹ tests 4
ℹ suites 0
ℹ pass 4
ℹ fail 0
ℹ cancelled 0
ℹ skipped 0
ℹ todo 0
ℹ duration_ms 61.038334
✔ legacy body without dod:functional markers passes the gate (0.891375ms)
✔ label outside Functional section passes the gate (0.877292ms)
✔ stampable key without evidence marker refuses with missing-evidence (0.1065ms)
✔ stampable key WITH evidence marker passes (0.088167ms)
✔ derived keys refuse outright with refuse-derived (0.094417ms)
✔ already-ticked Functional key passes (unticking allowed) (0.070041ms)
ℹ tests 6
ℹ suites 0
ℹ pass 6
ℹ fail 0
ℹ cancelled 0
ℹ skipped 0
ℹ todo 0
ℹ duration_ms 74.542333
✔ deliver help and catalog describe current-head and historical recovery modes exactly (0.748541ms)
✔ close help distinguishes Incorporated owner assertion from duplicate and incident-epic use (0.190125ms)
✔ close help exposes the audited stale pre-terminal transaction restart contract (0.15225ms)
✔ #1490: close help exposes the reopened completed-transaction recovery contract (0.168458ms)
✔ incident-ledger help requires executable Incorporated carrier authority (0.22225ms)
ℹ tests 5
ℹ suites 0
ℹ pass 5
ℹ fail 0
ℹ cancelled 0
ℹ skipped 0
ℹ todo 0
ℹ duration_ms 62.386708
✔ incident-ledger keeps record and approval as mutually exclusive explicit modes (0.890666ms)
✔ incident-ledger help and provider rule publish exact verifier phase syntax (0.224542ms)
✔ production runtime fetches and pins one fresh origin/trunk snapshot (0.263042ms)
ℹ tests 3
ℹ suites 0
ℹ pass 3
ℹ fail 0
ℹ cancelled 0
ℹ skipped 0
ℹ todo 0
ℹ duration_ms 79.862584
PASS: parseArgs extracts all fields
PASS: validateArgs rejects unknown size
PASS: buildInflationSection produces three-part format
PASS: successful append — comment patched, board updated, body updated
PASS: estimate inflation converges comment, board, and body on the ceiling
PASS: missing refine-estimate comment → no-refine-comment
PASS: idempotent re-run appends second block, preserves first

All inflate-estimate tests passed.
✔ scripts/tests/unit/task-tracker/verbs/inflate-estimate.test.mjs (59.996625ms)
ℹ tests 1
ℹ suites 0
ℹ pass 1
ℹ fail 0
ℹ cancelled 0
ℹ skipped 0
ℹ todo 0
ℹ duration_ms 64.85875
✔ issue-body parses one target and one operation file strictly (1.015042ms)
✔ issue-body accepts only the versioned declarative schemas (0.147083ms)
✔ exact replacement is evaluated against the fresh body and requires one match (0.423709ms)
✔ named section replacement obeys heading boundaries and explicit preconditions (0.286791ms)
✔ expectedVersion is checked inside the fresh-base transformation (0.150125ms)
✔ declarative operations preserve every AITM marker byte-for-byte (0.092791ms)
✔ runIssueBodyOperation uses canonical mutate and verifies returned live body (0.381167ms)
✔ canonical write enforces expected version and protected-marker invariants (0.346875ms)
ℹ tests 8
ℹ suites 0
ℹ pass 8
ℹ fail 0
ℹ cancelled 0
ℹ skipped 0
ℹ todo 0
ℹ duration_ms 71.238417
[task-tracker] Could not move 42 to test: move-state exited 1
[task-tracker] Run manually: node scripts/gh/move-state.mjs 42 test
[task-tracker] Could not move 42 to test: move-state exited 2
[task-tracker] Run manually: node scripts/gh/move-state.mjs 42 test
[task-tracker] Could not move 42 to test: move-state exited 3
[task-tracker] Run manually: node scripts/gh/move-state.mjs 42 test
[task-tracker] Could not move 42 to test: move-state exited 5
[task-tracker] Run manually: node scripts/gh/move-state.mjs 42 test
[task-tracker] Could not move 42 to test: move-state exited 7
[task-tracker] Run manually: node scripts/gh/move-state.mjs 42 test
✔ every lifecycle command maps to one explicit Cursor trigger and target contract (1.022333ms)
✔ command Cursor requests reject inferred or extra targets (0.314375ms)
✔ every caller seam produces the canonical argv shape + verb context (0.884792ms)
✔ every caller seam relays the host exit code verbatim (2.571375ms)
✔ runtime(→close) seam: canonical argv + runtime context + status parity (1.310083ms)
ℹ tests 5
ℹ suites 0
ℹ pass 5
ℹ fail 0
ℹ cancelled 0
ℹ skipped 0
ℹ todo 0
ℹ duration_ms 127.167416
✔ AC2: isHelpProbe is true for each help token, case-insensitive (0.41875ms)
✔ AC3: a title containing a help word is NOT a probe (0.065041ms)
✔ AC4: no-arg / empty rest is NOT a probe (0.051041ms)
✔ AC1: verbNew("help") prints help and performs no create/bind mutation (10.546458ms)
ℹ tests 4
ℹ suites 0
ℹ pass 4
ℹ fail 0
ℹ cancelled 0
ℹ skipped 0
ℹ todo 0
ℹ duration_ms 68.538125
✔ routes through create-issue.mjs --shape stub, not raw gh issue create (0.607959ms)
✔ honors TT_FAKE_NEW_ISSUE short-circuit without shelling out (0.128917ms)
✔ SKIP_NETWORK short-circuits to #0 without shelling out (0.082167ms)
ℹ tests 3
ℹ suites 0
ℹ pass 3
ℹ fail 0
ℹ cancelled 0
ℹ skipped 0
ℹ todo 0
ℹ duration_ms 56.590291
✔ extractKind pulls the --kind value and leaves title tokens intact (0.849167ms)
✔ extractKind returns null kind and unchanged rest when --kind absent (AC3) (0.073958ms)
✔ extractKind consumes only the first --kind occurrence (0.064667ms)
✔ extractKind drops a trailing --kind with no value (0.054542ms)
✔ extractKind tolerates a non-array (0.055417ms)
✔ createNewIssue appends --kind to the spawned argv when kind is set (0.271125ms)
✔ createNewIssue omits --kind from argv when kind is null (AC3) (0.22125ms)
✔ createNewIssue omits --kind from argv when kind is an empty string (0.1095ms)
✔ createNewIssue no-kind argv is byte-identical to the default-arg call (AC3) (0.106208ms)
✔ createNewIssue never forwards cfg.defaultLabels into the argv (#748 Defect A) (0.117125ms)
✔ findUnknownFlags reports every unrecognized flag token (#748 Defect B) (0.15125ms)
✔ findUnknownFlags returns [] for a plain title (#748 Defect B) (0.055916ms)
✔ findUnknownFlags returns [] for kind-stripped title tokens (#748 Defect B) (0.047333ms)
✔ findUnknownFlags flags a short -x option token (#748 Defect B) (0.106792ms)
✔ findUnknownFlags tolerates a non-array (0.061667ms)
ℹ tests 15
ℹ suites 0
ℹ pass 15
ℹ fail 0
ℹ cancelled 0
ℹ skipped 0
ℹ todo 0
ℹ duration_ms 59.367959
✔ case fall-through: promote and next share verbPromote handler (0.436ms)
✔ ISSUE_ARG_VERBS includes next (0.191041ms)
✔ help text documents next as alias of promote (0.364708ms)
ℹ tests 3
ℹ suites 0
ℹ pass 3
ℹ fail 0
ℹ cancelled 0
ℹ skipped 0
ℹ todo 0
ℹ duration_ms 64.783959
✔ Park compatibility boundary is the canonical Shelve boundary (0.691292ms)
✔ Park strict argv accepts the Shelve owner-removal flag (0.274ms)
✔ Park strict argv refuses the Shelve-only stale-blocker migration flag (0.20425ms)
✔ Park refuses the Shelve-only migration flag before it obtains a lock or starts a transaction (0.241417ms)
✔ Park delegates to the one Shelve transaction authority (0.132417ms)
✔ Park no longer accepts Plan and no longer has an estimate-preserving path (0.075084ms)
ℹ tests 6
ℹ suites 0
ℹ pass 6
ℹ fail 0
ℹ cancelled 0
ℹ skipped 0
ℹ todo 0
ℹ duration_ms 104.640209
plan-approve-collapse: ok
✔ scripts/tests/unit/task-tracker/verbs/plan-approve-collapse.test.mjs (65.503791ms)
ℹ tests 1
ℹ suites 0
ℹ pass 1
ℹ fail 0
ℹ cancelled 0
ℹ skipped 0
ℹ todo 0
ℹ duration_ms 70.838709
plan-approve.test.mjs: all passed
✔ scripts/tests/unit/task-tracker/verbs/plan-approve.test.mjs (69.560917ms)
ℹ tests 1
ℹ suites 0
ℹ pass 1
ℹ fail 0
ℹ cancelled 0
ℹ skipped 0
ℹ todo 0
ℹ duration_ms 74.006125
✔ parseArgs extracts planned/current/rationale and strips trailing h (0.905959ms)
✔ parseArgs omits absent current keys and falls back to active issue (0.1035ms)
✔ parseArgs selects v1 evidence or explicit legacy compatibility mode (0.0725ms)
✔ runPlanEstimate delegates evidence-file execution to adaptive authority (0.151333ms)
✔ legacy planned flags require explicit compatibility mode (0.307167ms)
✔ resolveTargetIssue prefers explicit positional over active (0.099542ms)
✔ runPlanEstimate rejects missing target (0.105958ms)
✔ runPlanEstimate rejects missing cfg.repo (0.102042ms)
✔ runPlanEstimate rejects empty planned column (0.090209ms)
✔ runPlanEstimate appends with explicit current (no board read) (0.305ms)
✔ compatibility Plan normalizes explicit Refine and Plan projections (0.242833ms)
✔ compatibility Plan normalizes a board-derived Refine projection (0.1645ms)
✔ compatibility Plan treats a null current projection as board-derived (0.108208ms)
✔ runPlanEstimate sources current from the board when --current-* omitted (0.109583ms)
✔ runPlanEstimate mirrors planned when board read is empty (0.082667ms)
✔ runPlanEstimate mirrors planned when board read throws (0.119708ms)
✔ runPlanEstimate skips board read when projectId is absent (0.066542ms)
✔ runPlanEstimate heals an empty appendix via repopulate on duplicate (0.066584ms)
✔ runPlanEstimate surfaces no-refine-comment from append (0.135417ms)
✔ plan-estimate is registered in the command catalog (0.113292ms)
ℹ tests 20
ℹ suites 0
ℹ pass 20
ℹ fail 0
ℹ cancelled 0
ℹ skipped 0
ℹ todo 0
ℹ duration_ms 87.991125
  ⚠ user-story: User Story section missing or incomplete — `## User Story` must contain three non-placeholder lines before promoting to Ready for Planning (Connextra format: "As a…\nI want to…\nSo that…")
✔ runPromote: TT_FULL_AUTO=1 cannot bypass an unresolved {discuss} directive (2.892125ms)
  ⚠ user-story: User Story section missing or incomplete — `## User Story` must contain three non-placeholder lines before promoting to Ready for Planning (Connextra format: "As a…\nI want to…\nSo that…")
✔ runPromote: promotes once the discussion is resolved (token stripped) (1.022333ms)
ℹ tests 2
ℹ suites 0
ℹ pass 2
ℹ fail 0
ℹ cancelled 0
ℹ skipped 0
ℹ todo 0
ℹ duration_ms 106.605709
✔ defaultRunMoveState delegates to runMoveStateHost with promote env + synthetic argv (0.555292ms)
✔ defaultRunMoveState returns the host exit code verbatim (non-zero preserved) (0.138875ms)
ℹ tests 2
ℹ suites 0
ℹ pass 2
ℹ fail 0
ℹ cancelled 0
ℹ skipped 0
ℹ todo 0
ℹ duration_ms 100.42175
✔ runPromote redirects to /task review, not /task close, when aitm-review-failed is present (2.778375ms)
✔ runPromote redirects to /task review when no Agent Review evidence has ever been recorded (0.288875ms)
✔ runPromote still delegates review → close when Agent Review genuinely passed (unchanged) (193.841666ms)
ℹ tests 3
ℹ suites 0
ℹ pass 3
ℹ fail 0
ℹ cancelled 0
ℹ skipped 0
ℹ todo 0
ℹ duration_ms 301.067417
✔ AC1: test delegate gets no outer timeout (or >= SANDBOX_TIMEOUT_MS), never the GH-API cap (0.415916ms)
✔ AC2: a sandbox run exceeding 60s is not SIGTERMd at the outer layer (0.06625ms)
✔ AC3: the move-state delegate timeout is unchanged (GH_API_TIMEOUT_MS * 2) (0.06525ms)
✔ quick delegates (close) keep the short budget (0.0445ms)
ℹ tests 4
ℹ suites 0
ℹ pass 4
ℹ fail 0
ℹ cancelled 0
ℹ skipped 0
ℹ todo 0
ℹ duration_ms 102.639625
✔ the test delegate runs inside promote-held lock instead of deadlocking (3.453916ms)
✔ the test delegate still acquires for real when promote is not holding (0.79525ms)
✔ a promote frame on a different issue does not wave the delegate through (0.943375ms)
ℹ tests 3
ℹ suites 0
ℹ pass 3
ℹ fail 0
ℹ cancelled 0
ℹ skipped 0
ℹ todo 0
ℹ duration_ms 83.898125
✔ test → review delegates to the review verb (0.388541ms)
✔ the other aliases are unchanged (0.062292ms)
✔ only post-Develop transitions use alias verbs (0.338291ms)
✔ promote reaches the canonical policy delegate branch whenever the source has one (0.36475ms)
✔ the stale "test has no alias" comment is gone (0.19525ms)
ℹ tests 5
ℹ suites 0
ℹ pass 5
ℹ fail 0
ℹ cancelled 0
ℹ skipped 0
ℹ todo 0
ℹ duration_ms 102.492292
[review] derive-rescan: #315 derive pass failed (non-fatal, rescanning live body): Command failed: gh issue view 820 -R o/r --json body -q .body
stub-gh: refused issue view 820 -R o/r --json body -q .body

[review] derive-rescan: live-body refresh failed; scanning pre-derive body: Command failed: gh issue view 820 -R o/r --json body --jq .body
stub-gh: refused issue view 820 -R o/r --json body --jq .body

[task-tracker] projectDir override: AI_TASK_MANAGER_PROJECT_DIR=/Users/kpburson/projects/Vibe-Coding/ai-task-manager/.worktrees/1490-squash-delivery-proof/.scratch/test/promote-820-7L9pTs for #820
✔ AC1 — promote from Test delegates to the review verb, not the direct move path (193.794666ms)
[review] derive-rescan: #315 derive pass failed (non-fatal, rescanning live body): Command failed: gh issue view 820 -R o/r --json body -q .body
stub-gh: refused issue view 820 -R o/r --json body -q .body

[review] derive-rescan: live-body refresh failed; scanning pre-derive body: Command failed: gh issue view 820 -R o/r --json body --jq .body
stub-gh: refused issue view 820 -R o/r --json body --jq .body

[task-tracker] projectDir override: AI_TASK_MANAGER_PROJECT_DIR=/Users/kpburson/projects/Vibe-Coding/ai-task-manager/.worktrees/1490-squash-delivery-proof/.scratch/test/promote-820-7L9pTs for #820
✔ AC5 — the reported route is alias:review, never direct (20.677917ms)
[review] derive-rescan: #315 derive pass failed (non-fatal, rescanning live body): Command failed: gh issue view 820 -R o/r --json body -q .body
stub-gh: refused issue view 820 -R o/r --json body -q .body

[review] derive-rescan: live-body refresh failed; scanning pre-derive body: Command failed: gh issue view 820 -R o/r --json body --jq .body
stub-gh: refused issue view 820 -R o/r --json body --jq .body

[task-tracker] projectDir override: AI_TASK_MANAGER_PROJECT_DIR=/Users/kpburson/projects/Vibe-Coding/ai-task-manager/.worktrees/1490-squash-delivery-proof/.scratch/test/promote-820-7L9pTs for #820
✔ AC3 — a delegate that never reaches Review does not fall back to a direct move (20.156625ms)
[review] derive-rescan: #315 derive pass failed (non-fatal, rescanning live body): Command failed: gh issue view 820 -R o/r --json body -q .body
stub-gh: refused issue view 820 -R o/r --json body -q .body

[review] derive-rescan: live-body refresh failed; scanning pre-derive body: Command failed: gh issue view 820 -R o/r --json body --jq .body
stub-gh: refused issue view 820 -R o/r --json body --jq .body

[task-tracker] projectDir override: AI_TASK_MANAGER_PROJECT_DIR=/Users/kpburson/projects/Vibe-Coding/ai-task-manager/.worktrees/1490-squash-delivery-proof/.scratch/test/promote-820-7L9pTs for #820
✔ AC3 — #881 model: a gate objection after entry leaves the issue in Review (no demote, no direct move) (19.50625ms)
✔ #1458 — Cursor enters Review before validation and leaves an objection resident there (0.545041ms)
[review] derive-rescan: #315 derive pass failed (non-fatal, rescanning live body): Command failed: gh issue view 820 -R o/r --json body -q .body
stub-gh: refused issue view 820 -R o/r --json body -q .body

[review] derive-rescan: live-body refresh failed; scanning pre-derive body: Command failed: gh issue view 820 -R o/r --json body --jq .body
stub-gh: refused issue view 820 -R o/r --json body --jq .body

[task-tracker] projectDir override: AI_TASK_MANAGER_PROJECT_DIR=/Users/kpburson/projects/Vibe-Coding/ai-task-manager/.worktrees/1490-squash-delivery-proof/.scratch/test/promote-820-7L9pTs for #820
[task-tracker] projectDir override: AI_TASK_MANAGER_PROJECT_DIR=/Users/kpburson/projects/Vibe-Coding/ai-task-manager/.worktrees/1490-squash-delivery-proof/.scratch/test/promote-820-7L9pTs for #821
✔ AC3 — #710 defense: delegate exits 0 but board never reached Review (20.103292ms)
[task-tracker] projectDir override: AI_TASK_MANAGER_PROJECT_DIR=/Users/kpburson/projects/Vibe-Coding/ai-task-manager/.worktrees/1490-squash-delivery-proof/.scratch/test/promote-820-7L9pTs for #822
✔ AC6 — develop still delegates to test (14.044208ms)
✔ AC6 — review still delegates to close (when Agent Review genuinely passed) (19.299459ms)
ℹ tests 8
ℹ suites 0
ℹ pass 8
ℹ fail 0
ℹ cancelled 0
ℹ skipped 0
ℹ todo 0
ℹ duration_ms 408.947917
[move-state:warn] #101: transition commit provenance missing: Cannot read properties of undefined (reading 'repo')
✔ the default convergence adapter owns the background profile and preserves the active task (0.739125ms)
✔ a background Done move runs issue/project tail steps without touching the parent session (0.832625ms)
ℹ tests 2
ℹ suites 0
ℹ pass 2
ℹ fail 0
ℹ cancelled 0
ℹ skipped 0
ℹ todo 0
ℹ duration_ms 120.812542
✔ finalizes a completed closed child before selecting the next ranked child (10.892583ms)
✔ leaves a dead-disposition child untouched and continues selection (8.384041ms)
✔ an aberration recovery pauses without promoting another child (0.275917ms)
✔ a failed convergence pauses selection and reports the child (0.138625ms)
✔ a pending durable recovery is converged and pauses before promotion (0.153834ms)
✔ a completed durable recovery is not pending and selection may continue (7.609125ms)
✔ already-Done closed children and open children are not convergence candidates (7.408ms)
ℹ tests 7
ℹ suites 0
ℹ pass 7
ℹ fail 0
ℹ cancelled 0
ℹ skipped 0
ℹ todo 0
ℹ duration_ms 146.454125
✔ runPullNext refuses when epic is not in develop (0.723042ms)
✔ pull-next live-state reads use the exact configured-project snapshot (0.093458ms)
✔ runPullNext returns no-children for epic with no sub-issues (0.119ms)
✔ runPullNext returns no-eligible when no R4P children exist (0.864833ms)
✔ runPullNext promotes lowest-rank R4P child (4.564ms)
✔ #1260 pulled epic child names the bound epic integration branch (0.22625ms)
✔ #1260 solo-story planning guidance remains current trunk (0.06075ms)
✔ #1260 missing epic branch authority fails closed to generic epic guidance (0.208542ms)
✔ #1260 default epic branch resolver reads the already-bound project directory (0.122875ms)
✔ runPullNext refuses false success when the selected child did not reach Plan (0.193459ms)
✔ runPullNext delegates the selected child through the real promote bind seam (#1114) (21.857792ms)
✔ selected-child promotion reuses its held lock instead of entering the locking verb wrapper (0.221292ms)
✔ direct promote remains fail-closed on a mismatched bind (#1114) (0.284291ms)
✔ runPullNext skips a child whose blocker is not Done (#248) (2.824458ms)
✔ runPullNext audits the epic before child selection (#758) (2.314375ms)
✔ runPullNext refuses ambiguous epic audit drift (0.107209ms)
✔ runPullNext refuses every pull when any child descriptor is incomplete (0.091959ms)
✔ runPullNext holds shared parent authority across selection and promotion (2.509ms)
✔ runPullNext does not audit when the epic is not in develop (#758) (0.082667ms)
✔ runPullNext requires epicNumber and cfg (0.215125ms)
✔ runPullNext surfaces fetch failures (0.144125ms)
ℹ tests 21
ℹ suites 0
ℹ pass 21
ℹ fail 0
ℹ cancelled 0
ℹ skipped 0
ℹ todo 0
ℹ duration_ms 158.00575
✔ reconcile.defaultRunMoveState calls the in-process host with the revert argv/env (no spawn) (1.109833ms)
✔ reconcile.defaultRunMoveState relays the host exit code verbatim (0.184791ms)
✔ reconcile.mjs no longer spawns a move-state child (0.432292ms)
ℹ tests 3
ℹ suites 0
ℹ pass 3
ℹ fail 0
ℹ cancelled 0
ℹ skipped 0
ℹ todo 0
ℹ duration_ms 104.553417
✔ AC1/AC2: a two-state gap (board=develop, marker=review) walks develop→test→review (2.6565ms)
✔ AC1/AC2: a wider gap (board=refine, marker=review) walks every intermediate state (0.361541ms)
✔ AC1: a single forward step (board=develop, marker=test) is unchanged behaviour (0.13025ms)
✔ AC4: recorded BEHIND live (board=review, marker=plan) refuses forward-only, names accept-live (0.089208ms)
✔ AC2: a mid-walk move-state failure stops and reports the walked prefix (0.095208ms)
ℹ tests 5
ℹ suites 0
ℹ pass 5
ℹ fail 0
ℹ cancelled 0
ℹ skipped 0
ℹ todo 0
ℹ duration_ms 100.653209
✔ reconcile accept-live: drifted issue writes new state + reconciled audit marker (3.604875ms)
✔ reconcile accept-live: test → develop invalidates stale demotion proof and reports it (#1037) (1.138333ms)
✔ reconcile accept-live: review → develop invalidates stale demotion proof and reports it (#1037) (0.210958ms)
✔ reconcile accept-live preserves execution proof for forward drift (#1037) (0.21175ms)
✔ reconcile accept-live preserves execution proof for unrelated rollback (#1037) (0.142625ms)
✔ reconcile accept-live stamps aitm-entered-<live> when absent (#174) (0.474042ms)
✔ reconcile accept-live is idempotent for entry marker (#174) (0.194041ms)
✔ reconcile accept-live: legacy Assigned status stamps canonical R4P evidence (#436, #1211) (0.295209ms)
✔ reconcile revert-to-recorded: recorded BEHIND live refuses forward-only, names accept-live (#740) (0.131458ms)
✔ reconcile: no drift refused (0.697417ms)
✔ reconcile: missing mode returns error (0.104958ms)
✔ reconcile: unknown mode returns error (0.073583ms)
✔ reconcile revert-to-recorded: no recorded state → error (0.078958ms)
✔ reconcile accept-live: no live state → error (0.073833ms)
✔ reconcile accept-live: preserves forward markers as history + adds visit marker (#181) (0.213041ms)
✔ reconcile revert-to-recorded: does NOT strip future entry markers (0.115667ms)
✔ reconcile revert: transition-failed when move-state exits non-zero (0.057375ms)
ℹ tests 17
ℹ suites 0
ℹ pass 17
ℹ fail 0
ℹ cancelled 0
ℹ skipped 0
ℹ todo 0
ℹ duration_ms 106.301584
✔ a refused Refine completion rolls back the refine-complete marker (5.102ms)
✔ rationale marker and field-db values survive a rolled-back promote (2.200458ms)
✔ a successful Refine completion leaves the refine-complete marker in place (0.280375ms)
ℹ tests 3
ℹ suites 0
ℹ pass 3
ℹ fail 0
ℹ cancelled 0
ℹ skipped 0
ℹ todo 0
ℹ duration_ms 111.544875
✔ #223: refine refreshes aitm-fields cache with priority/size/estimate/rank (1.84ms)
✔ #223: refine overrides stale prior values in aitm-fields cache (0.664ms)
ℹ tests 2
ℹ suites 0
ℹ pass 2
ℹ fail 0
ℹ cancelled 0
ℹ skipped 0
ℹ todo 0
ℹ duration_ms 108.7185
✔ stale backlog body recovers from one fresh read before the first Refine walk (1.692084ms)
✔ historical Assigned alias is not treated as a canonical pre-Refine arc (0.108541ms)
✔ genuine marker absence remains fail-closed after exactly one fresh read (0.118042ms)
✔ fresh-read failure preserves the original refusal (0.165083ms)
✔ non-pre-Refine arcs do not perform the fresh read (0.090667ms)
✔ successful contiguity refresh preserves unrelated refusals (0.301208ms)
ℹ tests 6
ℹ suites 0
ℹ pass 6
ℹ fail 0
ℹ cancelled 0
ℹ skipped 0
ℹ todo 0
ℹ duration_ms 70.646167
PASS: refine on Refine-state issue completes to R4P (#1213)
PASS: refine is idempotent on a Refine-state issue (#282)
PASS: refine stamps aitm-refine-complete marker (#282)
PASS: stampRefineCompleteMarker is idempotent
PASS: promote refuses refine→R4P when aitm-refine-complete absent (#282)
PASS: promote refusal message names the producing verb (#282)
PASS: full-auto promote chain still requires explicit marker (#282)

All #282 stage-completion-marker tests passed.
✔ scripts/tests/unit/task-tracker/verbs/refine-stage-completion.test.mjs (105.690959ms)
ℹ tests 1
ℹ suites 0
ℹ pass 1
ℹ fail 0
ℹ cancelled 0
ℹ skipped 0
ℹ todo 0
ℹ duration_ms 110.440625
PASS: parseArgs extracts all flags
PASS: parseArgs accepts #N and trailing-h estimate
PASS: parseArgs rejects unknown flags
PASS: validateArgs rejects each missing/invalid field
PASS: buildRationaleMarker emits canonical shape and round-trips
PASS: buildRationaleMarker four-flag combo lands tokens in slots, reason in rationale
PASS: buildRationaleMarker emits rank as number
PASS: buildRationaleMarker rejects missing/empty reason
PASS: applyRationaleMarker strips existing + prepends new
PASS: runRefine happy path — tether + body marker + promote
PASS: Refine converges off-grid input on the half-hour ceiling
PASS: runRefine surfaces tether failure and skips promote
PASS: runRefine forwards --rank + --labels
PASS: runRefine omits rank/labels when not supplied

All refine verb tests passed.
✔ scripts/tests/unit/task-tracker/verbs/refine-verb.test.mjs (104.228125ms)
ℹ tests 1
ℹ suites 0
ℹ pass 1
ℹ fail 0
ℹ cancelled 0
ℹ skipped 0
ℹ todo 0
ℹ duration_ms 109.155041
✓ #996 rejected — moved back to Develop.
✔ reject.mjs posts an audit row with event slug `rejected:develop`, not bare `develop` (28.198417ms)
✔ a timing log containing a `rejected:develop` row passes timing-log-sequence validation (1.1425ms)
ℹ tests 2
ℹ suites 0
ℹ pass 2
ℹ fail 0
ℹ cancelled 0
ℹ skipped 0
ℹ todo 0
ℹ duration_ms 84.91775
✔ a valid docs-only lane-skip drops exactly the three complete lanes (0.831042ms)
✔ lint-full and format-full are never droppable, even when the record names them (0.078625ms)
✔ a receipt with no laneSkip requires all five classifications (0.546292ms)
✔ an empty changedPaths relaxes nothing — an empty diff is not proven docs-only (0.109125ms)
✔ a code path in changedPaths relaxes nothing (0.111541ms)
✔ a non-docs-only kind relaxes nothing (0.109625ms)
✔ an unrecognized reason relaxes nothing (0.074625ms)
✔ a malformed laneSkip relaxes nothing (0.086792ms)
✔ a partial lanes list drops only the lanes it names (0.094625ms)
✔ an unknown classification in lanes is ignored (0.120417ms)
ℹ tests 10
ℹ suites 0
ℹ pass 10
ℹ fail 0
ℹ cancelled 0
ℹ skipped 0
ℹ todo 0
ℹ duration_ms 56.369417
✔ sandbox-verify-fail: emits a `test:failed` audit slug, never a bare `develop` or `review:failed` (0.764875ms)
✔ sandbox-verify-fail: demotes with `--demote` + `--demote-reason` (canonical demoted:develop entry row) (0.103458ms)
✔ sandbox-verify-fail: the produced audit slug is accepted by V3 timing-log-sequence (bare `develop` is not) (1.257625ms)
ℹ tests 3
ℹ suites 0
ℹ pass 3
ℹ fail 0
ℹ cancelled 0
ℹ skipped 0
ℹ todo 0
ℹ duration_ms 100.626042
✔ Review installs the agent-validation resident action by direct reference (0.766125ms)
✔ fresh Agent Review Passed evidence completes the current Review visit (1.321583ms)
✔ an objection persists failed evidence and returns failed without a board move (1.371084ms)
✔ Review entry is forward while an in-Review retry is actions-only (0.216167ms)
✔ an in-Review retry executes only the Cursor actions-only trigger (0.144708ms)
✔ Review classifies resident and boundary Cursor outcomes without swallowing failures (0.135916ms)
✔ resume, switch, and the dispatcher carry the Review resident wake (0.078875ms)
✔ #1488: verbStart delegates to verbResume and does not re-issue the Review wake (0.06575ms)
✔ #1488: the wake decision exempts the start verb and no other (0.098875ms)
✔ #1488: resume and rebind still wake Review residents (0.156083ms)
✔ a passing Review probe continues into actions-only resident execution (0.116667ms)
✔ a gate objection performs NO board move — the issue stays in Review (0.218ms)
✔ the failure timeline is exactly: stamp the marker, then post review:failed (0.090542ms)
✔ the review:failed row says the issue stays in Review, not that it reverted (0.080291ms)
✔ the marker stamp is best-effort — a mutate throw does not lose the row (0.124083ms)
✔ the failure path never passes --demote to anything (0.066792ms)
✔ verbReview delegates the authoritative Test → Review move and gate to the Cursor (0.126459ms)
✔ there is exactly ONE authoritative move-to-review call site (0.046709ms)
✔ emitReviewGateFailureTimeline no longer destructures runMoveState (0.072834ms)
✔ the operator is told to fix in place and re-run, not to fix in Develop (0.052125ms)
✔ the resident action consumes the Cursor-hydrated body and comments snapshot (0.108458ms)
✔ both gate outcome paths derive their write from the post-move body (0.062459ms)
ℹ tests 22
ℹ suites 0
ℹ pass 22
ℹ fail 0
ℹ cancelled 0
ℹ skipped 0
ℹ todo 0
ℹ duration_ms 112.314417
✔ buildDeferredReviewRow stamps the ts supplied at call time (row branch) (12.821042ms)
✔ buildDeferredReviewRow stamps the ts supplied at call time (flush branch) (0.160208ms)
✔ spec carries no timestamp: same spec yields post-time ts, never an earlier baked ts (0.07975ms)
✔ review row ts is monotonically non-decreasing vs the preceding move-state pair (0.070542ms)
✔ buildDeferredReviewRow returns null for a null spec (0.076834ms)
ℹ tests 5
ℹ suites 0
ℹ pass 5
ℹ fail 0
ℹ cancelled 0
ℹ skipped 0
ℹ todo 0
ℹ duration_ms 114.399833
✔ extractUnverifiedTickLabels: finds a single trailing audit marker (0.72625ms)
✔ extractUnverifiedTickLabels: finds multiple markers and unescapes &quot; (0.093042ms)
✔ extractUnverifiedTickLabels: empty body / no markers yields an empty set (0.085167ms)
✔ the stripped checkbox label used at match time equals the stored marker label (0.307792ms)
ℹ tests 4
ℹ suites 0
ℹ pass 4
ℹ fail 0
ℹ cancelled 0
ℹ skipped 0
ℹ todo 0
ℹ duration_ms 99.497791
✔ AC1: strips AITM_ISSUE_LOCK_HELD from the inherited env (0.463875ms)
✔ AC1: every var in SANDBOX_STRIPPED_ENV_VARS is removed (0.090334ms)
✔ AC1: overrides are applied after the scrub and win (0.0695ms)
✔ AC1: does not mutate the input env object (0.061583ms)
ℹ tests 4
ℹ suites 0
ℹ pass 4
ℹ fail 0
ℹ cancelled 0
ℹ skipped 0
ℹ todo 0
ℹ duration_ms 83.047625
✔ builds one deterministic child proposal per numbered task (1.8975ms)
✔ bounds Scope and provenance to the exact source task section (0.192958ms)
✔ records a root source as both parent and nested epic (0.137917ms)
✔ refuses duplicate numbers, empty titles, and missing verifiers (0.076667ms)
✔ writes canonical deterministic fragments for sanctioned creation (4.572542ms)
✔ sanctioned dry-run body preserves exact task verifiers behind AC citations (197.321333ms)
✔ dry-run preflights every child and performs no live create (3.351084ms)
✔ reads proposal text from the pinned HEAD commit rather than the working tree (2.430125ms)
✔ default plan reader ignores uncommitted working-tree plan changes (77.190125ms)
✔ human dry-run output exposes complete proposals and future creator argv (3.556458ms)
✔ hidden and placeholder Governing-spec metadata fall back to the sanctioned default (4.373375ms)
✔ rejects a missing --plan value instead of consuming the next option (0.338875ms)
✔ confirm validates all drafts before the first live creation (2.405459ms)
✔ confirm performs no live creation when any draft preflight fails (2.389625ms)
✔ refuses unresolved parent provenance before any creator call (0.401458ms)
✔ refuses malformed resolved parent provenance (0.271875ms)
✔ confirm stops on partial live failure and retains created issue numbers (3.514417ms)
ℹ tests 17
ℹ suites 0
ℹ pass 17
ℹ fail 0
ℹ cancelled 0
ℹ skipped 0
ℹ todo 0
ℹ duration_ms 379.825458
✔ direct test and generic promotion converge on the same Develop-to-Test request (0.796917ms)
✔ rebind and resume wake Test in place through actions-only (0.123709ms)
✔ task binding dispatches Test residents through verbTest (0.514375ms)
ℹ tests 3
ℹ suites 0
ℹ pass 3
ℹ fail 0
ℹ cancelled 0
ℹ skipped 0
ℹ todo 0
ℹ duration_ms 57.922084
✔ supersede.defaultRunMoveState calls the in-process host with the supersede argv/env (no spawn) (0.865167ms)
✔ supersede.defaultRunMoveState relays the host exit code verbatim (0.138125ms)
✔ supersede.mjs no longer spawns a move-state child (0.25925ms)
ℹ tests 3
ℹ suites 0
ℹ pass 3
ℹ fail 0
ℹ cancelled 0
ℹ skipped 0
ℹ todo 0
ℹ duration_ms 100.864833
✔ parseArgs: positional dead + --by (0.814292ms)
✔ parseArgs: dead falls back to active bind (0.069042ms)
✔ parseArgs: missing --by reported via byProvided (0.066125ms)
✔ happy path: stamps marker, moves done, comments both, closes not-planned (0.605917ms)
✔ successful supersede releases the terminal binding before reporting success (0.113417ms)
✔ superseder-missing: refuses before any write (0.089792ms)
✔ transition-failed: marker written, no comments/close on nonzero move exit (0.146917ms)
✔ self-supersede throws (0.241041ms)
✔ missing byIssue throws (0.082875ms)
✔ missing deadIssue throws (0.109916ms)
ℹ tests 10
ℹ suites 0
ℹ pass 10
ℹ fail 0
ℹ cancelled 0
ℹ skipped 0
ℹ todo 0
ℹ duration_ms 104.998666
✔ runVerbTest: an allowlist-rejected VC alongside a passing VC yields status "passed", not "failed" (15.271375ms)
✔ runVerbTest: an allowlist-rejected VC alone (no other commands) yields status "passed" (1.121875ms)
✔ runVerbTest: a genuine nonzero-exit failure alongside a rejected VC still yields status "failed" (0.700583ms)
✔ runVerbTest: a metacharacter/injection-vector rejection is NOT excluded from the gate — status stays "failed" (0.522584ms)
ℹ tests 4
ℹ suites 0
ℹ pass 4
ℹ fail 0
ℹ cancelled 0
ℹ skipped 0
ℹ todo 0
ℹ duration_ms 98.695625
✔ Test owns the resumable PR and exact-head quick-CI action (0.814917ms)
✔ Test verification fails closed when both receipt and HEAD are absent (0.213416ms)
✔ Test action keeps infrastructure waiting and classifies source failure for demotion (0.150458ms)
ℹ tests 3
ℹ suites 0
ℹ pass 3
ℹ fail 0
ℹ cancelled 0
ℹ skipped 0
ℹ todo 0
ℹ duration_ms 77.374958
✔ a docs-only kind with a provably docs-only diff skips the complete lanes (15.610125ms)
✔ a code kind runs every lane even when its diff is all documentation (1.856792ms)
✔ a docs-only kind whose diff touches code still runs every lane (1.659083ms)
✔ an unresolvable (empty) diff is default-deny: the lanes run (1.195625ms)
✔ skipping lanes while a legacy aggregate is declared refuses the transition (0.685042ms)
✔ a declared aggregate is still derived normally when the lanes DO run (1.625333ms)
✔ the receipt records the skip and fabricates no lane pass entries (0.940542ms)
✔ a receipt from a run that DID execute the lanes carries no skip record (0.968083ms)
✔ the green summary comment names the skipped lanes (0.864209ms)
ℹ tests 9
ℹ suites 0
ℹ pass 9
ℹ fail 0
ℹ cancelled 0
ℹ skipped 0
ℹ todo 0
ℹ duration_ms 109.410458
✔ #952: pre-#864 body — sandbox never sees npm run test:all, both lanes run (15.823875ms)
✔ #952: already-migrated body — idempotent, no extra migration write (1.45775ms)
ℹ tests 2
ℹ suites 0
ℹ pass 2
ℹ fail 0
ℹ cancelled 0
ℹ skipped 0
ℹ todo 0
ℹ duration_ms 96.217875
✔ AC1: two auto-token calls with identical inputs yield different paths (0.703667ms)
✔ AC2: explicit token is deterministic; distinct tokens never alias (0.174334ms)
✔ AC3 regression: run B reclaim target never names run A live worktree (0.17475ms)
ℹ tests 3
ℹ suites 0
ℹ pass 3
ℹ fail 0
ℹ cancelled 0
ℹ skipped 0
ℹ todo 0
ℹ duration_ms 81.562084
✔ unassign removes the local singleton only before Develop and preserves Status (1.785ms)
✔ unassign refuses Develop Test and Review without mutating ownership or Status (0.292875ms)
✔ unassign refuses foreign multiple and absent ownership without mutation (0.23525ms)
✔ unassign treats a thrown removal with empty read-back as ambiguous, not success (0.225792ms)
✔ unassign fails closed when Status changes around the ownership mutation (0.149417ms)
✔ unassign never mutates when the durable audit reservation fails (0.272292ms)
✔ unassign retries a pending completion audit without repeating ownership mutation (0.329125ms)
✔ unassign repairs only the newest unmatched transaction id (0.236583ms)
ℹ tests 8
ℹ suites 0
ℹ pass 8
ℹ fail 0
ℹ cancelled 0
ℹ skipped 0
ℹ todo 0
ℹ duration_ms 66.332041
PASS: help text distinguishes /task discover (backlog gen) from /task plan (Sprint-Planning)
✔ scripts/tests/unit/task-tracker/verbs/verb-discover-help.test.mjs (50.4905ms)
ℹ tests 1
ℹ suites 0
ℹ pass 1
ℹ fail 0
ℹ cancelled 0
ℹ skipped 0
ℹ todo 0
ℹ duration_ms 54.839875
PASS: runPlan(ready-for-plan) promotes R4P→Plan via verbPromote
PASS: runPlan refuses any non-R4P current state and never delegates to promote
PASS: runPlan validates args
PASS: discover.mjs no longer exports verbPlan
✔ scripts/tests/unit/task-tracker/verbs/verb-plan-promote.test.mjs (95.248458ms)
ℹ tests 1
ℹ suites 0
ℹ pass 1
ℹ fail 0
ℹ cancelled 0
ℹ skipped 0
ℹ todo 0
ℹ duration_ms 100.383333
✔ defaultExecInSandbox: binds AI_TASK_MANAGER_PROJECT_DIR to the sandbox path (36.903ms)
✔ defaultExecInSandbox: child inherits parent env alongside AI_TASK_MANAGER_PROJECT_DIR (33.2045ms)
✔ defaultExecInSandbox: binds the governed Test issue for bare issue-aware verifiers (33.432416ms)
ℹ tests 3
ℹ suites 0
ℹ pass 3
ℹ fail 0
ℹ cancelled 0
ℹ skipped 0
ℹ todo 0
ℹ duration_ms 182.584083
scripts/task-tracker/lib/reopened-close-recovery.mjs -> scripts/tests/integration/task-tracker/lib/runtime-capabilities.test.mjs [import-transitive] test transitively imports changed path
scripts/task-tracker/lib/reopened-close-recovery.mjs -> scripts/tests/integration/task-tracker/verbs/deliver-close.integration.test.mjs [import-transitive] test transitively imports changed path
scripts/task-tracker/lib/reopened-close-recovery.mjs -> scripts/tests/integration/task-tracker/verbs/github-record-approval-close-gates.test.mjs [import-transitive] test transitively imports changed path
scripts/task-tracker/lib/reopened-close-recovery.mjs -> scripts/tests/slow/task-tracker/verbs/close-lifecycle-tick.test.mjs [import-transitive] test transitively imports changed path
scripts/task-tracker/lib/reopened-close-recovery.mjs -> scripts/tests/slow/task-tracker/verbs/coverage-close.test.mjs [import-transitive] test transitively imports changed path
scripts/task-tracker/lib/reopened-close-recovery.mjs -> scripts/tests/unit/task-tracker/characterization/orchestrators.test.mjs [import-transitive] test transitively imports changed path
scripts/task-tracker/lib/reopened-close-recovery.mjs -> scripts/tests/unit/task-tracker/core/close-emission-order.test.mjs [import-transitive] test transitively imports changed path
scripts/task-tracker/lib/reopened-close-recovery.mjs -> scripts/tests/unit/task-tracker/core/docs-only-lane-skip-completeness.test.mjs [import-transitive] test transitively imports changed path
scripts/task-tracker/lib/reopened-close-recovery.mjs -> scripts/tests/unit/task-tracker/lib/close-cross-close.test.mjs [import-transitive] test transitively imports changed path
scripts/task-tracker/lib/reopened-close-recovery.mjs -> scripts/tests/unit/task-tracker/lib/close-repair.test.mjs [import-transitive] test transitively imports changed path
scripts/task-tracker/lib/reopened-close-recovery.mjs -> scripts/tests/unit/task-tracker/lib/epic-r4p-orchestration.test.mjs [import-transitive] test transitively imports changed path
scripts/task-tracker/lib/reopened-close-recovery.mjs -> scripts/tests/unit/task-tracker/lib/reopened-close-binding-ownership.test.mjs [import-direct] test statically imports changed path
scripts/task-tracker/lib/reopened-close-recovery.mjs -> scripts/tests/unit/task-tracker/lib/reopened-close-recovery.test.mjs [basename] conventional basename compatibility mapping
scripts/task-tracker/lib/reopened-close-recovery.mjs -> scripts/tests/unit/task-tracker/lib/reopened-close-recovery.test.mjs [import-direct] test statically imports changed path
scripts/task-tracker/lib/reopened-close-recovery.mjs -> scripts/tests/unit/task-tracker/lib/terminal-binding-authority.test.mjs [import-direct] test statically imports changed path
scripts/task-tracker/lib/reopened-close-recovery.mjs -> scripts/tests/unit/task-tracker/verbs/close-binding-cleanup.test.mjs [import-transitive] test transitively imports changed path
scripts/task-tracker/lib/reopened-close-recovery.mjs -> scripts/tests/unit/task-tracker/verbs/close-converge-audit-emission.test.mjs [import-transitive] test transitively imports changed path
scripts/task-tracker/lib/reopened-close-recovery.mjs -> scripts/tests/unit/task-tracker/verbs/close-convergence-wiring-finalize.test.mjs [import-transitive] test transitively imports changed path
scripts/task-tracker/lib/reopened-close-recovery.mjs -> scripts/tests/unit/task-tracker/verbs/close-convergence-wiring.test.mjs [import-transitive] test transitively imports changed path
scripts/task-tracker/lib/reopened-close-recovery.mjs -> scripts/tests/unit/task-tracker/verbs/close-delivered-idempotence.test.mjs [import-transitive] test transitively imports changed path
scripts/task-tracker/lib/reopened-close-recovery.mjs -> scripts/tests/unit/task-tracker/verbs/close-delivery-gate-input.test.mjs [import-transitive] test transitively imports changed path
scripts/task-tracker/lib/reopened-close-recovery.mjs -> scripts/tests/unit/task-tracker/verbs/close-incorporated.test.mjs [import-transitive] test transitively imports changed path
scripts/task-tracker/lib/reopened-close-recovery.mjs -> scripts/tests/unit/task-tracker/verbs/close-lifecycle-tick-retry.test.mjs [import-transitive] test transitively imports changed path
scripts/task-tracker/lib/reopened-close-recovery.mjs -> scripts/tests/unit/task-tracker/verbs/close-no-commit-delivery.test.mjs [import-transitive] test transitively imports changed path
scripts/task-tracker/lib/reopened-close-recovery.mjs -> scripts/tests/unit/task-tracker/verbs/close-occupancy-cleanup.test.mjs [import-transitive] test transitively imports changed path
scripts/task-tracker/lib/reopened-close-recovery.mjs -> scripts/tests/unit/task-tracker/verbs/close-pexec-offline.test.mjs [import-transitive] test transitively imports changed path
scripts/task-tracker/lib/reopened-close-recovery.mjs -> scripts/tests/unit/task-tracker/verbs/close-reconcile-lifecycle.test.mjs [import-transitive] test transitively imports changed path
scripts/task-tracker/lib/reopened-close-recovery.mjs -> scripts/tests/unit/task-tracker/verbs/close-reopened-recovery-wiring.test.mjs [import-direct] test statically imports changed path
scripts/task-tracker/lib/reopened-close-recovery.mjs -> scripts/tests/unit/task-tracker/verbs/close-review-authority-wiring.test.mjs [import-transitive] test transitively imports changed path
scripts/task-tracker/lib/reopened-close-recovery.mjs -> scripts/tests/unit/task-tracker/verbs/close-strip-labels.test.mjs [import-transitive] test transitively imports changed path
scripts/task-tracker/lib/reopened-close-recovery.mjs -> scripts/tests/unit/task-tracker/verbs/pull-next-background-profile.test.mjs [import-transitive] test transitively imports changed path
scripts/task-tracker/lib/reopened-close-recovery.mjs -> scripts/tests/unit/task-tracker/verbs/pull-next-close-convergence.test.mjs [import-transitive] test transitively imports changed path
scripts/task-tracker/lib/reopened-close-recovery.mjs -> scripts/tests/unit/task-tracker/verbs/pull-next-verb.test.mjs [import-transitive] test transitively imports changed path
scripts/task-tracker/verbs/close.mjs -> scripts/tests/integration/task-tracker/lib/runtime-capabilities.test.mjs [import-direct] test statically imports changed path
scripts/task-tracker/verbs/close.mjs -> scripts/tests/integration/task-tracker/verbs/deliver-close.integration.test.mjs [import-transitive] test transitively imports changed path
scripts/task-tracker/verbs/close.mjs -> scripts/tests/integration/task-tracker/verbs/github-record-approval-close-gates.test.mjs [import-direct] test statically imports changed path
scripts/task-tracker/verbs/close.mjs -> scripts/tests/slow/task-tracker/verbs/close-lifecycle-tick.test.mjs [import-direct] test statically imports changed path
scripts/task-tracker/verbs/close.mjs -> scripts/tests/slow/task-tracker/verbs/coverage-close.test.mjs [import-direct] test statically imports changed path
scripts/task-tracker/verbs/close.mjs -> scripts/tests/unit/task-tracker/characterization/orchestrators.test.mjs [import-direct] test statically imports changed path
scripts/task-tracker/verbs/close.mjs -> scripts/tests/unit/task-tracker/core/close-emission-order.test.mjs [import-direct] test statically imports changed path
scripts/task-tracker/verbs/close.mjs -> scripts/tests/unit/task-tracker/core/docs-only-lane-skip-completeness.test.mjs [import-direct] test statically imports changed path
scripts/task-tracker/verbs/close.mjs -> scripts/tests/unit/task-tracker/lib/close-cross-close.test.mjs [import-direct] test statically imports changed path
scripts/task-tracker/verbs/close.mjs -> scripts/tests/unit/task-tracker/lib/close-repair.test.mjs [import-direct] test statically imports changed path
scripts/task-tracker/verbs/close.mjs -> scripts/tests/unit/task-tracker/lib/epic-r4p-orchestration.test.mjs [import-transitive] test transitively imports changed path
scripts/task-tracker/verbs/close.mjs -> scripts/tests/unit/task-tracker/verbs/ac-stamp.test.mjs [manifest] CLI subprocess coverage is not completely visible through static imports
scripts/task-tracker/verbs/close.mjs -> scripts/tests/unit/task-tracker/verbs/action-ledger.test.mjs [manifest] CLI subprocess coverage is not completely visible through static imports
scripts/task-tracker/verbs/close.mjs -> scripts/tests/unit/task-tracker/verbs/approve-core.test.mjs [manifest] CLI subprocess coverage is not completely visible through static imports
scripts/task-tracker/verbs/close.mjs -> scripts/tests/unit/task-tracker/verbs/approve-full-auto-detect.test.mjs [manifest] CLI subprocess coverage is not completely visible through static imports
scripts/task-tracker/verbs/close.mjs -> scripts/tests/unit/task-tracker/verbs/approve-review-notes.test.mjs [manifest] CLI subprocess coverage is not completely visible through static imports
scripts/task-tracker/verbs/close.mjs -> scripts/tests/unit/task-tracker/verbs/approve-timing-boundary.test.mjs [manifest] CLI subprocess coverage is not completely visible through static imports
scripts/task-tracker/verbs/close.mjs -> scripts/tests/unit/task-tracker/verbs/assign.test.mjs [manifest] CLI subprocess coverage is not completely visible through static imports
scripts/task-tracker/verbs/close.mjs -> scripts/tests/unit/task-tracker/verbs/block-verb.test.mjs [manifest] CLI subprocess coverage is not completely visible through static imports
scripts/task-tracker/verbs/close.mjs -> scripts/tests/unit/task-tracker/verbs/board-and-project-guard.test.mjs [manifest] CLI subprocess coverage is not completely visible through static imports
scripts/task-tracker/verbs/close.mjs -> scripts/tests/unit/task-tracker/verbs/check-verb-migration.test.mjs [manifest] CLI subprocess coverage is not completely visible through static imports
scripts/task-tracker/verbs/close.mjs -> scripts/tests/unit/task-tracker/verbs/check.test.mjs [manifest] CLI subprocess coverage is not completely visible through static imports
scripts/task-tracker/verbs/close.mjs -> scripts/tests/unit/task-tracker/verbs/close-binding-cleanup.test.mjs [import-direct] test statically imports changed path
scripts/task-tracker/verbs/close.mjs -> scripts/tests/unit/task-tracker/verbs/close-binding-cleanup.test.mjs [manifest] CLI subprocess coverage is not completely visible through static imports
scripts/task-tracker/verbs/close.mjs -> scripts/tests/unit/task-tracker/verbs/close-converge-audit-emission.test.mjs [import-direct] test statically imports changed path
scripts/task-tracker/verbs/close.mjs -> scripts/tests/unit/task-tracker/verbs/close-converge-audit-emission.test.mjs [manifest] CLI subprocess coverage is not completely visible through static imports
scripts/task-tracker/verbs/close.mjs -> scripts/tests/unit/task-tracker/verbs/close-convergence-wiring-finalize.test.mjs [import-transitive] test transitively imports changed path
scripts/task-tracker/verbs/close.mjs -> scripts/tests/unit/task-tracker/verbs/close-convergence-wiring-finalize.test.mjs [manifest] CLI subprocess coverage is not completely visible through static imports
scripts/task-tracker/verbs/close.mjs -> scripts/tests/unit/task-tracker/verbs/close-convergence-wiring.test.mjs [import-direct] test statically imports changed path
scripts/task-tracker/verbs/close.mjs -> scripts/tests/unit/task-tracker/verbs/close-convergence-wiring.test.mjs [manifest] CLI subprocess coverage is not completely visible through static imports
scripts/task-tracker/verbs/close.mjs -> scripts/tests/unit/task-tracker/verbs/close-delivered-idempotence.test.mjs [import-transitive] test transitively imports changed path
scripts/task-tracker/verbs/close.mjs -> scripts/tests/unit/task-tracker/verbs/close-delivered-idempotence.test.mjs [manifest] CLI subprocess coverage is not completely visible through static imports
scripts/task-tracker/verbs/close.mjs -> scripts/tests/unit/task-tracker/verbs/close-delivery-gate-input.test.mjs [import-direct] test statically imports changed path
scripts/task-tracker/verbs/close.mjs -> scripts/tests/unit/task-tracker/verbs/close-delivery-gate-input.test.mjs [manifest] CLI subprocess coverage is not completely visible through static imports
scripts/task-tracker/verbs/close.mjs -> scripts/tests/unit/task-tracker/verbs/close-delivery-receipt.test.mjs [manifest] CLI subprocess coverage is not completely visible through static imports
scripts/task-tracker/verbs/close.mjs -> scripts/tests/unit/task-tracker/verbs/close-incorporated.test.mjs [import-direct] test statically imports changed path
scripts/task-tracker/verbs/close.mjs -> scripts/tests/unit/task-tracker/verbs/close-incorporated.test.mjs [manifest] CLI subprocess coverage is not completely visible through static imports
scripts/task-tracker/verbs/close.mjs -> scripts/tests/unit/task-tracker/verbs/close-lifecycle-tick-retry.test.mjs [import-direct] test statically imports changed path
scripts/task-tracker/verbs/close.mjs -> scripts/tests/unit/task-tracker/verbs/close-lifecycle-tick-retry.test.mjs [manifest] CLI subprocess coverage is not completely visible through static imports
scripts/task-tracker/verbs/close.mjs -> scripts/tests/unit/task-tracker/verbs/close-no-commit-delivery.test.mjs [import-direct] test statically imports changed path
scripts/task-tracker/verbs/close.mjs -> scripts/tests/unit/task-tracker/verbs/close-no-commit-delivery.test.mjs [manifest] CLI subprocess coverage is not completely visible through static imports
scripts/task-tracker/verbs/close.mjs -> scripts/tests/unit/task-tracker/verbs/close-occupancy-cleanup.test.mjs [import-direct] test statically imports changed path
scripts/task-tracker/verbs/close.mjs -> scripts/tests/unit/task-tracker/verbs/close-occupancy-cleanup.test.mjs [manifest] CLI subprocess coverage is not completely visible through static imports
scripts/task-tracker/verbs/close.mjs -> scripts/tests/unit/task-tracker/verbs/close-pexec-offline.test.mjs [import-direct] test statically imports changed path
scripts/task-tracker/verbs/close.mjs -> scripts/tests/unit/task-tracker/verbs/close-pexec-offline.test.mjs [manifest] CLI subprocess coverage is not completely visible through static imports
scripts/task-tracker/verbs/close.mjs -> scripts/tests/unit/task-tracker/verbs/close-reconcile-lifecycle.test.mjs [import-direct] test statically imports changed path
scripts/task-tracker/verbs/close.mjs -> scripts/tests/unit/task-tracker/verbs/close-reconcile-lifecycle.test.mjs [manifest] CLI subprocess coverage is not completely visible through static imports
scripts/task-tracker/verbs/close.mjs -> scripts/tests/unit/task-tracker/verbs/close-reopened-recovery-wiring.test.mjs [import-direct] test statically imports changed path
scripts/task-tracker/verbs/close.mjs -> scripts/tests/unit/task-tracker/verbs/close-reopened-recovery-wiring.test.mjs [manifest] CLI subprocess coverage is not completely visible through static imports
scripts/task-tracker/verbs/close.mjs -> scripts/tests/unit/task-tracker/verbs/close-review-authority-wiring.test.mjs [import-direct] test statically imports changed path
scripts/task-tracker/verbs/close.mjs -> scripts/tests/unit/task-tracker/verbs/close-review-authority-wiring.test.mjs [manifest] CLI subprocess coverage is not completely visible through static imports
scripts/task-tracker/verbs/close.mjs -> scripts/tests/unit/task-tracker/verbs/close-strip-labels.test.mjs [import-direct] test statically imports changed path
scripts/task-tracker/verbs/close.mjs -> scripts/tests/unit/task-tracker/verbs/close-strip-labels.test.mjs [manifest] CLI subprocess coverage is not completely visible through static imports
scripts/task-tracker/verbs/close.mjs -> scripts/tests/unit/task-tracker/verbs/comment.test.mjs [manifest] CLI subprocess coverage is not completely visible through static imports
scripts/task-tracker/verbs/close.mjs -> scripts/tests/unit/task-tracker/verbs/commit-trace-verb.test.mjs [manifest] CLI subprocess coverage is not completely visible through static imports
scripts/task-tracker/verbs/close.mjs -> scripts/tests/unit/task-tracker/verbs/coverage-ac-stamp.test.mjs [manifest] CLI subprocess coverage is not completely visible through static imports
scripts/task-tracker/verbs/close.mjs -> scripts/tests/unit/task-tracker/verbs/coverage-auto.test.mjs [manifest] CLI subprocess coverage is not completely visible through static imports
scripts/task-tracker/verbs/close.mjs -> scripts/tests/unit/task-tracker/verbs/coverage-check-verb.test.mjs [manifest] CLI subprocess coverage is not completely visible through static imports
scripts/task-tracker/verbs/close.mjs -> scripts/tests/unit/task-tracker/verbs/coverage-check.test.mjs [manifest] CLI subprocess coverage is not completely visible through static imports
scripts/task-tracker/verbs/close.mjs -> scripts/tests/unit/task-tracker/verbs/coverage-commit-trace.test.mjs [manifest] CLI subprocess coverage is not completely visible through static imports
scripts/task-tracker/verbs/close.mjs -> scripts/tests/unit/task-tracker/verbs/coverage-config.test.mjs [manifest] CLI subprocess coverage is not completely visible through static imports
scripts/task-tracker/verbs/close.mjs -> scripts/tests/unit/task-tracker/verbs/coverage-dod-stamp.test.mjs [manifest] CLI subprocess coverage is not completely visible through static imports
scripts/task-tracker/verbs/close.mjs -> scripts/tests/unit/task-tracker/verbs/coverage-evidence-markers.test.mjs [manifest] CLI subprocess coverage is not completely visible through static imports
scripts/task-tracker/verbs/close.mjs -> scripts/tests/unit/task-tracker/verbs/coverage-fleet.test.mjs [manifest] CLI subprocess coverage is not completely visible through static imports
scripts/task-tracker/verbs/close.mjs -> scripts/tests/unit/task-tracker/verbs/coverage-kind.test.mjs [manifest] CLI subprocess coverage is not completely visible through static imports
scripts/task-tracker/verbs/close.mjs -> scripts/tests/unit/task-tracker/verbs/coverage-mirror-deep-dive.test.mjs [manifest] CLI subprocess coverage is not completely visible through static imports
scripts/task-tracker/verbs/close.mjs -> scripts/tests/unit/task-tracker/verbs/coverage-plan-approve.test.mjs [manifest] CLI subprocess coverage is not completely visible through static imports
scripts/task-tracker/verbs/close.mjs -> scripts/tests/unit/task-tracker/verbs/coverage-promote.test.mjs [manifest] CLI subprocess coverage is not completely visible through static imports
scripts/task-tracker/verbs/close.mjs -> scripts/tests/unit/task-tracker/verbs/coverage-update.test.mjs [manifest] CLI subprocess coverage is not completely visible through static imports
scripts/task-tracker/verbs/close.mjs -> scripts/tests/unit/task-tracker/verbs/deliver-default-deps.test.mjs [manifest] CLI subprocess coverage is not completely visible through static imports
scripts/task-tracker/verbs/close.mjs -> scripts/tests/unit/task-tracker/verbs/deliver-default-squash-recovery.test.mjs [manifest] CLI subprocess coverage is not completely visible through static imports
scripts/task-tracker/verbs/close.mjs -> scripts/tests/unit/task-tracker/verbs/deliver-merged-source-attribution.test.mjs [manifest] CLI subprocess coverage is not completely visible through static imports
scripts/task-tracker/verbs/close.mjs -> scripts/tests/unit/task-tracker/verbs/deliver-multiple-pr-records.test.mjs [manifest] CLI subprocess coverage is not completely visible through static imports
scripts/task-tracker/verbs/close.mjs -> scripts/tests/unit/task-tracker/verbs/deliver-no-commit.test.mjs [manifest] CLI subprocess coverage is not completely visible through static imports
scripts/task-tracker/verbs/close.mjs -> scripts/tests/unit/task-tracker/verbs/deliver-pr-selection.test.mjs [manifest] CLI subprocess coverage is not completely visible through static imports
scripts/task-tracker/verbs/close.mjs -> scripts/tests/unit/task-tracker/verbs/deliver-single-source-squash.test.mjs [manifest] CLI subprocess coverage is not completely visible through static imports
scripts/task-tracker/verbs/close.mjs -> scripts/tests/unit/task-tracker/verbs/deliver-source-inventory.test.mjs [manifest] CLI subprocess coverage is not completely visible through static imports
scripts/task-tracker/verbs/close.mjs -> scripts/tests/unit/task-tracker/verbs/deliver.test.mjs [manifest] CLI subprocess coverage is not completely visible through static imports
scripts/task-tracker/verbs/close.mjs -> scripts/tests/unit/task-tracker/verbs/demote-inprocess.test.mjs [manifest] CLI subprocess coverage is not completely visible through static imports
scripts/task-tracker/verbs/close.mjs -> scripts/tests/unit/task-tracker/verbs/demote-verb.test.mjs [manifest] CLI subprocess coverage is not completely visible through static imports
scripts/task-tracker/verbs/close.mjs -> scripts/tests/unit/task-tracker/verbs/demote.test.mjs [manifest] CLI subprocess coverage is not completely visible through static imports
scripts/task-tracker/verbs/close.mjs -> scripts/tests/unit/task-tracker/verbs/develop-state-action.test.mjs [manifest] CLI subprocess coverage is not completely visible through static imports
scripts/task-tracker/verbs/close.mjs -> scripts/tests/unit/task-tracker/verbs/dod-stamp-state-gate.test.mjs [manifest] CLI subprocess coverage is not completely visible through static imports
scripts/task-tracker/verbs/close.mjs -> scripts/tests/unit/task-tracker/verbs/ensure-checked.test.mjs [manifest] CLI subprocess coverage is not completely visible through static imports
scripts/task-tracker/verbs/close.mjs -> scripts/tests/unit/task-tracker/verbs/ensure-unchecked.test.mjs [manifest] CLI subprocess coverage is not completely visible through static imports
scripts/task-tracker/verbs/close.mjs -> scripts/tests/unit/task-tracker/verbs/epic-reconcile.test.mjs [manifest] CLI subprocess coverage is not completely visible through static imports
scripts/task-tracker/verbs/close.mjs -> scripts/tests/unit/task-tracker/verbs/fleet-closed-bindings.test.mjs [manifest] CLI subprocess coverage is not completely visible through static imports
scripts/task-tracker/verbs/close.mjs -> scripts/tests/unit/task-tracker/verbs/functional-dod-gate.test.mjs [manifest] CLI subprocess coverage is not completely visible through static imports
scripts/task-tracker/verbs/close.mjs -> scripts/tests/unit/task-tracker/verbs/help.test.mjs [manifest] CLI subprocess coverage is not completely visible through static imports
scripts/task-tracker/verbs/close.mjs -> scripts/tests/unit/task-tracker/verbs/incident-ledger.test.mjs [manifest] CLI subprocess coverage is not completely visible through static imports
scripts/task-tracker/verbs/close.mjs -> scripts/tests/unit/task-tracker/verbs/inflate-estimate.test.mjs [manifest] CLI subprocess coverage is not completely visible through static imports
scripts/task-tracker/verbs/close.mjs -> scripts/tests/unit/task-tracker/verbs/issue-body.test.mjs [manifest] CLI subprocess coverage is not completely visible through static imports
scripts/task-tracker/verbs/close.mjs -> scripts/tests/unit/task-tracker/verbs/move-inprocess-parity.test.mjs [manifest] CLI subprocess coverage is not completely visible through static imports
scripts/task-tracker/verbs/close.mjs -> scripts/tests/unit/task-tracker/verbs/new-help-probe-guard.test.mjs [manifest] CLI subprocess coverage is not completely visible through static imports
scripts/task-tracker/verbs/close.mjs -> scripts/tests/unit/task-tracker/verbs/new-routes-create-issue.test.mjs [manifest] CLI subprocess coverage is not completely visible through static imports
scripts/task-tracker/verbs/close.mjs -> scripts/tests/unit/task-tracker/verbs/new.test.mjs [manifest] CLI subprocess coverage is not completely visible through static imports
scripts/task-tracker/verbs/close.mjs -> scripts/tests/unit/task-tracker/verbs/next-alias.test.mjs [manifest] CLI subprocess coverage is not completely visible through static imports
scripts/task-tracker/verbs/close.mjs -> scripts/tests/unit/task-tracker/verbs/park.test.mjs [manifest] CLI subprocess coverage is not completely visible through static imports
scripts/task-tracker/verbs/close.mjs -> scripts/tests/unit/task-tracker/verbs/plan-approve-collapse.test.mjs [manifest] CLI subprocess coverage is not completely visible through static imports
scripts/task-tracker/verbs/close.mjs -> scripts/tests/unit/task-tracker/verbs/plan-approve.test.mjs [manifest] CLI subprocess coverage is not completely visible through static imports
scripts/task-tracker/verbs/close.mjs -> scripts/tests/unit/task-tracker/verbs/plan-estimate.test.mjs [manifest] CLI subprocess coverage is not completely visible through static imports
scripts/task-tracker/verbs/close.mjs -> scripts/tests/unit/task-tracker/verbs/promote-discuss-refusal.test.mjs [manifest] CLI subprocess coverage is not completely visible through static imports
scripts/task-tracker/verbs/close.mjs -> scripts/tests/unit/task-tracker/verbs/promote-inprocess.test.mjs [manifest] CLI subprocess coverage is not completely visible through static imports
scripts/task-tracker/verbs/close.mjs -> scripts/tests/unit/task-tracker/verbs/promote-review-close-agent-review-gate.test.mjs [manifest] CLI subprocess coverage is not completely visible through static imports
scripts/task-tracker/verbs/close.mjs -> scripts/tests/unit/task-tracker/verbs/promote-spawn-timeout.test.mjs [manifest] CLI subprocess coverage is not completely visible through static imports
scripts/task-tracker/verbs/close.mjs -> scripts/tests/unit/task-tracker/verbs/promote-test-delegation.test.mjs [manifest] CLI subprocess coverage is not completely visible through static imports
scripts/task-tracker/verbs/close.mjs -> scripts/tests/unit/task-tracker/verbs/promote-test-review-alias.test.mjs [manifest] CLI subprocess coverage is not completely visible through static imports
scripts/task-tracker/verbs/close.mjs -> scripts/tests/unit/task-tracker/verbs/promote-test-to-review-gate.test.mjs [manifest] CLI subprocess coverage is not completely visible through static imports
scripts/task-tracker/verbs/close.mjs -> scripts/tests/unit/task-tracker/verbs/pull-next-background-profile.test.mjs [import-transitive] test transitively imports changed path
scripts/task-tracker/verbs/close.mjs -> scripts/tests/unit/task-tracker/verbs/pull-next-background-profile.test.mjs [manifest] CLI subprocess coverage is not completely visible through static imports
scripts/task-tracker/verbs/close.mjs -> scripts/tests/unit/task-tracker/verbs/pull-next-close-convergence.test.mjs [import-transitive] test transitively imports changed path
scripts/task-tracker/verbs/close.mjs -> scripts/tests/unit/task-tracker/verbs/pull-next-close-convergence.test.mjs [manifest] CLI subprocess coverage is not completely visible through static imports
scripts/task-tracker/verbs/close.mjs -> scripts/tests/unit/task-tracker/verbs/pull-next-verb.test.mjs [import-transitive] test transitively imports changed path
scripts/task-tracker/verbs/close.mjs -> scripts/tests/unit/task-tracker/verbs/pull-next-verb.test.mjs [manifest] CLI subprocess coverage is not completely visible through static imports
scripts/task-tracker/verbs/close.mjs -> scripts/tests/unit/task-tracker/verbs/reconcile-inprocess.test.mjs [manifest] CLI subprocess coverage is not completely visible through static imports
scripts/task-tracker/verbs/close.mjs -> scripts/tests/unit/task-tracker/verbs/reconcile-multistep-walk.test.mjs [manifest] CLI subprocess coverage is not completely visible through static imports
scripts/task-tracker/verbs/close.mjs -> scripts/tests/unit/task-tracker/verbs/reconcile-verb.test.mjs [manifest] CLI subprocess coverage is not completely visible through static imports
scripts/task-tracker/verbs/close.mjs -> scripts/tests/unit/task-tracker/verbs/refine-atomic-rollback.test.mjs [manifest] CLI subprocess coverage is not completely visible through static imports
scripts/task-tracker/verbs/close.mjs -> scripts/tests/unit/task-tracker/verbs/refine-fields-cache-refresh.test.mjs [manifest] CLI subprocess coverage is not completely visible through static imports
scripts/task-tracker/verbs/close.mjs -> scripts/tests/unit/task-tracker/verbs/refine-fresh-body-retry.test.mjs [manifest] CLI subprocess coverage is not completely visible through static imports
scripts/task-tracker/verbs/close.mjs -> scripts/tests/unit/task-tracker/verbs/refine-stage-completion.test.mjs [manifest] CLI subprocess coverage is not completely visible through static imports
scripts/task-tracker/verbs/close.mjs -> scripts/tests/unit/task-tracker/verbs/refine-verb.test.mjs [manifest] CLI subprocess coverage is not completely visible through static imports
scripts/task-tracker/verbs/close.mjs -> scripts/tests/unit/task-tracker/verbs/reject.test.mjs [manifest] CLI subprocess coverage is not completely visible through static imports
scripts/task-tracker/verbs/close.mjs -> scripts/tests/unit/task-tracker/verbs/review-receipt-lane-skip.test.mjs [manifest] CLI subprocess coverage is not completely visible through static imports
scripts/task-tracker/verbs/close.mjs -> scripts/tests/unit/task-tracker/verbs/review-sandbox-demote-slug.test.mjs [manifest] CLI subprocess coverage is not completely visible through static imports
scripts/task-tracker/verbs/close.mjs -> scripts/tests/unit/task-tracker/verbs/review-state-action.test.mjs [manifest] CLI subprocess coverage is not completely visible through static imports
scripts/task-tracker/verbs/close.mjs -> scripts/tests/unit/task-tracker/verbs/review-timing-monotonic.test.mjs [manifest] CLI subprocess coverage is not completely visible through static imports
scripts/task-tracker/verbs/close.mjs -> scripts/tests/unit/task-tracker/verbs/review-unverified-tick-hatch.test.mjs [manifest] CLI subprocess coverage is not completely visible through static imports
scripts/task-tracker/verbs/close.mjs -> scripts/tests/unit/task-tracker/verbs/sandbox-env-isolation.test.mjs [manifest] CLI subprocess coverage is not completely visible through static imports
scripts/task-tracker/verbs/close.mjs -> scripts/tests/unit/task-tracker/verbs/split-plan.test.mjs [manifest] CLI subprocess coverage is not completely visible through static imports
scripts/task-tracker/verbs/close.mjs -> scripts/tests/unit/task-tracker/verbs/state-cursor-promotion-parity.test.mjs [manifest] CLI subprocess coverage is not completely visible through static imports
scripts/task-tracker/verbs/close.mjs -> scripts/tests/unit/task-tracker/verbs/supersede-inprocess.test.mjs [manifest] CLI subprocess coverage is not completely visible through static imports
scripts/task-tracker/verbs/close.mjs -> scripts/tests/unit/task-tracker/verbs/supersede-verb.test.mjs [manifest] CLI subprocess coverage is not completely visible through static imports
scripts/task-tracker/verbs/close.mjs -> scripts/tests/unit/task-tracker/verbs/test-rejected-vc-not-scored-as-failed.test.mjs [manifest] CLI subprocess coverage is not completely visible through static imports
scripts/task-tracker/verbs/close.mjs -> scripts/tests/unit/task-tracker/verbs/test-state-action.test.mjs [manifest] CLI subprocess coverage is not completely visible through static imports
scripts/task-tracker/verbs/close.mjs -> scripts/tests/unit/task-tracker/verbs/test-verb-kind-aware-lanes.test.mjs [manifest] CLI subprocess coverage is not completely visible through static imports
scripts/task-tracker/verbs/close.mjs -> scripts/tests/unit/task-tracker/verbs/test-verb-lane-split-migration.test.mjs [manifest] CLI subprocess coverage is not completely visible through static imports
scripts/task-tracker/verbs/close.mjs -> scripts/tests/unit/task-tracker/verbs/test-verb-sandbox-worktree-path.test.mjs [manifest] CLI subprocess coverage is not completely visible through static imports
scripts/task-tracker/verbs/close.mjs -> scripts/tests/unit/task-tracker/verbs/unassign.test.mjs [manifest] CLI subprocess coverage is not completely visible through static imports
scripts/task-tracker/verbs/close.mjs -> scripts/tests/unit/task-tracker/verbs/verb-discover-help.test.mjs [manifest] CLI subprocess coverage is not completely visible through static imports
scripts/task-tracker/verbs/close.mjs -> scripts/tests/unit/task-tracker/verbs/verb-plan-promote.test.mjs [manifest] CLI subprocess coverage is not completely visible through static imports
scripts/task-tracker/verbs/close.mjs -> scripts/tests/unit/task-tracker/verbs/verb-test-sandbox-env.test.mjs [manifest] CLI subprocess coverage is not completely visible through static imports
scripts/tests/unit/task-tracker/lib/reopened-close-binding-ownership.test.mjs -> scripts/tests/integration/meta/test-tree-layout.test.mjs [manifest] current test tree authority change
scripts/tests/unit/task-tracker/lib/reopened-close-binding-ownership.test.mjs -> scripts/tests/unit/task-tracker/lib/reopened-close-binding-ownership.test.mjs [changed-test] changed or newly discovered test
scripts/tests/unit/task-tracker/lib/reopened-close-recovery.test.mjs -> scripts/tests/integration/meta/test-tree-layout.test.mjs [manifest] current test tree authority change
scripts/tests/unit/task-tracker/lib/reopened-close-recovery.test.mjs -> scripts/tests/unit/task-tracker/lib/reopened-close-recovery.test.mjs [changed-test] changed or newly discovered test
scripts/tests/unit/task-tracker/lib/terminal-binding-authority.test.mjs -> scripts/tests/integration/meta/test-tree-layout.test.mjs [manifest] current test tree authority change
scripts/tests/unit/task-tracker/lib/terminal-binding-authority.test.mjs -> scripts/tests/unit/task-tracker/lib/terminal-binding-authority.test.mjs [changed-test] changed or newly discovered test
scripts/tests/unit/task-tracker/verbs/close-reopened-recovery-wiring.test.mjs -> scripts/tests/integration/meta/test-tree-layout.test.mjs [manifest] current test tree authority change
scripts/tests/unit/task-tracker/verbs/close-reopened-recovery-wiring.test.mjs -> scripts/tests/unit/task-tracker/verbs/close-reopened-recovery-wiring.test.mjs [changed-test] changed or newly discovered test
verify-develop: lint-affected-fix exit=0 duration=539ms
verify-develop: format-affected-fix exit=0 duration=543ms
verify-develop: test-affected exit=0 duration=403ms
verify-develop: test-affected exit=0 duration=201ms
verify-develop: test-affected exit=0 duration=248ms
verify-develop: test-affected exit=0 duration=162ms
verify-develop: test-affected exit=0 duration=136ms
verify-develop: test-affected exit=0 duration=2972ms
verify-develop: test-affected exit=0 duration=628ms
verify-develop: test-affected exit=0 duration=420ms
verify-develop: test-affected exit=0 duration=140ms
verify-develop: test-affected exit=0 duration=250ms
verify-develop: test-affected exit=0 duration=185ms
verify-develop: test-affected exit=0 duration=172ms
verify-develop: test-affected exit=0 duration=214ms
verify-develop: test-affected exit=0 duration=120ms
verify-develop: test-affected exit=0 duration=109ms
verify-develop: test-affected exit=0 duration=119ms
verify-develop: test-affected exit=0 duration=113ms
verify-develop: test-affected exit=0 duration=557ms
verify-develop: test-affected exit=0 duration=576ms
verify-develop: test-affected exit=0 duration=118ms
verify-develop: test-affected exit=0 duration=147ms
verify-develop: test-affected exit=0 duration=104ms
verify-develop: test-affected exit=0 duration=111ms
verify-develop: test-affected exit=0 duration=93ms
verify-develop: test-affected exit=0 duration=1191ms
verify-develop: test-affected exit=0 duration=116ms
verify-develop: test-affected exit=0 duration=141ms
verify-develop: test-affected exit=0 duration=342ms
verify-develop: test-affected exit=0 duration=199ms
verify-develop: test-affected exit=0 duration=419ms
verify-develop: test-affected exit=0 duration=286ms
verify-develop: test-affected exit=0 duration=151ms
verify-develop: test-affected exit=0 duration=104ms
verify-develop: test-affected exit=0 duration=153ms
verify-develop: test-affected exit=0 duration=141ms
verify-develop: test-affected exit=0 duration=146ms
verify-develop: test-affected exit=0 duration=138ms
verify-develop: test-affected exit=0 duration=143ms
verify-develop: test-affected exit=0 duration=474ms
verify-develop: test-affected exit=0 duration=183ms
verify-develop: test-affected exit=0 duration=330ms
verify-develop: test-affected exit=0 duration=486ms
verify-develop: test-affected exit=0 duration=106ms
verify-develop: test-affected exit=0 duration=93ms
verify-develop: test-affected exit=0 duration=122ms
verify-develop: test-affected exit=0 duration=90ms
verify-develop: test-affected exit=0 duration=401ms
verify-develop: test-affected exit=0 duration=116ms
verify-develop: test-affected exit=0 duration=152ms
verify-develop: test-affected exit=0 duration=93ms
verify-develop: test-affected exit=0 duration=122ms
verify-develop: test-affected exit=0 duration=346ms
verify-develop: test-affected exit=0 duration=141ms
verify-develop: test-affected exit=0 duration=128ms
verify-develop: test-affected exit=0 duration=348ms
verify-develop: test-affected exit=0 duration=122ms
verify-develop: test-affected exit=0 duration=551ms
verify-develop: test-affected exit=0 duration=114ms
verify-develop: test-affected exit=0 duration=124ms
verify-develop: test-affected exit=0 duration=121ms
verify-develop: test-affected exit=0 duration=115ms
verify-develop: test-affected exit=0 duration=114ms
verify-develop: test-affected exit=0 duration=117ms
verify-develop: test-affected exit=0 duration=122ms
verify-develop: test-affected exit=0 duration=120ms
verify-develop: test-affected exit=0 duration=120ms
verify-develop: test-affected exit=0 duration=175ms
verify-develop: test-affected exit=0 duration=137ms
verify-develop: test-affected exit=0 duration=140ms
verify-develop: test-affected exit=0 duration=145ms
verify-develop: test-affected exit=0 duration=108ms
verify-develop: test-affected exit=0 duration=134ms
verify-develop: test-affected exit=0 duration=398ms
verify-develop: test-affected exit=0 duration=119ms
verify-develop: test-affected exit=0 duration=116ms
verify-develop: test-affected exit=0 duration=99ms
verify-develop: test-affected exit=0 duration=110ms
verify-develop: test-affected exit=0 duration=98ms
verify-develop: test-affected exit=0 duration=114ms
verify-develop: test-affected exit=0 duration=98ms
verify-develop: test-affected exit=0 duration=106ms
verify-develop: test-affected exit=0 duration=163ms
verify-develop: test-affected exit=0 duration=103ms
verify-develop: test-affected exit=0 duration=93ms
verify-develop: test-affected exit=0 duration=95ms
verify-develop: test-affected exit=0 duration=99ms
verify-develop: test-affected exit=0 duration=139ms
verify-develop: test-affected exit=0 duration=108ms
verify-develop: test-affected exit=0 duration=109ms
verify-develop: test-affected exit=0 duration=122ms
verify-develop: test-affected exit=0 duration=142ms
verify-develop: test-affected exit=0 duration=135ms
verify-develop: test-affected exit=0 duration=337ms
verify-develop: test-affected exit=0 duration=139ms
verify-develop: test-affected exit=0 duration=117ms
verify-develop: test-affected exit=0 duration=141ms
verify-develop: test-affected exit=0 duration=444ms
verify-develop: test-affected exit=0 duration=155ms
verify-develop: test-affected exit=0 duration=182ms
verify-develop: test-affected exit=0 duration=194ms
verify-develop: test-affected exit=0 duration=142ms
verify-develop: test-affected exit=0 duration=135ms
verify-develop: test-affected exit=0 duration=142ms
verify-develop: test-affected exit=0 duration=147ms
verify-develop: test-affected exit=0 duration=144ms
verify-develop: test-affected exit=0 duration=107ms
verify-develop: test-affected exit=0 duration=145ms
verify-develop: test-affected exit=0 duration=144ms
verify-develop: test-affected exit=0 duration=118ms
verify-develop: test-affected exit=0 duration=92ms
verify-develop: test-affected exit=0 duration=134ms
verify-develop: test-affected exit=0 duration=146ms
verify-develop: test-affected exit=0 duration=149ms
verify-develop: test-affected exit=0 duration=136ms
verify-develop: test-affected exit=0 duration=117ms
verify-develop: test-affected exit=0 duration=415ms
verify-develop: test-affected exit=0 duration=92ms
verify-develop: test-affected exit=0 duration=136ms
verify-develop: test-affected exit=0 duration=138ms
verify-develop: test-affected exit=0 duration=133ms
verify-develop: test-affected exit=0 duration=113ms
verify-develop: test-affected exit=0 duration=144ms
verify-develop: test-affected exit=0 duration=132ms
verify-develop: test-affected exit=0 duration=117ms
verify-develop: test-affected exit=0 duration=103ms
verify-develop: test-affected exit=0 duration=89ms
verify-develop: test-affected exit=0 duration=136ms
verify-develop: test-affected exit=0 duration=219ms
verify-develop: iteration checks passed
